phase,source_url,destination_url,anchor_text,link_context,http_status,final_url,chain_length,verification,rel,recommended_action
baseline,https://robertdevore.com/,https://robertdevore.com/courses/,Courses,navigation,200,https://robertdevore.com/courses/,0,generated crawlable anchor,,
baseline,https://robertdevore.com/,https://robertdevore.com/courses/,Courses,navigation,200,https://robertdevore.com/courses/,0,generated crawlable anchor,,
baseline,https://robertdevore.com/,https://robertdevore.com/courses/,Courses,navigation,200,https://robertdevore.com/courses/,0,generated crawlable anchor,,
baseline,https://robertdevore.com/slackedd/,https://robertdevore.com/courses/,Courses,navigation,200,https://robertdevore.com/courses/,0,generated crawlable anchor,,
baseline,https://robertdevore.com/slackedd/,https://robertdevore.com/courses/,Courses,navigation,200,https://robertdevore.com/courses/,0,generated crawlable anchor,,
baseline,https://robertdevore.com/slackedd/,https://robertdevore.com/courses/,Courses,navigation,200,https://robertdevore.com/courses/,0,generated crawlable anchor,,
baseline,https://robertdevore.com/introducing-bluesky-feed-for-wordpress/,https://robertdevore.com/courses/,Courses,navigation,200,https://robertdevore.com/courses/,0,generated crawlable anchor,,
baseline,https://robertdevore.com/introducing-bluesky-feed-for-wordpress/,https://robertdevore.com/courses/,Courses,navigation,200,https://robertdevore.com/courses/,0,generated crawlable anchor,,
baseline,https://robertdevore.com/introducing-bluesky-feed-for-wordpress/,https://robertdevore.com/courses/,Courses,navigation,200,https://robertdevore.com/courses/,0,generated crawlable anchor,,
baseline,https://robertdevore.com/how-to-block-website-tracking-data-in-woocommerce/,https://robertdevore.com/courses/,Courses,navigation,200,https://robertdevore.com/courses/,0,generated crawlable anchor,,
baseline,https://robertdevore.com/how-to-block-website-tracking-data-in-woocommerce/,https://robertdevore.com/courses/,Courses,navigation,200,https://robertdevore.com/courses/,0,generated crawlable anchor,,
baseline,https://robertdevore.com/how-to-block-website-tracking-data-in-woocommerce/,https://robertdevore.com/courses/,Courses,navigation,200,https://robertdevore.com/courses/,0,generated crawlable anchor,,
baseline,https://robertdevore.com/introducing-content-restriction-for-wordpress/,https://robertdevore.com/courses/,Courses,navigation,200,https://robertdevore.com/courses/,0,generated crawlable anchor,,
baseline,https://robertdevore.com/introducing-content-restriction-for-wordpress/,https://robertdevore.com/courses/,Courses,navigation,200,https://robertdevore.com/courses/,0,generated crawlable anchor,,
baseline,https://robertdevore.com/introducing-content-restriction-for-wordpress/,https://robertdevore.com/courses/,Courses,navigation,200,https://robertdevore.com/courses/,0,generated crawlable anchor,,
baseline,https://robertdevore.com/introducing-brands-for-woocommerce-free/,https://robertdevore.com/courses/,Courses,navigation,200,https://robertdevore.com/courses/,0,generated crawlable anchor,,
baseline,https://robertdevore.com/introducing-brands-for-woocommerce-free/,https://robertdevore.com/courses/,Courses,navigation,200,https://robertdevore.com/courses/,0,generated crawlable anchor,,
baseline,https://robertdevore.com/introducing-brands-for-woocommerce-free/,https://robertdevore.com/courses/,Courses,navigation,200,https://robertdevore.com/courses/,0,generated crawlable anchor,,
baseline,https://robertdevore.com/tools-and-workflows-for-formatting-visuals-and-citations/,https://robertdevore.com/courses/,Courses,navigation,200,https://robertdevore.com/courses/,0,generated crawlable anchor,,
baseline,https://robertdevore.com/tools-and-workflows-for-formatting-visuals-and-citations/,https://robertdevore.com/courses/,Courses,navigation,200,https://robertdevore.com/courses/,0,generated crawlable anchor,,
baseline,https://robertdevore.com/tools-and-workflows-for-formatting-visuals-and-citations/,https://robertdevore.com/courses/,Courses,navigation,200,https://robertdevore.com/courses/,0,generated crawlable anchor,,
baseline,https://robertdevore.com/woocommerce-dispensary-details-plugin/,https://robertdevore.com/courses/,Courses,navigation,200,https://robertdevore.com/courses/,0,generated crawlable anchor,,
baseline,https://robertdevore.com/woocommerce-dispensary-details-plugin/,https://robertdevore.com/courses/,Courses,navigation,200,https://robertdevore.com/courses/,0,generated crawlable anchor,,
baseline,https://robertdevore.com/woocommerce-dispensary-details-plugin/,https://robertdevore.com/courses/,Courses,navigation,200,https://robertdevore.com/courses/,0,generated crawlable anchor,,
baseline,https://robertdevore.com/introducing-markdown-comments-for-wordpress/,https://robertdevore.com/courses/,Courses,navigation,200,https://robertdevore.com/courses/,0,generated crawlable anchor,,
baseline,https://robertdevore.com/introducing-markdown-comments-for-wordpress/,https://robertdevore.com/courses/,Courses,navigation,200,https://robertdevore.com/courses/,0,generated crawlable anchor,,
baseline,https://robertdevore.com/introducing-markdown-comments-for-wordpress/,https://robertdevore.com/courses/,Courses,navigation,200,https://robertdevore.com/courses/,0,generated crawlable anchor,,
baseline,https://robertdevore.com/introducing-automattic-css-an-open-source-css-utility-framework/,https://robertdevore.com/courses/,Courses,navigation,200,https://robertdevore.com/courses/,0,generated crawlable anchor,,
baseline,https://robertdevore.com/introducing-automattic-css-an-open-source-css-utility-framework/,https://robertdevore.com/courses/,Courses,navigation,200,https://robertdevore.com/courses/,0,generated crawlable anchor,,
baseline,https://robertdevore.com/introducing-automattic-css-an-open-source-css-utility-framework/,https://robertdevore.com/courses/,Courses,navigation,200,https://robertdevore.com/courses/,0,generated crawlable anchor,,
baseline,https://robertdevore.com/contact/,https://robertdevore.com/courses/,Courses,navigation,200,https://robertdevore.com/courses/,0,generated crawlable anchor,,
baseline,https://robertdevore.com/contact/,https://robertdevore.com/courses/,Courses,navigation,200,https://robertdevore.com/courses/,0,generated crawlable anchor,,
baseline,https://robertdevore.com/contact/,https://robertdevore.com/courses/,Courses,navigation,200,https://robertdevore.com/courses/,0,generated crawlable anchor,,
baseline,https://robertdevore.com/introducing-stats-for-wordpress/,https://robertdevore.com/courses/,Courses,navigation,200,https://robertdevore.com/courses/,0,generated crawlable anchor,,
baseline,https://robertdevore.com/introducing-stats-for-wordpress/,https://robertdevore.com/courses/,Courses,navigation,200,https://robertdevore.com/courses/,0,generated crawlable anchor,,
baseline,https://robertdevore.com/introducing-stats-for-wordpress/,https://robertdevore.com/courses/,Courses,navigation,200,https://robertdevore.com/courses/,0,generated crawlable anchor,,
baseline,https://robertdevore.com/introducing-intellipress-the-smart-ai-assistant-for-wordpress/,https://robertdevore.com/courses/,Courses,navigation,200,https://robertdevore.com/courses/,0,generated crawlable anchor,,
baseline,https://robertdevore.com/introducing-intellipress-the-smart-ai-assistant-for-wordpress/,https://robertdevore.com/courses/,Courses,navigation,200,https://robertdevore.com/courses/,0,generated crawlable anchor,,
baseline,https://robertdevore.com/introducing-intellipress-the-smart-ai-assistant-for-wordpress/,https://robertdevore.com/courses/,Courses,navigation,200,https://robertdevore.com/courses/,0,generated crawlable anchor,,
baseline,https://robertdevore.com/introducing-persistent-dismissible-notices/,https://robertdevore.com/courses/,Courses,navigation,200,https://robertdevore.com/courses/,0,generated crawlable anchor,,
baseline,https://robertdevore.com/introducing-persistent-dismissible-notices/,https://robertdevore.com/courses/,Courses,navigation,200,https://robertdevore.com/courses/,0,generated crawlable anchor,,
baseline,https://robertdevore.com/introducing-persistent-dismissible-notices/,https://robertdevore.com/courses/,Courses,navigation,200,https://robertdevore.com/courses/,0,generated crawlable anchor,,
baseline,https://robertdevore.com/dont-shoot-the-messenger-choose-courage-over-convenience/,https://robertdevore.com/courses/,Courses,navigation,200,https://robertdevore.com/courses/,0,generated crawlable anchor,,
baseline,https://robertdevore.com/dont-shoot-the-messenger-choose-courage-over-convenience/,https://robertdevore.com/courses/,Courses,navigation,200,https://robertdevore.com/courses/,0,generated crawlable anchor,,
baseline,https://robertdevore.com/dont-shoot-the-messenger-choose-courage-over-convenience/,https://robertdevore.com/courses/,Courses,navigation,200,https://robertdevore.com/courses/,0,generated crawlable anchor,,
baseline,https://robertdevore.com/use-ai-to-create-your-own-wwf-action-figure-blister-packs/,https://robertdevore.com/courses/,Courses,navigation,200,https://robertdevore.com/courses/,0,generated crawlable anchor,,
baseline,https://robertdevore.com/use-ai-to-create-your-own-wwf-action-figure-blister-packs/,https://robertdevore.com/courses/,Courses,navigation,200,https://robertdevore.com/courses/,0,generated crawlable anchor,,
baseline,https://robertdevore.com/use-ai-to-create-your-own-wwf-action-figure-blister-packs/,https://robertdevore.com/courses/,Courses,navigation,200,https://robertdevore.com/courses/,0,generated crawlable anchor,,
baseline,https://robertdevore.com/all-in-one-wp-migration-plugin-ddos-attack/,https://robertdevore.com/courses/,Courses,navigation,200,https://robertdevore.com/courses/,0,generated crawlable anchor,,
baseline,https://robertdevore.com/all-in-one-wp-migration-plugin-ddos-attack/,https://robertdevore.com/courses/,Courses,navigation,200,https://robertdevore.com/courses/,0,generated crawlable anchor,,
baseline,https://robertdevore.com/all-in-one-wp-migration-plugin-ddos-attack/,https://robertdevore.com/courses/,Courses,navigation,200,https://robertdevore.com/courses/,0,generated crawlable anchor,,
baseline,https://robertdevore.com/how-to-edit-ai-content-so-it-feels-clean-not-robotic/,https://robertdevore.com/courses/,Courses,navigation,200,https://robertdevore.com/courses/,0,generated crawlable anchor,,
baseline,https://robertdevore.com/how-to-edit-ai-content-so-it-feels-clean-not-robotic/,https://robertdevore.com/courses/,Courses,navigation,200,https://robertdevore.com/courses/,0,generated crawlable anchor,,
baseline,https://robertdevore.com/how-to-edit-ai-content-so-it-feels-clean-not-robotic/,https://robertdevore.com/courses/,Courses,navigation,200,https://robertdevore.com/courses/,0,generated crawlable anchor,,
baseline,https://robertdevore.com/stattic-v0-3-0-release-llms-txt-faster-gifs-leaner-core-and-smarter-routing/,https://robertdevore.com/courses/,Courses,navigation,200,https://robertdevore.com/courses/,0,generated crawlable anchor,,
baseline,https://robertdevore.com/stattic-v0-3-0-release-llms-txt-faster-gifs-leaner-core-and-smarter-routing/,https://robertdevore.com/courses/,Courses,navigation,200,https://robertdevore.com/courses/,0,generated crawlable anchor,,
baseline,https://robertdevore.com/stattic-v0-3-0-release-llms-txt-faster-gifs-leaner-core-and-smarter-routing/,https://robertdevore.com/courses/,Courses,navigation,200,https://robertdevore.com/courses/,0,generated crawlable anchor,,
baseline,https://robertdevore.com/how-to-stop-your-plugins-themes-from-being-used-on-wordpress-com-hosting/,https://robertdevore.com/courses/,Courses,navigation,200,https://robertdevore.com/courses/,0,generated crawlable anchor,,
baseline,https://robertdevore.com/how-to-stop-your-plugins-themes-from-being-used-on-wordpress-com-hosting/,https://robertdevore.com/courses/,Courses,navigation,200,https://robertdevore.com/courses/,0,generated crawlable anchor,,
baseline,https://robertdevore.com/how-to-stop-your-plugins-themes-from-being-used-on-wordpress-com-hosting/,https://robertdevore.com/courses/,Courses,navigation,200,https://robertdevore.com/courses/,0,generated crawlable anchor,,
baseline,https://robertdevore.com/introducing-the-phlush-permalinks-wordpress-plugin/,https://robertdevore.com/courses/,Courses,navigation,200,https://robertdevore.com/courses/,0,generated crawlable anchor,,
baseline,https://robertdevore.com/introducing-the-phlush-permalinks-wordpress-plugin/,https://robertdevore.com/courses/,Courses,navigation,200,https://robertdevore.com/courses/,0,generated crawlable anchor,,
baseline,https://robertdevore.com/introducing-the-phlush-permalinks-wordpress-plugin/,https://robertdevore.com/courses/,Courses,navigation,200,https://robertdevore.com/courses/,0,generated crawlable anchor,,
baseline,https://robertdevore.com/what-makes-content-beautifully-useful/,https://robertdevore.com/courses/,Courses,navigation,200,https://robertdevore.com/courses/,0,generated crawlable anchor,,
baseline,https://robertdevore.com/what-makes-content-beautifully-useful/,https://robertdevore.com/courses/,Courses,navigation,200,https://robertdevore.com/courses/,0,generated crawlable anchor,,
baseline,https://robertdevore.com/what-makes-content-beautifully-useful/,https://robertdevore.com/courses/,Courses,navigation,200,https://robertdevore.com/courses/,0,generated crawlable anchor,,
baseline,https://robertdevore.com/5-things-i-learned-building-my-first-gutenberg-blocks-plugin/,https://robertdevore.com/courses/,Courses,navigation,200,https://robertdevore.com/courses/,0,generated crawlable anchor,,
baseline,https://robertdevore.com/5-things-i-learned-building-my-first-gutenberg-blocks-plugin/,https://robertdevore.com/courses/,Courses,navigation,200,https://robertdevore.com/courses/,0,generated crawlable anchor,,
baseline,https://robertdevore.com/5-things-i-learned-building-my-first-gutenberg-blocks-plugin/,https://robertdevore.com/courses/,Courses,navigation,200,https://robertdevore.com/courses/,0,generated crawlable anchor,,
baseline,https://robertdevore.com/category/,https://robertdevore.com/courses/,Courses,navigation,200,https://robertdevore.com/courses/,0,generated crawlable anchor,,
baseline,https://robertdevore.com/category/,https://robertdevore.com/courses/,Courses,navigation,200,https://robertdevore.com/courses/,0,generated crawlable anchor,,
baseline,https://robertdevore.com/category/,https://robertdevore.com/courses/,Courses,navigation,200,https://robertdevore.com/courses/,0,generated crawlable anchor,,
baseline,https://robertdevore.com/category/ai-content-systems/,https://robertdevore.com/courses/,Courses,navigation,200,https://robertdevore.com/courses/,0,generated crawlable anchor,,
baseline,https://robertdevore.com/category/ai-content-systems/,https://robertdevore.com/courses/,Courses,navigation,200,https://robertdevore.com/courses/,0,generated crawlable anchor,,
baseline,https://robertdevore.com/category/ai-content-systems/,https://robertdevore.com/courses/,Courses,navigation,200,https://robertdevore.com/courses/,0,generated crawlable anchor,,
baseline,https://robertdevore.com/category/engineering-archive/,https://robertdevore.com/courses/,Courses,navigation,200,https://robertdevore.com/courses/,0,generated crawlable anchor,,
baseline,https://robertdevore.com/category/engineering-archive/,https://robertdevore.com/courses/,Courses,navigation,200,https://robertdevore.com/courses/,0,generated crawlable anchor,,
baseline,https://robertdevore.com/category/engineering-archive/,https://robertdevore.com/courses/,Courses,navigation,200,https://robertdevore.com/courses/,0,generated crawlable anchor,,
baseline,https://robertdevore.com/category/field-notes/,https://robertdevore.com/courses/,Courses,navigation,200,https://robertdevore.com/courses/,0,generated crawlable anchor,,
baseline,https://robertdevore.com/category/field-notes/,https://robertdevore.com/courses/,Courses,navigation,200,https://robertdevore.com/courses/,0,generated crawlable anchor,,
baseline,https://robertdevore.com/category/field-notes/,https://robertdevore.com/courses/,Courses,navigation,200,https://robertdevore.com/courses/,0,generated crawlable anchor,,
baseline,https://robertdevore.com/category/wordpress-archive/,https://robertdevore.com/courses/,Courses,navigation,200,https://robertdevore.com/courses/,0,generated crawlable anchor,,
baseline,https://robertdevore.com/category/wordpress-archive/,https://robertdevore.com/courses/,Courses,navigation,200,https://robertdevore.com/courses/,0,generated crawlable anchor,,
baseline,https://robertdevore.com/category/wordpress-archive/,https://robertdevore.com/courses/,Courses,navigation,200,https://robertdevore.com/courses/,0,generated crawlable anchor,,
baseline,https://robertdevore.com/category/developer-tools/,https://robertdevore.com/courses/,Courses,navigation,200,https://robertdevore.com/courses/,0,generated crawlable anchor,,
baseline,https://robertdevore.com/category/developer-tools/,https://robertdevore.com/courses/,Courses,navigation,200,https://robertdevore.com/courses/,0,generated crawlable anchor,,
baseline,https://robertdevore.com/category/developer-tools/,https://robertdevore.com/courses/,Courses,navigation,200,https://robertdevore.com/courses/,0,generated crawlable anchor,,
baseline,https://robertdevore.com/honoring-jesse-petersen-with-the-revival-of-stealth-login-page/,https://robertdevore.com/courses/,Courses,navigation,200,https://robertdevore.com/courses/,0,generated crawlable anchor,,
baseline,https://robertdevore.com/honoring-jesse-petersen-with-the-revival-of-stealth-login-page/,https://robertdevore.com/courses/,Courses,navigation,200,https://robertdevore.com/courses/,0,generated crawlable anchor,,
baseline,https://robertdevore.com/honoring-jesse-petersen-with-the-revival-of-stealth-login-page/,https://robertdevore.com/courses/,Courses,navigation,200,https://robertdevore.com/courses/,0,generated crawlable anchor,,
baseline,https://robertdevore.com/thank-you-wordpress/,https://robertdevore.com/courses/,Courses,navigation,200,https://robertdevore.com/courses/,0,generated crawlable anchor,,
baseline,https://robertdevore.com/thank-you-wordpress/,https://robertdevore.com/courses/,Courses,navigation,200,https://robertdevore.com/courses/,0,generated crawlable anchor,,
baseline,https://robertdevore.com/thank-you-wordpress/,https://robertdevore.com/courses/,Courses,navigation,200,https://robertdevore.com/courses/,0,generated crawlable anchor,,
baseline,https://robertdevore.com/the-fastest-way-for-php-devs-to-learn-python/,https://robertdevore.com/courses/,Courses,navigation,200,https://robertdevore.com/courses/,0,generated crawlable anchor,,
baseline,https://robertdevore.com/the-fastest-way-for-php-devs-to-learn-python/,https://robertdevore.com/courses/,Courses,navigation,200,https://robertdevore.com/courses/,0,generated crawlable anchor,,
baseline,https://robertdevore.com/the-fastest-way-for-php-devs-to-learn-python/,https://robertdevore.com/courses/,Courses,navigation,200,https://robertdevore.com/courses/,0,generated crawlable anchor,,
baseline,https://robertdevore.com/introducing-dispensary-details-for-woocommerce/,https://robertdevore.com/courses/,Courses,navigation,200,https://robertdevore.com/courses/,0,generated crawlable anchor,,
baseline,https://robertdevore.com/introducing-dispensary-details-for-woocommerce/,https://robertdevore.com/courses/,Courses,navigation,200,https://robertdevore.com/courses/,0,generated crawlable anchor,,
baseline,https://robertdevore.com/introducing-dispensary-details-for-woocommerce/,https://robertdevore.com/courses/,Courses,navigation,200,https://robertdevore.com/courses/,0,generated crawlable anchor,,
baseline,https://robertdevore.com/patience/,https://robertdevore.com/courses/,Courses,navigation,200,https://robertdevore.com/courses/,0,generated crawlable anchor,,
baseline,https://robertdevore.com/patience/,https://robertdevore.com/courses/,Courses,navigation,200,https://robertdevore.com/courses/,0,generated crawlable anchor,,
baseline,https://robertdevore.com/patience/,https://robertdevore.com/courses/,Courses,navigation,200,https://robertdevore.com/courses/,0,generated crawlable anchor,,
baseline,https://robertdevore.com/introducing-broken-image-scanner/,https://robertdevore.com/courses/,Courses,navigation,200,https://robertdevore.com/courses/,0,generated crawlable anchor,,
baseline,https://robertdevore.com/introducing-broken-image-scanner/,https://robertdevore.com/courses/,Courses,navigation,200,https://robertdevore.com/courses/,0,generated crawlable anchor,,
baseline,https://robertdevore.com/introducing-broken-image-scanner/,https://robertdevore.com/courses/,Courses,navigation,200,https://robertdevore.com/courses/,0,generated crawlable anchor,,
baseline,https://robertdevore.com/5-python-scripts-for-osint-and-pentesting/,https://robertdevore.com/courses/,Courses,navigation,200,https://robertdevore.com/courses/,0,generated crawlable anchor,,
baseline,https://robertdevore.com/5-python-scripts-for-osint-and-pentesting/,https://robertdevore.com/courses/,Courses,navigation,200,https://robertdevore.com/courses/,0,generated crawlable anchor,,
baseline,https://robertdevore.com/5-python-scripts-for-osint-and-pentesting/,https://robertdevore.com/courses/,Courses,navigation,200,https://robertdevore.com/courses/,0,generated crawlable anchor,,
baseline,https://robertdevore.com/complete-beginners-guide-building-a-python-url-checker-for-google-sheets/,https://robertdevore.com/courses/,Courses,navigation,200,https://robertdevore.com/courses/,0,generated crawlable anchor,,
baseline,https://robertdevore.com/complete-beginners-guide-building-a-python-url-checker-for-google-sheets/,https://robertdevore.com/courses/,Courses,navigation,200,https://robertdevore.com/courses/,0,generated crawlable anchor,,
baseline,https://robertdevore.com/complete-beginners-guide-building-a-python-url-checker-for-google-sheets/,https://robertdevore.com/courses/,Courses,navigation,200,https://robertdevore.com/courses/,0,generated crawlable anchor,,
baseline,https://robertdevore.com/cannabiz/,https://robertdevore.com/courses/,Courses,navigation,200,https://robertdevore.com/courses/,0,generated crawlable anchor,,
baseline,https://robertdevore.com/cannabiz/,https://robertdevore.com/courses/,Courses,navigation,200,https://robertdevore.com/courses/,0,generated crawlable anchor,,
baseline,https://robertdevore.com/cannabiz/,https://robertdevore.com/courses/,Courses,navigation,200,https://robertdevore.com/courses/,0,generated crawlable anchor,,
baseline,https://robertdevore.com/why-wordpress-plugin-developers-need-security-audits/,https://robertdevore.com/courses/,Courses,navigation,200,https://robertdevore.com/courses/,0,generated crawlable anchor,,
baseline,https://robertdevore.com/why-wordpress-plugin-developers-need-security-audits/,https://robertdevore.com/courses/,Courses,navigation,200,https://robertdevore.com/courses/,0,generated crawlable anchor,,
baseline,https://robertdevore.com/why-wordpress-plugin-developers-need-security-audits/,https://robertdevore.com/courses/,Courses,navigation,200,https://robertdevore.com/courses/,0,generated crawlable anchor,,
baseline,https://robertdevore.com/introducing-seo-for-wordpress/,https://robertdevore.com/courses/,Courses,navigation,200,https://robertdevore.com/courses/,0,generated crawlable anchor,,
baseline,https://robertdevore.com/introducing-seo-for-wordpress/,https://robertdevore.com/courses/,Courses,navigation,200,https://robertdevore.com/courses/,0,generated crawlable anchor,,
baseline,https://robertdevore.com/introducing-seo-for-wordpress/,https://robertdevore.com/courses/,Courses,navigation,200,https://robertdevore.com/courses/,0,generated crawlable anchor,,
baseline,https://robertdevore.com/introducing-hpos-compatibility-scanner-for-woocommerce-free/,https://robertdevore.com/courses/,Courses,navigation,200,https://robertdevore.com/courses/,0,generated crawlable anchor,,
baseline,https://robertdevore.com/introducing-hpos-compatibility-scanner-for-woocommerce-free/,https://robertdevore.com/courses/,Courses,navigation,200,https://robertdevore.com/courses/,0,generated crawlable anchor,,
baseline,https://robertdevore.com/introducing-hpos-compatibility-scanner-for-woocommerce-free/,https://robertdevore.com/courses/,Courses,navigation,200,https://robertdevore.com/courses/,0,generated crawlable anchor,,
baseline,https://robertdevore.com/how-a-security-audit-can-save-your-e-commerce-store-from-disaster/,https://robertdevore.com/courses/,Courses,navigation,200,https://robertdevore.com/courses/,0,generated crawlable anchor,,
baseline,https://robertdevore.com/how-a-security-audit-can-save-your-e-commerce-store-from-disaster/,https://robertdevore.com/courses/,Courses,navigation,200,https://robertdevore.com/courses/,0,generated crawlable anchor,,
baseline,https://robertdevore.com/how-a-security-audit-can-save-your-e-commerce-store-from-disaster/,https://robertdevore.com/courses/,Courses,navigation,200,https://robertdevore.com/courses/,0,generated crawlable anchor,,
baseline,https://robertdevore.com/wordpress-custom-post-types-code-snippets/,https://robertdevore.com/courses/,Courses,navigation,200,https://robertdevore.com/courses/,0,generated crawlable anchor,,
baseline,https://robertdevore.com/wordpress-custom-post-types-code-snippets/,https://robertdevore.com/courses/,Courses,navigation,200,https://robertdevore.com/courses/,0,generated crawlable anchor,,
baseline,https://robertdevore.com/wordpress-custom-post-types-code-snippets/,https://robertdevore.com/courses/,Courses,navigation,200,https://robertdevore.com/courses/,0,generated crawlable anchor,,
baseline,https://robertdevore.com/organized-chaos/,https://robertdevore.com/courses/,Courses,navigation,200,https://robertdevore.com/courses/,0,generated crawlable anchor,,
baseline,https://robertdevore.com/organized-chaos/,https://robertdevore.com/courses/,Courses,navigation,200,https://robertdevore.com/courses/,0,generated crawlable anchor,,
baseline,https://robertdevore.com/organized-chaos/,https://robertdevore.com/courses/,Courses,navigation,200,https://robertdevore.com/courses/,0,generated crawlable anchor,,
baseline,https://robertdevore.com/introducing-vertical-gallery-product-display-for-woocommerce/,https://robertdevore.com/courses/,Courses,navigation,200,https://robertdevore.com/courses/,0,generated crawlable anchor,,
baseline,https://robertdevore.com/introducing-vertical-gallery-product-display-for-woocommerce/,https://robertdevore.com/courses/,Courses,navigation,200,https://robertdevore.com/courses/,0,generated crawlable anchor,,
baseline,https://robertdevore.com/introducing-vertical-gallery-product-display-for-woocommerce/,https://robertdevore.com/courses/,Courses,navigation,200,https://robertdevore.com/courses/,0,generated crawlable anchor,,
baseline,https://robertdevore.com/introducing-gift-cards-for-woocommerce-free/,https://robertdevore.com/courses/,Courses,navigation,200,https://robertdevore.com/courses/,0,generated crawlable anchor,,
baseline,https://robertdevore.com/introducing-gift-cards-for-woocommerce-free/,https://robertdevore.com/courses/,Courses,navigation,200,https://robertdevore.com/courses/,0,generated crawlable anchor,,
baseline,https://robertdevore.com/introducing-gift-cards-for-woocommerce-free/,https://robertdevore.com/courses/,Courses,navigation,200,https://robertdevore.com/courses/,0,generated crawlable anchor,,
baseline,https://robertdevore.com/introducing-digg-this-a-social-sharing-plugin-for-wordpress/,https://robertdevore.com/courses/,Courses,navigation,200,https://robertdevore.com/courses/,0,generated crawlable anchor,,
baseline,https://robertdevore.com/introducing-digg-this-a-social-sharing-plugin-for-wordpress/,https://robertdevore.com/courses/,Courses,navigation,200,https://robertdevore.com/courses/,0,generated crawlable anchor,,
baseline,https://robertdevore.com/introducing-digg-this-a-social-sharing-plugin-for-wordpress/,https://robertdevore.com/courses/,Courses,navigation,200,https://robertdevore.com/courses/,0,generated crawlable anchor,,
baseline,https://robertdevore.com/how-to-use-ai-to-research-validate-ideas-and-stay-relevant/,https://robertdevore.com/courses/,Courses,navigation,200,https://robertdevore.com/courses/,0,generated crawlable anchor,,
baseline,https://robertdevore.com/how-to-use-ai-to-research-validate-ideas-and-stay-relevant/,https://robertdevore.com/courses/,Courses,navigation,200,https://robertdevore.com/courses/,0,generated crawlable anchor,,
baseline,https://robertdevore.com/how-to-use-ai-to-research-validate-ideas-and-stay-relevant/,https://robertdevore.com/courses/,Courses,navigation,200,https://robertdevore.com/courses/,0,generated crawlable anchor,,
baseline,https://robertdevore.com/projects/,https://robertdevore.com/courses/,Courses,navigation,200,https://robertdevore.com/courses/,0,generated crawlable anchor,,
baseline,https://robertdevore.com/projects/,https://robertdevore.com/courses/,Courses,navigation,200,https://robertdevore.com/courses/,0,generated crawlable anchor,,
baseline,https://robertdevore.com/projects/,https://robertdevore.com/courses/,Courses,navigation,200,https://robertdevore.com/courses/,0,generated crawlable anchor,,
baseline,https://robertdevore.com/projects/kujo/,https://robertdevore.com/courses/,Courses,navigation,200,https://robertdevore.com/courses/,0,generated crawlable anchor,,
baseline,https://robertdevore.com/projects/kujo/,https://robertdevore.com/courses/,Courses,navigation,200,https://robertdevore.com/courses/,0,generated crawlable anchor,,
baseline,https://robertdevore.com/projects/kujo/,https://robertdevore.com/courses/,Courses,navigation,200,https://robertdevore.com/courses/,0,generated crawlable anchor,,
baseline,https://robertdevore.com/boostbox-free-popups-that-work-pro-popups-that-convert/,https://robertdevore.com/courses/,Courses,navigation,200,https://robertdevore.com/courses/,0,generated crawlable anchor,,
baseline,https://robertdevore.com/boostbox-free-popups-that-work-pro-popups-that-convert/,https://robertdevore.com/courses/,Courses,navigation,200,https://robertdevore.com/courses/,0,generated crawlable anchor,,
baseline,https://robertdevore.com/boostbox-free-popups-that-work-pro-popups-that-convert/,https://robertdevore.com/courses/,Courses,navigation,200,https://robertdevore.com/courses/,0,generated crawlable anchor,,
baseline,https://robertdevore.com/stattic-v1-0-the-worlds-fastest-python-based-static-site-generator/,https://robertdevore.com/courses/,Courses,navigation,200,https://robertdevore.com/courses/,0,generated crawlable anchor,,
baseline,https://robertdevore.com/stattic-v1-0-the-worlds-fastest-python-based-static-site-generator/,https://robertdevore.com/courses/,Courses,navigation,200,https://robertdevore.com/courses/,0,generated crawlable anchor,,
baseline,https://robertdevore.com/stattic-v1-0-the-worlds-fastest-python-based-static-site-generator/,https://robertdevore.com/courses/,Courses,navigation,200,https://robertdevore.com/courses/,0,generated crawlable anchor,,
baseline,https://robertdevore.com/docupress-documentation-plugin-for-wordpress/,https://robertdevore.com/courses/,Courses,navigation,200,https://robertdevore.com/courses/,0,generated crawlable anchor,,
baseline,https://robertdevore.com/docupress-documentation-plugin-for-wordpress/,https://robertdevore.com/courses/,Courses,navigation,200,https://robertdevore.com/courses/,0,generated crawlable anchor,,
baseline,https://robertdevore.com/docupress-documentation-plugin-for-wordpress/,https://robertdevore.com/courses/,Courses,navigation,200,https://robertdevore.com/courses/,0,generated crawlable anchor,,
baseline,https://robertdevore.com/set-featured-images-programatically-wordpress/,https://robertdevore.com/courses/,Courses,navigation,200,https://robertdevore.com/courses/,0,generated crawlable anchor,,
baseline,https://robertdevore.com/set-featured-images-programatically-wordpress/,https://robertdevore.com/courses/,Courses,navigation,200,https://robertdevore.com/courses/,0,generated crawlable anchor,,
baseline,https://robertdevore.com/set-featured-images-programatically-wordpress/,https://robertdevore.com/courses/,Courses,navigation,200,https://robertdevore.com/courses/,0,generated crawlable anchor,,
baseline,https://robertdevore.com/release-notes-back-in-stock-notifications-for-woocommerce-free-v1-0-1/,https://robertdevore.com/courses/,Courses,navigation,200,https://robertdevore.com/courses/,0,generated crawlable anchor,,
baseline,https://robertdevore.com/release-notes-back-in-stock-notifications-for-woocommerce-free-v1-0-1/,https://robertdevore.com/courses/,Courses,navigation,200,https://robertdevore.com/courses/,0,generated crawlable anchor,,
baseline,https://robertdevore.com/release-notes-back-in-stock-notifications-for-woocommerce-free-v1-0-1/,https://robertdevore.com/courses/,Courses,navigation,200,https://robertdevore.com/courses/,0,generated crawlable anchor,,
baseline,https://robertdevore.com/hello-plugin-pal-your-ai-powered-plugin-generator-for-wordpress/,https://robertdevore.com/courses/,Courses,navigation,200,https://robertdevore.com/courses/,0,generated crawlable anchor,,
baseline,https://robertdevore.com/hello-plugin-pal-your-ai-powered-plugin-generator-for-wordpress/,https://robertdevore.com/courses/,Courses,navigation,200,https://robertdevore.com/courses/,0,generated crawlable anchor,,
baseline,https://robertdevore.com/hello-plugin-pal-your-ai-powered-plugin-generator-for-wordpress/,https://robertdevore.com/courses/,Courses,navigation,200,https://robertdevore.com/courses/,0,generated crawlable anchor,,
baseline,https://robertdevore.com/introducing-purchase-orders-for-woocommerce-free/,https://robertdevore.com/courses/,Courses,navigation,200,https://robertdevore.com/courses/,0,generated crawlable anchor,,
baseline,https://robertdevore.com/introducing-purchase-orders-for-woocommerce-free/,https://robertdevore.com/courses/,Courses,navigation,200,https://robertdevore.com/courses/,0,generated crawlable anchor,,
baseline,https://robertdevore.com/introducing-purchase-orders-for-woocommerce-free/,https://robertdevore.com/courses/,Courses,navigation,200,https://robertdevore.com/courses/,0,generated crawlable anchor,,
baseline,https://robertdevore.com/introducing-the-prompts-library-a-playground-for-ai-creativity/,https://robertdevore.com/courses/,Courses,navigation,200,https://robertdevore.com/courses/,0,generated crawlable anchor,,
baseline,https://robertdevore.com/introducing-the-prompts-library-a-playground-for-ai-creativity/,https://robertdevore.com/courses/,Courses,navigation,200,https://robertdevore.com/courses/,0,generated crawlable anchor,,
baseline,https://robertdevore.com/introducing-the-prompts-library-a-playground-for-ai-creativity/,https://robertdevore.com/courses/,Courses,navigation,200,https://robertdevore.com/courses/,0,generated crawlable anchor,,
baseline,https://robertdevore.com/how-to-customize-the-style-of-your-wordpress-login-screen/,https://robertdevore.com/courses/,Courses,navigation,200,https://robertdevore.com/courses/,0,generated crawlable anchor,,
baseline,https://robertdevore.com/how-to-customize-the-style-of-your-wordpress-login-screen/,https://robertdevore.com/courses/,Courses,navigation,200,https://robertdevore.com/courses/,0,generated crawlable anchor,,
baseline,https://robertdevore.com/how-to-customize-the-style-of-your-wordpress-login-screen/,https://robertdevore.com/courses/,Courses,navigation,200,https://robertdevore.com/courses/,0,generated crawlable anchor,,
baseline,https://robertdevore.com/db-version-control-wordpress-plugin/,https://robertdevore.com/courses/,Courses,navigation,200,https://robertdevore.com/courses/,0,generated crawlable anchor,,
baseline,https://robertdevore.com/db-version-control-wordpress-plugin/,https://robertdevore.com/courses/,Courses,navigation,200,https://robertdevore.com/courses/,0,generated crawlable anchor,,
baseline,https://robertdevore.com/db-version-control-wordpress-plugin/,https://robertdevore.com/courses/,Courses,navigation,200,https://robertdevore.com/courses/,0,generated crawlable anchor,,
baseline,https://robertdevore.com/back-to-basics/,https://robertdevore.com/courses/,Courses,navigation,200,https://robertdevore.com/courses/,0,generated crawlable anchor,,
baseline,https://robertdevore.com/back-to-basics/,https://robertdevore.com/courses/,Courses,navigation,200,https://robertdevore.com/courses/,0,generated crawlable anchor,,
baseline,https://robertdevore.com/back-to-basics/,https://robertdevore.com/courses/,Courses,navigation,200,https://robertdevore.com/courses/,0,generated crawlable anchor,,
baseline,https://robertdevore.com/wordpress-plugin-security-is-a-joke-and-youre-the-punchline/,https://robertdevore.com/courses/,Courses,navigation,200,https://robertdevore.com/courses/,0,generated crawlable anchor,,
baseline,https://robertdevore.com/wordpress-plugin-security-is-a-joke-and-youre-the-punchline/,https://robertdevore.com/courses/,Courses,navigation,200,https://robertdevore.com/courses/,0,generated crawlable anchor,,
baseline,https://robertdevore.com/wordpress-plugin-security-is-a-joke-and-youre-the-punchline/,https://robertdevore.com/courses/,Courses,navigation,200,https://robertdevore.com/courses/,0,generated crawlable anchor,,
baseline,https://robertdevore.com/introducing-media-copyright-scanner/,https://robertdevore.com/courses/,Courses,navigation,200,https://robertdevore.com/courses/,0,generated crawlable anchor,,
baseline,https://robertdevore.com/introducing-media-copyright-scanner/,https://robertdevore.com/courses/,Courses,navigation,200,https://robertdevore.com/courses/,0,generated crawlable anchor,,
baseline,https://robertdevore.com/introducing-media-copyright-scanner/,https://robertdevore.com/courses/,Courses,navigation,200,https://robertdevore.com/courses/,0,generated crawlable anchor,,
baseline,https://robertdevore.com/my-brothers-keeper-sons-of-anarchy-fanfiction/,https://robertdevore.com/courses/,Courses,navigation,200,https://robertdevore.com/courses/,0,generated crawlable anchor,,
baseline,https://robertdevore.com/my-brothers-keeper-sons-of-anarchy-fanfiction/,https://robertdevore.com/courses/,Courses,navigation,200,https://robertdevore.com/courses/,0,generated crawlable anchor,,
baseline,https://robertdevore.com/my-brothers-keeper-sons-of-anarchy-fanfiction/,https://robertdevore.com/courses/,Courses,navigation,200,https://robertdevore.com/courses/,0,generated crawlable anchor,,
baseline,https://robertdevore.com/how-to-teach-ai-to-match-your-voice/,https://robertdevore.com/courses/,Courses,navigation,200,https://robertdevore.com/courses/,0,generated crawlable anchor,,
baseline,https://robertdevore.com/how-to-teach-ai-to-match-your-voice/,https://robertdevore.com/courses/,Courses,navigation,200,https://robertdevore.com/courses/,0,generated crawlable anchor,,
baseline,https://robertdevore.com/how-to-teach-ai-to-match-your-voice/,https://robertdevore.com/courses/,Courses,navigation,200,https://robertdevore.com/courses/,0,generated crawlable anchor,,
baseline,https://robertdevore.com/invest-in-yourself/,https://robertdevore.com/courses/,Courses,navigation,200,https://robertdevore.com/courses/,0,generated crawlable anchor,,
baseline,https://robertdevore.com/invest-in-yourself/,https://robertdevore.com/courses/,Courses,navigation,200,https://robertdevore.com/courses/,0,generated crawlable anchor,,
baseline,https://robertdevore.com/invest-in-yourself/,https://robertdevore.com/courses/,Courses,navigation,200,https://robertdevore.com/courses/,0,generated crawlable anchor,,
baseline,https://robertdevore.com/7-days-full-time-wp-dispensary/,https://robertdevore.com/courses/,Courses,navigation,200,https://robertdevore.com/courses/,0,generated crawlable anchor,,
baseline,https://robertdevore.com/7-days-full-time-wp-dispensary/,https://robertdevore.com/courses/,Courses,navigation,200,https://robertdevore.com/courses/,0,generated crawlable anchor,,
baseline,https://robertdevore.com/7-days-full-time-wp-dispensary/,https://robertdevore.com/courses/,Courses,navigation,200,https://robertdevore.com/courses/,0,generated crawlable anchor,,
baseline,https://robertdevore.com/grateful-to-see-21-of-my-wordpress-plugins-live-on-at-webdevstudios/,https://robertdevore.com/courses/,Courses,navigation,200,https://robertdevore.com/courses/,0,generated crawlable anchor,,
baseline,https://robertdevore.com/grateful-to-see-21-of-my-wordpress-plugins-live-on-at-webdevstudios/,https://robertdevore.com/courses/,Courses,navigation,200,https://robertdevore.com/courses/,0,generated crawlable anchor,,
baseline,https://robertdevore.com/grateful-to-see-21-of-my-wordpress-plugins-live-on-at-webdevstudios/,https://robertdevore.com/courses/,Courses,navigation,200,https://robertdevore.com/courses/,0,generated crawlable anchor,,
baseline,https://robertdevore.com/run-a-tor-relay/,https://robertdevore.com/courses/,Courses,navigation,200,https://robertdevore.com/courses/,0,generated crawlable anchor,,
baseline,https://robertdevore.com/run-a-tor-relay/,https://robertdevore.com/courses/,Courses,navigation,200,https://robertdevore.com/courses/,0,generated crawlable anchor,,
baseline,https://robertdevore.com/run-a-tor-relay/,https://robertdevore.com/courses/,Courses,navigation,200,https://robertdevore.com/courses/,0,generated crawlable anchor,,
baseline,https://robertdevore.com/i-just-launched-a-python-course-for-php-developers/,https://robertdevore.com/courses/,Courses,navigation,200,https://robertdevore.com/courses/,0,generated crawlable anchor,,
baseline,https://robertdevore.com/i-just-launched-a-python-course-for-php-developers/,https://robertdevore.com/courses/,Courses,navigation,200,https://robertdevore.com/courses/,0,generated crawlable anchor,,
baseline,https://robertdevore.com/i-just-launched-a-python-course-for-php-developers/,https://robertdevore.com/courses/,Courses,navigation,200,https://robertdevore.com/courses/,0,generated crawlable anchor,,
baseline,https://robertdevore.com/about/,https://robertdevore.com/courses/,Courses,navigation,200,https://robertdevore.com/courses/,0,generated crawlable anchor,,
baseline,https://robertdevore.com/about/,https://robertdevore.com/courses/,Courses,navigation,200,https://robertdevore.com/courses/,0,generated crawlable anchor,,
baseline,https://robertdevore.com/about/,https://robertdevore.com/courses/,Courses,navigation,200,https://robertdevore.com/courses/,0,generated crawlable anchor,,
baseline,https://robertdevore.com/introducing-barcodes-for-woocommerce-free/,https://robertdevore.com/courses/,Courses,navigation,200,https://robertdevore.com/courses/,0,generated crawlable anchor,,
baseline,https://robertdevore.com/introducing-barcodes-for-woocommerce-free/,https://robertdevore.com/courses/,Courses,navigation,200,https://robertdevore.com/courses/,0,generated crawlable anchor,,
baseline,https://robertdevore.com/introducing-barcodes-for-woocommerce-free/,https://robertdevore.com/courses/,Courses,navigation,200,https://robertdevore.com/courses/,0,generated crawlable anchor,,
baseline,https://robertdevore.com/going-all-in-with-wp-dispensary/,https://robertdevore.com/courses/,Courses,navigation,200,https://robertdevore.com/courses/,0,generated crawlable anchor,,
baseline,https://robertdevore.com/going-all-in-with-wp-dispensary/,https://robertdevore.com/courses/,Courses,navigation,200,https://robertdevore.com/courses/,0,generated crawlable anchor,,
baseline,https://robertdevore.com/going-all-in-with-wp-dispensary/,https://robertdevore.com/courses/,Courses,navigation,200,https://robertdevore.com/courses/,0,generated crawlable anchor,,
baseline,https://robertdevore.com/zero-cool-cli-a-hackers-terminal-from-1995/,https://robertdevore.com/courses/,Courses,navigation,200,https://robertdevore.com/courses/,0,generated crawlable anchor,,
baseline,https://robertdevore.com/zero-cool-cli-a-hackers-terminal-from-1995/,https://robertdevore.com/courses/,Courses,navigation,200,https://robertdevore.com/courses/,0,generated crawlable anchor,,
baseline,https://robertdevore.com/zero-cool-cli-a-hackers-terminal-from-1995/,https://robertdevore.com/courses/,Courses,navigation,200,https://robertdevore.com/courses/,0,generated crawlable anchor,,
baseline,https://robertdevore.com/celebrating-gaad-with-img-a11y-v1-1-0/,https://robertdevore.com/courses/,Courses,navigation,200,https://robertdevore.com/courses/,0,generated crawlable anchor,,
baseline,https://robertdevore.com/celebrating-gaad-with-img-a11y-v1-1-0/,https://robertdevore.com/courses/,Courses,navigation,200,https://robertdevore.com/courses/,0,generated crawlable anchor,,
baseline,https://robertdevore.com/celebrating-gaad-with-img-a11y-v1-1-0/,https://robertdevore.com/courses/,Courses,navigation,200,https://robertdevore.com/courses/,0,generated crawlable anchor,,
baseline,https://robertdevore.com/do-less-deliver-more/,https://robertdevore.com/courses/,Courses,navigation,200,https://robertdevore.com/courses/,0,generated crawlable anchor,,
baseline,https://robertdevore.com/do-less-deliver-more/,https://robertdevore.com/courses/,Courses,navigation,200,https://robertdevore.com/courses/,0,generated crawlable anchor,,
baseline,https://robertdevore.com/do-less-deliver-more/,https://robertdevore.com/courses/,Courses,navigation,200,https://robertdevore.com/courses/,0,generated crawlable anchor,,
baseline,https://robertdevore.com/creating-my-own-cipher-code/,https://robertdevore.com/courses/,Courses,navigation,200,https://robertdevore.com/courses/,0,generated crawlable anchor,,
baseline,https://robertdevore.com/creating-my-own-cipher-code/,https://robertdevore.com/courses/,Courses,navigation,200,https://robertdevore.com/courses/,0,generated crawlable anchor,,
baseline,https://robertdevore.com/creating-my-own-cipher-code/,https://robertdevore.com/courses/,Courses,navigation,200,https://robertdevore.com/courses/,0,generated crawlable anchor,,
baseline,https://robertdevore.com/focus/,https://robertdevore.com/courses/,Courses,navigation,200,https://robertdevore.com/courses/,0,generated crawlable anchor,,
baseline,https://robertdevore.com/focus/,https://robertdevore.com/courses/,Courses,navigation,200,https://robertdevore.com/courses/,0,generated crawlable anchor,,
baseline,https://robertdevore.com/focus/,https://robertdevore.com/courses/,Courses,navigation,200,https://robertdevore.com/courses/,0,generated crawlable anchor,,
baseline,https://robertdevore.com/blog/,https://robertdevore.com/courses/,Courses,navigation,200,https://robertdevore.com/courses/,0,generated crawlable anchor,,
baseline,https://robertdevore.com/blog/,https://robertdevore.com/courses/,Courses,navigation,200,https://robertdevore.com/courses/,0,generated crawlable anchor,,
baseline,https://robertdevore.com/blog/,https://robertdevore.com/courses/,Courses,navigation,200,https://robertdevore.com/courses/,0,generated crawlable anchor,,
baseline,https://robertdevore.com/blog/page/9/,https://robertdevore.com/courses/,Courses,navigation,200,https://robertdevore.com/courses/,0,generated crawlable anchor,,
baseline,https://robertdevore.com/blog/page/9/,https://robertdevore.com/courses/,Courses,navigation,200,https://robertdevore.com/courses/,0,generated crawlable anchor,,
baseline,https://robertdevore.com/blog/page/9/,https://robertdevore.com/courses/,Courses,navigation,200,https://robertdevore.com/courses/,0,generated crawlable anchor,,
baseline,https://robertdevore.com/blog/page/11/,https://robertdevore.com/courses/,Courses,navigation,200,https://robertdevore.com/courses/,0,generated crawlable anchor,,
baseline,https://robertdevore.com/blog/page/11/,https://robertdevore.com/courses/,Courses,navigation,200,https://robertdevore.com/courses/,0,generated crawlable anchor,,
baseline,https://robertdevore.com/blog/page/11/,https://robertdevore.com/courses/,Courses,navigation,200,https://robertdevore.com/courses/,0,generated crawlable anchor,,
baseline,https://robertdevore.com/blog/page/7/,https://robertdevore.com/courses/,Courses,navigation,200,https://robertdevore.com/courses/,0,generated crawlable anchor,,
baseline,https://robertdevore.com/blog/page/7/,https://robertdevore.com/courses/,Courses,navigation,200,https://robertdevore.com/courses/,0,generated crawlable anchor,,
baseline,https://robertdevore.com/blog/page/7/,https://robertdevore.com/courses/,Courses,navigation,200,https://robertdevore.com/courses/,0,generated crawlable anchor,,
baseline,https://robertdevore.com/blog/page/6/,https://robertdevore.com/courses/,Courses,navigation,200,https://robertdevore.com/courses/,0,generated crawlable anchor,,
baseline,https://robertdevore.com/blog/page/6/,https://robertdevore.com/courses/,Courses,navigation,200,https://robertdevore.com/courses/,0,generated crawlable anchor,,
baseline,https://robertdevore.com/blog/page/6/,https://robertdevore.com/courses/,Courses,navigation,200,https://robertdevore.com/courses/,0,generated crawlable anchor,,
baseline,https://robertdevore.com/blog/page/10/,https://robertdevore.com/courses/,Courses,navigation,200,https://robertdevore.com/courses/,0,generated crawlable anchor,,
baseline,https://robertdevore.com/blog/page/10/,https://robertdevore.com/courses/,Courses,navigation,200,https://robertdevore.com/courses/,0,generated crawlable anchor,,
baseline,https://robertdevore.com/blog/page/10/,https://robertdevore.com/courses/,Courses,navigation,200,https://robertdevore.com/courses/,0,generated crawlable anchor,,
baseline,https://robertdevore.com/blog/page/8/,https://robertdevore.com/courses/,Courses,navigation,200,https://robertdevore.com/courses/,0,generated crawlable anchor,,
baseline,https://robertdevore.com/blog/page/8/,https://robertdevore.com/courses/,Courses,navigation,200,https://robertdevore.com/courses/,0,generated crawlable anchor,,
baseline,https://robertdevore.com/blog/page/8/,https://robertdevore.com/courses/,Courses,navigation,200,https://robertdevore.com/courses/,0,generated crawlable anchor,,
baseline,https://robertdevore.com/blog/page/4/,https://robertdevore.com/courses/,Courses,navigation,200,https://robertdevore.com/courses/,0,generated crawlable anchor,,
baseline,https://robertdevore.com/blog/page/4/,https://robertdevore.com/courses/,Courses,navigation,200,https://robertdevore.com/courses/,0,generated crawlable anchor,,
baseline,https://robertdevore.com/blog/page/4/,https://robertdevore.com/courses/,Courses,navigation,200,https://robertdevore.com/courses/,0,generated crawlable anchor,,
baseline,https://robertdevore.com/blog/page/3/,https://robertdevore.com/courses/,Courses,navigation,200,https://robertdevore.com/courses/,0,generated crawlable anchor,,
baseline,https://robertdevore.com/blog/page/3/,https://robertdevore.com/courses/,Courses,navigation,200,https://robertdevore.com/courses/,0,generated crawlable anchor,,
baseline,https://robertdevore.com/blog/page/3/,https://robertdevore.com/courses/,Courses,navigation,200,https://robertdevore.com/courses/,0,generated crawlable anchor,,
baseline,https://robertdevore.com/blog/page/12/,https://robertdevore.com/courses/,Courses,navigation,200,https://robertdevore.com/courses/,0,generated crawlable anchor,,
baseline,https://robertdevore.com/blog/page/12/,https://robertdevore.com/courses/,Courses,navigation,200,https://robertdevore.com/courses/,0,generated crawlable anchor,,
baseline,https://robertdevore.com/blog/page/12/,https://robertdevore.com/courses/,Courses,navigation,200,https://robertdevore.com/courses/,0,generated crawlable anchor,,
baseline,https://robertdevore.com/blog/page/2/,https://robertdevore.com/courses/,Courses,navigation,200,https://robertdevore.com/courses/,0,generated crawlable anchor,,
baseline,https://robertdevore.com/blog/page/2/,https://robertdevore.com/courses/,Courses,navigation,200,https://robertdevore.com/courses/,0,generated crawlable anchor,,
baseline,https://robertdevore.com/blog/page/2/,https://robertdevore.com/courses/,Courses,navigation,200,https://robertdevore.com/courses/,0,generated crawlable anchor,,
baseline,https://robertdevore.com/blog/page/5/,https://robertdevore.com/courses/,Courses,navigation,200,https://robertdevore.com/courses/,0,generated crawlable anchor,,
baseline,https://robertdevore.com/blog/page/5/,https://robertdevore.com/courses/,Courses,navigation,200,https://robertdevore.com/courses/,0,generated crawlable anchor,,
baseline,https://robertdevore.com/blog/page/5/,https://robertdevore.com/courses/,Courses,navigation,200,https://robertdevore.com/courses/,0,generated crawlable anchor,,
baseline,https://robertdevore.com/how-to-build-modular-prompts-that-save-you-hours-per-week/,https://robertdevore.com/courses/,Courses,navigation,200,https://robertdevore.com/courses/,0,generated crawlable anchor,,
baseline,https://robertdevore.com/how-to-build-modular-prompts-that-save-you-hours-per-week/,https://robertdevore.com/courses/,Courses,navigation,200,https://robertdevore.com/courses/,0,generated crawlable anchor,,
baseline,https://robertdevore.com/how-to-build-modular-prompts-that-save-you-hours-per-week/,https://robertdevore.com/courses/,Courses,navigation,200,https://robertdevore.com/courses/,0,generated crawlable anchor,,
baseline,https://robertdevore.com/introducing-benchpress/,https://robertdevore.com/courses/,Courses,navigation,200,https://robertdevore.com/courses/,0,generated crawlable anchor,,
baseline,https://robertdevore.com/introducing-benchpress/,https://robertdevore.com/courses/,Courses,navigation,200,https://robertdevore.com/courses/,0,generated crawlable anchor,,
baseline,https://robertdevore.com/introducing-benchpress/,https://robertdevore.com/courses/,Courses,navigation,200,https://robertdevore.com/courses/,0,generated crawlable anchor,,
baseline,https://robertdevore.com/rethinking-keyword-research-in-the-age-of-ai/,https://robertdevore.com/courses/,Courses,navigation,200,https://robertdevore.com/courses/,0,generated crawlable anchor,,
baseline,https://robertdevore.com/rethinking-keyword-research-in-the-age-of-ai/,https://robertdevore.com/courses/,Courses,navigation,200,https://robertdevore.com/courses/,0,generated crawlable anchor,,
baseline,https://robertdevore.com/rethinking-keyword-research-in-the-age-of-ai/,https://robertdevore.com/courses/,Courses,navigation,200,https://robertdevore.com/courses/,0,generated crawlable anchor,,
baseline,https://robertdevore.com/relentless/,https://robertdevore.com/courses/,Courses,navigation,200,https://robertdevore.com/courses/,0,generated crawlable anchor,,
baseline,https://robertdevore.com/relentless/,https://robertdevore.com/courses/,Courses,navigation,200,https://robertdevore.com/courses/,0,generated crawlable anchor,,
baseline,https://robertdevore.com/relentless/,https://robertdevore.com/courses/,Courses,navigation,200,https://robertdevore.com/courses/,0,generated crawlable anchor,,
baseline,https://robertdevore.com/chapters-for-authors-wordpress-plugin/,https://robertdevore.com/courses/,Courses,navigation,200,https://robertdevore.com/courses/,0,generated crawlable anchor,,
baseline,https://robertdevore.com/chapters-for-authors-wordpress-plugin/,https://robertdevore.com/courses/,Courses,navigation,200,https://robertdevore.com/courses/,0,generated crawlable anchor,,
baseline,https://robertdevore.com/chapters-for-authors-wordpress-plugin/,https://robertdevore.com/courses/,Courses,navigation,200,https://robertdevore.com/courses/,0,generated crawlable anchor,,
baseline,https://robertdevore.com/introducing-projects-for-wordpress-a-better-way-to-showcase-your-work/,https://robertdevore.com/courses/,Courses,navigation,200,https://robertdevore.com/courses/,0,generated crawlable anchor,,
baseline,https://robertdevore.com/introducing-projects-for-wordpress-a-better-way-to-showcase-your-work/,https://robertdevore.com/courses/,Courses,navigation,200,https://robertdevore.com/courses/,0,generated crawlable anchor,,
baseline,https://robertdevore.com/introducing-projects-for-wordpress-a-better-way-to-showcase-your-work/,https://robertdevore.com/courses/,Courses,navigation,200,https://robertdevore.com/courses/,0,generated crawlable anchor,,
baseline,https://robertdevore.com/introducing-block-ai-crawlers-for-wordpress/,https://robertdevore.com/courses/,Courses,navigation,200,https://robertdevore.com/courses/,0,generated crawlable anchor,,
baseline,https://robertdevore.com/introducing-block-ai-crawlers-for-wordpress/,https://robertdevore.com/courses/,Courses,navigation,200,https://robertdevore.com/courses/,0,generated crawlable anchor,,
baseline,https://robertdevore.com/introducing-block-ai-crawlers-for-wordpress/,https://robertdevore.com/courses/,Courses,navigation,200,https://robertdevore.com/courses/,0,generated crawlable anchor,,
baseline,https://robertdevore.com/my-development-projects/,https://robertdevore.com/courses/,Courses,navigation,200,https://robertdevore.com/courses/,0,generated crawlable anchor,,
baseline,https://robertdevore.com/my-development-projects/,https://robertdevore.com/courses/,Courses,navigation,200,https://robertdevore.com/courses/,0,generated crawlable anchor,,
baseline,https://robertdevore.com/my-development-projects/,https://robertdevore.com/courses/,Courses,navigation,200,https://robertdevore.com/courses/,0,generated crawlable anchor,,
baseline,https://robertdevore.com/hello-2017/,https://robertdevore.com/courses/,Courses,navigation,200,https://robertdevore.com/courses/,0,generated crawlable anchor,,
baseline,https://robertdevore.com/hello-2017/,https://robertdevore.com/courses/,Courses,navigation,200,https://robertdevore.com/courses/,0,generated crawlable anchor,,
baseline,https://robertdevore.com/hello-2017/,https://robertdevore.com/courses/,Courses,navigation,200,https://robertdevore.com/courses/,0,generated crawlable anchor,,
baseline,https://robertdevore.com/mnml-free-minimalist-wordpress-theme/,https://robertdevore.com/courses/,Courses,navigation,200,https://robertdevore.com/courses/,0,generated crawlable anchor,,
baseline,https://robertdevore.com/mnml-free-minimalist-wordpress-theme/,https://robertdevore.com/courses/,Courses,navigation,200,https://robertdevore.com/courses/,0,generated crawlable anchor,,
baseline,https://robertdevore.com/mnml-free-minimalist-wordpress-theme/,https://robertdevore.com/courses/,Courses,navigation,200,https://robertdevore.com/courses/,0,generated crawlable anchor,,
baseline,https://robertdevore.com/clean-blog-free-wordpress-theme/,https://robertdevore.com/courses/,Courses,navigation,200,https://robertdevore.com/courses/,0,generated crawlable anchor,,
baseline,https://robertdevore.com/clean-blog-free-wordpress-theme/,https://robertdevore.com/courses/,Courses,navigation,200,https://robertdevore.com/courses/,0,generated crawlable anchor,,
baseline,https://robertdevore.com/clean-blog-free-wordpress-theme/,https://robertdevore.com/courses/,Courses,navigation,200,https://robertdevore.com/courses/,0,generated crawlable anchor,,
baseline,https://robertdevore.com/introducing-associated-taxonomies-for-wordpress/,https://robertdevore.com/courses/,Courses,navigation,200,https://robertdevore.com/courses/,0,generated crawlable anchor,,
baseline,https://robertdevore.com/introducing-associated-taxonomies-for-wordpress/,https://robertdevore.com/courses/,Courses,navigation,200,https://robertdevore.com/courses/,0,generated crawlable anchor,,
baseline,https://robertdevore.com/introducing-associated-taxonomies-for-wordpress/,https://robertdevore.com/courses/,Courses,navigation,200,https://robertdevore.com/courses/,0,generated crawlable anchor,,
baseline,https://robertdevore.com/cannabis-health-benefits/,https://robertdevore.com/courses/,Courses,navigation,200,https://robertdevore.com/courses/,0,generated crawlable anchor,,
baseline,https://robertdevore.com/cannabis-health-benefits/,https://robertdevore.com/courses/,Courses,navigation,200,https://robertdevore.com/courses/,0,generated crawlable anchor,,
baseline,https://robertdevore.com/cannabis-health-benefits/,https://robertdevore.com/courses/,Courses,navigation,200,https://robertdevore.com/courses/,0,generated crawlable anchor,,
baseline,https://robertdevore.com/5-questions-you-must-answer-before-writing-anything/,https://robertdevore.com/courses/,Courses,navigation,200,https://robertdevore.com/courses/,0,generated crawlable anchor,,
baseline,https://robertdevore.com/5-questions-you-must-answer-before-writing-anything/,https://robertdevore.com/courses/,Courses,navigation,200,https://robertdevore.com/courses/,0,generated crawlable anchor,,
baseline,https://robertdevore.com/5-questions-you-must-answer-before-writing-anything/,https://robertdevore.com/courses/,Courses,navigation,200,https://robertdevore.com/courses/,0,generated crawlable anchor,,
baseline,https://robertdevore.com/forever-forward/,https://robertdevore.com/courses/,Courses,navigation,200,https://robertdevore.com/courses/,0,generated crawlable anchor,,
baseline,https://robertdevore.com/forever-forward/,https://robertdevore.com/courses/,Courses,navigation,200,https://robertdevore.com/courses/,0,generated crawlable anchor,,
baseline,https://robertdevore.com/forever-forward/,https://robertdevore.com/courses/,Courses,navigation,200,https://robertdevore.com/courses/,0,generated crawlable anchor,,
baseline,https://robertdevore.com/host-your-wordpress-plugins-on-github-and-automate-plugin-packaging/,https://robertdevore.com/courses/,Courses,navigation,200,https://robertdevore.com/courses/,0,generated crawlable anchor,,
baseline,https://robertdevore.com/host-your-wordpress-plugins-on-github-and-automate-plugin-packaging/,https://robertdevore.com/courses/,Courses,navigation,200,https://robertdevore.com/courses/,0,generated crawlable anchor,,
baseline,https://robertdevore.com/host-your-wordpress-plugins-on-github-and-automate-plugin-packaging/,https://robertdevore.com/courses/,Courses,navigation,200,https://robertdevore.com/courses/,0,generated crawlable anchor,,
baseline,https://robertdevore.com/going-all-in-one-year-later/,https://robertdevore.com/courses/,Courses,navigation,200,https://robertdevore.com/courses/,0,generated crawlable anchor,,
baseline,https://robertdevore.com/going-all-in-one-year-later/,https://robertdevore.com/courses/,Courses,navigation,200,https://robertdevore.com/courses/,0,generated crawlable anchor,,
baseline,https://robertdevore.com/going-all-in-one-year-later/,https://robertdevore.com/courses/,Courses,navigation,200,https://robertdevore.com/courses/,0,generated crawlable anchor,,
baseline,https://robertdevore.com/dispensary-wordpress-plugins-2017/,https://robertdevore.com/courses/,Courses,navigation,200,https://robertdevore.com/courses/,0,generated crawlable anchor,,
baseline,https://robertdevore.com/dispensary-wordpress-plugins-2017/,https://robertdevore.com/courses/,Courses,navigation,200,https://robertdevore.com/courses/,0,generated crawlable anchor,,
baseline,https://robertdevore.com/dispensary-wordpress-plugins-2017/,https://robertdevore.com/courses/,Courses,navigation,200,https://robertdevore.com/courses/,0,generated crawlable anchor,,
baseline,https://robertdevore.com/hue-js/,https://robertdevore.com/courses/,Courses,navigation,200,https://robertdevore.com/courses/,0,generated crawlable anchor,,
baseline,https://robertdevore.com/hue-js/,https://robertdevore.com/courses/,Courses,navigation,200,https://robertdevore.com/courses/,0,generated crawlable anchor,,
baseline,https://robertdevore.com/hue-js/,https://robertdevore.com/courses/,Courses,navigation,200,https://robertdevore.com/courses/,0,generated crawlable anchor,,
baseline,https://robertdevore.com/stop-gambling-with-client-trust-why-skipping-a-security-audit-is-a-risk-you-cant-afford/,https://robertdevore.com/courses/,Courses,navigation,200,https://robertdevore.com/courses/,0,generated crawlable anchor,,
baseline,https://robertdevore.com/stop-gambling-with-client-trust-why-skipping-a-security-audit-is-a-risk-you-cant-afford/,https://robertdevore.com/courses/,Courses,navigation,200,https://robertdevore.com/courses/,0,generated crawlable anchor,,
baseline,https://robertdevore.com/stop-gambling-with-client-trust-why-skipping-a-security-audit-is-a-risk-you-cant-afford/,https://robertdevore.com/courses/,Courses,navigation,200,https://robertdevore.com/courses/,0,generated crawlable anchor,,
baseline,https://robertdevore.com/introducing-back-in-stock-notifications-for-woocommerce/,https://robertdevore.com/courses/,Courses,navigation,200,https://robertdevore.com/courses/,0,generated crawlable anchor,,
baseline,https://robertdevore.com/introducing-back-in-stock-notifications-for-woocommerce/,https://robertdevore.com/courses/,Courses,navigation,200,https://robertdevore.com/courses/,0,generated crawlable anchor,,
baseline,https://robertdevore.com/introducing-back-in-stock-notifications-for-woocommerce/,https://robertdevore.com/courses/,Courses,navigation,200,https://robertdevore.com/courses/,0,generated crawlable anchor,,
baseline,https://robertdevore.com/introducing-test-orders-for-woocommerce/,https://robertdevore.com/courses/,Courses,navigation,200,https://robertdevore.com/courses/,0,generated crawlable anchor,,
baseline,https://robertdevore.com/introducing-test-orders-for-woocommerce/,https://robertdevore.com/courses/,Courses,navigation,200,https://robertdevore.com/courses/,0,generated crawlable anchor,,
baseline,https://robertdevore.com/introducing-test-orders-for-woocommerce/,https://robertdevore.com/courses/,Courses,navigation,200,https://robertdevore.com/courses/,0,generated crawlable anchor,,
baseline,https://robertdevore.com/introducing-pattern-pal-ai-powered-patterns-for-wordpress/,https://robertdevore.com/courses/,Courses,navigation,200,https://robertdevore.com/courses/,0,generated crawlable anchor,,
baseline,https://robertdevore.com/introducing-pattern-pal-ai-powered-patterns-for-wordpress/,https://robertdevore.com/courses/,Courses,navigation,200,https://robertdevore.com/courses/,0,generated crawlable anchor,,
baseline,https://robertdevore.com/introducing-pattern-pal-ai-powered-patterns-for-wordpress/,https://robertdevore.com/courses/,Courses,navigation,200,https://robertdevore.com/courses/,0,generated crawlable anchor,,
baseline,https://robertdevore.com/plan-prompt-publish-a-practical-guide-to-creating-beautifully-useful-content-with-ai/,https://robertdevore.com/courses/,Courses,navigation,200,https://robertdevore.com/courses/,0,generated crawlable anchor,,
baseline,https://robertdevore.com/plan-prompt-publish-a-practical-guide-to-creating-beautifully-useful-content-with-ai/,https://robertdevore.com/courses/,Courses,navigation,200,https://robertdevore.com/courses/,0,generated crawlable anchor,,
baseline,https://robertdevore.com/plan-prompt-publish-a-practical-guide-to-creating-beautifully-useful-content-with-ai/,https://robertdevore.com/courses/,Courses,navigation,200,https://robertdevore.com/courses/,0,generated crawlable anchor,,
baseline,https://robertdevore.com/wordpress-woocommerce-plugins-i-will-no-longer-maintain/,https://robertdevore.com/courses/,Courses,navigation,200,https://robertdevore.com/courses/,0,generated crawlable anchor,,
baseline,https://robertdevore.com/wordpress-woocommerce-plugins-i-will-no-longer-maintain/,https://robertdevore.com/courses/,Courses,navigation,200,https://robertdevore.com/courses/,0,generated crawlable anchor,,
baseline,https://robertdevore.com/wordpress-woocommerce-plugins-i-will-no-longer-maintain/,https://robertdevore.com/courses/,Courses,navigation,200,https://robertdevore.com/courses/,0,generated crawlable anchor,,
baseline,https://robertdevore.com/introducing-site-vitals-for-wordpress/,https://robertdevore.com/courses/,Courses,navigation,200,https://robertdevore.com/courses/,0,generated crawlable anchor,,
baseline,https://robertdevore.com/introducing-site-vitals-for-wordpress/,https://robertdevore.com/courses/,Courses,navigation,200,https://robertdevore.com/courses/,0,generated crawlable anchor,,
baseline,https://robertdevore.com/introducing-site-vitals-for-wordpress/,https://robertdevore.com/courses/,Courses,navigation,200,https://robertdevore.com/courses/,0,generated crawlable anchor,,
baseline,https://robertdevore.com/open-source-is-anarchism-in-action/,https://robertdevore.com/courses/,Courses,navigation,200,https://robertdevore.com/courses/,0,generated crawlable anchor,,
baseline,https://robertdevore.com/open-source-is-anarchism-in-action/,https://robertdevore.com/courses/,Courses,navigation,200,https://robertdevore.com/courses/,0,generated crawlable anchor,,
baseline,https://robertdevore.com/open-source-is-anarchism-in-action/,https://robertdevore.com/courses/,Courses,navigation,200,https://robertdevore.com/courses/,0,generated crawlable anchor,,
baseline,https://robertdevore.com/wp-dispensary-v2/,https://robertdevore.com/courses/,Courses,navigation,200,https://robertdevore.com/courses/,0,generated crawlable anchor,,
baseline,https://robertdevore.com/wp-dispensary-v2/,https://robertdevore.com/courses/,Courses,navigation,200,https://robertdevore.com/courses/,0,generated crawlable anchor,,
baseline,https://robertdevore.com/wp-dispensary-v2/,https://robertdevore.com/courses/,Courses,navigation,200,https://robertdevore.com/courses/,0,generated crawlable anchor,,
baseline,https://robertdevore.com/peddle-free-wordpress-theme-for-easy-digital-downloads/,https://robertdevore.com/courses/,Courses,navigation,200,https://robertdevore.com/courses/,0,generated crawlable anchor,,
baseline,https://robertdevore.com/peddle-free-wordpress-theme-for-easy-digital-downloads/,https://robertdevore.com/courses/,Courses,navigation,200,https://robertdevore.com/courses/,0,generated crawlable anchor,,
baseline,https://robertdevore.com/peddle-free-wordpress-theme-for-easy-digital-downloads/,https://robertdevore.com/courses/,Courses,navigation,200,https://robertdevore.com/courses/,0,generated crawlable anchor,,
baseline,https://robertdevore.com/introducing-widget-usage-tracker-for-elementor/,https://robertdevore.com/courses/,Courses,navigation,200,https://robertdevore.com/courses/,0,generated crawlable anchor,,
baseline,https://robertdevore.com/introducing-widget-usage-tracker-for-elementor/,https://robertdevore.com/courses/,Courses,navigation,200,https://robertdevore.com/courses/,0,generated crawlable anchor,,
baseline,https://robertdevore.com/introducing-widget-usage-tracker-for-elementor/,https://robertdevore.com/courses/,Courses,navigation,200,https://robertdevore.com/courses/,0,generated crawlable anchor,,
baseline,https://robertdevore.com/wp-townhall-13-the-debate-kevin-geary-doesnt-want-you-to-see/,https://robertdevore.com/courses/,Courses,navigation,200,https://robertdevore.com/courses/,0,generated crawlable anchor,,
baseline,https://robertdevore.com/wp-townhall-13-the-debate-kevin-geary-doesnt-want-you-to-see/,https://robertdevore.com/courses/,Courses,navigation,200,https://robertdevore.com/courses/,0,generated crawlable anchor,,
baseline,https://robertdevore.com/wp-townhall-13-the-debate-kevin-geary-doesnt-want-you-to-see/,https://robertdevore.com/courses/,Courses,navigation,200,https://robertdevore.com/courses/,0,generated crawlable anchor,,
baseline,https://robertdevore.com/wp-dispensary/,https://robertdevore.com/courses/,Courses,navigation,200,https://robertdevore.com/courses/,0,generated crawlable anchor,,
baseline,https://robertdevore.com/wp-dispensary/,https://robertdevore.com/courses/,Courses,navigation,200,https://robertdevore.com/courses/,0,generated crawlable anchor,,
baseline,https://robertdevore.com/wp-dispensary/,https://robertdevore.com/courses/,Courses,navigation,200,https://robertdevore.com/courses/,0,generated crawlable anchor,,
baseline,https://robertdevore.com/introducing-markdown-exporter-for-wordpress/,https://robertdevore.com/courses/,Courses,navigation,200,https://robertdevore.com/courses/,0,generated crawlable anchor,,
baseline,https://robertdevore.com/introducing-markdown-exporter-for-wordpress/,https://robertdevore.com/courses/,Courses,navigation,200,https://robertdevore.com/courses/,0,generated crawlable anchor,,
baseline,https://robertdevore.com/introducing-markdown-exporter-for-wordpress/,https://robertdevore.com/courses/,Courses,navigation,200,https://robertdevore.com/courses/,0,generated crawlable anchor,,
baseline,https://robertdevore.com/introducing-gallery-modals-enhance-your-wordpress-galleries-with-stunning-popups/,https://robertdevore.com/courses/,Courses,navigation,200,https://robertdevore.com/courses/,0,generated crawlable anchor,,
baseline,https://robertdevore.com/introducing-gallery-modals-enhance-your-wordpress-galleries-with-stunning-popups/,https://robertdevore.com/courses/,Courses,navigation,200,https://robertdevore.com/courses/,0,generated crawlable anchor,,
baseline,https://robertdevore.com/introducing-gallery-modals-enhance-your-wordpress-galleries-with-stunning-popups/,https://robertdevore.com/courses/,Courses,navigation,200,https://robertdevore.com/courses/,0,generated crawlable anchor,,
baseline,https://robertdevore.com/kevin-michael-geary-a-hidden-history-of-hate-racism-and-bigotry/,https://robertdevore.com/courses/,Courses,navigation,200,https://robertdevore.com/courses/,0,generated crawlable anchor,,
baseline,https://robertdevore.com/kevin-michael-geary-a-hidden-history-of-hate-racism-and-bigotry/,https://robertdevore.com/courses/,Courses,navigation,200,https://robertdevore.com/courses/,0,generated crawlable anchor,,
baseline,https://robertdevore.com/kevin-michael-geary-a-hidden-history-of-hate-racism-and-bigotry/,https://robertdevore.com/courses/,Courses,navigation,200,https://robertdevore.com/courses/,0,generated crawlable anchor,,
baseline,https://robertdevore.com/making-up-for-lost-time/,https://robertdevore.com/courses/,Courses,navigation,200,https://robertdevore.com/courses/,0,generated crawlable anchor,,
baseline,https://robertdevore.com/making-up-for-lost-time/,https://robertdevore.com/courses/,Courses,navigation,200,https://robertdevore.com/courses/,0,generated crawlable anchor,,
baseline,https://robertdevore.com/making-up-for-lost-time/,https://robertdevore.com/courses/,Courses,navigation,200,https://robertdevore.com/courses/,0,generated crawlable anchor,,
baseline,https://robertdevore.com/extreme-programming-for-extreme-leaders/,https://robertdevore.com/courses/,Courses,navigation,200,https://robertdevore.com/courses/,0,generated crawlable anchor,,
baseline,https://robertdevore.com/extreme-programming-for-extreme-leaders/,https://robertdevore.com/courses/,Courses,navigation,200,https://robertdevore.com/courses/,0,generated crawlable anchor,,
baseline,https://robertdevore.com/extreme-programming-for-extreme-leaders/,https://robertdevore.com/courses/,Courses,navigation,200,https://robertdevore.com/courses/,0,generated crawlable anchor,,
baseline,https://robertdevore.com/introducing-an-experimental-new-plugin-email-designer-for-woocommerce/,https://robertdevore.com/courses/,Courses,navigation,200,https://robertdevore.com/courses/,0,generated crawlable anchor,,
baseline,https://robertdevore.com/introducing-an-experimental-new-plugin-email-designer-for-woocommerce/,https://robertdevore.com/courses/,Courses,navigation,200,https://robertdevore.com/courses/,0,generated crawlable anchor,,
baseline,https://robertdevore.com/introducing-an-experimental-new-plugin-email-designer-for-woocommerce/,https://robertdevore.com/courses/,Courses,navigation,200,https://robertdevore.com/courses/,0,generated crawlable anchor,,
baseline,https://robertdevore.com/the-past-present-and-future-of-wp-dispensary/,https://robertdevore.com/courses/,Courses,navigation,200,https://robertdevore.com/courses/,0,generated crawlable anchor,,
baseline,https://robertdevore.com/the-past-present-and-future-of-wp-dispensary/,https://robertdevore.com/courses/,Courses,navigation,200,https://robertdevore.com/courses/,0,generated crawlable anchor,,
baseline,https://robertdevore.com/the-past-present-and-future-of-wp-dispensary/,https://robertdevore.com/courses/,Courses,navigation,200,https://robertdevore.com/courses/,0,generated crawlable anchor,,
baseline,https://robertdevore.com/introducing-bulk-stock-management-for-woocommerce-free/,https://robertdevore.com/courses/,Courses,navigation,200,https://robertdevore.com/courses/,0,generated crawlable anchor,,
baseline,https://robertdevore.com/introducing-bulk-stock-management-for-woocommerce-free/,https://robertdevore.com/courses/,Courses,navigation,200,https://robertdevore.com/courses/,0,generated crawlable anchor,,
baseline,https://robertdevore.com/introducing-bulk-stock-management-for-woocommerce-free/,https://robertdevore.com/courses/,Courses,navigation,200,https://robertdevore.com/courses/,0,generated crawlable anchor,,
baseline,https://robertdevore.com/improve-cls-scores-by-dynamically-setting-image-width-and-height/,https://robertdevore.com/courses/,Courses,navigation,200,https://robertdevore.com/courses/,0,generated crawlable anchor,,
baseline,https://robertdevore.com/improve-cls-scores-by-dynamically-setting-image-width-and-height/,https://robertdevore.com/courses/,Courses,navigation,200,https://robertdevore.com/courses/,0,generated crawlable anchor,,
baseline,https://robertdevore.com/improve-cls-scores-by-dynamically-setting-image-width-and-height/,https://robertdevore.com/courses/,Courses,navigation,200,https://robertdevore.com/courses/,0,generated crawlable anchor,,
baseline,https://robertdevore.com/delivery-drivers-for-woocommerce/,https://robertdevore.com/courses/,Courses,navigation,200,https://robertdevore.com/courses/,0,generated crawlable anchor,,
baseline,https://robertdevore.com/delivery-drivers-for-woocommerce/,https://robertdevore.com/courses/,Courses,navigation,200,https://robertdevore.com/courses/,0,generated crawlable anchor,,
baseline,https://robertdevore.com/delivery-drivers-for-woocommerce/,https://robertdevore.com/courses/,Courses,navigation,200,https://robertdevore.com/courses/,0,generated crawlable anchor,,
baseline,https://robertdevore.com/how-i-use-textexpander-to-reuse-my-best-ai-prompts/,https://robertdevore.com/courses/,Courses,navigation,200,https://robertdevore.com/courses/,0,generated crawlable anchor,,
baseline,https://robertdevore.com/how-i-use-textexpander-to-reuse-my-best-ai-prompts/,https://robertdevore.com/courses/,Courses,navigation,200,https://robertdevore.com/courses/,0,generated crawlable anchor,,
baseline,https://robertdevore.com/how-i-use-textexpander-to-reuse-my-best-ai-prompts/,https://robertdevore.com/courses/,Courses,navigation,200,https://robertdevore.com/courses/,0,generated crawlable anchor,,
baseline,https://robertdevore.com/wtf-is-wordpress/,https://robertdevore.com/courses/,Courses,navigation,200,https://robertdevore.com/courses/,0,generated crawlable anchor,,
baseline,https://robertdevore.com/wtf-is-wordpress/,https://robertdevore.com/courses/,Courses,navigation,200,https://robertdevore.com/courses/,0,generated crawlable anchor,,
baseline,https://robertdevore.com/wtf-is-wordpress/,https://robertdevore.com/courses/,Courses,navigation,200,https://robertdevore.com/courses/,0,generated crawlable anchor,,
baseline,https://robertdevore.com/introducing-img-a11y/,https://robertdevore.com/courses/,Courses,navigation,200,https://robertdevore.com/courses/,0,generated crawlable anchor,,
baseline,https://robertdevore.com/introducing-img-a11y/,https://robertdevore.com/courses/,Courses,navigation,200,https://robertdevore.com/courses/,0,generated crawlable anchor,,
baseline,https://robertdevore.com/introducing-img-a11y/,https://robertdevore.com/courses/,Courses,navigation,200,https://robertdevore.com/courses/,0,generated crawlable anchor,,
baseline,https://robertdevore.com/how-to-build-a-content-engine-that-scales-with-you/,https://robertdevore.com/courses/,Courses,navigation,200,https://robertdevore.com/courses/,0,generated crawlable anchor,,
baseline,https://robertdevore.com/how-to-build-a-content-engine-that-scales-with-you/,https://robertdevore.com/courses/,Courses,navigation,200,https://robertdevore.com/courses/,0,generated crawlable anchor,,
baseline,https://robertdevore.com/how-to-build-a-content-engine-that-scales-with-you/,https://robertdevore.com/courses/,Courses,navigation,200,https://robertdevore.com/courses/,0,generated crawlable anchor,,
baseline,https://robertdevore.com/introducing-media-file-versioning-for-wordpress/,https://robertdevore.com/courses/,Courses,navigation,200,https://robertdevore.com/courses/,0,generated crawlable anchor,,
baseline,https://robertdevore.com/introducing-media-file-versioning-for-wordpress/,https://robertdevore.com/courses/,Courses,navigation,200,https://robertdevore.com/courses/,0,generated crawlable anchor,,
baseline,https://robertdevore.com/introducing-media-file-versioning-for-wordpress/,https://robertdevore.com/courses/,Courses,navigation,200,https://robertdevore.com/courses/,0,generated crawlable anchor,,
baseline,https://robertdevore.com/customer-loyalty-for-woocommerce-v2/,https://robertdevore.com/courses/,Courses,navigation,200,https://robertdevore.com/courses/,0,generated crawlable anchor,,
baseline,https://robertdevore.com/customer-loyalty-for-woocommerce-v2/,https://robertdevore.com/courses/,Courses,navigation,200,https://robertdevore.com/courses/,0,generated crawlable anchor,,
baseline,https://robertdevore.com/customer-loyalty-for-woocommerce-v2/,https://robertdevore.com/courses/,Courses,navigation,200,https://robertdevore.com/courses/,0,generated crawlable anchor,,
baseline,https://robertdevore.com/how-hungry-are-you/,https://robertdevore.com/courses/,Courses,navigation,200,https://robertdevore.com/courses/,0,generated crawlable anchor,,
baseline,https://robertdevore.com/how-hungry-are-you/,https://robertdevore.com/courses/,Courses,navigation,200,https://robertdevore.com/courses/,0,generated crawlable anchor,,
baseline,https://robertdevore.com/how-hungry-are-you/,https://robertdevore.com/courses/,Courses,navigation,200,https://robertdevore.com/courses/,0,generated crawlable anchor,,
baseline,https://robertdevore.com/two-years-building-wp-dispensary/,https://robertdevore.com/courses/,Courses,navigation,200,https://robertdevore.com/courses/,0,generated crawlable anchor,,
baseline,https://robertdevore.com/two-years-building-wp-dispensary/,https://robertdevore.com/courses/,Courses,navigation,200,https://robertdevore.com/courses/,0,generated crawlable anchor,,
baseline,https://robertdevore.com/two-years-building-wp-dispensary/,https://robertdevore.com/courses/,Courses,navigation,200,https://robertdevore.com/courses/,0,generated crawlable anchor,,
baseline,https://robertdevore.com/introducing-slop-stopper-a-free-content-checker-for-wordpress/,https://robertdevore.com/courses/,Courses,navigation,200,https://robertdevore.com/courses/,0,generated crawlable anchor,,
baseline,https://robertdevore.com/introducing-slop-stopper-a-free-content-checker-for-wordpress/,https://robertdevore.com/courses/,Courses,navigation,200,https://robertdevore.com/courses/,0,generated crawlable anchor,,
baseline,https://robertdevore.com/introducing-slop-stopper-a-free-content-checker-for-wordpress/,https://robertdevore.com/courses/,Courses,navigation,200,https://robertdevore.com/courses/,0,generated crawlable anchor,,
baseline,https://robertdevore.com/introducing-metadata-import-export-for-yoast-seo/,https://robertdevore.com/courses/,Courses,navigation,200,https://robertdevore.com/courses/,0,generated crawlable anchor,,
baseline,https://robertdevore.com/introducing-metadata-import-export-for-yoast-seo/,https://robertdevore.com/courses/,Courses,navigation,200,https://robertdevore.com/courses/,0,generated crawlable anchor,,
baseline,https://robertdevore.com/introducing-metadata-import-export-for-yoast-seo/,https://robertdevore.com/courses/,Courses,navigation,200,https://robertdevore.com/courses/,0,generated crawlable anchor,,
baseline,https://robertdevore.com/twitter-marketing/,https://robertdevore.com/courses/,Courses,navigation,200,https://robertdevore.com/courses/,0,generated crawlable anchor,,
baseline,https://robertdevore.com/twitter-marketing/,https://robertdevore.com/courses/,Courses,navigation,200,https://robertdevore.com/courses/,0,generated crawlable anchor,,
baseline,https://robertdevore.com/twitter-marketing/,https://robertdevore.com/courses/,Courses,navigation,200,https://robertdevore.com/courses/,0,generated crawlable anchor,,
baseline,https://robertdevore.com/intellipress-the-smart-af-ai-assistant-for-wordpress/,https://robertdevore.com/courses/,Courses,navigation,200,https://robertdevore.com/courses/,0,generated crawlable anchor,,
baseline,https://robertdevore.com/intellipress-the-smart-af-ai-assistant-for-wordpress/,https://robertdevore.com/courses/,Courses,navigation,200,https://robertdevore.com/courses/,0,generated crawlable anchor,,
baseline,https://robertdevore.com/intellipress-the-smart-af-ai-assistant-for-wordpress/,https://robertdevore.com/courses/,Courses,navigation,200,https://robertdevore.com/courses/,0,generated crawlable anchor,,
baseline,https://robertdevore.com/introducing-shipping-multiple-addresses-for-woocommerce-free/,https://robertdevore.com/courses/,Courses,navigation,200,https://robertdevore.com/courses/,0,generated crawlable anchor,,
baseline,https://robertdevore.com/introducing-shipping-multiple-addresses-for-woocommerce-free/,https://robertdevore.com/courses/,Courses,navigation,200,https://robertdevore.com/courses/,0,generated crawlable anchor,,
baseline,https://robertdevore.com/introducing-shipping-multiple-addresses-for-woocommerce-free/,https://robertdevore.com/courses/,Courses,navigation,200,https://robertdevore.com/courses/,0,generated crawlable anchor,,
baseline,https://robertdevore.com/i-built-a-python-stego-cipher-tool-and-you-can-have-it/,https://robertdevore.com/courses/,Courses,navigation,200,https://robertdevore.com/courses/,0,generated crawlable anchor,,
baseline,https://robertdevore.com/i-built-a-python-stego-cipher-tool-and-you-can-have-it/,https://robertdevore.com/courses/,Courses,navigation,200,https://robertdevore.com/courses/,0,generated crawlable anchor,,
baseline,https://robertdevore.com/i-built-a-python-stego-cipher-tool-and-you-can-have-it/,https://robertdevore.com/courses/,Courses,navigation,200,https://robertdevore.com/courses/,0,generated crawlable anchor,,
baseline,https://robertdevore.com/introducing-the-user-login-status-plugin-for-wordpress/,https://robertdevore.com/courses/,Courses,navigation,200,https://robertdevore.com/courses/,0,generated crawlable anchor,,
baseline,https://robertdevore.com/introducing-the-user-login-status-plugin-for-wordpress/,https://robertdevore.com/courses/,Courses,navigation,200,https://robertdevore.com/courses/,0,generated crawlable anchor,,
baseline,https://robertdevore.com/introducing-the-user-login-status-plugin-for-wordpress/,https://robertdevore.com/courses/,Courses,navigation,200,https://robertdevore.com/courses/,0,generated crawlable anchor,,
baseline,https://robertdevore.com/introducing-maintenance-mode-for-wordpress/,https://robertdevore.com/courses/,Courses,navigation,200,https://robertdevore.com/courses/,0,generated crawlable anchor,,
baseline,https://robertdevore.com/introducing-maintenance-mode-for-wordpress/,https://robertdevore.com/courses/,Courses,navigation,200,https://robertdevore.com/courses/,0,generated crawlable anchor,,
baseline,https://robertdevore.com/introducing-maintenance-mode-for-wordpress/,https://robertdevore.com/courses/,Courses,navigation,200,https://robertdevore.com/courses/,0,generated crawlable anchor,,
baseline,https://robertdevore.com/tag/,https://robertdevore.com/courses/,Courses,navigation,200,https://robertdevore.com/courses/,0,generated crawlable anchor,,
baseline,https://robertdevore.com/tag/,https://robertdevore.com/courses/,Courses,navigation,200,https://robertdevore.com/courses/,0,generated crawlable anchor,,
baseline,https://robertdevore.com/tag/,https://robertdevore.com/courses/,Courses,navigation,200,https://robertdevore.com/courses/,0,generated crawlable anchor,,
baseline,https://robertdevore.com/tag/essays/,https://robertdevore.com/courses/,Courses,navigation,200,https://robertdevore.com/courses/,0,generated crawlable anchor,,
baseline,https://robertdevore.com/tag/essays/,https://robertdevore.com/courses/,Courses,navigation,200,https://robertdevore.com/courses/,0,generated crawlable anchor,,
baseline,https://robertdevore.com/tag/essays/,https://robertdevore.com/courses/,Courses,navigation,200,https://robertdevore.com/courses/,0,generated crawlable anchor,,
baseline,https://robertdevore.com/tag/woocommerce/,https://robertdevore.com/courses/,Courses,navigation,200,https://robertdevore.com/courses/,0,generated crawlable anchor,,
baseline,https://robertdevore.com/tag/woocommerce/,https://robertdevore.com/courses/,Courses,navigation,200,https://robertdevore.com/courses/,0,generated crawlable anchor,,
baseline,https://robertdevore.com/tag/woocommerce/,https://robertdevore.com/courses/,Courses,navigation,200,https://robertdevore.com/courses/,0,generated crawlable anchor,,
baseline,https://robertdevore.com/tag/archive/,https://robertdevore.com/courses/,Courses,navigation,200,https://robertdevore.com/courses/,0,generated crawlable anchor,,
baseline,https://robertdevore.com/tag/archive/,https://robertdevore.com/courses/,Courses,navigation,200,https://robertdevore.com/courses/,0,generated crawlable anchor,,
baseline,https://robertdevore.com/tag/archive/,https://robertdevore.com/courses/,Courses,navigation,200,https://robertdevore.com/courses/,0,generated crawlable anchor,,
baseline,https://robertdevore.com/tag/wordpress/,https://robertdevore.com/courses/,Courses,navigation,200,https://robertdevore.com/courses/,0,generated crawlable anchor,,
baseline,https://robertdevore.com/tag/wordpress/,https://robertdevore.com/courses/,Courses,navigation,200,https://robertdevore.com/courses/,0,generated crawlable anchor,,
baseline,https://robertdevore.com/tag/wordpress/,https://robertdevore.com/courses/,Courses,navigation,200,https://robertdevore.com/courses/,0,generated crawlable anchor,,
baseline,https://robertdevore.com/tag/ai/,https://robertdevore.com/courses/,Courses,navigation,200,https://robertdevore.com/courses/,0,generated crawlable anchor,,
baseline,https://robertdevore.com/tag/ai/,https://robertdevore.com/courses/,Courses,navigation,200,https://robertdevore.com/courses/,0,generated crawlable anchor,,
baseline,https://robertdevore.com/tag/ai/,https://robertdevore.com/courses/,Courses,navigation,200,https://robertdevore.com/courses/,0,generated crawlable anchor,,
baseline,https://robertdevore.com/tag/engineering/,https://robertdevore.com/courses/,Courses,navigation,200,https://robertdevore.com/courses/,0,generated crawlable anchor,,
baseline,https://robertdevore.com/tag/engineering/,https://robertdevore.com/courses/,Courses,navigation,200,https://robertdevore.com/courses/,0,generated crawlable anchor,,
baseline,https://robertdevore.com/tag/engineering/,https://robertdevore.com/courses/,Courses,navigation,200,https://robertdevore.com/courses/,0,generated crawlable anchor,,
baseline,https://robertdevore.com/leafly-reviews-wordpress-plugin/,https://robertdevore.com/courses/,Courses,navigation,200,https://robertdevore.com/courses/,0,generated crawlable anchor,,
baseline,https://robertdevore.com/leafly-reviews-wordpress-plugin/,https://robertdevore.com/courses/,Courses,navigation,200,https://robertdevore.com/courses/,0,generated crawlable anchor,,
baseline,https://robertdevore.com/leafly-reviews-wordpress-plugin/,https://robertdevore.com/courses/,Courses,navigation,200,https://robertdevore.com/courses/,0,generated crawlable anchor,,
baseline,https://robertdevore.com/introducing-delete-inactive-users/,https://robertdevore.com/courses/,Courses,navigation,200,https://robertdevore.com/courses/,0,generated crawlable anchor,,
baseline,https://robertdevore.com/introducing-delete-inactive-users/,https://robertdevore.com/courses/,Courses,navigation,200,https://robertdevore.com/courses/,0,generated crawlable anchor,,
baseline,https://robertdevore.com/introducing-delete-inactive-users/,https://robertdevore.com/courses/,Courses,navigation,200,https://robertdevore.com/courses/,0,generated crawlable anchor,,
baseline,https://robertdevore.com/introducing-table-block-enhancer-for-wordpress/,https://robertdevore.com/courses/,Courses,navigation,200,https://robertdevore.com/courses/,0,generated crawlable anchor,,
baseline,https://robertdevore.com/introducing-table-block-enhancer-for-wordpress/,https://robertdevore.com/courses/,Courses,navigation,200,https://robertdevore.com/courses/,0,generated crawlable anchor,,
baseline,https://robertdevore.com/introducing-table-block-enhancer-for-wordpress/,https://robertdevore.com/courses/,Courses,navigation,200,https://robertdevore.com/courses/,0,generated crawlable anchor,,
baseline,https://robertdevore.com/im-freelancing-again/,https://robertdevore.com/courses/,Courses,navigation,200,https://robertdevore.com/courses/,0,generated crawlable anchor,,
baseline,https://robertdevore.com/im-freelancing-again/,https://robertdevore.com/courses/,Courses,navigation,200,https://robertdevore.com/courses/,0,generated crawlable anchor,,
baseline,https://robertdevore.com/im-freelancing-again/,https://robertdevore.com/courses/,Courses,navigation,200,https://robertdevore.com/courses/,0,generated crawlable anchor,,
baseline,https://robertdevore.com/leap-the-code-of-extreme-leadership/,https://robertdevore.com/courses/,Courses,navigation,200,https://robertdevore.com/courses/,0,generated crawlable anchor,,
baseline,https://robertdevore.com/leap-the-code-of-extreme-leadership/,https://robertdevore.com/courses/,Courses,navigation,200,https://robertdevore.com/courses/,0,generated crawlable anchor,,
baseline,https://robertdevore.com/leap-the-code-of-extreme-leadership/,https://robertdevore.com/courses/,Courses,navigation,200,https://robertdevore.com/courses/,0,generated crawlable anchor,,
baseline,https://robertdevore.com/goodbye-wordpress-a-eulogy/,https://robertdevore.com/courses/,Courses,navigation,200,https://robertdevore.com/courses/,0,generated crawlable anchor,,
baseline,https://robertdevore.com/goodbye-wordpress-a-eulogy/,https://robertdevore.com/courses/,Courses,navigation,200,https://robertdevore.com/courses/,0,generated crawlable anchor,,
baseline,https://robertdevore.com/goodbye-wordpress-a-eulogy/,https://robertdevore.com/courses/,Courses,navigation,200,https://robertdevore.com/courses/,0,generated crawlable anchor,,
baseline,https://robertdevore.com/how-to-write-prompts-that-get-the-tone-structure-and-intent-right/,https://robertdevore.com/courses/,Courses,navigation,200,https://robertdevore.com/courses/,0,generated crawlable anchor,,
baseline,https://robertdevore.com/how-to-write-prompts-that-get-the-tone-structure-and-intent-right/,https://robertdevore.com/courses/,Courses,navigation,200,https://robertdevore.com/courses/,0,generated crawlable anchor,,
baseline,https://robertdevore.com/how-to-write-prompts-that-get-the-tone-structure-and-intent-right/,https://robertdevore.com/courses/,Courses,navigation,200,https://robertdevore.com/courses/,0,generated crawlable anchor,,
baseline,https://robertdevore.com/say-goodbye-to-wordpress/,https://robertdevore.com/courses/,Courses,navigation,200,https://robertdevore.com/courses/,0,generated crawlable anchor,,
baseline,https://robertdevore.com/say-goodbye-to-wordpress/,https://robertdevore.com/courses/,Courses,navigation,200,https://robertdevore.com/courses/,0,generated crawlable anchor,,
baseline,https://robertdevore.com/say-goodbye-to-wordpress/,https://robertdevore.com/courses/,Courses,navigation,200,https://robertdevore.com/courses/,0,generated crawlable anchor,,
baseline,https://robertdevore.com/december-2024-a-retrospective/,https://robertdevore.com/courses/,Courses,navigation,200,https://robertdevore.com/courses/,0,generated crawlable anchor,,
baseline,https://robertdevore.com/december-2024-a-retrospective/,https://robertdevore.com/courses/,Courses,navigation,200,https://robertdevore.com/courses/,0,generated crawlable anchor,,
baseline,https://robertdevore.com/december-2024-a-retrospective/,https://robertdevore.com/courses/,Courses,navigation,200,https://robertdevore.com/courses/,0,generated crawlable anchor,,
baseline,https://robertdevore.com/boostbox-wordpress-popup-builder-for-the-core-editor/,https://robertdevore.com/courses/,Courses,navigation,200,https://robertdevore.com/courses/,0,generated crawlable anchor,,
baseline,https://robertdevore.com/boostbox-wordpress-popup-builder-for-the-core-editor/,https://robertdevore.com/courses/,Courses,navigation,200,https://robertdevore.com/courses/,0,generated crawlable anchor,,
baseline,https://robertdevore.com/boostbox-wordpress-popup-builder-for-the-core-editor/,https://robertdevore.com/courses/,Courses,navigation,200,https://robertdevore.com/courses/,0,generated crawlable anchor,,
baseline,https://robertdevore.com/reusable-flask-error-handling-a-step-by-step-guide-to-modular-http-error-responses/,https://robertdevore.com/courses/,Courses,navigation,200,https://robertdevore.com/courses/,0,generated crawlable anchor,,
baseline,https://robertdevore.com/reusable-flask-error-handling-a-step-by-step-guide-to-modular-http-error-responses/,https://robertdevore.com/courses/,Courses,navigation,200,https://robertdevore.com/courses/,0,generated crawlable anchor,,
baseline,https://robertdevore.com/reusable-flask-error-handling-a-step-by-step-guide-to-modular-http-error-responses/,https://robertdevore.com/courses/,Courses,navigation,200,https://robertdevore.com/courses/,0,generated crawlable anchor,,
baseline,https://robertdevore.com/devio-digital/,https://robertdevore.com/courses/,Courses,navigation,200,https://robertdevore.com/courses/,0,generated crawlable anchor,,
baseline,https://robertdevore.com/devio-digital/,https://robertdevore.com/courses/,Courses,navigation,200,https://robertdevore.com/courses/,0,generated crawlable anchor,,
baseline,https://robertdevore.com/devio-digital/,https://robertdevore.com/courses/,Courses,navigation,200,https://robertdevore.com/courses/,0,generated crawlable anchor,,
baseline,https://robertdevore.com/introducing-module-usage-tracker-for-wp-bakery/,https://robertdevore.com/courses/,Courses,navigation,200,https://robertdevore.com/courses/,0,generated crawlable anchor,,
baseline,https://robertdevore.com/introducing-module-usage-tracker-for-wp-bakery/,https://robertdevore.com/courses/,Courses,navigation,200,https://robertdevore.com/courses/,0,generated crawlable anchor,,
baseline,https://robertdevore.com/introducing-module-usage-tracker-for-wp-bakery/,https://robertdevore.com/courses/,Courses,navigation,200,https://robertdevore.com/courses/,0,generated crawlable anchor,,
baseline,https://robertdevore.com/courses/,https://robertdevore.com/courses/#main-content,Skip to main content,navigation,artifact-present,https://robertdevore.com/courses/#main-content,0,generated route exists,,
baseline,https://robertdevore.com/courses/,https://robertdevore.com/,RD:// Robert DeVore,navigation,artifact-present,https://robertdevore.com/,0,generated route exists,,
baseline,https://robertdevore.com/courses/,https://robertdevore.com/blog/,Writing,navigation,artifact-present,https://robertdevore.com/blog/,0,generated route exists,,
baseline,https://robertdevore.com/courses/,https://robertdevore.com/projects/,Projects,navigation,artifact-present,https://robertdevore.com/projects/,0,generated route exists,,
baseline,https://robertdevore.com/courses/,https://robertdevore.com/courses/,Courses,navigation,artifact-present,https://robertdevore.com/courses/,0,generated route exists,,
baseline,https://robertdevore.com/courses/,https://robertdevore.com/about/,About,navigation,artifact-present,https://robertdevore.com/about/,0,generated route exists,,
baseline,https://robertdevore.com/courses/,https://robertdevore.com/contact/,Contact,navigation,artifact-present,https://robertdevore.com/contact/,0,generated route exists,,
baseline,https://robertdevore.com/courses/,https://robertdevore.com/blog/,Writing,navigation,artifact-present,https://robertdevore.com/blog/,0,generated route exists,,
baseline,https://robertdevore.com/courses/,https://robertdevore.com/projects/,Projects,navigation,artifact-present,https://robertdevore.com/projects/,0,generated route exists,,
baseline,https://robertdevore.com/courses/,https://robertdevore.com/courses/,Courses,navigation,artifact-present,https://robertdevore.com/courses/,0,generated route exists,,
baseline,https://robertdevore.com/courses/,https://robertdevore.com/about/,About,navigation,artifact-present,https://robertdevore.com/about/,0,generated route exists,,
baseline,https://robertdevore.com/courses/,https://robertdevore.com/contact/,Contact,navigation,artifact-present,https://robertdevore.com/contact/,0,generated route exists,,
baseline,https://robertdevore.com/courses/,https://robertdevore.com/courses/,Courses,navigation,artifact-present,https://robertdevore.com/courses/,0,generated route exists,,
baseline,https://robertdevore.com/courses/,https://robertdevore.com/feed/index.xml,RSS,navigation,artifact-present,https://robertdevore.com/feed/index.xml,0,generated route exists,,
baseline,https://robertdevore.com/courses/,https://robertdevore.com/llms.txt,LLMs,navigation,artifact-present,https://robertdevore.com/llms.txt,0,generated route exists,,
baseline,https://robertdevore.com/courses/,https://robertdevore.com/sitemap.xml,Sitemap,navigation,artifact-present,https://robertdevore.com/sitemap.xml,0,generated route exists,,
after,https://robertdevore.com/,https://robertdevore.com/courses/,Courses,navigation,200,https://robertdevore.com/courses/,0,generated crawlable anchor,,
after,https://robertdevore.com/,https://robertdevore.com/courses/,Courses,navigation,200,https://robertdevore.com/courses/,0,generated crawlable anchor,,
after,https://robertdevore.com/,https://robertdevore.com/courses/,Courses,navigation,200,https://robertdevore.com/courses/,0,generated crawlable anchor,,
after,https://robertdevore.com/slackedd/,https://robertdevore.com/courses/,Courses,navigation,200,https://robertdevore.com/courses/,0,generated crawlable anchor,,
after,https://robertdevore.com/slackedd/,https://robertdevore.com/courses/,Courses,navigation,200,https://robertdevore.com/courses/,0,generated crawlable anchor,,
after,https://robertdevore.com/slackedd/,https://robertdevore.com/courses/,Courses,navigation,200,https://robertdevore.com/courses/,0,generated crawlable anchor,,
after,https://robertdevore.com/introducing-bluesky-feed-for-wordpress/,https://robertdevore.com/courses/,Courses,navigation,200,https://robertdevore.com/courses/,0,generated crawlable anchor,,
after,https://robertdevore.com/introducing-bluesky-feed-for-wordpress/,https://robertdevore.com/courses/,Courses,navigation,200,https://robertdevore.com/courses/,0,generated crawlable anchor,,
after,https://robertdevore.com/introducing-bluesky-feed-for-wordpress/,https://robertdevore.com/courses/,Courses,navigation,200,https://robertdevore.com/courses/,0,generated crawlable anchor,,
after,https://robertdevore.com/how-to-block-website-tracking-data-in-woocommerce/,https://robertdevore.com/courses/,Courses,navigation,200,https://robertdevore.com/courses/,0,generated crawlable anchor,,
after,https://robertdevore.com/how-to-block-website-tracking-data-in-woocommerce/,https://robertdevore.com/courses/,Courses,navigation,200,https://robertdevore.com/courses/,0,generated crawlable anchor,,
after,https://robertdevore.com/how-to-block-website-tracking-data-in-woocommerce/,https://robertdevore.com/courses/,Courses,navigation,200,https://robertdevore.com/courses/,0,generated crawlable anchor,,
after,https://robertdevore.com/introducing-content-restriction-for-wordpress/,https://robertdevore.com/courses/,Courses,navigation,200,https://robertdevore.com/courses/,0,generated crawlable anchor,,
after,https://robertdevore.com/introducing-content-restriction-for-wordpress/,https://robertdevore.com/courses/,Courses,navigation,200,https://robertdevore.com/courses/,0,generated crawlable anchor,,
after,https://robertdevore.com/introducing-content-restriction-for-wordpress/,https://robertdevore.com/courses/,Courses,navigation,200,https://robertdevore.com/courses/,0,generated crawlable anchor,,
after,https://robertdevore.com/introducing-brands-for-woocommerce-free/,https://robertdevore.com/courses/,Courses,navigation,200,https://robertdevore.com/courses/,0,generated crawlable anchor,,
after,https://robertdevore.com/introducing-brands-for-woocommerce-free/,https://robertdevore.com/courses/,Courses,navigation,200,https://robertdevore.com/courses/,0,generated crawlable anchor,,
after,https://robertdevore.com/introducing-brands-for-woocommerce-free/,https://robertdevore.com/courses/,Courses,navigation,200,https://robertdevore.com/courses/,0,generated crawlable anchor,,
after,https://robertdevore.com/tools-and-workflows-for-formatting-visuals-and-citations/,https://robertdevore.com/courses/,Courses,navigation,200,https://robertdevore.com/courses/,0,generated crawlable anchor,,
after,https://robertdevore.com/tools-and-workflows-for-formatting-visuals-and-citations/,https://robertdevore.com/courses/,Courses,navigation,200,https://robertdevore.com/courses/,0,generated crawlable anchor,,
after,https://robertdevore.com/tools-and-workflows-for-formatting-visuals-and-citations/,https://robertdevore.com/courses/,Courses,navigation,200,https://robertdevore.com/courses/,0,generated crawlable anchor,,
after,https://robertdevore.com/woocommerce-dispensary-details-plugin/,https://robertdevore.com/courses/,Courses,navigation,200,https://robertdevore.com/courses/,0,generated crawlable anchor,,
after,https://robertdevore.com/woocommerce-dispensary-details-plugin/,https://robertdevore.com/courses/,Courses,navigation,200,https://robertdevore.com/courses/,0,generated crawlable anchor,,
after,https://robertdevore.com/woocommerce-dispensary-details-plugin/,https://robertdevore.com/courses/,Courses,navigation,200,https://robertdevore.com/courses/,0,generated crawlable anchor,,
after,https://robertdevore.com/introducing-markdown-comments-for-wordpress/,https://robertdevore.com/courses/,Courses,navigation,200,https://robertdevore.com/courses/,0,generated crawlable anchor,,
after,https://robertdevore.com/introducing-markdown-comments-for-wordpress/,https://robertdevore.com/courses/,Courses,navigation,200,https://robertdevore.com/courses/,0,generated crawlable anchor,,
after,https://robertdevore.com/introducing-markdown-comments-for-wordpress/,https://robertdevore.com/courses/,Courses,navigation,200,https://robertdevore.com/courses/,0,generated crawlable anchor,,
after,https://robertdevore.com/introducing-automattic-css-an-open-source-css-utility-framework/,https://robertdevore.com/courses/,Courses,navigation,200,https://robertdevore.com/courses/,0,generated crawlable anchor,,
after,https://robertdevore.com/introducing-automattic-css-an-open-source-css-utility-framework/,https://robertdevore.com/courses/,Courses,navigation,200,https://robertdevore.com/courses/,0,generated crawlable anchor,,
after,https://robertdevore.com/introducing-automattic-css-an-open-source-css-utility-framework/,https://robertdevore.com/courses/,Courses,navigation,200,https://robertdevore.com/courses/,0,generated crawlable anchor,,
after,https://robertdevore.com/contact/,https://robertdevore.com/courses/,Courses,navigation,200,https://robertdevore.com/courses/,0,generated crawlable anchor,,
after,https://robertdevore.com/contact/,https://robertdevore.com/courses/,Courses,navigation,200,https://robertdevore.com/courses/,0,generated crawlable anchor,,
after,https://robertdevore.com/contact/,https://robertdevore.com/courses/,Courses,navigation,200,https://robertdevore.com/courses/,0,generated crawlable anchor,,
after,https://robertdevore.com/introducing-stats-for-wordpress/,https://robertdevore.com/courses/,Courses,navigation,200,https://robertdevore.com/courses/,0,generated crawlable anchor,,
after,https://robertdevore.com/introducing-stats-for-wordpress/,https://robertdevore.com/courses/,Courses,navigation,200,https://robertdevore.com/courses/,0,generated crawlable anchor,,
after,https://robertdevore.com/introducing-stats-for-wordpress/,https://robertdevore.com/courses/,Courses,navigation,200,https://robertdevore.com/courses/,0,generated crawlable anchor,,
after,https://robertdevore.com/introducing-intellipress-the-smart-ai-assistant-for-wordpress/,https://robertdevore.com/courses/,Courses,navigation,200,https://robertdevore.com/courses/,0,generated crawlable anchor,,
after,https://robertdevore.com/introducing-intellipress-the-smart-ai-assistant-for-wordpress/,https://robertdevore.com/courses/,Courses,navigation,200,https://robertdevore.com/courses/,0,generated crawlable anchor,,
after,https://robertdevore.com/introducing-intellipress-the-smart-ai-assistant-for-wordpress/,https://robertdevore.com/courses/,Courses,navigation,200,https://robertdevore.com/courses/,0,generated crawlable anchor,,
after,https://robertdevore.com/introducing-persistent-dismissible-notices/,https://robertdevore.com/courses/,Courses,navigation,200,https://robertdevore.com/courses/,0,generated crawlable anchor,,
after,https://robertdevore.com/introducing-persistent-dismissible-notices/,https://robertdevore.com/courses/,Courses,navigation,200,https://robertdevore.com/courses/,0,generated crawlable anchor,,
after,https://robertdevore.com/introducing-persistent-dismissible-notices/,https://robertdevore.com/courses/,Courses,navigation,200,https://robertdevore.com/courses/,0,generated crawlable anchor,,
after,https://robertdevore.com/dont-shoot-the-messenger-choose-courage-over-convenience/,https://robertdevore.com/courses/,Courses,navigation,200,https://robertdevore.com/courses/,0,generated crawlable anchor,,
after,https://robertdevore.com/dont-shoot-the-messenger-choose-courage-over-convenience/,https://robertdevore.com/courses/,Courses,navigation,200,https://robertdevore.com/courses/,0,generated crawlable anchor,,
after,https://robertdevore.com/dont-shoot-the-messenger-choose-courage-over-convenience/,https://robertdevore.com/courses/,Courses,navigation,200,https://robertdevore.com/courses/,0,generated crawlable anchor,,
after,https://robertdevore.com/use-ai-to-create-your-own-wwf-action-figure-blister-packs/,https://robertdevore.com/courses/,Courses,navigation,200,https://robertdevore.com/courses/,0,generated crawlable anchor,,
after,https://robertdevore.com/use-ai-to-create-your-own-wwf-action-figure-blister-packs/,https://robertdevore.com/courses/,Courses,navigation,200,https://robertdevore.com/courses/,0,generated crawlable anchor,,
after,https://robertdevore.com/use-ai-to-create-your-own-wwf-action-figure-blister-packs/,https://robertdevore.com/courses/,Courses,navigation,200,https://robertdevore.com/courses/,0,generated crawlable anchor,,
after,https://robertdevore.com/all-in-one-wp-migration-plugin-ddos-attack/,https://robertdevore.com/courses/,Courses,navigation,200,https://robertdevore.com/courses/,0,generated crawlable anchor,,
after,https://robertdevore.com/all-in-one-wp-migration-plugin-ddos-attack/,https://robertdevore.com/courses/,Courses,navigation,200,https://robertdevore.com/courses/,0,generated crawlable anchor,,
after,https://robertdevore.com/all-in-one-wp-migration-plugin-ddos-attack/,https://robertdevore.com/courses/,Courses,navigation,200,https://robertdevore.com/courses/,0,generated crawlable anchor,,
after,https://robertdevore.com/how-to-edit-ai-content-so-it-feels-clean-not-robotic/,https://robertdevore.com/courses/,Courses,navigation,200,https://robertdevore.com/courses/,0,generated crawlable anchor,,
after,https://robertdevore.com/how-to-edit-ai-content-so-it-feels-clean-not-robotic/,https://robertdevore.com/courses/,Courses,navigation,200,https://robertdevore.com/courses/,0,generated crawlable anchor,,
after,https://robertdevore.com/how-to-edit-ai-content-so-it-feels-clean-not-robotic/,https://robertdevore.com/courses/,Courses,navigation,200,https://robertdevore.com/courses/,0,generated crawlable anchor,,
after,https://robertdevore.com/stattic-v0-3-0-release-llms-txt-faster-gifs-leaner-core-and-smarter-routing/,https://robertdevore.com/courses/,Courses,navigation,200,https://robertdevore.com/courses/,0,generated crawlable anchor,,
after,https://robertdevore.com/stattic-v0-3-0-release-llms-txt-faster-gifs-leaner-core-and-smarter-routing/,https://robertdevore.com/courses/,Courses,navigation,200,https://robertdevore.com/courses/,0,generated crawlable anchor,,
after,https://robertdevore.com/stattic-v0-3-0-release-llms-txt-faster-gifs-leaner-core-and-smarter-routing/,https://robertdevore.com/courses/,Courses,navigation,200,https://robertdevore.com/courses/,0,generated crawlable anchor,,
after,https://robertdevore.com/how-to-stop-your-plugins-themes-from-being-used-on-wordpress-com-hosting/,https://robertdevore.com/courses/,Courses,navigation,200,https://robertdevore.com/courses/,0,generated crawlable anchor,,
after,https://robertdevore.com/how-to-stop-your-plugins-themes-from-being-used-on-wordpress-com-hosting/,https://robertdevore.com/courses/,Courses,navigation,200,https://robertdevore.com/courses/,0,generated crawlable anchor,,
after,https://robertdevore.com/how-to-stop-your-plugins-themes-from-being-used-on-wordpress-com-hosting/,https://robertdevore.com/courses/,Courses,navigation,200,https://robertdevore.com/courses/,0,generated crawlable anchor,,
after,https://robertdevore.com/introducing-the-phlush-permalinks-wordpress-plugin/,https://robertdevore.com/courses/,Courses,navigation,200,https://robertdevore.com/courses/,0,generated crawlable anchor,,
after,https://robertdevore.com/introducing-the-phlush-permalinks-wordpress-plugin/,https://robertdevore.com/courses/,Courses,navigation,200,https://robertdevore.com/courses/,0,generated crawlable anchor,,
after,https://robertdevore.com/introducing-the-phlush-permalinks-wordpress-plugin/,https://robertdevore.com/courses/,Courses,navigation,200,https://robertdevore.com/courses/,0,generated crawlable anchor,,
after,https://robertdevore.com/what-makes-content-beautifully-useful/,https://robertdevore.com/courses/,Courses,navigation,200,https://robertdevore.com/courses/,0,generated crawlable anchor,,
after,https://robertdevore.com/what-makes-content-beautifully-useful/,https://robertdevore.com/courses/,Courses,navigation,200,https://robertdevore.com/courses/,0,generated crawlable anchor,,
after,https://robertdevore.com/what-makes-content-beautifully-useful/,https://robertdevore.com/courses/,Courses,navigation,200,https://robertdevore.com/courses/,0,generated crawlable anchor,,
after,https://robertdevore.com/5-things-i-learned-building-my-first-gutenberg-blocks-plugin/,https://robertdevore.com/courses/,Courses,navigation,200,https://robertdevore.com/courses/,0,generated crawlable anchor,,
after,https://robertdevore.com/5-things-i-learned-building-my-first-gutenberg-blocks-plugin/,https://robertdevore.com/courses/,Courses,navigation,200,https://robertdevore.com/courses/,0,generated crawlable anchor,,
after,https://robertdevore.com/5-things-i-learned-building-my-first-gutenberg-blocks-plugin/,https://robertdevore.com/courses/,Courses,navigation,200,https://robertdevore.com/courses/,0,generated crawlable anchor,,
after,https://robertdevore.com/category/,https://robertdevore.com/courses/,Courses,navigation,200,https://robertdevore.com/courses/,0,generated crawlable anchor,,
after,https://robertdevore.com/category/,https://robertdevore.com/courses/,Courses,navigation,200,https://robertdevore.com/courses/,0,generated crawlable anchor,,
after,https://robertdevore.com/category/,https://robertdevore.com/courses/,Courses,navigation,200,https://robertdevore.com/courses/,0,generated crawlable anchor,,
after,https://robertdevore.com/category/ai-content-systems/,https://robertdevore.com/courses/,Courses,navigation,200,https://robertdevore.com/courses/,0,generated crawlable anchor,,
after,https://robertdevore.com/category/ai-content-systems/,https://robertdevore.com/courses/,Courses,navigation,200,https://robertdevore.com/courses/,0,generated crawlable anchor,,
after,https://robertdevore.com/category/ai-content-systems/,https://robertdevore.com/courses/,Courses,navigation,200,https://robertdevore.com/courses/,0,generated crawlable anchor,,
after,https://robertdevore.com/category/engineering-archive/,https://robertdevore.com/courses/,Courses,navigation,200,https://robertdevore.com/courses/,0,generated crawlable anchor,,
after,https://robertdevore.com/category/engineering-archive/,https://robertdevore.com/courses/,Courses,navigation,200,https://robertdevore.com/courses/,0,generated crawlable anchor,,
after,https://robertdevore.com/category/engineering-archive/,https://robertdevore.com/courses/,Courses,navigation,200,https://robertdevore.com/courses/,0,generated crawlable anchor,,
after,https://robertdevore.com/category/field-notes/,https://robertdevore.com/courses/,Courses,navigation,200,https://robertdevore.com/courses/,0,generated crawlable anchor,,
after,https://robertdevore.com/category/field-notes/,https://robertdevore.com/courses/,Courses,navigation,200,https://robertdevore.com/courses/,0,generated crawlable anchor,,
after,https://robertdevore.com/category/field-notes/,https://robertdevore.com/courses/,Courses,navigation,200,https://robertdevore.com/courses/,0,generated crawlable anchor,,
after,https://robertdevore.com/category/wordpress-archive/,https://robertdevore.com/courses/,Courses,navigation,200,https://robertdevore.com/courses/,0,generated crawlable anchor,,
after,https://robertdevore.com/category/wordpress-archive/,https://robertdevore.com/courses/,Courses,navigation,200,https://robertdevore.com/courses/,0,generated crawlable anchor,,
after,https://robertdevore.com/category/wordpress-archive/,https://robertdevore.com/courses/,Courses,navigation,200,https://robertdevore.com/courses/,0,generated crawlable anchor,,
after,https://robertdevore.com/category/developer-tools/,https://robertdevore.com/courses/,Courses,navigation,200,https://robertdevore.com/courses/,0,generated crawlable anchor,,
after,https://robertdevore.com/category/developer-tools/,https://robertdevore.com/courses/,Courses,navigation,200,https://robertdevore.com/courses/,0,generated crawlable anchor,,
after,https://robertdevore.com/category/developer-tools/,https://robertdevore.com/courses/,Courses,navigation,200,https://robertdevore.com/courses/,0,generated crawlable anchor,,
after,https://robertdevore.com/honoring-jesse-petersen-with-the-revival-of-stealth-login-page/,https://robertdevore.com/courses/,Courses,navigation,200,https://robertdevore.com/courses/,0,generated crawlable anchor,,
after,https://robertdevore.com/honoring-jesse-petersen-with-the-revival-of-stealth-login-page/,https://robertdevore.com/courses/,Courses,navigation,200,https://robertdevore.com/courses/,0,generated crawlable anchor,,
after,https://robertdevore.com/honoring-jesse-petersen-with-the-revival-of-stealth-login-page/,https://robertdevore.com/courses/,Courses,navigation,200,https://robertdevore.com/courses/,0,generated crawlable anchor,,
after,https://robertdevore.com/thank-you-wordpress/,https://robertdevore.com/courses/,Courses,navigation,200,https://robertdevore.com/courses/,0,generated crawlable anchor,,
after,https://robertdevore.com/thank-you-wordpress/,https://robertdevore.com/courses/,Courses,navigation,200,https://robertdevore.com/courses/,0,generated crawlable anchor,,
after,https://robertdevore.com/thank-you-wordpress/,https://robertdevore.com/courses/,Courses,navigation,200,https://robertdevore.com/courses/,0,generated crawlable anchor,,
after,https://robertdevore.com/the-fastest-way-for-php-devs-to-learn-python/,https://robertdevore.com/courses/,Courses,navigation,200,https://robertdevore.com/courses/,0,generated crawlable anchor,,
after,https://robertdevore.com/the-fastest-way-for-php-devs-to-learn-python/,https://robertdevore.com/courses/,Courses,navigation,200,https://robertdevore.com/courses/,0,generated crawlable anchor,,
after,https://robertdevore.com/the-fastest-way-for-php-devs-to-learn-python/,https://robertdevore.com/courses/,Courses,navigation,200,https://robertdevore.com/courses/,0,generated crawlable anchor,,
after,https://robertdevore.com/introducing-dispensary-details-for-woocommerce/,https://robertdevore.com/courses/,Courses,navigation,200,https://robertdevore.com/courses/,0,generated crawlable anchor,,
after,https://robertdevore.com/introducing-dispensary-details-for-woocommerce/,https://robertdevore.com/courses/,Courses,navigation,200,https://robertdevore.com/courses/,0,generated crawlable anchor,,
after,https://robertdevore.com/introducing-dispensary-details-for-woocommerce/,https://robertdevore.com/courses/,Courses,navigation,200,https://robertdevore.com/courses/,0,generated crawlable anchor,,
after,https://robertdevore.com/patience/,https://robertdevore.com/courses/,Courses,navigation,200,https://robertdevore.com/courses/,0,generated crawlable anchor,,
after,https://robertdevore.com/patience/,https://robertdevore.com/courses/,Courses,navigation,200,https://robertdevore.com/courses/,0,generated crawlable anchor,,
after,https://robertdevore.com/patience/,https://robertdevore.com/courses/,Courses,navigation,200,https://robertdevore.com/courses/,0,generated crawlable anchor,,
after,https://robertdevore.com/introducing-broken-image-scanner/,https://robertdevore.com/courses/,Courses,navigation,200,https://robertdevore.com/courses/,0,generated crawlable anchor,,
after,https://robertdevore.com/introducing-broken-image-scanner/,https://robertdevore.com/courses/,Courses,navigation,200,https://robertdevore.com/courses/,0,generated crawlable anchor,,
after,https://robertdevore.com/introducing-broken-image-scanner/,https://robertdevore.com/courses/,Courses,navigation,200,https://robertdevore.com/courses/,0,generated crawlable anchor,,
after,https://robertdevore.com/5-python-scripts-for-osint-and-pentesting/,https://robertdevore.com/courses/,Courses,navigation,200,https://robertdevore.com/courses/,0,generated crawlable anchor,,
after,https://robertdevore.com/5-python-scripts-for-osint-and-pentesting/,https://robertdevore.com/courses/,Courses,navigation,200,https://robertdevore.com/courses/,0,generated crawlable anchor,,
after,https://robertdevore.com/5-python-scripts-for-osint-and-pentesting/,https://robertdevore.com/courses/,Courses,navigation,200,https://robertdevore.com/courses/,0,generated crawlable anchor,,
after,https://robertdevore.com/complete-beginners-guide-building-a-python-url-checker-for-google-sheets/,https://robertdevore.com/courses/,Courses,navigation,200,https://robertdevore.com/courses/,0,generated crawlable anchor,,
after,https://robertdevore.com/complete-beginners-guide-building-a-python-url-checker-for-google-sheets/,https://robertdevore.com/courses/,Courses,navigation,200,https://robertdevore.com/courses/,0,generated crawlable anchor,,
after,https://robertdevore.com/complete-beginners-guide-building-a-python-url-checker-for-google-sheets/,https://robertdevore.com/courses/,Courses,navigation,200,https://robertdevore.com/courses/,0,generated crawlable anchor,,
after,https://robertdevore.com/cannabiz/,https://robertdevore.com/courses/,Courses,navigation,200,https://robertdevore.com/courses/,0,generated crawlable anchor,,
after,https://robertdevore.com/cannabiz/,https://robertdevore.com/courses/,Courses,navigation,200,https://robertdevore.com/courses/,0,generated crawlable anchor,,
after,https://robertdevore.com/cannabiz/,https://robertdevore.com/courses/,Courses,navigation,200,https://robertdevore.com/courses/,0,generated crawlable anchor,,
after,https://robertdevore.com/why-wordpress-plugin-developers-need-security-audits/,https://robertdevore.com/courses/,Courses,navigation,200,https://robertdevore.com/courses/,0,generated crawlable anchor,,
after,https://robertdevore.com/why-wordpress-plugin-developers-need-security-audits/,https://robertdevore.com/courses/,Courses,navigation,200,https://robertdevore.com/courses/,0,generated crawlable anchor,,
after,https://robertdevore.com/why-wordpress-plugin-developers-need-security-audits/,https://robertdevore.com/courses/,Courses,navigation,200,https://robertdevore.com/courses/,0,generated crawlable anchor,,
after,https://robertdevore.com/introducing-seo-for-wordpress/,https://robertdevore.com/courses/,Courses,navigation,200,https://robertdevore.com/courses/,0,generated crawlable anchor,,
after,https://robertdevore.com/introducing-seo-for-wordpress/,https://robertdevore.com/courses/,Courses,navigation,200,https://robertdevore.com/courses/,0,generated crawlable anchor,,
after,https://robertdevore.com/introducing-seo-for-wordpress/,https://robertdevore.com/courses/,Courses,navigation,200,https://robertdevore.com/courses/,0,generated crawlable anchor,,
after,https://robertdevore.com/introducing-hpos-compatibility-scanner-for-woocommerce-free/,https://robertdevore.com/courses/,Courses,navigation,200,https://robertdevore.com/courses/,0,generated crawlable anchor,,
after,https://robertdevore.com/introducing-hpos-compatibility-scanner-for-woocommerce-free/,https://robertdevore.com/courses/,Courses,navigation,200,https://robertdevore.com/courses/,0,generated crawlable anchor,,
after,https://robertdevore.com/introducing-hpos-compatibility-scanner-for-woocommerce-free/,https://robertdevore.com/courses/,Courses,navigation,200,https://robertdevore.com/courses/,0,generated crawlable anchor,,
after,https://robertdevore.com/how-a-security-audit-can-save-your-e-commerce-store-from-disaster/,https://robertdevore.com/courses/,Courses,navigation,200,https://robertdevore.com/courses/,0,generated crawlable anchor,,
after,https://robertdevore.com/how-a-security-audit-can-save-your-e-commerce-store-from-disaster/,https://robertdevore.com/courses/,Courses,navigation,200,https://robertdevore.com/courses/,0,generated crawlable anchor,,
after,https://robertdevore.com/how-a-security-audit-can-save-your-e-commerce-store-from-disaster/,https://robertdevore.com/courses/,Courses,navigation,200,https://robertdevore.com/courses/,0,generated crawlable anchor,,
after,https://robertdevore.com/wordpress-custom-post-types-code-snippets/,https://robertdevore.com/courses/,Courses,navigation,200,https://robertdevore.com/courses/,0,generated crawlable anchor,,
after,https://robertdevore.com/wordpress-custom-post-types-code-snippets/,https://robertdevore.com/courses/,Courses,navigation,200,https://robertdevore.com/courses/,0,generated crawlable anchor,,
after,https://robertdevore.com/wordpress-custom-post-types-code-snippets/,https://robertdevore.com/courses/,Courses,navigation,200,https://robertdevore.com/courses/,0,generated crawlable anchor,,
after,https://robertdevore.com/organized-chaos/,https://robertdevore.com/courses/,Courses,navigation,200,https://robertdevore.com/courses/,0,generated crawlable anchor,,
after,https://robertdevore.com/organized-chaos/,https://robertdevore.com/courses/,Courses,navigation,200,https://robertdevore.com/courses/,0,generated crawlable anchor,,
after,https://robertdevore.com/organized-chaos/,https://robertdevore.com/courses/,Courses,navigation,200,https://robertdevore.com/courses/,0,generated crawlable anchor,,
after,https://robertdevore.com/introducing-vertical-gallery-product-display-for-woocommerce/,https://robertdevore.com/courses/,Courses,navigation,200,https://robertdevore.com/courses/,0,generated crawlable anchor,,
after,https://robertdevore.com/introducing-vertical-gallery-product-display-for-woocommerce/,https://robertdevore.com/courses/,Courses,navigation,200,https://robertdevore.com/courses/,0,generated crawlable anchor,,
after,https://robertdevore.com/introducing-vertical-gallery-product-display-for-woocommerce/,https://robertdevore.com/courses/,Courses,navigation,200,https://robertdevore.com/courses/,0,generated crawlable anchor,,
after,https://robertdevore.com/introducing-gift-cards-for-woocommerce-free/,https://robertdevore.com/courses/,Courses,navigation,200,https://robertdevore.com/courses/,0,generated crawlable anchor,,
after,https://robertdevore.com/introducing-gift-cards-for-woocommerce-free/,https://robertdevore.com/courses/,Courses,navigation,200,https://robertdevore.com/courses/,0,generated crawlable anchor,,
after,https://robertdevore.com/introducing-gift-cards-for-woocommerce-free/,https://robertdevore.com/courses/,Courses,navigation,200,https://robertdevore.com/courses/,0,generated crawlable anchor,,
after,https://robertdevore.com/introducing-digg-this-a-social-sharing-plugin-for-wordpress/,https://robertdevore.com/courses/,Courses,navigation,200,https://robertdevore.com/courses/,0,generated crawlable anchor,,
after,https://robertdevore.com/introducing-digg-this-a-social-sharing-plugin-for-wordpress/,https://robertdevore.com/courses/,Courses,navigation,200,https://robertdevore.com/courses/,0,generated crawlable anchor,,
after,https://robertdevore.com/introducing-digg-this-a-social-sharing-plugin-for-wordpress/,https://robertdevore.com/courses/,Courses,navigation,200,https://robertdevore.com/courses/,0,generated crawlable anchor,,
after,https://robertdevore.com/how-to-use-ai-to-research-validate-ideas-and-stay-relevant/,https://robertdevore.com/courses/,Courses,navigation,200,https://robertdevore.com/courses/,0,generated crawlable anchor,,
after,https://robertdevore.com/how-to-use-ai-to-research-validate-ideas-and-stay-relevant/,https://robertdevore.com/courses/,Courses,navigation,200,https://robertdevore.com/courses/,0,generated crawlable anchor,,
after,https://robertdevore.com/how-to-use-ai-to-research-validate-ideas-and-stay-relevant/,https://robertdevore.com/courses/,Courses,navigation,200,https://robertdevore.com/courses/,0,generated crawlable anchor,,
after,https://robertdevore.com/projects/,https://robertdevore.com/courses/,Courses,navigation,200,https://robertdevore.com/courses/,0,generated crawlable anchor,,
after,https://robertdevore.com/projects/,https://robertdevore.com/courses/,Courses,navigation,200,https://robertdevore.com/courses/,0,generated crawlable anchor,,
after,https://robertdevore.com/projects/,https://robertdevore.com/courses/,Courses,navigation,200,https://robertdevore.com/courses/,0,generated crawlable anchor,,
after,https://robertdevore.com/projects/kujo/,https://robertdevore.com/courses/,Courses,navigation,200,https://robertdevore.com/courses/,0,generated crawlable anchor,,
after,https://robertdevore.com/projects/kujo/,https://robertdevore.com/courses/,Courses,navigation,200,https://robertdevore.com/courses/,0,generated crawlable anchor,,
after,https://robertdevore.com/projects/kujo/,https://robertdevore.com/courses/,Courses,navigation,200,https://robertdevore.com/courses/,0,generated crawlable anchor,,
after,https://robertdevore.com/boostbox-free-popups-that-work-pro-popups-that-convert/,https://robertdevore.com/courses/,Courses,navigation,200,https://robertdevore.com/courses/,0,generated crawlable anchor,,
after,https://robertdevore.com/boostbox-free-popups-that-work-pro-popups-that-convert/,https://robertdevore.com/courses/,Courses,navigation,200,https://robertdevore.com/courses/,0,generated crawlable anchor,,
after,https://robertdevore.com/boostbox-free-popups-that-work-pro-popups-that-convert/,https://robertdevore.com/courses/,Courses,navigation,200,https://robertdevore.com/courses/,0,generated crawlable anchor,,
after,https://robertdevore.com/stattic-v1-0-the-worlds-fastest-python-based-static-site-generator/,https://robertdevore.com/courses/,Courses,navigation,200,https://robertdevore.com/courses/,0,generated crawlable anchor,,
after,https://robertdevore.com/stattic-v1-0-the-worlds-fastest-python-based-static-site-generator/,https://robertdevore.com/courses/,Courses,navigation,200,https://robertdevore.com/courses/,0,generated crawlable anchor,,
after,https://robertdevore.com/stattic-v1-0-the-worlds-fastest-python-based-static-site-generator/,https://robertdevore.com/courses/,Courses,navigation,200,https://robertdevore.com/courses/,0,generated crawlable anchor,,
after,https://robertdevore.com/docupress-documentation-plugin-for-wordpress/,https://robertdevore.com/courses/,Courses,navigation,200,https://robertdevore.com/courses/,0,generated crawlable anchor,,
after,https://robertdevore.com/docupress-documentation-plugin-for-wordpress/,https://robertdevore.com/courses/,Courses,navigation,200,https://robertdevore.com/courses/,0,generated crawlable anchor,,
after,https://robertdevore.com/docupress-documentation-plugin-for-wordpress/,https://robertdevore.com/courses/,Courses,navigation,200,https://robertdevore.com/courses/,0,generated crawlable anchor,,
after,https://robertdevore.com/set-featured-images-programatically-wordpress/,https://robertdevore.com/courses/,Courses,navigation,200,https://robertdevore.com/courses/,0,generated crawlable anchor,,
after,https://robertdevore.com/set-featured-images-programatically-wordpress/,https://robertdevore.com/courses/,Courses,navigation,200,https://robertdevore.com/courses/,0,generated crawlable anchor,,
after,https://robertdevore.com/set-featured-images-programatically-wordpress/,https://robertdevore.com/courses/,Courses,navigation,200,https://robertdevore.com/courses/,0,generated crawlable anchor,,
after,https://robertdevore.com/release-notes-back-in-stock-notifications-for-woocommerce-free-v1-0-1/,https://robertdevore.com/courses/,Courses,navigation,200,https://robertdevore.com/courses/,0,generated crawlable anchor,,
after,https://robertdevore.com/release-notes-back-in-stock-notifications-for-woocommerce-free-v1-0-1/,https://robertdevore.com/courses/,Courses,navigation,200,https://robertdevore.com/courses/,0,generated crawlable anchor,,
after,https://robertdevore.com/release-notes-back-in-stock-notifications-for-woocommerce-free-v1-0-1/,https://robertdevore.com/courses/,Courses,navigation,200,https://robertdevore.com/courses/,0,generated crawlable anchor,,
after,https://robertdevore.com/hello-plugin-pal-your-ai-powered-plugin-generator-for-wordpress/,https://robertdevore.com/courses/,Courses,navigation,200,https://robertdevore.com/courses/,0,generated crawlable anchor,,
after,https://robertdevore.com/hello-plugin-pal-your-ai-powered-plugin-generator-for-wordpress/,https://robertdevore.com/courses/,Courses,navigation,200,https://robertdevore.com/courses/,0,generated crawlable anchor,,
after,https://robertdevore.com/hello-plugin-pal-your-ai-powered-plugin-generator-for-wordpress/,https://robertdevore.com/courses/,Courses,navigation,200,https://robertdevore.com/courses/,0,generated crawlable anchor,,
after,https://robertdevore.com/introducing-purchase-orders-for-woocommerce-free/,https://robertdevore.com/courses/,Courses,navigation,200,https://robertdevore.com/courses/,0,generated crawlable anchor,,
after,https://robertdevore.com/introducing-purchase-orders-for-woocommerce-free/,https://robertdevore.com/courses/,Courses,navigation,200,https://robertdevore.com/courses/,0,generated crawlable anchor,,
after,https://robertdevore.com/introducing-purchase-orders-for-woocommerce-free/,https://robertdevore.com/courses/,Courses,navigation,200,https://robertdevore.com/courses/,0,generated crawlable anchor,,
after,https://robertdevore.com/introducing-the-prompts-library-a-playground-for-ai-creativity/,https://robertdevore.com/courses/,Courses,navigation,200,https://robertdevore.com/courses/,0,generated crawlable anchor,,
after,https://robertdevore.com/introducing-the-prompts-library-a-playground-for-ai-creativity/,https://robertdevore.com/courses/,Courses,navigation,200,https://robertdevore.com/courses/,0,generated crawlable anchor,,
after,https://robertdevore.com/introducing-the-prompts-library-a-playground-for-ai-creativity/,https://robertdevore.com/courses/,Courses,navigation,200,https://robertdevore.com/courses/,0,generated crawlable anchor,,
after,https://robertdevore.com/how-to-customize-the-style-of-your-wordpress-login-screen/,https://robertdevore.com/courses/,Courses,navigation,200,https://robertdevore.com/courses/,0,generated crawlable anchor,,
after,https://robertdevore.com/how-to-customize-the-style-of-your-wordpress-login-screen/,https://robertdevore.com/courses/,Courses,navigation,200,https://robertdevore.com/courses/,0,generated crawlable anchor,,
after,https://robertdevore.com/how-to-customize-the-style-of-your-wordpress-login-screen/,https://robertdevore.com/courses/,Courses,navigation,200,https://robertdevore.com/courses/,0,generated crawlable anchor,,
after,https://robertdevore.com/db-version-control-wordpress-plugin/,https://robertdevore.com/courses/,Courses,navigation,200,https://robertdevore.com/courses/,0,generated crawlable anchor,,
after,https://robertdevore.com/db-version-control-wordpress-plugin/,https://robertdevore.com/courses/,Courses,navigation,200,https://robertdevore.com/courses/,0,generated crawlable anchor,,
after,https://robertdevore.com/db-version-control-wordpress-plugin/,https://robertdevore.com/courses/,Courses,navigation,200,https://robertdevore.com/courses/,0,generated crawlable anchor,,
after,https://robertdevore.com/back-to-basics/,https://robertdevore.com/courses/,Courses,navigation,200,https://robertdevore.com/courses/,0,generated crawlable anchor,,
after,https://robertdevore.com/back-to-basics/,https://robertdevore.com/courses/,Courses,navigation,200,https://robertdevore.com/courses/,0,generated crawlable anchor,,
after,https://robertdevore.com/back-to-basics/,https://robertdevore.com/courses/,Courses,navigation,200,https://robertdevore.com/courses/,0,generated crawlable anchor,,
after,https://robertdevore.com/wordpress-plugin-security-is-a-joke-and-youre-the-punchline/,https://robertdevore.com/courses/,Courses,navigation,200,https://robertdevore.com/courses/,0,generated crawlable anchor,,
after,https://robertdevore.com/wordpress-plugin-security-is-a-joke-and-youre-the-punchline/,https://robertdevore.com/courses/,Courses,navigation,200,https://robertdevore.com/courses/,0,generated crawlable anchor,,
after,https://robertdevore.com/wordpress-plugin-security-is-a-joke-and-youre-the-punchline/,https://robertdevore.com/courses/,Courses,navigation,200,https://robertdevore.com/courses/,0,generated crawlable anchor,,
after,https://robertdevore.com/introducing-media-copyright-scanner/,https://robertdevore.com/courses/,Courses,navigation,200,https://robertdevore.com/courses/,0,generated crawlable anchor,,
after,https://robertdevore.com/introducing-media-copyright-scanner/,https://robertdevore.com/courses/,Courses,navigation,200,https://robertdevore.com/courses/,0,generated crawlable anchor,,
after,https://robertdevore.com/introducing-media-copyright-scanner/,https://robertdevore.com/courses/,Courses,navigation,200,https://robertdevore.com/courses/,0,generated crawlable anchor,,
after,https://robertdevore.com/my-brothers-keeper-sons-of-anarchy-fanfiction/,https://robertdevore.com/courses/,Courses,navigation,200,https://robertdevore.com/courses/,0,generated crawlable anchor,,
after,https://robertdevore.com/my-brothers-keeper-sons-of-anarchy-fanfiction/,https://robertdevore.com/courses/,Courses,navigation,200,https://robertdevore.com/courses/,0,generated crawlable anchor,,
after,https://robertdevore.com/my-brothers-keeper-sons-of-anarchy-fanfiction/,https://robertdevore.com/courses/,Courses,navigation,200,https://robertdevore.com/courses/,0,generated crawlable anchor,,
after,https://robertdevore.com/how-to-teach-ai-to-match-your-voice/,https://robertdevore.com/courses/,Courses,navigation,200,https://robertdevore.com/courses/,0,generated crawlable anchor,,
after,https://robertdevore.com/how-to-teach-ai-to-match-your-voice/,https://robertdevore.com/courses/,Courses,navigation,200,https://robertdevore.com/courses/,0,generated crawlable anchor,,
after,https://robertdevore.com/how-to-teach-ai-to-match-your-voice/,https://robertdevore.com/courses/,Courses,navigation,200,https://robertdevore.com/courses/,0,generated crawlable anchor,,
after,https://robertdevore.com/invest-in-yourself/,https://robertdevore.com/courses/,Courses,navigation,200,https://robertdevore.com/courses/,0,generated crawlable anchor,,
after,https://robertdevore.com/invest-in-yourself/,https://robertdevore.com/courses/,Courses,navigation,200,https://robertdevore.com/courses/,0,generated crawlable anchor,,
after,https://robertdevore.com/invest-in-yourself/,https://robertdevore.com/courses/,Courses,navigation,200,https://robertdevore.com/courses/,0,generated crawlable anchor,,
after,https://robertdevore.com/7-days-full-time-wp-dispensary/,https://robertdevore.com/courses/,Courses,navigation,200,https://robertdevore.com/courses/,0,generated crawlable anchor,,
after,https://robertdevore.com/7-days-full-time-wp-dispensary/,https://robertdevore.com/courses/,Courses,navigation,200,https://robertdevore.com/courses/,0,generated crawlable anchor,,
after,https://robertdevore.com/7-days-full-time-wp-dispensary/,https://robertdevore.com/courses/,Courses,navigation,200,https://robertdevore.com/courses/,0,generated crawlable anchor,,
after,https://robertdevore.com/grateful-to-see-21-of-my-wordpress-plugins-live-on-at-webdevstudios/,https://robertdevore.com/courses/,Courses,navigation,200,https://robertdevore.com/courses/,0,generated crawlable anchor,,
after,https://robertdevore.com/grateful-to-see-21-of-my-wordpress-plugins-live-on-at-webdevstudios/,https://robertdevore.com/courses/,Courses,navigation,200,https://robertdevore.com/courses/,0,generated crawlable anchor,,
after,https://robertdevore.com/grateful-to-see-21-of-my-wordpress-plugins-live-on-at-webdevstudios/,https://robertdevore.com/courses/,Courses,navigation,200,https://robertdevore.com/courses/,0,generated crawlable anchor,,
after,https://robertdevore.com/run-a-tor-relay/,https://robertdevore.com/courses/,Courses,navigation,200,https://robertdevore.com/courses/,0,generated crawlable anchor,,
after,https://robertdevore.com/run-a-tor-relay/,https://robertdevore.com/courses/,Courses,navigation,200,https://robertdevore.com/courses/,0,generated crawlable anchor,,
after,https://robertdevore.com/run-a-tor-relay/,https://robertdevore.com/courses/,Courses,navigation,200,https://robertdevore.com/courses/,0,generated crawlable anchor,,
after,https://robertdevore.com/i-just-launched-a-python-course-for-php-developers/,https://robertdevore.com/courses/,Courses,navigation,200,https://robertdevore.com/courses/,0,generated crawlable anchor,,
after,https://robertdevore.com/i-just-launched-a-python-course-for-php-developers/,https://robertdevore.com/courses/,Courses,navigation,200,https://robertdevore.com/courses/,0,generated crawlable anchor,,
after,https://robertdevore.com/i-just-launched-a-python-course-for-php-developers/,https://robertdevore.com/courses/,Courses,navigation,200,https://robertdevore.com/courses/,0,generated crawlable anchor,,
after,https://robertdevore.com/about/,https://robertdevore.com/courses/,Courses,navigation,200,https://robertdevore.com/courses/,0,generated crawlable anchor,,
after,https://robertdevore.com/about/,https://robertdevore.com/courses/,Courses,navigation,200,https://robertdevore.com/courses/,0,generated crawlable anchor,,
after,https://robertdevore.com/about/,https://robertdevore.com/courses/,Courses,navigation,200,https://robertdevore.com/courses/,0,generated crawlable anchor,,
after,https://robertdevore.com/introducing-barcodes-for-woocommerce-free/,https://robertdevore.com/courses/,Courses,navigation,200,https://robertdevore.com/courses/,0,generated crawlable anchor,,
after,https://robertdevore.com/introducing-barcodes-for-woocommerce-free/,https://robertdevore.com/courses/,Courses,navigation,200,https://robertdevore.com/courses/,0,generated crawlable anchor,,
after,https://robertdevore.com/introducing-barcodes-for-woocommerce-free/,https://robertdevore.com/courses/,Courses,navigation,200,https://robertdevore.com/courses/,0,generated crawlable anchor,,
after,https://robertdevore.com/going-all-in-with-wp-dispensary/,https://robertdevore.com/courses/,Courses,navigation,200,https://robertdevore.com/courses/,0,generated crawlable anchor,,
after,https://robertdevore.com/going-all-in-with-wp-dispensary/,https://robertdevore.com/courses/,Courses,navigation,200,https://robertdevore.com/courses/,0,generated crawlable anchor,,
after,https://robertdevore.com/going-all-in-with-wp-dispensary/,https://robertdevore.com/courses/,Courses,navigation,200,https://robertdevore.com/courses/,0,generated crawlable anchor,,
after,https://robertdevore.com/zero-cool-cli-a-hackers-terminal-from-1995/,https://robertdevore.com/courses/,Courses,navigation,200,https://robertdevore.com/courses/,0,generated crawlable anchor,,
after,https://robertdevore.com/zero-cool-cli-a-hackers-terminal-from-1995/,https://robertdevore.com/courses/,Courses,navigation,200,https://robertdevore.com/courses/,0,generated crawlable anchor,,
after,https://robertdevore.com/zero-cool-cli-a-hackers-terminal-from-1995/,https://robertdevore.com/courses/,Courses,navigation,200,https://robertdevore.com/courses/,0,generated crawlable anchor,,
after,https://robertdevore.com/celebrating-gaad-with-img-a11y-v1-1-0/,https://robertdevore.com/courses/,Courses,navigation,200,https://robertdevore.com/courses/,0,generated crawlable anchor,,
after,https://robertdevore.com/celebrating-gaad-with-img-a11y-v1-1-0/,https://robertdevore.com/courses/,Courses,navigation,200,https://robertdevore.com/courses/,0,generated crawlable anchor,,
after,https://robertdevore.com/celebrating-gaad-with-img-a11y-v1-1-0/,https://robertdevore.com/courses/,Courses,navigation,200,https://robertdevore.com/courses/,0,generated crawlable anchor,,
after,https://robertdevore.com/do-less-deliver-more/,https://robertdevore.com/courses/,Courses,navigation,200,https://robertdevore.com/courses/,0,generated crawlable anchor,,
after,https://robertdevore.com/do-less-deliver-more/,https://robertdevore.com/courses/,Courses,navigation,200,https://robertdevore.com/courses/,0,generated crawlable anchor,,
after,https://robertdevore.com/do-less-deliver-more/,https://robertdevore.com/courses/,Courses,navigation,200,https://robertdevore.com/courses/,0,generated crawlable anchor,,
after,https://robertdevore.com/creating-my-own-cipher-code/,https://robertdevore.com/courses/,Courses,navigation,200,https://robertdevore.com/courses/,0,generated crawlable anchor,,
after,https://robertdevore.com/creating-my-own-cipher-code/,https://robertdevore.com/courses/,Courses,navigation,200,https://robertdevore.com/courses/,0,generated crawlable anchor,,
after,https://robertdevore.com/creating-my-own-cipher-code/,https://robertdevore.com/courses/,Courses,navigation,200,https://robertdevore.com/courses/,0,generated crawlable anchor,,
after,https://robertdevore.com/focus/,https://robertdevore.com/courses/,Courses,navigation,200,https://robertdevore.com/courses/,0,generated crawlable anchor,,
after,https://robertdevore.com/focus/,https://robertdevore.com/courses/,Courses,navigation,200,https://robertdevore.com/courses/,0,generated crawlable anchor,,
after,https://robertdevore.com/focus/,https://robertdevore.com/courses/,Courses,navigation,200,https://robertdevore.com/courses/,0,generated crawlable anchor,,
after,https://robertdevore.com/blog/,https://robertdevore.com/courses/,Courses,navigation,200,https://robertdevore.com/courses/,0,generated crawlable anchor,,
after,https://robertdevore.com/blog/,https://robertdevore.com/courses/,Courses,navigation,200,https://robertdevore.com/courses/,0,generated crawlable anchor,,
after,https://robertdevore.com/blog/,https://robertdevore.com/courses/,Courses,navigation,200,https://robertdevore.com/courses/,0,generated crawlable anchor,,
after,https://robertdevore.com/blog/page/9/,https://robertdevore.com/courses/,Courses,navigation,200,https://robertdevore.com/courses/,0,generated crawlable anchor,,
after,https://robertdevore.com/blog/page/9/,https://robertdevore.com/courses/,Courses,navigation,200,https://robertdevore.com/courses/,0,generated crawlable anchor,,
after,https://robertdevore.com/blog/page/9/,https://robertdevore.com/courses/,Courses,navigation,200,https://robertdevore.com/courses/,0,generated crawlable anchor,,
after,https://robertdevore.com/blog/page/11/,https://robertdevore.com/courses/,Courses,navigation,200,https://robertdevore.com/courses/,0,generated crawlable anchor,,
after,https://robertdevore.com/blog/page/11/,https://robertdevore.com/courses/,Courses,navigation,200,https://robertdevore.com/courses/,0,generated crawlable anchor,,
after,https://robertdevore.com/blog/page/11/,https://robertdevore.com/courses/,Courses,navigation,200,https://robertdevore.com/courses/,0,generated crawlable anchor,,
after,https://robertdevore.com/blog/page/7/,https://robertdevore.com/courses/,Courses,navigation,200,https://robertdevore.com/courses/,0,generated crawlable anchor,,
after,https://robertdevore.com/blog/page/7/,https://robertdevore.com/courses/,Courses,navigation,200,https://robertdevore.com/courses/,0,generated crawlable anchor,,
after,https://robertdevore.com/blog/page/7/,https://robertdevore.com/courses/,Courses,navigation,200,https://robertdevore.com/courses/,0,generated crawlable anchor,,
after,https://robertdevore.com/blog/page/6/,https://robertdevore.com/courses/,Courses,navigation,200,https://robertdevore.com/courses/,0,generated crawlable anchor,,
after,https://robertdevore.com/blog/page/6/,https://robertdevore.com/courses/,Courses,navigation,200,https://robertdevore.com/courses/,0,generated crawlable anchor,,
after,https://robertdevore.com/blog/page/6/,https://robertdevore.com/courses/,Courses,navigation,200,https://robertdevore.com/courses/,0,generated crawlable anchor,,
after,https://robertdevore.com/blog/page/10/,https://robertdevore.com/courses/,Courses,navigation,200,https://robertdevore.com/courses/,0,generated crawlable anchor,,
after,https://robertdevore.com/blog/page/10/,https://robertdevore.com/courses/,Courses,navigation,200,https://robertdevore.com/courses/,0,generated crawlable anchor,,
after,https://robertdevore.com/blog/page/10/,https://robertdevore.com/courses/,Courses,navigation,200,https://robertdevore.com/courses/,0,generated crawlable anchor,,
after,https://robertdevore.com/blog/page/8/,https://robertdevore.com/courses/,Courses,navigation,200,https://robertdevore.com/courses/,0,generated crawlable anchor,,
after,https://robertdevore.com/blog/page/8/,https://robertdevore.com/courses/,Courses,navigation,200,https://robertdevore.com/courses/,0,generated crawlable anchor,,
after,https://robertdevore.com/blog/page/8/,https://robertdevore.com/courses/,Courses,navigation,200,https://robertdevore.com/courses/,0,generated crawlable anchor,,
after,https://robertdevore.com/blog/page/4/,https://robertdevore.com/courses/,Courses,navigation,200,https://robertdevore.com/courses/,0,generated crawlable anchor,,
after,https://robertdevore.com/blog/page/4/,https://robertdevore.com/courses/,Courses,navigation,200,https://robertdevore.com/courses/,0,generated crawlable anchor,,
after,https://robertdevore.com/blog/page/4/,https://robertdevore.com/courses/,Courses,navigation,200,https://robertdevore.com/courses/,0,generated crawlable anchor,,
after,https://robertdevore.com/blog/page/3/,https://robertdevore.com/courses/,Courses,navigation,200,https://robertdevore.com/courses/,0,generated crawlable anchor,,
after,https://robertdevore.com/blog/page/3/,https://robertdevore.com/courses/,Courses,navigation,200,https://robertdevore.com/courses/,0,generated crawlable anchor,,
after,https://robertdevore.com/blog/page/3/,https://robertdevore.com/courses/,Courses,navigation,200,https://robertdevore.com/courses/,0,generated crawlable anchor,,
after,https://robertdevore.com/blog/page/12/,https://robertdevore.com/courses/,Courses,navigation,200,https://robertdevore.com/courses/,0,generated crawlable anchor,,
after,https://robertdevore.com/blog/page/12/,https://robertdevore.com/courses/,Courses,navigation,200,https://robertdevore.com/courses/,0,generated crawlable anchor,,
after,https://robertdevore.com/blog/page/12/,https://robertdevore.com/courses/,Courses,navigation,200,https://robertdevore.com/courses/,0,generated crawlable anchor,,
after,https://robertdevore.com/blog/page/2/,https://robertdevore.com/courses/,Courses,navigation,200,https://robertdevore.com/courses/,0,generated crawlable anchor,,
after,https://robertdevore.com/blog/page/2/,https://robertdevore.com/courses/,Courses,navigation,200,https://robertdevore.com/courses/,0,generated crawlable anchor,,
after,https://robertdevore.com/blog/page/2/,https://robertdevore.com/courses/,Courses,navigation,200,https://robertdevore.com/courses/,0,generated crawlable anchor,,
after,https://robertdevore.com/blog/page/5/,https://robertdevore.com/courses/,Courses,navigation,200,https://robertdevore.com/courses/,0,generated crawlable anchor,,
after,https://robertdevore.com/blog/page/5/,https://robertdevore.com/courses/,Courses,navigation,200,https://robertdevore.com/courses/,0,generated crawlable anchor,,
after,https://robertdevore.com/blog/page/5/,https://robertdevore.com/courses/,Courses,navigation,200,https://robertdevore.com/courses/,0,generated crawlable anchor,,
after,https://robertdevore.com/how-to-build-modular-prompts-that-save-you-hours-per-week/,https://robertdevore.com/courses/,Courses,navigation,200,https://robertdevore.com/courses/,0,generated crawlable anchor,,
after,https://robertdevore.com/how-to-build-modular-prompts-that-save-you-hours-per-week/,https://robertdevore.com/courses/,Courses,navigation,200,https://robertdevore.com/courses/,0,generated crawlable anchor,,
after,https://robertdevore.com/how-to-build-modular-prompts-that-save-you-hours-per-week/,https://robertdevore.com/courses/,Courses,navigation,200,https://robertdevore.com/courses/,0,generated crawlable anchor,,
after,https://robertdevore.com/introducing-benchpress/,https://robertdevore.com/courses/,Courses,navigation,200,https://robertdevore.com/courses/,0,generated crawlable anchor,,
after,https://robertdevore.com/introducing-benchpress/,https://robertdevore.com/courses/,Courses,navigation,200,https://robertdevore.com/courses/,0,generated crawlable anchor,,
after,https://robertdevore.com/introducing-benchpress/,https://robertdevore.com/courses/,Courses,navigation,200,https://robertdevore.com/courses/,0,generated crawlable anchor,,
after,https://robertdevore.com/rethinking-keyword-research-in-the-age-of-ai/,https://robertdevore.com/courses/,Courses,navigation,200,https://robertdevore.com/courses/,0,generated crawlable anchor,,
after,https://robertdevore.com/rethinking-keyword-research-in-the-age-of-ai/,https://robertdevore.com/courses/,Courses,navigation,200,https://robertdevore.com/courses/,0,generated crawlable anchor,,
after,https://robertdevore.com/rethinking-keyword-research-in-the-age-of-ai/,https://robertdevore.com/courses/,Courses,navigation,200,https://robertdevore.com/courses/,0,generated crawlable anchor,,
after,https://robertdevore.com/relentless/,https://robertdevore.com/courses/,Courses,navigation,200,https://robertdevore.com/courses/,0,generated crawlable anchor,,
after,https://robertdevore.com/relentless/,https://robertdevore.com/courses/,Courses,navigation,200,https://robertdevore.com/courses/,0,generated crawlable anchor,,
after,https://robertdevore.com/relentless/,https://robertdevore.com/courses/,Courses,navigation,200,https://robertdevore.com/courses/,0,generated crawlable anchor,,
after,https://robertdevore.com/chapters-for-authors-wordpress-plugin/,https://robertdevore.com/courses/,Courses,navigation,200,https://robertdevore.com/courses/,0,generated crawlable anchor,,
after,https://robertdevore.com/chapters-for-authors-wordpress-plugin/,https://robertdevore.com/courses/,Courses,navigation,200,https://robertdevore.com/courses/,0,generated crawlable anchor,,
after,https://robertdevore.com/chapters-for-authors-wordpress-plugin/,https://robertdevore.com/courses/,Courses,navigation,200,https://robertdevore.com/courses/,0,generated crawlable anchor,,
after,https://robertdevore.com/introducing-projects-for-wordpress-a-better-way-to-showcase-your-work/,https://robertdevore.com/courses/,Courses,navigation,200,https://robertdevore.com/courses/,0,generated crawlable anchor,,
after,https://robertdevore.com/introducing-projects-for-wordpress-a-better-way-to-showcase-your-work/,https://robertdevore.com/courses/,Courses,navigation,200,https://robertdevore.com/courses/,0,generated crawlable anchor,,
after,https://robertdevore.com/introducing-projects-for-wordpress-a-better-way-to-showcase-your-work/,https://robertdevore.com/courses/,Courses,navigation,200,https://robertdevore.com/courses/,0,generated crawlable anchor,,
after,https://robertdevore.com/introducing-block-ai-crawlers-for-wordpress/,https://robertdevore.com/courses/,Courses,navigation,200,https://robertdevore.com/courses/,0,generated crawlable anchor,,
after,https://robertdevore.com/introducing-block-ai-crawlers-for-wordpress/,https://robertdevore.com/courses/,Courses,navigation,200,https://robertdevore.com/courses/,0,generated crawlable anchor,,
after,https://robertdevore.com/introducing-block-ai-crawlers-for-wordpress/,https://robertdevore.com/courses/,Courses,navigation,200,https://robertdevore.com/courses/,0,generated crawlable anchor,,
after,https://robertdevore.com/my-development-projects/,https://robertdevore.com/courses/,Courses,navigation,200,https://robertdevore.com/courses/,0,generated crawlable anchor,,
after,https://robertdevore.com/my-development-projects/,https://robertdevore.com/courses/,Courses,navigation,200,https://robertdevore.com/courses/,0,generated crawlable anchor,,
after,https://robertdevore.com/my-development-projects/,https://robertdevore.com/courses/,Courses,navigation,200,https://robertdevore.com/courses/,0,generated crawlable anchor,,
after,https://robertdevore.com/hello-2017/,https://robertdevore.com/courses/,Courses,navigation,200,https://robertdevore.com/courses/,0,generated crawlable anchor,,
after,https://robertdevore.com/hello-2017/,https://robertdevore.com/courses/,Courses,navigation,200,https://robertdevore.com/courses/,0,generated crawlable anchor,,
after,https://robertdevore.com/hello-2017/,https://robertdevore.com/courses/,Courses,navigation,200,https://robertdevore.com/courses/,0,generated crawlable anchor,,
after,https://robertdevore.com/mnml-free-minimalist-wordpress-theme/,https://robertdevore.com/courses/,Courses,navigation,200,https://robertdevore.com/courses/,0,generated crawlable anchor,,
after,https://robertdevore.com/mnml-free-minimalist-wordpress-theme/,https://robertdevore.com/courses/,Courses,navigation,200,https://robertdevore.com/courses/,0,generated crawlable anchor,,
after,https://robertdevore.com/mnml-free-minimalist-wordpress-theme/,https://robertdevore.com/courses/,Courses,navigation,200,https://robertdevore.com/courses/,0,generated crawlable anchor,,
after,https://robertdevore.com/clean-blog-free-wordpress-theme/,https://robertdevore.com/courses/,Courses,navigation,200,https://robertdevore.com/courses/,0,generated crawlable anchor,,
after,https://robertdevore.com/clean-blog-free-wordpress-theme/,https://robertdevore.com/courses/,Courses,navigation,200,https://robertdevore.com/courses/,0,generated crawlable anchor,,
after,https://robertdevore.com/clean-blog-free-wordpress-theme/,https://robertdevore.com/courses/,Courses,navigation,200,https://robertdevore.com/courses/,0,generated crawlable anchor,,
after,https://robertdevore.com/introducing-associated-taxonomies-for-wordpress/,https://robertdevore.com/courses/,Courses,navigation,200,https://robertdevore.com/courses/,0,generated crawlable anchor,,
after,https://robertdevore.com/introducing-associated-taxonomies-for-wordpress/,https://robertdevore.com/courses/,Courses,navigation,200,https://robertdevore.com/courses/,0,generated crawlable anchor,,
after,https://robertdevore.com/introducing-associated-taxonomies-for-wordpress/,https://robertdevore.com/courses/,Courses,navigation,200,https://robertdevore.com/courses/,0,generated crawlable anchor,,
after,https://robertdevore.com/cannabis-health-benefits/,https://robertdevore.com/courses/,Courses,navigation,200,https://robertdevore.com/courses/,0,generated crawlable anchor,,
after,https://robertdevore.com/cannabis-health-benefits/,https://robertdevore.com/courses/,Courses,navigation,200,https://robertdevore.com/courses/,0,generated crawlable anchor,,
after,https://robertdevore.com/cannabis-health-benefits/,https://robertdevore.com/courses/,Courses,navigation,200,https://robertdevore.com/courses/,0,generated crawlable anchor,,
after,https://robertdevore.com/5-questions-you-must-answer-before-writing-anything/,https://robertdevore.com/courses/,Courses,navigation,200,https://robertdevore.com/courses/,0,generated crawlable anchor,,
after,https://robertdevore.com/5-questions-you-must-answer-before-writing-anything/,https://robertdevore.com/courses/,Courses,navigation,200,https://robertdevore.com/courses/,0,generated crawlable anchor,,
after,https://robertdevore.com/5-questions-you-must-answer-before-writing-anything/,https://robertdevore.com/courses/,Courses,navigation,200,https://robertdevore.com/courses/,0,generated crawlable anchor,,
after,https://robertdevore.com/forever-forward/,https://robertdevore.com/courses/,Courses,navigation,200,https://robertdevore.com/courses/,0,generated crawlable anchor,,
after,https://robertdevore.com/forever-forward/,https://robertdevore.com/courses/,Courses,navigation,200,https://robertdevore.com/courses/,0,generated crawlable anchor,,
after,https://robertdevore.com/forever-forward/,https://robertdevore.com/courses/,Courses,navigation,200,https://robertdevore.com/courses/,0,generated crawlable anchor,,
after,https://robertdevore.com/host-your-wordpress-plugins-on-github-and-automate-plugin-packaging/,https://robertdevore.com/courses/,Courses,navigation,200,https://robertdevore.com/courses/,0,generated crawlable anchor,,
after,https://robertdevore.com/host-your-wordpress-plugins-on-github-and-automate-plugin-packaging/,https://robertdevore.com/courses/,Courses,navigation,200,https://robertdevore.com/courses/,0,generated crawlable anchor,,
after,https://robertdevore.com/host-your-wordpress-plugins-on-github-and-automate-plugin-packaging/,https://robertdevore.com/courses/,Courses,navigation,200,https://robertdevore.com/courses/,0,generated crawlable anchor,,
after,https://robertdevore.com/going-all-in-one-year-later/,https://robertdevore.com/courses/,Courses,navigation,200,https://robertdevore.com/courses/,0,generated crawlable anchor,,
after,https://robertdevore.com/going-all-in-one-year-later/,https://robertdevore.com/courses/,Courses,navigation,200,https://robertdevore.com/courses/,0,generated crawlable anchor,,
after,https://robertdevore.com/going-all-in-one-year-later/,https://robertdevore.com/courses/,Courses,navigation,200,https://robertdevore.com/courses/,0,generated crawlable anchor,,
after,https://robertdevore.com/dispensary-wordpress-plugins-2017/,https://robertdevore.com/courses/,Courses,navigation,200,https://robertdevore.com/courses/,0,generated crawlable anchor,,
after,https://robertdevore.com/dispensary-wordpress-plugins-2017/,https://robertdevore.com/courses/,Courses,navigation,200,https://robertdevore.com/courses/,0,generated crawlable anchor,,
after,https://robertdevore.com/dispensary-wordpress-plugins-2017/,https://robertdevore.com/courses/,Courses,navigation,200,https://robertdevore.com/courses/,0,generated crawlable anchor,,
after,https://robertdevore.com/hue-js/,https://robertdevore.com/courses/,Courses,navigation,200,https://robertdevore.com/courses/,0,generated crawlable anchor,,
after,https://robertdevore.com/hue-js/,https://robertdevore.com/courses/,Courses,navigation,200,https://robertdevore.com/courses/,0,generated crawlable anchor,,
after,https://robertdevore.com/hue-js/,https://robertdevore.com/courses/,Courses,navigation,200,https://robertdevore.com/courses/,0,generated crawlable anchor,,
after,https://robertdevore.com/stop-gambling-with-client-trust-why-skipping-a-security-audit-is-a-risk-you-cant-afford/,https://robertdevore.com/courses/,Courses,navigation,200,https://robertdevore.com/courses/,0,generated crawlable anchor,,
after,https://robertdevore.com/stop-gambling-with-client-trust-why-skipping-a-security-audit-is-a-risk-you-cant-afford/,https://robertdevore.com/courses/,Courses,navigation,200,https://robertdevore.com/courses/,0,generated crawlable anchor,,
after,https://robertdevore.com/stop-gambling-with-client-trust-why-skipping-a-security-audit-is-a-risk-you-cant-afford/,https://robertdevore.com/courses/,Courses,navigation,200,https://robertdevore.com/courses/,0,generated crawlable anchor,,
after,https://robertdevore.com/introducing-back-in-stock-notifications-for-woocommerce/,https://robertdevore.com/courses/,Courses,navigation,200,https://robertdevore.com/courses/,0,generated crawlable anchor,,
after,https://robertdevore.com/introducing-back-in-stock-notifications-for-woocommerce/,https://robertdevore.com/courses/,Courses,navigation,200,https://robertdevore.com/courses/,0,generated crawlable anchor,,
after,https://robertdevore.com/introducing-back-in-stock-notifications-for-woocommerce/,https://robertdevore.com/courses/,Courses,navigation,200,https://robertdevore.com/courses/,0,generated crawlable anchor,,
after,https://robertdevore.com/introducing-test-orders-for-woocommerce/,https://robertdevore.com/courses/,Courses,navigation,200,https://robertdevore.com/courses/,0,generated crawlable anchor,,
after,https://robertdevore.com/introducing-test-orders-for-woocommerce/,https://robertdevore.com/courses/,Courses,navigation,200,https://robertdevore.com/courses/,0,generated crawlable anchor,,
after,https://robertdevore.com/introducing-test-orders-for-woocommerce/,https://robertdevore.com/courses/,Courses,navigation,200,https://robertdevore.com/courses/,0,generated crawlable anchor,,
after,https://robertdevore.com/introducing-pattern-pal-ai-powered-patterns-for-wordpress/,https://robertdevore.com/courses/,Courses,navigation,200,https://robertdevore.com/courses/,0,generated crawlable anchor,,
after,https://robertdevore.com/introducing-pattern-pal-ai-powered-patterns-for-wordpress/,https://robertdevore.com/courses/,Courses,navigation,200,https://robertdevore.com/courses/,0,generated crawlable anchor,,
after,https://robertdevore.com/introducing-pattern-pal-ai-powered-patterns-for-wordpress/,https://robertdevore.com/courses/,Courses,navigation,200,https://robertdevore.com/courses/,0,generated crawlable anchor,,
after,https://robertdevore.com/plan-prompt-publish-a-practical-guide-to-creating-beautifully-useful-content-with-ai/,https://robertdevore.com/courses/,Courses,navigation,200,https://robertdevore.com/courses/,0,generated crawlable anchor,,
after,https://robertdevore.com/plan-prompt-publish-a-practical-guide-to-creating-beautifully-useful-content-with-ai/,https://robertdevore.com/courses/,Courses,navigation,200,https://robertdevore.com/courses/,0,generated crawlable anchor,,
after,https://robertdevore.com/plan-prompt-publish-a-practical-guide-to-creating-beautifully-useful-content-with-ai/,https://robertdevore.com/courses/,Courses,navigation,200,https://robertdevore.com/courses/,0,generated crawlable anchor,,
after,https://robertdevore.com/wordpress-woocommerce-plugins-i-will-no-longer-maintain/,https://robertdevore.com/courses/,Courses,navigation,200,https://robertdevore.com/courses/,0,generated crawlable anchor,,
after,https://robertdevore.com/wordpress-woocommerce-plugins-i-will-no-longer-maintain/,https://robertdevore.com/courses/,Courses,navigation,200,https://robertdevore.com/courses/,0,generated crawlable anchor,,
after,https://robertdevore.com/wordpress-woocommerce-plugins-i-will-no-longer-maintain/,https://robertdevore.com/courses/,Courses,navigation,200,https://robertdevore.com/courses/,0,generated crawlable anchor,,
after,https://robertdevore.com/introducing-site-vitals-for-wordpress/,https://robertdevore.com/courses/,Courses,navigation,200,https://robertdevore.com/courses/,0,generated crawlable anchor,,
after,https://robertdevore.com/introducing-site-vitals-for-wordpress/,https://robertdevore.com/courses/,Courses,navigation,200,https://robertdevore.com/courses/,0,generated crawlable anchor,,
after,https://robertdevore.com/introducing-site-vitals-for-wordpress/,https://robertdevore.com/courses/,Courses,navigation,200,https://robertdevore.com/courses/,0,generated crawlable anchor,,
after,https://robertdevore.com/open-source-is-anarchism-in-action/,https://robertdevore.com/courses/,Courses,navigation,200,https://robertdevore.com/courses/,0,generated crawlable anchor,,
after,https://robertdevore.com/open-source-is-anarchism-in-action/,https://robertdevore.com/courses/,Courses,navigation,200,https://robertdevore.com/courses/,0,generated crawlable anchor,,
after,https://robertdevore.com/open-source-is-anarchism-in-action/,https://robertdevore.com/courses/,Courses,navigation,200,https://robertdevore.com/courses/,0,generated crawlable anchor,,
after,https://robertdevore.com/wp-dispensary-v2/,https://robertdevore.com/courses/,Courses,navigation,200,https://robertdevore.com/courses/,0,generated crawlable anchor,,
after,https://robertdevore.com/wp-dispensary-v2/,https://robertdevore.com/courses/,Courses,navigation,200,https://robertdevore.com/courses/,0,generated crawlable anchor,,
after,https://robertdevore.com/wp-dispensary-v2/,https://robertdevore.com/courses/,Courses,navigation,200,https://robertdevore.com/courses/,0,generated crawlable anchor,,
after,https://robertdevore.com/peddle-free-wordpress-theme-for-easy-digital-downloads/,https://robertdevore.com/courses/,Courses,navigation,200,https://robertdevore.com/courses/,0,generated crawlable anchor,,
after,https://robertdevore.com/peddle-free-wordpress-theme-for-easy-digital-downloads/,https://robertdevore.com/courses/,Courses,navigation,200,https://robertdevore.com/courses/,0,generated crawlable anchor,,
after,https://robertdevore.com/peddle-free-wordpress-theme-for-easy-digital-downloads/,https://robertdevore.com/courses/,Courses,navigation,200,https://robertdevore.com/courses/,0,generated crawlable anchor,,
after,https://robertdevore.com/introducing-widget-usage-tracker-for-elementor/,https://robertdevore.com/courses/,Courses,navigation,200,https://robertdevore.com/courses/,0,generated crawlable anchor,,
after,https://robertdevore.com/introducing-widget-usage-tracker-for-elementor/,https://robertdevore.com/courses/,Courses,navigation,200,https://robertdevore.com/courses/,0,generated crawlable anchor,,
after,https://robertdevore.com/introducing-widget-usage-tracker-for-elementor/,https://robertdevore.com/courses/,Courses,navigation,200,https://robertdevore.com/courses/,0,generated crawlable anchor,,
after,https://robertdevore.com/wp-townhall-13-the-debate-kevin-geary-doesnt-want-you-to-see/,https://robertdevore.com/courses/,Courses,navigation,200,https://robertdevore.com/courses/,0,generated crawlable anchor,,
after,https://robertdevore.com/wp-townhall-13-the-debate-kevin-geary-doesnt-want-you-to-see/,https://robertdevore.com/courses/,Courses,navigation,200,https://robertdevore.com/courses/,0,generated crawlable anchor,,
after,https://robertdevore.com/wp-townhall-13-the-debate-kevin-geary-doesnt-want-you-to-see/,https://robertdevore.com/courses/,Courses,navigation,200,https://robertdevore.com/courses/,0,generated crawlable anchor,,
after,https://robertdevore.com/wp-dispensary/,https://robertdevore.com/courses/,Courses,navigation,200,https://robertdevore.com/courses/,0,generated crawlable anchor,,
after,https://robertdevore.com/wp-dispensary/,https://robertdevore.com/courses/,Courses,navigation,200,https://robertdevore.com/courses/,0,generated crawlable anchor,,
after,https://robertdevore.com/wp-dispensary/,https://robertdevore.com/courses/,Courses,navigation,200,https://robertdevore.com/courses/,0,generated crawlable anchor,,
after,https://robertdevore.com/introducing-markdown-exporter-for-wordpress/,https://robertdevore.com/courses/,Courses,navigation,200,https://robertdevore.com/courses/,0,generated crawlable anchor,,
after,https://robertdevore.com/introducing-markdown-exporter-for-wordpress/,https://robertdevore.com/courses/,Courses,navigation,200,https://robertdevore.com/courses/,0,generated crawlable anchor,,
after,https://robertdevore.com/introducing-markdown-exporter-for-wordpress/,https://robertdevore.com/courses/,Courses,navigation,200,https://robertdevore.com/courses/,0,generated crawlable anchor,,
after,https://robertdevore.com/introducing-gallery-modals-enhance-your-wordpress-galleries-with-stunning-popups/,https://robertdevore.com/courses/,Courses,navigation,200,https://robertdevore.com/courses/,0,generated crawlable anchor,,
after,https://robertdevore.com/introducing-gallery-modals-enhance-your-wordpress-galleries-with-stunning-popups/,https://robertdevore.com/courses/,Courses,navigation,200,https://robertdevore.com/courses/,0,generated crawlable anchor,,
after,https://robertdevore.com/introducing-gallery-modals-enhance-your-wordpress-galleries-with-stunning-popups/,https://robertdevore.com/courses/,Courses,navigation,200,https://robertdevore.com/courses/,0,generated crawlable anchor,,
after,https://robertdevore.com/kevin-michael-geary-a-hidden-history-of-hate-racism-and-bigotry/,https://robertdevore.com/courses/,Courses,navigation,200,https://robertdevore.com/courses/,0,generated crawlable anchor,,
after,https://robertdevore.com/kevin-michael-geary-a-hidden-history-of-hate-racism-and-bigotry/,https://robertdevore.com/courses/,Courses,navigation,200,https://robertdevore.com/courses/,0,generated crawlable anchor,,
after,https://robertdevore.com/kevin-michael-geary-a-hidden-history-of-hate-racism-and-bigotry/,https://robertdevore.com/courses/,Courses,navigation,200,https://robertdevore.com/courses/,0,generated crawlable anchor,,
after,https://robertdevore.com/making-up-for-lost-time/,https://robertdevore.com/courses/,Courses,navigation,200,https://robertdevore.com/courses/,0,generated crawlable anchor,,
after,https://robertdevore.com/making-up-for-lost-time/,https://robertdevore.com/courses/,Courses,navigation,200,https://robertdevore.com/courses/,0,generated crawlable anchor,,
after,https://robertdevore.com/making-up-for-lost-time/,https://robertdevore.com/courses/,Courses,navigation,200,https://robertdevore.com/courses/,0,generated crawlable anchor,,
after,https://robertdevore.com/extreme-programming-for-extreme-leaders/,https://robertdevore.com/courses/,Courses,navigation,200,https://robertdevore.com/courses/,0,generated crawlable anchor,,
after,https://robertdevore.com/extreme-programming-for-extreme-leaders/,https://robertdevore.com/courses/,Courses,navigation,200,https://robertdevore.com/courses/,0,generated crawlable anchor,,
after,https://robertdevore.com/extreme-programming-for-extreme-leaders/,https://robertdevore.com/courses/,Courses,navigation,200,https://robertdevore.com/courses/,0,generated crawlable anchor,,
after,https://robertdevore.com/introducing-an-experimental-new-plugin-email-designer-for-woocommerce/,https://robertdevore.com/courses/,Courses,navigation,200,https://robertdevore.com/courses/,0,generated crawlable anchor,,
after,https://robertdevore.com/introducing-an-experimental-new-plugin-email-designer-for-woocommerce/,https://robertdevore.com/courses/,Courses,navigation,200,https://robertdevore.com/courses/,0,generated crawlable anchor,,
after,https://robertdevore.com/introducing-an-experimental-new-plugin-email-designer-for-woocommerce/,https://robertdevore.com/courses/,Courses,navigation,200,https://robertdevore.com/courses/,0,generated crawlable anchor,,
after,https://robertdevore.com/the-past-present-and-future-of-wp-dispensary/,https://robertdevore.com/courses/,Courses,navigation,200,https://robertdevore.com/courses/,0,generated crawlable anchor,,
after,https://robertdevore.com/the-past-present-and-future-of-wp-dispensary/,https://robertdevore.com/courses/,Courses,navigation,200,https://robertdevore.com/courses/,0,generated crawlable anchor,,
after,https://robertdevore.com/the-past-present-and-future-of-wp-dispensary/,https://robertdevore.com/courses/,Courses,navigation,200,https://robertdevore.com/courses/,0,generated crawlable anchor,,
after,https://robertdevore.com/introducing-bulk-stock-management-for-woocommerce-free/,https://robertdevore.com/courses/,Courses,navigation,200,https://robertdevore.com/courses/,0,generated crawlable anchor,,
after,https://robertdevore.com/introducing-bulk-stock-management-for-woocommerce-free/,https://robertdevore.com/courses/,Courses,navigation,200,https://robertdevore.com/courses/,0,generated crawlable anchor,,
after,https://robertdevore.com/introducing-bulk-stock-management-for-woocommerce-free/,https://robertdevore.com/courses/,Courses,navigation,200,https://robertdevore.com/courses/,0,generated crawlable anchor,,
after,https://robertdevore.com/improve-cls-scores-by-dynamically-setting-image-width-and-height/,https://robertdevore.com/courses/,Courses,navigation,200,https://robertdevore.com/courses/,0,generated crawlable anchor,,
after,https://robertdevore.com/improve-cls-scores-by-dynamically-setting-image-width-and-height/,https://robertdevore.com/courses/,Courses,navigation,200,https://robertdevore.com/courses/,0,generated crawlable anchor,,
after,https://robertdevore.com/improve-cls-scores-by-dynamically-setting-image-width-and-height/,https://robertdevore.com/courses/,Courses,navigation,200,https://robertdevore.com/courses/,0,generated crawlable anchor,,
after,https://robertdevore.com/delivery-drivers-for-woocommerce/,https://robertdevore.com/courses/,Courses,navigation,200,https://robertdevore.com/courses/,0,generated crawlable anchor,,
after,https://robertdevore.com/delivery-drivers-for-woocommerce/,https://robertdevore.com/courses/,Courses,navigation,200,https://robertdevore.com/courses/,0,generated crawlable anchor,,
after,https://robertdevore.com/delivery-drivers-for-woocommerce/,https://robertdevore.com/courses/,Courses,navigation,200,https://robertdevore.com/courses/,0,generated crawlable anchor,,
after,https://robertdevore.com/how-i-use-textexpander-to-reuse-my-best-ai-prompts/,https://robertdevore.com/courses/,Courses,navigation,200,https://robertdevore.com/courses/,0,generated crawlable anchor,,
after,https://robertdevore.com/how-i-use-textexpander-to-reuse-my-best-ai-prompts/,https://robertdevore.com/courses/,Courses,navigation,200,https://robertdevore.com/courses/,0,generated crawlable anchor,,
after,https://robertdevore.com/how-i-use-textexpander-to-reuse-my-best-ai-prompts/,https://robertdevore.com/courses/,Courses,navigation,200,https://robertdevore.com/courses/,0,generated crawlable anchor,,
after,https://robertdevore.com/wtf-is-wordpress/,https://robertdevore.com/courses/,Courses,navigation,200,https://robertdevore.com/courses/,0,generated crawlable anchor,,
after,https://robertdevore.com/wtf-is-wordpress/,https://robertdevore.com/courses/,Courses,navigation,200,https://robertdevore.com/courses/,0,generated crawlable anchor,,
after,https://robertdevore.com/wtf-is-wordpress/,https://robertdevore.com/courses/,Courses,navigation,200,https://robertdevore.com/courses/,0,generated crawlable anchor,,
after,https://robertdevore.com/introducing-img-a11y/,https://robertdevore.com/courses/,Courses,navigation,200,https://robertdevore.com/courses/,0,generated crawlable anchor,,
after,https://robertdevore.com/introducing-img-a11y/,https://robertdevore.com/courses/,Courses,navigation,200,https://robertdevore.com/courses/,0,generated crawlable anchor,,
after,https://robertdevore.com/introducing-img-a11y/,https://robertdevore.com/courses/,Courses,navigation,200,https://robertdevore.com/courses/,0,generated crawlable anchor,,
after,https://robertdevore.com/how-to-build-a-content-engine-that-scales-with-you/,https://robertdevore.com/courses/,Courses,navigation,200,https://robertdevore.com/courses/,0,generated crawlable anchor,,
after,https://robertdevore.com/how-to-build-a-content-engine-that-scales-with-you/,https://robertdevore.com/courses/,Courses,navigation,200,https://robertdevore.com/courses/,0,generated crawlable anchor,,
after,https://robertdevore.com/how-to-build-a-content-engine-that-scales-with-you/,https://robertdevore.com/courses/,Courses,navigation,200,https://robertdevore.com/courses/,0,generated crawlable anchor,,
after,https://robertdevore.com/introducing-media-file-versioning-for-wordpress/,https://robertdevore.com/courses/,Courses,navigation,200,https://robertdevore.com/courses/,0,generated crawlable anchor,,
after,https://robertdevore.com/introducing-media-file-versioning-for-wordpress/,https://robertdevore.com/courses/,Courses,navigation,200,https://robertdevore.com/courses/,0,generated crawlable anchor,,
after,https://robertdevore.com/introducing-media-file-versioning-for-wordpress/,https://robertdevore.com/courses/,Courses,navigation,200,https://robertdevore.com/courses/,0,generated crawlable anchor,,
after,https://robertdevore.com/customer-loyalty-for-woocommerce-v2/,https://robertdevore.com/courses/,Courses,navigation,200,https://robertdevore.com/courses/,0,generated crawlable anchor,,
after,https://robertdevore.com/customer-loyalty-for-woocommerce-v2/,https://robertdevore.com/courses/,Courses,navigation,200,https://robertdevore.com/courses/,0,generated crawlable anchor,,
after,https://robertdevore.com/customer-loyalty-for-woocommerce-v2/,https://robertdevore.com/courses/,Courses,navigation,200,https://robertdevore.com/courses/,0,generated crawlable anchor,,
after,https://robertdevore.com/how-hungry-are-you/,https://robertdevore.com/courses/,Courses,navigation,200,https://robertdevore.com/courses/,0,generated crawlable anchor,,
after,https://robertdevore.com/how-hungry-are-you/,https://robertdevore.com/courses/,Courses,navigation,200,https://robertdevore.com/courses/,0,generated crawlable anchor,,
after,https://robertdevore.com/how-hungry-are-you/,https://robertdevore.com/courses/,Courses,navigation,200,https://robertdevore.com/courses/,0,generated crawlable anchor,,
after,https://robertdevore.com/two-years-building-wp-dispensary/,https://robertdevore.com/courses/,Courses,navigation,200,https://robertdevore.com/courses/,0,generated crawlable anchor,,
after,https://robertdevore.com/two-years-building-wp-dispensary/,https://robertdevore.com/courses/,Courses,navigation,200,https://robertdevore.com/courses/,0,generated crawlable anchor,,
after,https://robertdevore.com/two-years-building-wp-dispensary/,https://robertdevore.com/courses/,Courses,navigation,200,https://robertdevore.com/courses/,0,generated crawlable anchor,,
after,https://robertdevore.com/introducing-slop-stopper-a-free-content-checker-for-wordpress/,https://robertdevore.com/courses/,Courses,navigation,200,https://robertdevore.com/courses/,0,generated crawlable anchor,,
after,https://robertdevore.com/introducing-slop-stopper-a-free-content-checker-for-wordpress/,https://robertdevore.com/courses/,Courses,navigation,200,https://robertdevore.com/courses/,0,generated crawlable anchor,,
after,https://robertdevore.com/introducing-slop-stopper-a-free-content-checker-for-wordpress/,https://robertdevore.com/courses/,Courses,navigation,200,https://robertdevore.com/courses/,0,generated crawlable anchor,,
after,https://robertdevore.com/introducing-metadata-import-export-for-yoast-seo/,https://robertdevore.com/courses/,Courses,navigation,200,https://robertdevore.com/courses/,0,generated crawlable anchor,,
after,https://robertdevore.com/introducing-metadata-import-export-for-yoast-seo/,https://robertdevore.com/courses/,Courses,navigation,200,https://robertdevore.com/courses/,0,generated crawlable anchor,,
after,https://robertdevore.com/introducing-metadata-import-export-for-yoast-seo/,https://robertdevore.com/courses/,Courses,navigation,200,https://robertdevore.com/courses/,0,generated crawlable anchor,,
after,https://robertdevore.com/twitter-marketing/,https://robertdevore.com/courses/,Courses,navigation,200,https://robertdevore.com/courses/,0,generated crawlable anchor,,
after,https://robertdevore.com/twitter-marketing/,https://robertdevore.com/courses/,Courses,navigation,200,https://robertdevore.com/courses/,0,generated crawlable anchor,,
after,https://robertdevore.com/twitter-marketing/,https://robertdevore.com/courses/,Courses,navigation,200,https://robertdevore.com/courses/,0,generated crawlable anchor,,
after,https://robertdevore.com/intellipress-the-smart-af-ai-assistant-for-wordpress/,https://robertdevore.com/courses/,Courses,navigation,200,https://robertdevore.com/courses/,0,generated crawlable anchor,,
after,https://robertdevore.com/intellipress-the-smart-af-ai-assistant-for-wordpress/,https://robertdevore.com/courses/,Courses,navigation,200,https://robertdevore.com/courses/,0,generated crawlable anchor,,
after,https://robertdevore.com/intellipress-the-smart-af-ai-assistant-for-wordpress/,https://robertdevore.com/courses/,Courses,navigation,200,https://robertdevore.com/courses/,0,generated crawlable anchor,,
after,https://robertdevore.com/introducing-shipping-multiple-addresses-for-woocommerce-free/,https://robertdevore.com/courses/,Courses,navigation,200,https://robertdevore.com/courses/,0,generated crawlable anchor,,
after,https://robertdevore.com/introducing-shipping-multiple-addresses-for-woocommerce-free/,https://robertdevore.com/courses/,Courses,navigation,200,https://robertdevore.com/courses/,0,generated crawlable anchor,,
after,https://robertdevore.com/introducing-shipping-multiple-addresses-for-woocommerce-free/,https://robertdevore.com/courses/,Courses,navigation,200,https://robertdevore.com/courses/,0,generated crawlable anchor,,
after,https://robertdevore.com/i-built-a-python-stego-cipher-tool-and-you-can-have-it/,https://robertdevore.com/courses/,Courses,navigation,200,https://robertdevore.com/courses/,0,generated crawlable anchor,,
after,https://robertdevore.com/i-built-a-python-stego-cipher-tool-and-you-can-have-it/,https://robertdevore.com/courses/,Courses,navigation,200,https://robertdevore.com/courses/,0,generated crawlable anchor,,
after,https://robertdevore.com/i-built-a-python-stego-cipher-tool-and-you-can-have-it/,https://robertdevore.com/courses/,Courses,navigation,200,https://robertdevore.com/courses/,0,generated crawlable anchor,,
after,https://robertdevore.com/introducing-the-user-login-status-plugin-for-wordpress/,https://robertdevore.com/courses/,Courses,navigation,200,https://robertdevore.com/courses/,0,generated crawlable anchor,,
after,https://robertdevore.com/introducing-the-user-login-status-plugin-for-wordpress/,https://robertdevore.com/courses/,Courses,navigation,200,https://robertdevore.com/courses/,0,generated crawlable anchor,,
after,https://robertdevore.com/introducing-the-user-login-status-plugin-for-wordpress/,https://robertdevore.com/courses/,Courses,navigation,200,https://robertdevore.com/courses/,0,generated crawlable anchor,,
after,https://robertdevore.com/introducing-maintenance-mode-for-wordpress/,https://robertdevore.com/courses/,Courses,navigation,200,https://robertdevore.com/courses/,0,generated crawlable anchor,,
after,https://robertdevore.com/introducing-maintenance-mode-for-wordpress/,https://robertdevore.com/courses/,Courses,navigation,200,https://robertdevore.com/courses/,0,generated crawlable anchor,,
after,https://robertdevore.com/introducing-maintenance-mode-for-wordpress/,https://robertdevore.com/courses/,Courses,navigation,200,https://robertdevore.com/courses/,0,generated crawlable anchor,,
after,https://robertdevore.com/tag/,https://robertdevore.com/courses/,Courses,navigation,200,https://robertdevore.com/courses/,0,generated crawlable anchor,,
after,https://robertdevore.com/tag/,https://robertdevore.com/courses/,Courses,navigation,200,https://robertdevore.com/courses/,0,generated crawlable anchor,,
after,https://robertdevore.com/tag/,https://robertdevore.com/courses/,Courses,navigation,200,https://robertdevore.com/courses/,0,generated crawlable anchor,,
after,https://robertdevore.com/tag/essays/,https://robertdevore.com/courses/,Courses,navigation,200,https://robertdevore.com/courses/,0,generated crawlable anchor,,
after,https://robertdevore.com/tag/essays/,https://robertdevore.com/courses/,Courses,navigation,200,https://robertdevore.com/courses/,0,generated crawlable anchor,,
after,https://robertdevore.com/tag/essays/,https://robertdevore.com/courses/,Courses,navigation,200,https://robertdevore.com/courses/,0,generated crawlable anchor,,
after,https://robertdevore.com/tag/woocommerce/,https://robertdevore.com/courses/,Courses,navigation,200,https://robertdevore.com/courses/,0,generated crawlable anchor,,
after,https://robertdevore.com/tag/woocommerce/,https://robertdevore.com/courses/,Courses,navigation,200,https://robertdevore.com/courses/,0,generated crawlable anchor,,
after,https://robertdevore.com/tag/woocommerce/,https://robertdevore.com/courses/,Courses,navigation,200,https://robertdevore.com/courses/,0,generated crawlable anchor,,
after,https://robertdevore.com/tag/archive/,https://robertdevore.com/courses/,Courses,navigation,200,https://robertdevore.com/courses/,0,generated crawlable anchor,,
after,https://robertdevore.com/tag/archive/,https://robertdevore.com/courses/,Courses,navigation,200,https://robertdevore.com/courses/,0,generated crawlable anchor,,
after,https://robertdevore.com/tag/archive/,https://robertdevore.com/courses/,Courses,navigation,200,https://robertdevore.com/courses/,0,generated crawlable anchor,,
after,https://robertdevore.com/tag/wordpress/,https://robertdevore.com/courses/,Courses,navigation,200,https://robertdevore.com/courses/,0,generated crawlable anchor,,
after,https://robertdevore.com/tag/wordpress/,https://robertdevore.com/courses/,Courses,navigation,200,https://robertdevore.com/courses/,0,generated crawlable anchor,,
after,https://robertdevore.com/tag/wordpress/,https://robertdevore.com/courses/,Courses,navigation,200,https://robertdevore.com/courses/,0,generated crawlable anchor,,
after,https://robertdevore.com/tag/ai/,https://robertdevore.com/courses/,Courses,navigation,200,https://robertdevore.com/courses/,0,generated crawlable anchor,,
after,https://robertdevore.com/tag/ai/,https://robertdevore.com/courses/,Courses,navigation,200,https://robertdevore.com/courses/,0,generated crawlable anchor,,
after,https://robertdevore.com/tag/ai/,https://robertdevore.com/courses/,Courses,navigation,200,https://robertdevore.com/courses/,0,generated crawlable anchor,,
after,https://robertdevore.com/tag/engineering/,https://robertdevore.com/courses/,Courses,navigation,200,https://robertdevore.com/courses/,0,generated crawlable anchor,,
after,https://robertdevore.com/tag/engineering/,https://robertdevore.com/courses/,Courses,navigation,200,https://robertdevore.com/courses/,0,generated crawlable anchor,,
after,https://robertdevore.com/tag/engineering/,https://robertdevore.com/courses/,Courses,navigation,200,https://robertdevore.com/courses/,0,generated crawlable anchor,,
after,https://robertdevore.com/leafly-reviews-wordpress-plugin/,https://robertdevore.com/courses/,Courses,navigation,200,https://robertdevore.com/courses/,0,generated crawlable anchor,,
after,https://robertdevore.com/leafly-reviews-wordpress-plugin/,https://robertdevore.com/courses/,Courses,navigation,200,https://robertdevore.com/courses/,0,generated crawlable anchor,,
after,https://robertdevore.com/leafly-reviews-wordpress-plugin/,https://robertdevore.com/courses/,Courses,navigation,200,https://robertdevore.com/courses/,0,generated crawlable anchor,,
after,https://robertdevore.com/introducing-delete-inactive-users/,https://robertdevore.com/courses/,Courses,navigation,200,https://robertdevore.com/courses/,0,generated crawlable anchor,,
after,https://robertdevore.com/introducing-delete-inactive-users/,https://robertdevore.com/courses/,Courses,navigation,200,https://robertdevore.com/courses/,0,generated crawlable anchor,,
after,https://robertdevore.com/introducing-delete-inactive-users/,https://robertdevore.com/courses/,Courses,navigation,200,https://robertdevore.com/courses/,0,generated crawlable anchor,,
after,https://robertdevore.com/introducing-table-block-enhancer-for-wordpress/,https://robertdevore.com/courses/,Courses,navigation,200,https://robertdevore.com/courses/,0,generated crawlable anchor,,
after,https://robertdevore.com/introducing-table-block-enhancer-for-wordpress/,https://robertdevore.com/courses/,Courses,navigation,200,https://robertdevore.com/courses/,0,generated crawlable anchor,,
after,https://robertdevore.com/introducing-table-block-enhancer-for-wordpress/,https://robertdevore.com/courses/,Courses,navigation,200,https://robertdevore.com/courses/,0,generated crawlable anchor,,
after,https://robertdevore.com/im-freelancing-again/,https://robertdevore.com/courses/,Courses,navigation,200,https://robertdevore.com/courses/,0,generated crawlable anchor,,
after,https://robertdevore.com/im-freelancing-again/,https://robertdevore.com/courses/,Courses,navigation,200,https://robertdevore.com/courses/,0,generated crawlable anchor,,
after,https://robertdevore.com/im-freelancing-again/,https://robertdevore.com/courses/,Courses,navigation,200,https://robertdevore.com/courses/,0,generated crawlable anchor,,
after,https://robertdevore.com/leap-the-code-of-extreme-leadership/,https://robertdevore.com/courses/,Courses,navigation,200,https://robertdevore.com/courses/,0,generated crawlable anchor,,
after,https://robertdevore.com/leap-the-code-of-extreme-leadership/,https://robertdevore.com/courses/,Courses,navigation,200,https://robertdevore.com/courses/,0,generated crawlable anchor,,
after,https://robertdevore.com/leap-the-code-of-extreme-leadership/,https://robertdevore.com/courses/,Courses,navigation,200,https://robertdevore.com/courses/,0,generated crawlable anchor,,
after,https://robertdevore.com/goodbye-wordpress-a-eulogy/,https://robertdevore.com/courses/,Courses,navigation,200,https://robertdevore.com/courses/,0,generated crawlable anchor,,
after,https://robertdevore.com/goodbye-wordpress-a-eulogy/,https://robertdevore.com/courses/,Courses,navigation,200,https://robertdevore.com/courses/,0,generated crawlable anchor,,
after,https://robertdevore.com/goodbye-wordpress-a-eulogy/,https://robertdevore.com/courses/,Courses,navigation,200,https://robertdevore.com/courses/,0,generated crawlable anchor,,
after,https://robertdevore.com/how-to-write-prompts-that-get-the-tone-structure-and-intent-right/,https://robertdevore.com/courses/,Courses,navigation,200,https://robertdevore.com/courses/,0,generated crawlable anchor,,
after,https://robertdevore.com/how-to-write-prompts-that-get-the-tone-structure-and-intent-right/,https://robertdevore.com/courses/,Courses,navigation,200,https://robertdevore.com/courses/,0,generated crawlable anchor,,
after,https://robertdevore.com/how-to-write-prompts-that-get-the-tone-structure-and-intent-right/,https://robertdevore.com/courses/,Courses,navigation,200,https://robertdevore.com/courses/,0,generated crawlable anchor,,
after,https://robertdevore.com/say-goodbye-to-wordpress/,https://robertdevore.com/courses/,Courses,navigation,200,https://robertdevore.com/courses/,0,generated crawlable anchor,,
after,https://robertdevore.com/say-goodbye-to-wordpress/,https://robertdevore.com/courses/,Courses,navigation,200,https://robertdevore.com/courses/,0,generated crawlable anchor,,
after,https://robertdevore.com/say-goodbye-to-wordpress/,https://robertdevore.com/courses/,Courses,navigation,200,https://robertdevore.com/courses/,0,generated crawlable anchor,,
after,https://robertdevore.com/december-2024-a-retrospective/,https://robertdevore.com/courses/,Courses,navigation,200,https://robertdevore.com/courses/,0,generated crawlable anchor,,
after,https://robertdevore.com/december-2024-a-retrospective/,https://robertdevore.com/courses/,Courses,navigation,200,https://robertdevore.com/courses/,0,generated crawlable anchor,,
after,https://robertdevore.com/december-2024-a-retrospective/,https://robertdevore.com/courses/,Courses,navigation,200,https://robertdevore.com/courses/,0,generated crawlable anchor,,
after,https://robertdevore.com/boostbox-wordpress-popup-builder-for-the-core-editor/,https://robertdevore.com/courses/,Courses,navigation,200,https://robertdevore.com/courses/,0,generated crawlable anchor,,
after,https://robertdevore.com/boostbox-wordpress-popup-builder-for-the-core-editor/,https://robertdevore.com/courses/,Courses,navigation,200,https://robertdevore.com/courses/,0,generated crawlable anchor,,
after,https://robertdevore.com/boostbox-wordpress-popup-builder-for-the-core-editor/,https://robertdevore.com/courses/,Courses,navigation,200,https://robertdevore.com/courses/,0,generated crawlable anchor,,
after,https://robertdevore.com/reusable-flask-error-handling-a-step-by-step-guide-to-modular-http-error-responses/,https://robertdevore.com/courses/,Courses,navigation,200,https://robertdevore.com/courses/,0,generated crawlable anchor,,
after,https://robertdevore.com/reusable-flask-error-handling-a-step-by-step-guide-to-modular-http-error-responses/,https://robertdevore.com/courses/,Courses,navigation,200,https://robertdevore.com/courses/,0,generated crawlable anchor,,
after,https://robertdevore.com/reusable-flask-error-handling-a-step-by-step-guide-to-modular-http-error-responses/,https://robertdevore.com/courses/,Courses,navigation,200,https://robertdevore.com/courses/,0,generated crawlable anchor,,
after,https://robertdevore.com/devio-digital/,https://robertdevore.com/courses/,Courses,navigation,200,https://robertdevore.com/courses/,0,generated crawlable anchor,,
after,https://robertdevore.com/devio-digital/,https://robertdevore.com/courses/,Courses,navigation,200,https://robertdevore.com/courses/,0,generated crawlable anchor,,
after,https://robertdevore.com/devio-digital/,https://robertdevore.com/courses/,Courses,navigation,200,https://robertdevore.com/courses/,0,generated crawlable anchor,,
after,https://robertdevore.com/introducing-module-usage-tracker-for-wp-bakery/,https://robertdevore.com/courses/,Courses,navigation,200,https://robertdevore.com/courses/,0,generated crawlable anchor,,
after,https://robertdevore.com/introducing-module-usage-tracker-for-wp-bakery/,https://robertdevore.com/courses/,Courses,navigation,200,https://robertdevore.com/courses/,0,generated crawlable anchor,,
after,https://robertdevore.com/introducing-module-usage-tracker-for-wp-bakery/,https://robertdevore.com/courses/,Courses,navigation,200,https://robertdevore.com/courses/,0,generated crawlable anchor,,
after,https://robertdevore.com/courses/,https://robertdevore.com/courses/#main-content,Skip to main content,navigation,artifact-present,https://robertdevore.com/courses/#main-content,0,generated route exists,,
after,https://robertdevore.com/courses/,https://robertdevore.com/,RD:// Robert DeVore,navigation,artifact-present,https://robertdevore.com/,0,generated route exists,,
after,https://robertdevore.com/courses/,https://robertdevore.com/blog/,Writing,navigation,artifact-present,https://robertdevore.com/blog/,0,generated route exists,,
after,https://robertdevore.com/courses/,https://robertdevore.com/projects/,Projects,navigation,artifact-present,https://robertdevore.com/projects/,0,generated route exists,,
after,https://robertdevore.com/courses/,https://robertdevore.com/courses/,Courses,navigation,artifact-present,https://robertdevore.com/courses/,0,generated route exists,,
after,https://robertdevore.com/courses/,https://robertdevore.com/about/,About,navigation,artifact-present,https://robertdevore.com/about/,0,generated route exists,,
after,https://robertdevore.com/courses/,https://robertdevore.com/contact/,Contact,navigation,artifact-present,https://robertdevore.com/contact/,0,generated route exists,,
after,https://robertdevore.com/courses/,https://robertdevore.com/blog/,Writing,navigation,artifact-present,https://robertdevore.com/blog/,0,generated route exists,,
after,https://robertdevore.com/courses/,https://robertdevore.com/projects/,Projects,navigation,artifact-present,https://robertdevore.com/projects/,0,generated route exists,,
after,https://robertdevore.com/courses/,https://robertdevore.com/courses/,Courses,navigation,artifact-present,https://robertdevore.com/courses/,0,generated route exists,,
after,https://robertdevore.com/courses/,https://robertdevore.com/about/,About,navigation,artifact-present,https://robertdevore.com/about/,0,generated route exists,,
after,https://robertdevore.com/courses/,https://robertdevore.com/contact/,Contact,navigation,artifact-present,https://robertdevore.com/contact/,0,generated route exists,,
after,https://robertdevore.com/courses/,https://robertdevore.com/courses/,Courses,navigation,artifact-present,https://robertdevore.com/courses/,0,generated route exists,,
after,https://robertdevore.com/courses/,https://robertdevore.com/feed/index.xml,RSS,navigation,artifact-present,https://robertdevore.com/feed/index.xml,0,generated route exists,,
after,https://robertdevore.com/courses/,https://robertdevore.com/llms.txt,LLMs,navigation,artifact-present,https://robertdevore.com/llms.txt,0,generated route exists,,
after,https://robertdevore.com/courses/,https://robertdevore.com/sitemap.xml,Sitemap,navigation,artifact-present,https://robertdevore.com/sitemap.xml,0,generated route exists,,
