phase,url,source_file,page_type,local_status,production_status,indexable,robots_directives,canonical,canonical_target_status,title,title_length,meta_description,description_length,h1,h2_h3_structure,word_count,language,publication_date,modified_date,author,breadcrumbs,schema_types,internal_inbound_links,internal_outbound_links,external_outbound_links,broken_links,image_count,images_missing_alt,images_missing_dimensions,page_depth,orphan,sitemap_inclusion,duplicate_title,duplicate_description,content_sha256
baseline,https://robertdevore.com/,templates/page-home.html,homepage,200,200,True,"index, follow (default)",https://robertdevore.com/,200,Robert DeVore,13,"Software systems, developer tools, agentic workflows, and technical writing.",76,"Systems, tools, and writing for work that has to hold up.","H2: Language, runtime, and local software workflows | H2: Tools with a visible operating record. | H3: Strata | H3: Snips | H3: RepoRadar | H2: How I build. | H3: Make state visible | H3: Keep work inspectable | H3: Records and receipts | H3: Pressure-test the ecosystem | H2: Writing | H2: Forever Forward | H2: Zero Cool CLI – A Hacker’s Terminal from 1995 | H2: Stattic v1.0: The World’s Fastest Python-based Static Site Generator | H2: I care about work that remains useful after the room changes.",435,en,,,Robert DeVore,False,Organization; WebSite,330,26,8,0,1,0,0,0,False,True,True,True,c56b6cbe39905a403d35940cab868a471abae2848129437d19241fed5ad6be2f
baseline,https://robertdevore.com/5-python-scripts-for-osint-and-pentesting/,content/posts/5-python-scripts-for-osint-and-pentesting.md,article,200,200,True,"index, follow (default)",https://robertdevore.com/5-python-scripts-for-osint-and-pentesting/,200,5 Python Scripts for OSINT and Pentesting | Robert DeVore,57,Everything is insecure and you’re one bad decision away from being p0wn3d harder than you ever have in your entire life. It’s a harsh reality and one you’ve got to accept in full or ignore altogether. I’m from the group…,220,5 Python Scripts for OSINT and Pentesting,H2: Learning Python | H2: Combine TXT files | H2: Email Scraper | H2: Password Cracker(s) | H2: Regex Scanner | H2: XSS Scanner | H2: What’s next? | H2: Related Reading,756,en,2023-08-09,,Robert DeVore,True,BlogPosting; Organization; Person,6,18,13,0,6,0,5,2,False,True,False,False,e13cd8bb9877714ba7f070405f3b5b91eca761df36153614d350b766fe8056f5
baseline,https://robertdevore.com/5-questions-you-must-answer-before-writing-anything/,content/posts/5-questions-you-must-answer-before-writing-anything.md,article,200,200,True,"index, follow (default)",https://robertdevore.com/5-questions-you-must-answer-before-writing-anything/,200,5 Questions You Must Answer Before Writing Anything | Robert DeVore,67,"You know the biggest problem with what people are publishing today? Most people treat AI like a vending machine. Drop in a half-baked prompt, hit enter, and expect magic to come out. They type: “Write a blog post about…",219,5 Questions You Must Answer Before Writing Anything,H2: The 5 Questions That Sharpen Everything | H3: 1. Who is this for – _really_? | H3: 2. What problem are they actively trying to solve? | H3: 3. What belief needs to be broken? | H3: 4. What do you want them to do next? | H3: 5. What’s the sharpest thing you can say? | H2: This Is How You Aim Before You Fire | H2: Bonus: The “Pre-Prompt Primer” | H2: Mic-Drop Takeaway | H2: Related Reading,951,en,2025-05-20,,Robert DeVore,True,BlogPosting; Organization; Person,6,19,2,0,4,0,3,3,False,True,False,False,6a5c671e065c169a412286941b3f4a8bdf9d5c4ccc2bea43b0059142aea57f5e
baseline,https://robertdevore.com/5-things-i-learned-building-my-first-gutenberg-blocks-plugin/,content/posts/5-things-i-learned-building-my-first-gutenberg-blocks-plugin.md,article,200,200,True,"index, follow (default)",https://robertdevore.com/5-things-i-learned-building-my-first-gutenberg-blocks-plugin/,200,5 Things I’ve learned building my first blocks for Gutenberg | Robert DeVore,76,"Over the last few months I've watched as Gutenberg has been developed, silently taking notes, watching for patterns and possible areas to excel in. Then I found that the domain Pillar.Press was available and it snapped…",219,5 Things I’ve learned building my first blocks for Gutenberg,"H2: Building Blocks with Pillar Press | H2: How to use Node.js and NPM | H2: How to use create-guten-block to build a Blocks plugin | H2: The more I use Gutenberg, the more I like it | H2: Things are changing FAST with Gutenberg's impending release | H2: Final thoughts | H2: Related Reading",1191,en,2018-05-14,,Robert DeVore,True,BlogPosting; Organization; Person,5,18,26,0,2,0,1,3,False,True,False,False,c616779363954b11396c8910f63b3eb5464d48ac144a6337d02aef3b2872f073
baseline,https://robertdevore.com/7-days-full-time-wp-dispensary/,content/posts/7-days-full-time-wp-dispensary.md,article,200,200,True,"index, follow (default)",https://robertdevore.com/7-days-full-time-wp-dispensary/,200,7 days full time at WP Dispensary | Robert DeVore,49,There's now been 7 days in the books for me working full time on WP Dispensary and I want to take a little bit of time to talk about what I've been up to. What's been done I made it a point to put some solid hours in…,217,7 days full time at WP Dispensary,"H2: What's been done | H2: Started working on… | H2: Overall, I'm feeling… | H2: Related Reading",840,en,2017-10-03,,Robert DeVore,True,BlogPosting; Organization; Person,6,21,17,0,6,0,5,3,False,True,False,False,9cb8d2af0ee747da4d9eb22ff03bfea84f7597b4d580d83bd6adcc93026182d2
baseline,https://robertdevore.com/about/,content/pages/about.md,page,200,200,True,"index, follow (default)",https://robertdevore.com/about/,200,About | Robert DeVore,21,"Robert DeVore builds software systems, developer tools, programming-language infrastructure, and agentic workflows.",115,About,H2: I build systems that explain themselves | H2: Through-line | H2: Selected surfaces | H3: Field Notes | H3: Projects | H3: Contact,180,en,,,Robert DeVore,False,Organization; WebSite,381,15,2,0,1,0,0,1,False,True,False,False,b48f1e7ab854a31978195f4bf16eca1875e23b154a05cdcd837cbe5d43479159
baseline,https://robertdevore.com/all-in-one-wp-migration-plugin-ddos-attack/,content/posts/all-in-one-wp-migration-plugin-ddos-attack.md,article,200,200,True,"index, follow (default)",https://robertdevore.com/all-in-one-wp-migration-plugin-ddos-attack/,200,WordPress plugin with 5M+ active installs can be utilized in DDoS attacks | Robert DeVore,89,"While doing some vulnerability research for WordPress plugins myself and my clients use, I came across a plugin with 5M+ active installs that can be used in DDoS attacks by non-authenticated users. Let me preface this…",218,WordPress plugin with 5M+ active installs can be utilized in DDoS attacks,H2: How the exploit works | H2: Recommendation to mitigate this issue | H2: My Recommendations for users | H2: Related Reading,815,en,2023-09-30,,Robert DeVore,True,BlogPosting; Organization; Person,6,19,16,0,5,0,4,3,False,True,False,False,8810061943d31c6c20a91202a5c8610abfb315b6366b3facbafb168d2780152a
baseline,https://robertdevore.com/back-to-basics/,content/posts/back-to-basics.md,article,200,200,True,"index, follow (default)",https://robertdevore.com/back-to-basics/,200,Back to Basics | Robert DeVore,30,"I always thought Impostor Syndrome was bullshit. Then I realized I was 6 months in to running WP Dispensary full time and I had no idea what I was doing. Recently, I've been working on WPD v2.0 and have pushed myself to…",220,Back to Basics,"H2: Getting back to the basics | H2: So, what am I gonna do about it? | H2: Related Reading",598,en,2018-04-16,,Robert DeVore,True,BlogPosting; Organization; Person,5,20,9,0,1,0,0,3,False,True,False,False,f20f60e138895b85a5435533d175d66e2a765cbc11dc2bf8ab687c28b90ad03c
baseline,https://robertdevore.com/blog/,templates/page-blog.html,blog-index,200,200,True,"index, follow (default)",https://robertdevore.com/blog/,200,Blog | Robert DeVore,20,"Software systems, developer tools, agentic workflows, and technical writing.",76,Writing,H2: Forever Forward | H2: Zero Cool CLI – A Hacker’s Terminal from 1995 | H2: Stattic v1.0: The World’s Fastest Python-based Static Site Generator | H2: Complete Beginner’s Guide: Building a Python URL Checker for Google Sheets | H2: Grateful to See 20 of My WordPress Plugins Live On at WebDevStudios | H2: I Just Launched a Python Course for PHP Developers | H2: The Fastest Way for PHP Devs to Learn Python | H2: WordPress & WooCommerce plugins I will no longer maintain | H2: Goodbye WordPress: A Eulogy | H2: I Built a Python Stego-Cipher Tool (And You Can Have It) | H2: WP Townhall 13: The Debate Kevin Geary Doesn’t Want You to See | H2: Introducing: Markdown Comments for WordPress®,617,en,,,Robert DeVore,False,Organization; WebSite,531,52,2,0,1,0,0,1,False,True,True,True,304997f8a7f4c55de4b9880d08050f5b6c627de2af51ed6a01cde121a7ff106b
baseline,https://robertdevore.com/blog/page/10/,generated listing/archive,pagination,200,200,True,"index, follow (default)",https://robertdevore.com/blog/page/10/,200,Blog | Robert DeVore,20,"Software systems, developer tools, agentic workflows, and technical writing.",76,Writing,H2: ? hue.js | H2: Set Featured Images Programmatically in WordPress | H2: WP Dispensary: 2 years after the launch | H2: Dispensary Details for WooCommerce | H2: 7 days full time at WP Dispensary | H2: Going all in with WP Dispensary | H2: Enhance the power of your WordPress Custom Post Types | H2: My Brothers Keeper | H2: DocuPress: documentation simplified. | H2: Top Dispensary WordPress Plugins | H2: Hello 2017 | H2: Organized Chaos,639,en,,,Robert DeVore,False,Organization; WebSite,6,55,2,0,1,0,0,3,False,True,True,True,1027754eff87cfa5efa1644a2e0a916dcb55c0809ba473295f0e4aebd3ef469b
baseline,https://robertdevore.com/blog/page/11/,generated listing/archive,pagination,200,200,True,"index, follow (default)",https://robertdevore.com/blog/page/11/,200,Blog | Robert DeVore,20,"Software systems, developer tools, agentic workflows, and technical writing.",76,Writing,H2: Relentless | H2: Chapters for Authors | H2: Twitter Marketing | H2: Invest in Yourself | H2: CannaBiz | H2: Devio Digital | H2: Health Benefits of Cannabis | H2: Recent project updates | H2: Making up for lost time | H2: Slackedd | H2: Patience | H2: WP Dispensary,611,en,,,Robert DeVore,False,Organization; WebSite,5,54,2,0,1,0,0,3,False,True,True,True,9c6458df50ec7f87182464c579f47410b7999b618fd87b6e572928ec427a4caf
baseline,https://robertdevore.com/blog/page/12/,generated listing/archive,pagination,200,200,True,"index, follow (default)",https://robertdevore.com/blog/page/12/,200,Blog | Robert DeVore,20,"Software systems, developer tools, agentic workflows, and technical writing.",76,Writing,H2: Leafly Reviews | H2: Focus | H2: Peddle | H2: MNML | H2: Run a Tor relay | H2: Clean Blog,308,en,,,Robert DeVore,False,Organization; WebSite,12,34,2,0,1,0,0,2,False,True,True,True,9a93b49f4f05218d20a10db26d301ea982aaf3ff839ba439434e2f58c72e9b63
baseline,https://robertdevore.com/blog/page/2/,generated listing/archive,pagination,200,200,True,"index, follow (default)",https://robertdevore.com/blog/page/2/,200,Blog | Robert DeVore,20,"Software systems, developer tools, agentic workflows, and technical writing.",76,Writing,"H2: How I Use TextExpander to Reuse My Best AI Prompts | H2: Introducing: DB Version Control for WordPress | H2: How to build a content engine that scales with you | H2: Tools and Workflows for Formatting, Visuals, and Citations | H2: How to edit AI content so it feels clean, not robotic | H2: How to Build Modular Prompts That Save You Hours Per Week | H2: How to teach AI to match your voice | H2: How to Write Prompts That Get the Tone, Structure, and Intent Right | H2: Introducing automattic.css – An open source CSS Utility Framework | H2: How to Use AI to Research, Validate Ideas, and Stay Relevant | H2: 5 Questions You Must Answer Before Writing Anything | H2: Introducing the Prompts Library – A Playground for AI Creativity",658,en,,,Robert DeVore,False,Organization; WebSite,5,54,2,0,1,0,0,2,False,True,True,True,16b939c54e16d1330d062621fe0397a0bfba3655f714ee9340fe6caac5365cdb
baseline,https://robertdevore.com/blog/page/3/,generated listing/archive,pagination,200,200,True,"index, follow (default)",https://robertdevore.com/blog/page/3/,200,Blog | Robert DeVore,20,"Software systems, developer tools, agentic workflows, and technical writing.",76,Writing,"H2: Just Released: Stattic v.0.3.0 | H2: What Makes Content Beautifully Useful? | H2: Extreme Programming for Extreme Leaders | H2: Plan. Prompt. Publish. A Practical Guide to Creating Beautifully Useful Content with AI | H2: Celebrating GAAD with IMG A11Y v1.1.0 | H2: WordPress Plugin Security Is a Joke, and You’re the Punchline | H2: Use AI to create your own WWF Action Figure Blister Packs | H2: Say Goodbye to WordPress | H2: Don’t Shoot the Messenger: Choose Courage Over Convenience | H2: Kevin Michael Geary: A Hidden History of Hate, Racism, and Bigotry | H2: Open Source is Anarchism in Action | H2: Do Less, Deliver More",587,en,,,Robert DeVore,False,Organization; WebSite,6,55,2,0,1,0,0,2,False,True,True,True,4fa4a527e90bd1c522a820efad3a76bbe474ce268ecb8f0af0c5b0d76395baf7
baseline,https://robertdevore.com/blog/page/4/,generated listing/archive,pagination,200,200,True,"index, follow (default)",https://robertdevore.com/blog/page/4/,200,Blog | Robert DeVore,20,"Software systems, developer tools, agentic workflows, and technical writing.",76,Writing,"H2: LEAP: The Code of Extreme Leadership | H2: Introducing Projects for WordPress®: A Better Way to Showcase Your Work | H2: Rethinking Keyword Research in the Age of AI | H2: Introducing Slop Stopper: A free content checker for WordPress® | H2: Introducing Dispensary Details for WooCommerce® | H2: I’m freelancing again | H2: Stop Gambling With Client Trust: Why Skipping a Security Audit Is a Risk You Can’t Afford | H2: Introducing an experimental new plugin: Email Designer for WooCommerce® | H2: BoostBox: Free Popups That Work, Pro Popups That Convert | H2: Introducing Pattern Pal: AI-Powered Patterns for WordPress® | H2: Introducing Digg This: A social sharing plugin for WordPress® | H2: Why WordPress Plugin Developers Need Security Audits",603,en,,,Robert DeVore,False,Organization; WebSite,6,56,2,0,1,0,0,3,False,True,True,True,59eca8d457ca254e2f91db0ff56f93015cdc7a85f87c68ee6c8f327ed17fb3f1
baseline,https://robertdevore.com/blog/page/5/,generated listing/archive,pagination,200,200,True,"index, follow (default)",https://robertdevore.com/blog/page/5/,200,Blog | Robert DeVore,20,"Software systems, developer tools, agentic workflows, and technical writing.",76,Writing,"H2: How a Security Audit Can Save Your E-Commerce Store from Disaster | H2: IntelliPress: The Smart AF AI Assistant for WordPress® | H2: Hello, Plugin Pal: Your AI Powered Plugin Generator for WordPress® | H2: Introducing Broken Image Scanner | H2: How to Block Website Tracking Data in WooCommerce® | H2: Introducing Block AI Crawlers for WordPress® | H2: Honoring Jesse Petersen with the Revival of “Stealth Login Page” | H2: December 2024: A Retrospective | H2: Reusable Flask Error Handling: A Step-by-Step Guide to Modular HTTP Error Responses | H2: Introducing SEO for WordPress® | H2: Introducing Delete Inactive Users | H2: How to Stop Your Plugins & Themes from Being Used on WordPress.com Hosting",584,en,,,Robert DeVore,False,Organization; WebSite,6,56,2,0,1,0,0,3,False,True,True,True,3122254aa1b2e359471583c6e3196865f239074872e965692e50d7e97e057de8
baseline,https://robertdevore.com/blog/page/6/,generated listing/archive,pagination,200,200,True,"index, follow (default)",https://robertdevore.com/blog/page/6/,200,Blog | Robert DeVore,20,"Software systems, developer tools, agentic workflows, and technical writing.",76,Writing,H2: Host Your WordPress Plugins on GitHub and Automate Plugin Packaging | H2: Introducing HPOS Compatibility Scanner for WooCommerce® (free) | H2: Introducing Shipping Multiple Addresses for WooCommerce® (free) | H2: Introducing IMG A11Y | H2: Introducing Vertical Gallery Product Display for WooCommerce® | H2: Introducing Site Vitals for WordPress® | H2: Introducing Associated Taxonomies for WordPress® | H2: Introducing Maintenance Mode for WordPress® | H2: Introducing Persistent Dismissible Notices | H2: Introducing Test Orders for WooCommerce® | H2: Introducing Media File Versioning for WordPress® | H2: Introducing Purchase Orders for WooCommerce® (free),538,en,,,Robert DeVore,False,Organization; WebSite,6,56,2,0,1,0,0,4,False,True,True,True,ad62fa53616ab9e879360a103b96cc016da9a91a176692995b46f9801e9b4811
baseline,https://robertdevore.com/blog/page/7/,generated listing/archive,pagination,200,200,True,"index, follow (default)",https://robertdevore.com/blog/page/7/,200,Blog | Robert DeVore,20,"Software systems, developer tools, agentic workflows, and technical writing.",76,Writing,H2: Introducing Table Block Enhancer for WordPress® | H2: Introducing Metadata Import/Export for Yoast SEO | H2: Introducing Bluesky Feed for WordPress® | H2: Introducing Media Copyright Scanner | H2: Introducing Stats for WordPress® | H2: Introducing Bulk Stock Management for WooCommerce® (free) | H2: Introducing Barcodes for WooCommerce® (free) | H2: Introducing Brands for WooCommerce® (free) | H2: Just Released: Customer Loyalty for WooCommerce® v2.0.0! | H2: Introducing the Module Usage Tracker for WP Bakery | H2: Introducing Markdown Exporter for WordPress® | H2: Introducing BenchPress: Performance Benchmarks for WordPress®,555,en,,,Robert DeVore,False,Organization; WebSite,6,56,2,0,1,0,0,4,False,True,True,True,4bfe337ada209c6d39d2f2c28cbc6e5e0b9d52a3b7c22f96e7e106d04bcf81c7
baseline,https://robertdevore.com/blog/page/8/,generated listing/archive,pagination,200,200,True,"index, follow (default)",https://robertdevore.com/blog/page/8/,200,Blog | Robert DeVore,20,"Software systems, developer tools, agentic workflows, and technical writing.",76,Writing,H2: Introducing Content Restriction for WordPress® | H2: Introducing Widget Usage Tracker for Elementor | H2: Introducing Gift Cards for WooCommerce® (free) | H2: Release Notes: Back In Stock Notifications for WooCommerce® (free) v1.0.1 | H2: Introducing Back In Stock Notifications for WooCommerce® | H2: Introducing Gallery Modals: Enhance Your WordPress® Galleries with Stunning Popups! | H2: Introducing the User Login Status Plugin for WordPress | H2: WTF is WordPress? | H2: Introducing the Phlush Permalinks WordPress Plugin | H2: Introducing BoostBox: The 1st WordPress popup builder for the core editor | H2: Improve CLS scores by dynamically setting image width and height | H2: WordPress plugin with 5M+ active installs can be utilized in DDoS attacks,588,en,,,Robert DeVore,False,Organization; WebSite,6,56,2,0,1,0,0,4,False,True,True,True,9d29c1a8b16a7a5dfbbc8164cd4b2c436584c2c076dccb4535cb288b9500c7c9
baseline,https://robertdevore.com/blog/page/9/,generated listing/archive,pagination,200,200,True,"index, follow (default)",https://robertdevore.com/blog/page/9/,200,Blog | Robert DeVore,20,"Software systems, developer tools, agentic workflows, and technical writing.",76,Writing,"H2: 5 Python Scripts for OSINT and Pentesting | H2: Introducing IntelliPress: The Smart Ai Assistant for WordPress | H2: Creating my own cipher code | H2: “How hungry are you?” | H2: The past, present and future of WP Dispensary | H2: How to customize the style of your WordPress login screen | H2: Going all in: One year later | H2: Delivery Drivers for WooCommerce | H2: Thank You WordPress | H2: 5 Things I’ve learned building my first blocks for Gutenberg | H2: Back to Basics | H2: WP Dispensary v2.0 is being released on 4/20",638,en,,,Robert DeVore,False,Organization; WebSite,6,56,2,0,1,0,0,4,False,True,True,True,0fb68a6c945c488882aac2bd9db05b755859260b22f8f3c551b29dcc71cd44ce
baseline,https://robertdevore.com/boostbox-free-popups-that-work-pro-popups-that-convert/,content/posts/boostbox-free-popups-that-work-pro-popups-that-convert.md,article,200,200,True,"index, follow (default)",https://robertdevore.com/boostbox-free-popups-that-work-pro-popups-that-convert/,200,"BoostBox: Free Popups That Work, Pro Popups That Convert | Robert DeVore",72,"Popups are fucking powerful – when they don’t suck. The problem? Most popup plugins are bloated, slow, and designed by people who clearly hate web performance . They force you into some janky drag-and-drop builder, load…",220,"BoostBox: Free Popups That Work, Pro Popups That Convert","H2: 1. It Works Inside the WordPress® Editor, Like It Fucking Should | H2: 2. Smart Popups, Not Annoying Popups | H2: 3. Design It However the Hell You Want | H2: 4. Fast as Fuck | H2: 5. Free Forever (But Pro Takes It to the Next Level) | H3: Why Go Pro? | H2: Final Thoughts: Get BoostBox, Then Get Paid | H2: Related Reading",754,en,2025-02-11,,Robert DeVore,True,BlogPosting; Organization; Person,5,23,8,5,6,0,5,3,False,True,False,False,dac55691d924dd2c67c6d2c98a4d5e604ffe8c7a351de52d72326763752af525
baseline,https://robertdevore.com/boostbox-wordpress-popup-builder-for-the-core-editor/,content/posts/boostbox-wordpress-popup-builder-for-the-core-editor.md,article,200,200,True,"index, follow (default)",https://robertdevore.com/boostbox-wordpress-popup-builder-for-the-core-editor/,200,Introducing BoostBox: The 1st WordPress popup builder for the core editor | Robert DeVore,89,What better way to start off the year than to release a free WordPress plugin that lets you design your popups using the core WordPress editor? That’s exactly what I’m doing today – say hello to BoostBox 😎 Whether you…,218,Introducing BoostBox: The 1st WordPress popup builder for the core editor,H2: Why build _another popup plugin_ for WordPress? | H2: BoostBox Admin Settings | H2: Popup Display Settings | H2: BoostBox Popup Settings | H2: BoostBox works great with your favorite FSE WordPress theme | H3: Ollie + BoostBox | H3: Powder + BoostBox | H3: Kadence + BoostBox | H3: Twenty Twenty-Four + BoostBox | H2: Download the BoostBox plugin | H2: What’s next? | H2: Related Reading,1652,en,2024-01-11,,Robert DeVore,True,BlogPosting; Organization; Person,5,18,24,0,20,0,19,3,False,True,False,False,f743489d26dd342c36526b3206e4e0b1d7f045411218e8aa9bbc8e8ec1e553ef
baseline,https://robertdevore.com/cannabis-health-benefits/,content/posts/cannabis-health-benefits.md,article,200,200,True,"index, follow (default)",https://robertdevore.com/cannabis-health-benefits/,200,Health Benefits of Cannabis | Robert DeVore,43,"Nature is mans best medicine, even when those who benefit off of sick people tell you otherwise. Within the marijuana plant there are two main properties, cannabidiol (CBD) — which works without the 'high' effect - and…",219,Health Benefits of Cannabis,H2: Medical studies on the effects of cannabis | H3: 1. Anti-cancer effects | H3: 2. Control over epileptic seizures | H3: 3. Post-traumatic stress disorder | H3: 4. Prevent Alzheimer's | H3: 5. Multiple benefits for HIV patients | H2: Additional marijuana success stories | H3: Helping dispensaries grow online business | H2: Related Reading,1465,en,2016-04-20,,Robert DeVore,True,BlogPosting; Organization; Person,5,18,27,0,1,0,0,3,False,True,False,False,2e272bfb18e8cebe4d3b768961aef61ca8cedbb183e096b6319c9bc7bbb20322
baseline,https://robertdevore.com/cannabiz/,content/posts/cannabiz.md,article,200,200,True,"index, follow (default)",https://robertdevore.com/cannabiz/,200,CannaBiz | Robert DeVore,24,"After building the WP Dispensary plugin and and add-on's like MMJMenu Sync, WooCommerce Connect, Inventory Management, & Locations it was time to work on a top shelf theme that brings the entire package together. Last…",218,CannaBiz,H2: CannaBiz Features | H2: Current Version | H2: The future of WP Dispensary | H2: Related Reading,739,en,2016-06-14,,Robert DeVore,True,BlogPosting; Organization; Person,8,19,22,0,4,0,3,3,False,True,False,False,1ecbd4baa1e28fde8389e272af4402514d48d87cbd5f248d863e5f5548f3bd92
baseline,https://robertdevore.com/category/,generated listing/archive,category-archive,200,200,True,"index, follow (default)",https://robertdevore.com/category/,200,Category | Robert DeVore,24,"Software systems, developer tools, agentic workflows, and technical writing.",76,Categories,H2: Developer Tools | H2: WordPress | H2: AI & Content Systems | H2: Engineering Archive | H2: Field Notes,131,en,,,Robert DeVore,False,Organization; WebSite,0,27,2,0,1,0,0,unreachable,True,True,False,True,966d906572b612b86c07adcb29f393427ea9313764c56270e5ba3399fdce7bd0
baseline,https://robertdevore.com/category/ai-content-systems/,content/category/ai-content-systems.md,category-archive,200,200,True,"index, follow (default)",https://robertdevore.com/category/ai-content-systems/,200,AI & Content Systems | Robert DeVore,36,Writing filed under AI & Content Systems.,41,AI & Content Systems,H2: Articles,144,en,2025-05-27,,Robert DeVore,False,BlogPosting; Organization; Person,3,25,2,0,1,0,0,unreachable,False,True,False,False,528ecc1a312898558db507ab3a7350600a0380cd14f56b61481c9ba72606576d
baseline,https://robertdevore.com/category/developer-tools/,content/category/developer-tools.md,category-archive,200,200,True,"index, follow (default)",https://robertdevore.com/category/developer-tools/,200,Developer Tools | Robert DeVore,31,Writing filed under Developer Tools.,36,Developer Tools,H2: Articles,87,en,2025-07-03,,Robert DeVore,False,BlogPosting; Organization; Person,3,22,2,0,1,0,0,unreachable,False,True,False,False,464058d186343a62520d9662f559f6663a2297fdbd4b6bf815bf74c291fc011f
baseline,https://robertdevore.com/category/engineering-archive/,content/category/engineering-archive.md,category-archive,200,200,True,"index, follow (default)",https://robertdevore.com/category/engineering-archive/,200,Engineering Archive | Robert DeVore,35,Writing filed under Engineering Archive.,40,Engineering Archive,H2: Articles,17,en,2016-12-20,,Robert DeVore,False,BlogPosting; Organization; Person,3,15,2,0,1,0,0,unreachable,False,True,False,False,efb606886d71ef50198c0feb549e5a57ff56d2a14d69c1b2db381b03ade5c38a
baseline,https://robertdevore.com/category/field-notes/,content/category/field-notes.md,category-archive,200,200,True,"index, follow (default)",https://robertdevore.com/category/field-notes/,200,Field Notes | Robert DeVore,27,Writing filed under Field Notes.,32,Field Notes,H2: Articles,9,en,2016-06-21,,Robert DeVore,False,BlogPosting; Organization; Person,3,13,2,0,1,0,0,unreachable,False,True,False,False,6250d74f325846f4c3610cbcafdce184497ad38c7f100a259599c0ddba84a8bc
baseline,https://robertdevore.com/category/wordpress-archive/,content/category/wordpress-archive.md,category-archive,200,200,True,"index, follow (default)",https://robertdevore.com/category/wordpress-archive/,200,WordPress | Robert DeVore,25,Writing filed under WordPress.,30,WordPress,H2: Articles,811,en,2025-06-20,,Robert DeVore,False,BlogPosting; Organization; Person,3,122,2,0,1,0,0,unreachable,False,True,True,True,aaa2cd8896c9b50c088239a39845b8e8682ff5d1c5310260576d59e354dbc6c9
baseline,https://robertdevore.com/celebrating-gaad-with-img-a11y-v1-1-0/,content/posts/celebrating-gaad-with-img-a11y-v1-1-0.md,article,200,200,True,"index, follow (default)",https://robertdevore.com/celebrating-gaad-with-img-a11y-v1-1-0/,200,Celebrating GAAD with IMG A11Y v1.1.0 | Robert DeVore,53,"Today is Global Accessibility Awareness Day (GAAD) , and I’m celebrating the only way I know how: shipping code that actually helps. I pledged time with Equalize Digital to focus my time on the IMG A11Y plugin, and…",215,Celebrating GAAD with IMG A11Y v1.1.0,"H2: What is GAAD? | H2: IMG A11Y v1.1.0 – Small Changes, Big Impact | H3: 🚫 Removed A11Y Options for Non-Image Media | H3: 🔍 Elementor Support Added | H2: Why This Matters | H2: Why I’m Doing This | H2: How You Can Help | H2: Related Reading",585,en,2025-05-15,,Robert DeVore,True,BlogPosting; Organization; Person,5,21,5,3,1,0,0,3,False,True,False,False,28bf00d6e3c210df760dbba4fb5adbb90b21103200c042189ea069ac4b7670d1
baseline,https://robertdevore.com/chapters-for-authors-wordpress-plugin/,content/posts/chapters-for-authors-wordpress-plugin.md,article,200,200,True,"index, follow (default)",https://robertdevore.com/chapters-for-authors-wordpress-plugin/,200,Chapters for Authors | Robert DeVore,36,It's amazing what you can come up with randomly over the weekend while doing a dozen other things ? Case in point - Chapters for Authors ? This is a new plugin I built from an idea I got when I read a tweet from Ines…,217,Chapters for Authors,H2: Installing Chapters for Authors | H2: Creating Chapters | H3: Books | H3: Characters | H3: Introduction Quotes | H2: Thank yous | H2: The road ahead | H2: Related Reading,796,en,2016-09-27,,Robert DeVore,True,BlogPosting; Organization; Person,6,19,16,0,5,0,4,3,False,True,False,False,ac6d8fa3438edf759305a62a90aadbf8f01ea50bac1e3b26915cae8b0c7ea320
baseline,https://robertdevore.com/clean-blog-free-wordpress-theme/,content/posts/clean-blog-free-wordpress-theme.md,article,200,200,True,"index, follow (default)",https://robertdevore.com/clean-blog-free-wordpress-theme/,200,Clean Blog | Robert DeVore,26,"Today, I am releasing my first official open source WordPress theme. I've worked with WordPress for years, but have never created anything that is free to download … until now. Being able to create open source projects,…",220,Clean Blog,H2: Demo & Download | H2: Under the hood | H2: Credits & Thank-you's | H2: The road ahead | H2: Related Reading,1321,en,2015-08-07,,Robert DeVore,True,BlogPosting; Organization; Person,10,19,20,0,6,0,5,3,False,True,False,False,a9989493daebccd9d8992f1d17ed3f09d7f6d13a7299bd4372256bc5863a77dc
baseline,https://robertdevore.com/complete-beginners-guide-building-a-python-url-checker-for-google-sheets/,content/posts/complete-beginners-guide-building-a-python-url-checker-for-google-sheets.md,article,200,200,True,"index, follow (default)",https://robertdevore.com/complete-beginners-guide-building-a-python-url-checker-for-google-sheets/,200,Complete Beginner’s Guide: Building a Python URL Checker for Google Sheets | Robert DeVore,90,Don’t worry if you’ve never written Python before! This tutorial will explain every single line of code so you understand exactly what’s happening. Think of this like you’re building with LEGO blocks – we’ll add one…,216,Complete Beginner’s Guide: Building a Python URL Checker for Google Sheets,H2: What We’re Building (In Simple Terms) | H2: Before We Start: What You’ll Need | H2: Part 1: The Shopping List (Imports) | H2: Part 2: Setting Up Our Configuration (The Settings) | H2: Part 3: Connecting to Google Sheets (The Handshake) | H2: Part 4: Building Our Memory System (Progress Tracking) | H3: Function 1: Remembering Where We Left Off | H3: Function 2: Saving Our Progress | H2: Part 5: The Website Checker (The Core Function) | H2: Part 6: The Main Brain (The check_urls Function) | H3: Getting Started and Loading Data | H3: Checking If We’re Done | H3: Calculating Our Batch | H3: Processing Each URL | H3: Saving Results and Planning Next Steps | H2: Part 7: Starting the Engine | H2: The Complete Script (With Comments) | H2: How to Use This Script | H2: What You’ve Learned | H2: Related Reading,2503,en,2025-06-19,,Robert DeVore,True,BlogPosting; Organization; Person,16,18,3,0,2,0,1,2,False,True,False,False,2990cb2d20605bbfe94f62812b1f104dd34b57bdc874a4b0d03ce72c2e3280b4
baseline,https://robertdevore.com/contact/,content/pages/contact.md,page,200,200,True,"index, follow (default)",https://robertdevore.com/contact/,200,Contact | Robert DeVore,23,"Contact Robert DeVore about software systems, developer tools, agent workflows, publishing, and open-source work.",113,Contact,H2: Send the useful context first | H2: Useful subjects,115,en,,,Robert DeVore,False,Organization; WebSite,381,12,2,0,1,0,0,1,False,True,False,False,76c8642b7e69729c5734afe7cbeadc8427b6a0b423aa7623e95e94a2197e6e0a
baseline,https://robertdevore.com/creating-my-own-cipher-code/,content/posts/creating-my-own-cipher-code.md,article,200,200,True,"index, follow (default)",https://robertdevore.com/creating-my-own-cipher-code/,200,Creating my own cipher code | Robert DeVore,43,"I can’t remember what sparked the idea, but I got bit by a strong urge to create my own cipher. Maybe it’s all the spy shit I watch on TV 😂 Regardless, I knew that there were a couple of things that I needed to figure…",218,Creating my own cipher code,H2: Example Use Case: | H2: Taking it further | H3: Embedded in an image? | H2: Related Reading,743,en,2022-11-28,,Robert DeVore,True,BlogPosting; Organization; Person,7,18,8,0,1,0,0,3,False,True,False,False,eb84b240f668db68f8a267eee7481f57bbf9a26cca29ced44b047ca0ed8c16a5
baseline,https://robertdevore.com/customer-loyalty-for-woocommerce-v2/,content/posts/customer-loyalty-for-woocommerce-v2.md,article,200,200,True,"index, follow (default)",https://robertdevore.com/customer-loyalty-for-woocommerce-v2/,200,Just Released: Customer Loyalty for WooCommerce® v2.0.0! | Robert DeVore,72,"Welcome to another edition of #WooWednesday ! This week, I’m excited to unveil a significant update to Customer Loyalty for WooCommerce® with the release of version 2.0.0 . I’m committed to bringing you feature-rich,…",217,Just Released: Customer Loyalty for WooCommerce® v2.0.0!,H2: What’s New in Version 2.0.0 | H2: How to Use Customer Loyalty for WooCommerce | H2: What to Expect in 2025 | H2: Related Reading,744,en,2024-11-13,,Robert DeVore,True,BlogPosting; Organization; Person,6,19,8,0,7,0,6,3,False,True,False,False,e6e1a6ee294701f488928a5b6d6845b768b945179081d8540778706dff4a1501
baseline,https://robertdevore.com/db-version-control-wordpress-plugin/,content/posts/db-version-control-wordpress-plugin.md,article,200,200,True,"index, follow (default)",https://robertdevore.com/db-version-control-wordpress-plugin/,200,Introducing: DB Version Control for WordPress | Robert DeVore,61,"Finally, a WordPress plugin that treats your content like code. After years of wrestling with database dumps, manual content migrations, and the constant fear of losing site changes, I’m excited to introduce DB Version…",219,Introducing: DB Version Control for WordPress,H2: The Problem We All Face | H2: A Git-Native Approach to WordPress Content | H3: Here’s How It Works | H2: Real-World Impact: A Success Story | H2: Key Features That Set It Apart | H3: 🎯 Intelligent Content Export | H3: ⚡ Enterprise-Grade Performance | H3: 🔐 Security First | H3: 🛠️ Developer Friendly | H2: Game-Changing Workflows | H3: The Team Collaboration Workflow | H3: The Automated Deployment Pipeline | H3: The Environment Sync Workflow | H2: Beyond WordPress: Universal Version Control | H2: Performance That Scales | H3: Recommended Batch Sizes | H3: Built-in Safeguards | H2: The Technical Architecture | H3: File Organization | H3: JSON Structure | H2: Extending the Plugin | H3: Custom Post Type Integration | H3: Data Modification | H3: Custom Export Triggers | H2: Who This Plugin Is For | H3: Development Teams | H3: WordPress Agencies | H3: DevOps Engineers | H3: Content Teams | H2: Getting Started Today | H3: Quick Installation | H3: WP-CLI Integration | H3: Git Integration | H2: The Future of WordPress Content Management | H3: What’s Next | H3: Community Driven | H2: Real-World Benefits | H3: For Developers | H3: For Agencies | H3: For Content Teams | H2: Technical Requirements | H2: Security Considerations | H2: Support and Documentation | H2: Conclusion: A New Era for WordPress | H2: Related Reading,1678,en,2025-05-28,,Robert DeVore,True,BlogPosting; Organization; Person,5,18,6,0,2,0,1,3,False,True,False,False,9525a2fd7cd99b2dea6dc11e438fa55c495595feb4e46470feeb9e87c4a133ae
baseline,https://robertdevore.com/december-2024-a-retrospective/,content/posts/december-2024-a-retrospective.md,article,200,200,True,"index, follow (default)",https://robertdevore.com/december-2024-a-retrospective/,200,December 2024: A Retrospective | Robert DeVore,46,"Talk about a December to Remember , amirite? 😂💪💯 In November of 2024 I started releasing free WordPress® and WooCommerce® plugins, and I liked the way it felt. So I decided to do some more of that in December. I called…",219,December 2024: A Retrospective,"H2: But first, was it a “December to Remember”? | H2: New Plugins | H2: Plugin Updates | H2: Fun Projects | H2: Scripts & Things | H2: Features | H2: Chaos | H2: So, what now? | H3: WordPress & WooCommerce Plugins | H3: Security Audits & Bug Bounties | H2: Stattic & decentralized publishing | H2: 2025 & Beyond | H2: Related Reading",2266,en,2025-01-04,,Robert DeVore,True,BlogPosting; Organization; Person,7,42,46,3,8,0,7,3,False,True,False,False,081d22aedce89aa03f9b007a35c9f7fd5e1b0445114583093a3dc25240cb90da
baseline,https://robertdevore.com/delivery-drivers-for-woocommerce/,content/posts/delivery-drivers-for-woocommerce.md,article,200,200,True,"index, follow (default)",https://robertdevore.com/delivery-drivers-for-woocommerce/,200,Delivery Drivers for WooCommerce | Robert DeVore,48,"Today I am happy to announce the release of my newest open source plugin, Delivery Drivers for WooCommerce . As you can probably guess by the name, it's a plugin for WooCommerce that adds functionality for businesses…",217,Delivery Drivers for WooCommerce,H2: Delivery Businesses & WooCommerce | H2: How the plugin works | H3: Delivery Drivers WooCommerce Settings | H3: Assigning a driver to each order | H2: Drivers Capabilities | H3: Views from the Driver dashboard | H3: Order status management by your drivers | H3: Order Status management | H2: Delivery Drivers for WooCommerce PRO | H2: Download the Delivery Drivers for WooCommerce Plugin | H2: Related Reading,1014,en,2018-09-14,,Robert DeVore,True,BlogPosting; Organization; Person,7,19,9,0,7,0,6,3,False,True,False,False,b4c0d9a510e89ded280c9b6732d6297eca9affdfd7b7da641fbd78ce43dc16a6
baseline,https://robertdevore.com/devio-digital/,content/posts/devio-digital.md,article,200,200,True,"index, follow (default)",https://robertdevore.com/devio-digital/,200,Devio Digital | Robert DeVore,29,It's taken me three tries to sit here and begin writing this blog post. I've put so much of myself into my work these last six months that I am feeling something unique to me; pride in myself and my work. Over the last…,219,Devio Digital,H2: #opensource saved my life | H2: Why WordPress? | H2: Where Devio Digital comes into play | H2: What can I do for you? | H2: Related Reading,939,en,2016-05-11,,Robert DeVore,True,BlogPosting; Organization; Person,5,22,10,0,2,0,1,3,False,True,False,False,ab26a292c28248eb839d7477a5e19d91bc038f175b2042ef5bfe3e3698194948
baseline,https://robertdevore.com/dispensary-wordpress-plugins-2017/,content/posts/dispensary-wordpress-plugins-2017.md,article,200,200,True,"index, follow (default)",https://robertdevore.com/dispensary-wordpress-plugins-2017/,200,Top Dispensary WordPress Plugins | Robert DeVore,48,Notice: This post has been updated for 2018. Within the last few months we've seen medical and recreational marijuana laws pass in 8 out of 9 states. This means there is going to be an influx of websites being built for…,220,Top Dispensary WordPress Plugins,H2: WordPress SEO Plugins | H3: Yoast SEO | H2: WordPress Backup Plugins | H3: UpdraftPlus | H2: WordPress Security Plugins | H3: Wordfence | H2: WordPress Dispensary Plugins | H3: WP Dispensary | H2: WordPress Social Media Plugins | H3: MashShare | H2: Final notes | H2: Related Reading,787,en,2017-01-18,,Robert DeVore,True,BlogPosting; Organization; Person,6,20,34,0,6,0,5,3,False,True,False,False,0b4856a9c832ab6292e2bf33b05f773e15293d529e9e93ce3926b43c19a64bd1
baseline,https://robertdevore.com/do-less-deliver-more/,content/posts/do-less-deliver-more.md,article,200,200,True,"index, follow (default)",https://robertdevore.com/do-less-deliver-more/,200,"Do Less, Deliver More | Robert DeVore",37,"There's a lie that's been passed around in every business Slack channel, every ""educational"" YouTube video, every founder AMA: Do more to get ahead. ✅ More features. ✅ More tasks. ✅ More tools. ✅ More outreach. ✅ More…",218,"Do Less, Deliver More",H2: Focus | H2: Cut More | H2: Ship Less | H2: Drop the Vanity | H2: Own the Outcome | H2: What’s Next? | H2: Related Reading,1289,en,2025-04-21,,Robert DeVore,True,BlogPosting; Organization; Person,8,18,3,0,7,0,6,2,False,True,False,False,91da02aaceee348baa35883a0bbe1956ffd4dc25054e3c84d710f96dbfd4d078
baseline,https://robertdevore.com/docupress-documentation-plugin-for-wordpress/,content/posts/docupress-documentation-plugin-for-wordpress.md,article,200,200,True,"index, follow (default)",https://robertdevore.com/docupress-documentation-plugin-for-wordpress/,200,DocuPress: documentation simplified. | Robert DeVore,52,"DocuPress is a documentation plugin for WordPress that lets you, you guessed it , add documentation directly from your website's WordPress dashboard. This is the 6th free plugin I've released in the WordPress plugin…",216,DocuPress: documentation simplified.,H2: Why build a documentation plugin? | H2: What does DocuPress actually do? | H3: In the pipeline | H2: DocuPress Demo | H2: Where can I download DocuPress? | H2: Related Reading,612,en,2017-05-12,,Robert DeVore,True,BlogPosting; Organization; Person,6,19,11,0,4,0,3,3,False,True,False,False,5163aa2e8bbeaae158059261d706a258d476bd28898ece001a3fd0cc2a128026
baseline,https://robertdevore.com/dont-shoot-the-messenger-choose-courage-over-convenience/,content/posts/dont-shoot-the-messenger-choose-courage-over-convenience.md,article,200,200,True,"index, follow (default)",https://robertdevore.com/dont-shoot-the-messenger-choose-courage-over-convenience/,200,Don’t Shoot the Messenger: Choose Courage Over Convenience | Robert DeVore,74,"Over recent days, there’s been a lot of noise around my exchange with Kevin Geary, from the WP Townhall Debate on YouTube , to the public knowledge I gathered about his history of hate and racism and shared on social…",217,Don’t Shoot the Messenger: Choose Courage Over Convenience,H2: Why Tone Policing is a Red Flag | H2: Kevin Michael Geary | H3: Early Career | H3: Mid-Career Moves | H3: Recent Actions | H2: The Dust-Up | H2: Why This Matters Beyond Kevin | H2: We Need Clarity Over Comfort | H2: Related Reading,920,en,2025-04-29,,Robert DeVore,True,BlogPosting; Organization; Person,5,22,8,1,6,0,5,3,False,True,False,False,aceb0923b57f9e826d32b4af8599e8186e181d9b13cd652f0b4e3077ad2de6d0
baseline,https://robertdevore.com/extreme-programming-for-extreme-leaders/,content/posts/extreme-programming-for-extreme-leaders.md,article,200,200,True,"index, follow (default)",https://robertdevore.com/extreme-programming-for-extreme-leaders/,200,Extreme Programming for Extreme Leaders | Robert DeVore,55,"How disciplined developers ship faster, adapt smarter, and lead with code You don’t need permission. You don’t need a bloated roadmap or a management playbook. You need clarity, decisiveness, and the ability to turn…",216,Extreme Programming for Extreme Leaders,"H2: How disciplined developers ship faster, adapt smarter, and lead with code | H3: What is Extreme Programming? | H3: Why Extreme Leaders Should Care | H3: Core XP Principles That Map to Leadership | H3: XP Practices to Integrate Into Your Workflow | H3: When to Make It Your Own | H3: I’ll leave you with this… | H2: Related Reading",741,en,2025-05-18,,Robert DeVore,True,BlogPosting; Organization; Person,8,21,4,1,6,0,5,2,False,True,False,False,926fe04756306b76cdffdb6e07b79159615e2fb45a49c11c494b93920a85969e
baseline,https://robertdevore.com/focus/,content/posts/focus.md,article,200,200,True,"index, follow (default)",https://robertdevore.com/focus/,200,Focus | Robert DeVore,21,"One question I've been asking myself lately is, how productive can you really claim to be if you 're not seeing results from your work ? Being motivated is great, and finding yourself putting a lot of rubber to the road…",220,Focus,H2: Finding Success | H2: Becoming an expert | H2: Related Reading,926,en,2015-10-07,,Robert DeVore,True,BlogPosting; Organization; Person,8,18,6,0,1,0,0,3,False,True,False,False,f25a13086950d705bc65370d1ae80f353cf16d10e2ec9bb40e63efed0256b45b
baseline,https://robertdevore.com/forever-forward/,content/posts/forever-forward.md,article,200,200,True,"index, follow (default)",https://robertdevore.com/forever-forward/,200,Forever Forward | Robert DeVore,31,"I have been mostly quiet online for the last year. A lot of life fit inside the quiet silence. Most importantly, I gave myself room to think.",141,Forever Forward,H2: What I brought back | H2: After the software factory | H2: The Jidoka Files | H2: Extreme leadership made functional | H2: Building something that can outlive me | H2: Coming back different | H2: Related Reading,1979,en,2026-08-08,,Robert DeVore,True,BlogPosting; Organization; Person,39,21,9,0,1,0,0,1,False,True,False,False,5b6048fbafd2c77a1425e64f1cf2bbd495b422db69f5c3361a9433fec4879878
baseline,https://robertdevore.com/going-all-in-one-year-later/,content/posts/going-all-in-one-year-later.md,article,200,200,True,"index, follow (default)",https://robertdevore.com/going-all-in-one-year-later/,200,Going all in: One year later | Robert DeVore,44,"On this day last year I went all in with WP Dispensary, leaving behind 10+ years of full time freelancing. It was one of the most exciting times in my life, both professionally and personally. I felt a huge weight…",214,Going all in: One year later,H2: I've learned a lot in the last year | H3: When life gets in the way | H3: I've been freelancing again | H3: Do I feel like a failure? | H2: Adjusting to the changes | H3: It's time for multiple streams of income | H2: My Next Steps | H3: Freelance WordPress Development | H2: Related Reading,1245,en,2018-09-26,,Robert DeVore,True,BlogPosting; Organization; Person,6,23,25,0,3,0,2,3,False,True,False,False,6e9eba2880deb234afc2589bd8d13472138530a9de152e8d70a004ed1fafcde1
baseline,https://robertdevore.com/going-all-in-with-wp-dispensary/,content/posts/going-all-in-with-wp-dispensary.md,article,200,200,True,"index, follow (default)",https://robertdevore.com/going-all-in-with-wp-dispensary/,200,Going all in with WP Dispensary | Robert DeVore,47,"If not now, then when? Today is the day I start working full time on my own product! 90 days until Christmas 🙌 What are you doing to make the most of the time left? I'm going full time at @WPDispensary starting today…",217,Going all in with WP Dispensary,H2: Taking the plunge | H2: Will it work? | H2: Follow along | H2: Related Reading,629,en,2017-09-26,,Robert DeVore,True,BlogPosting; Organization; Person,12,21,14,0,1,0,0,3,False,True,False,False,724681be323c4acf8ab4d561c54e3611309e0965835dcec64752a3fa315dba71
baseline,https://robertdevore.com/goodbye-wordpress-a-eulogy/,content/posts/goodbye-wordpress-a-eulogy.md,article,200,200,True,"index, follow (default)",https://robertdevore.com/goodbye-wordpress-a-eulogy/,200,Goodbye WordPress: A Eulogy | Robert DeVore,43,"From “ Thank You WordPress “, to “ WTF is WordPress? “, to this. The day WordPress becomes dead to me. From this day forward, I will not freely write another line of code for the WordPress® platform. No more releasing…",218,Goodbye WordPress: A Eulogy,H2: Let me be blunt | H2: All’s fair in love and war | H2: Here’s where I’m at now | H2: What’s next? | H2: Related Reading,1194,en,2025-06-09,,Robert DeVore,True,BlogPosting; Organization; Person,7,26,19,4,1,0,0,2,False,True,False,False,aab9cfd2ced3367e99e0ad84728afbac9978a62cdd08c1dcf0f363cbcc68d90a
baseline,https://robertdevore.com/grateful-to-see-21-of-my-wordpress-plugins-live-on-at-webdevstudios/,content/posts/grateful-to-see-21-of-my-wordpress-plugins-live-on-at-webdevstudios.md,article,200,200,True,"index, follow (default)",https://robertdevore.com/grateful-to-see-21-of-my-wordpress-plugins-live-on-at-webdevstudios/,200,Grateful to See 20 of My WordPress Plugins Live On at WebDevStudios | Robert DeVore,83,"A little over a week ago, I announced that I was stepping away from the WordPress® community and giving away all of my open source plugins. It wasn’t a light decision, but it was the right one for me. Today, I want to…",218,Grateful to See 20 of My WordPress Plugins Live On at WebDevStudios,H2: Here are the plugins WebDevStudios now maintains: | H2: Related Reading,463,en,2025-06-19,,Robert DeVore,True,BlogPosting; Organization; Person,115,19,26,0,1,0,0,2,False,True,False,False,94405321ada9865dbb3dcad7afba5d65e9bbca56db744c833619066a49ea36fc
baseline,https://robertdevore.com/hello-2017/,content/posts/hello-2017.md,article,200,200,True,"index, follow (default)",https://robertdevore.com/hello-2017/,200,Hello 2017 | Robert DeVore,26,"This isn't your average ""2017 Goals"" article with a list of bullshit and nonsense that I know damn well gets forgotten within the first couple of weeks into January. There's no exhaustive list of totally awesome shit I…",219,Hello 2017,H2: Related Reading,202,en,2017-01-02,,Robert DeVore,True,BlogPosting; Organization; Person,7,19,6,0,1,0,0,3,False,True,False,False,ba438e018f9fef0e1a464b9b7c44fdf95f308f0f7bb8635fdb8a2d2837475041
baseline,https://robertdevore.com/hello-plugin-pal-your-ai-powered-plugin-generator-for-wordpress/,content/posts/hello-plugin-pal-your-ai-powered-plugin-generator-for-wordpress.md,article,200,200,True,"index, follow (default)",https://robertdevore.com/hello-plugin-pal-your-ai-powered-plugin-generator-for-wordpress/,200,"Hello, Plugin Pal: Your AI Powered Plugin Generator for WordPress® | Robert DeVore",82,"What if I told you there’s a way to build WordPress® plugins that’s not just faster, but fundamentally better? That the tedious, time-consuming process of writing boilerplate code, debugging, and ensuring security could…",220,"Hello, Plugin Pal: Your AI Powered Plugin Generator for WordPress®","H2: The Problem: Why WordPress® plugin development benefits from AI | H2: The Solution: Plugin Pal and the power of AI | H2: The Secret Sauce: Why Plugin Pal Works | H3: It’s Built for Developers, by a Developer | H3: It’s More Than Just Code Generation | H3: It’s Low Barrier to Entry | H2: The Bigger Picture: What Plugin Pal Represents | H2: The Road Ahead | H2: Related Reading",920,en,2025-01-28,,Robert DeVore,True,BlogPosting; Organization; Person,5,21,19,1,6,0,5,3,False,True,False,False,851d73f2467c63843190d3de5f8e1a7f491ca06e502ecbf4d56969dc644f56f9
baseline,https://robertdevore.com/honoring-jesse-petersen-with-the-revival-of-stealth-login-page/,content/posts/honoring-jesse-petersen-with-the-revival-of-stealth-login-page.md,article,200,200,True,"index, follow (default)",https://robertdevore.com/honoring-jesse-petersen-with-the-revival-of-stealth-login-page/,200,Honoring Jesse Petersen with the Revival of “Stealth Login Page” | Robert DeVore,80,"The WordPress® community has always been defined by its people – the contributors, developers, and advocates who have shaped the ecosystem into what it is today. Among these individuals, Jesse Petersen stood out as a…",217,Honoring Jesse Petersen with the Revival of “Stealth Login Page”,H2: What Is Stealth Login Page? | H3: Key Features | H2: Why This Matters | H3: A Personal Tribute to Jesse Petersen | H2: How to Get the Plugin | H3: Looking Ahead | H2: Related Reading,665,en,2025-01-09,,Robert DeVore,True,BlogPosting; Organization; Person,5,18,7,0,3,0,2,3,False,True,False,False,611124c7cd5227c7433771cd9dbf4f210255b91c96766df33ed091fedab362df
baseline,https://robertdevore.com/host-your-wordpress-plugins-on-github-and-automate-plugin-packaging/,content/posts/host-your-wordpress-plugins-on-github-and-automate-plugin-packaging.md,article,200,200,True,"index, follow (default)",https://robertdevore.com/host-your-wordpress-plugins-on-github-and-automate-plugin-packaging/,200,Host Your WordPress Plugins on GitHub and Automate Plugin Packaging | Robert DeVore,83,"Let’s talk plugin distribution. Hosting your plugins on GitHub provides powerful benefits such as version control, collaboration, and easy sharing. But distributing your plugin as a proper .zip file for users can be…",216,Host Your WordPress Plugins on GitHub and Automate Plugin Packaging,H2: Step 1: Host Your Plugin on GitHub | H3: 1.1. Create a New Repository | H3: 1.2. Push Your Plugin Code to GitHub | H3: 1.3. Create a GitHub Release for Easy Downloads | H2: Step 2: Automate Plugin Packaging with a Bash Script | H3: 2.1. Create the Bash Script | H3: 2.2. Add an Alias for Convenience | H3: 2.3. Use the Script | H2: Step 3: Share Your Plugin | H2: Related Reading,738,en,2024-12-21,,Robert DeVore,True,BlogPosting; Organization; Person,6,18,3,0,4,0,3,3,False,True,False,False,99f91ff32afb42fbeb04e443f34ebdc7def5e800e5d9449739fa27331844ac41
baseline,https://robertdevore.com/how-a-security-audit-can-save-your-e-commerce-store-from-disaster/,content/posts/how-a-security-audit-can-save-your-e-commerce-store-from-disaster.md,article,200,200,True,"index, follow (default)",https://robertdevore.com/how-a-security-audit-can-save-your-e-commerce-store-from-disaster/,200,How a Security Audit Can Save Your E-Commerce Store from Disaster | Robert DeVore,81,"Fact: If you run an e-commerce store, your security is either making you money or losing it . There’s no middle ground 🤷‍♂️ Every unpatched vulnerability, weak password, or outdated plugin is basically an invitation for…",220,How a Security Audit Can Save Your E-Commerce Store from Disaster,"H2: 1. You Are a Target, Even If You Think You Aren’t | H2: 2. One Breach Can Wreck Your Reputation (Forever) | H2: 3. Chargebacks, Fines, and Lawsuits – Oh My! | H2: 4. Hackers Can Hijack Your Site (Without You Even Knowing) | H2: 5. A Security Audit Costs Less Than a Breach | H2: 6. Google Will Punish You for Being Insecure | H2: 7. A Security Audit Finds the Holes Before Hackers Do | H2: Stop Gambling With Your Business. Get a Security Audit. | H2: Related Reading",925,en,2025-02-03,,Robert DeVore,True,BlogPosting; Organization; Person,6,22,2,3,2,0,1,3,False,True,False,False,a9b76682e80248c64fc66039643cbb5f8486aba0f23688a60d7668b03437f00c
baseline,https://robertdevore.com/how-hungry-are-you/,content/posts/how-hungry-are-you.md,article,200,200,True,"index, follow (default)",https://robertdevore.com/how-hungry-are-you/,200,“How hungry are you?” | Robert DeVore,37,"This question changed everything. I was in the middle of writing a blog post titled “Hitting pause”, outlining how I was going to be pushing back the CannaBiz Software launch and focus my efforts elsewhere. Then out of…",219,“How hungry are you?”,"H2: Thriving under pressure | H2: So am I hitting pause, or not? | H2: Time to eat | H2: Related Reading",742,en,2022-11-15,,Robert DeVore,True,BlogPosting; Organization; Person,5,18,5,0,3,0,2,3,False,True,False,False,b402a4a04bd4d39e4f342fa993d4c811d23cf7fb639cd1b42f2b1cf0fbe5dcaa
baseline,https://robertdevore.com/how-i-use-textexpander-to-reuse-my-best-ai-prompts/,content/posts/how-i-use-textexpander-to-reuse-my-best-ai-prompts.md,article,200,200,True,"index, follow (default)",https://robertdevore.com/how-i-use-textexpander-to-reuse-my-best-ai-prompts/,200,How I Use TextExpander to Reuse My Best AI Prompts | Robert DeVore,66,"Most AI tools are bad at memory - I mean, bad-bad . You come up with a strong prompt, you use it, and it works. Then it's gone. Lost in the sidebar, buried in a thread, or locked into one app's context window. And when…",219,How I Use TextExpander to Reuse My Best AI Prompts,H2: Why I Keep My Prompts Outside the AI | H2: The 4 Real Prompts I Reuse Most | H3: 1. ;rdimg – Cyberpunk Image Prompt Profile | H3: 2. ;chatscript – WordPress Plugin Standards Prompt | H3: 3 ;bookreview – Strategic Book Breakdown | H3: 4. ;articleseo – AI SEO Generation Prompt | H2: Good Prompts Are Tools. Great Ones Are a System. | H3: Want to build your own stack? | H2: Related Reading,814,en,2025-05-29,,Robert DeVore,True,BlogPosting; Organization; Person,5,19,6,0,3,0,2,3,False,True,False,False,f5784eb847b78b9e780d23a5cb650fe875a2f692c82cd675e39fb601536e7d4f
baseline,https://robertdevore.com/how-to-block-website-tracking-data-in-woocommerce/,content/posts/how-to-block-website-tracking-data-in-woocommerce.md,article,200,200,True,"index, follow (default)",https://robertdevore.com/how-to-block-website-tracking-data-in-woocommerce/,200,How to Block Website Tracking Data in WooCommerce® | Robert DeVore,66,"Let’s be perfectly clear here: WooCommerce’s reliance on tracking.woocommerce.com to gather telemetry data about your site is an overreach that we’re going to rectify today. While data collection isn’t inherently bad,…",218,How to Block Website Tracking Data in WooCommerce®,H2: Why Does This Plugin Matter? | H2: How It Works | H3: Blocks Outbound Requests | H3: Logs Blocked Requests | H3: Minimal and Efficient | H2: How to Use It? | H3: Debugging Example | H2: Release Features (v1.0.0) | H2: Why Use Tracking Blocker for WooCommerce®? | H3: Protect Your Privacy | H3: Keep WooCommerce Functionality Intact | H3: Transparency for Developers | H2: How to Get Started? | H2: Taking a Stand for Transparency | H2: Related Reading,622,en,2025-01-13,,Robert DeVore,True,BlogPosting; Organization; Person,7,20,8,0,5,0,4,3,False,True,False,False,0b02bfcd326b30035bee3563aeb50473bf8533dc6211fd021ae50b1e988c19df
baseline,https://robertdevore.com/how-to-build-a-content-engine-that-scales-with-you/,content/posts/how-to-build-a-content-engine-that-scales-with-you.md,article,200,200,True,"index, follow (default)",https://robertdevore.com/how-to-build-a-content-engine-that-scales-with-you/,200,How to build a content engine that scales with you | Robert DeVore,66,"You published your first post. Then your second. By the third, you’re tired. The fourth? Forgotten. And the fifth one? Still sitting in drafts. This is what happens when content depends entirely on willpower. No…",212,How to build a content engine that scales with you,"H2: Why You Burn Out Without a Content System | H2: Step 1: Define Your Content Flywheel | H3: 1. Start With a Core Format | H3: 2. Spin It Into Derivatives | H3: 3. Feed the Next Cycle | H2: Step 2: Build a Content Calendar You Can Actually Stick To | H3: 1. Start With Your Capacity | H3: 2. Plan Around Energy, Not Just Time | H3: 3. Leave Room for Serendipity | H2: Step 3: Use AI Like a Team Member, Not a Toy | H3: 1. Use It for Idea Generation | H3: 2. Use It to Structure, Not Write | H3: 3. Use It to Repurpose | H2: Step 4: Create Templates That Cut Your Content Creation Time in Half | H3: 1. Writing Templates | H3: 2. Design Templates | H3: 3. Workflow Templates | H2: Mic-Drop Takeaway | H2: Related Reading",806,en,2025-05-27,,Robert DeVore,True,BlogPosting; Organization; Person,18,20,3,0,6,0,5,3,False,True,False,False,2096592aa266423f9dab2962321ef6a8daa66790157cd29228b03c0fe75cbe15
baseline,https://robertdevore.com/how-to-build-modular-prompts-that-save-you-hours-per-week/,content/posts/how-to-build-modular-prompts-that-save-you-hours-per-week.md,article,200,200,True,"index, follow (default)",https://robertdevore.com/how-to-build-modular-prompts-that-save-you-hours-per-week/,200,How to Build Modular Prompts That Save You Hours Per Week | Robert DeVore,73,"If you're typing out a brand-new prompt every time you sit down to write, you're wasting time - and likely getting inconsistent results. This post fixes that. Because the secret to writing faster, better content with AI…",220,How to Build Modular Prompts That Save You Hours Per Week,H2: Why Modular Prompts Matter | H2: What Modular Prompts Actually Are | H2: The 5 Modules That Belong in Every Writer’s Kit | H3: 1. Tone Module | H3: 2. Structure Module | H3: 3. Intent Module | H3: 4. Voice Module | H3: 5. Format Module | H2: Assemble a Prompt Like a Pro | H3: Bonus: Create a “Prompt Builder” Snippet | H3: 🧠 Bonus Prompt: Prompt Your Prompt Builder | H2: 🔥 Mic-Drop Takeaway | H2: Related Reading,897,en,2025-05-24,,Robert DeVore,True,BlogPosting; Organization; Person,9,20,3,0,6,0,5,3,False,True,False,False,45f4eef48ff039976f3d9ed434e8902c51dc35e04cb3ca46a163c7fc7855803d
baseline,https://robertdevore.com/how-to-customize-the-style-of-your-wordpress-login-screen/,content/posts/how-to-customize-the-style-of-your-wordpress-login-screen.md,article,200,200,True,"index, follow (default)",https://robertdevore.com/how-to-customize-the-style-of-your-wordpress-login-screen/,200,How to customize the style of your WordPress login screen | Robert DeVore,73,This post is going to show you how to add a few small code snippets to change the appearance of the WordPress login screen. We’ll walk through the process of changing the default WordPress logo to your own using the…,216,How to customize the style of your WordPress login screen,H2: Using the new filter added in WP v5.2 | H2: Adding your logo with a custom filter | H2: Extending the code to work with the customizer | H3: Adding a logo image from the customizer | H3: Adding text & button link styles from the customizer | H3: Changing the login screen background color | H2: See the code in action | H2: Related Reading,845,en,2019-06-27,,Robert DeVore,True,BlogPosting; Organization; Person,5,19,9,0,5,0,4,3,False,True,False,False,051a71a81829456dbf57567426c4f9e9eacdc12092cf8c4b08e115e182c31c14
baseline,https://robertdevore.com/how-to-edit-ai-content-so-it-feels-clean-not-robotic/,content/posts/how-to-edit-ai-content-so-it-feels-clean-not-robotic.md,article,200,200,True,"index, follow (default)",https://robertdevore.com/how-to-edit-ai-content-so-it-feels-clean-not-robotic/,200,"How to edit AI content so it feels clean, not robotic | Robert DeVore",69,"You let AI write your first draft. Smart move. But now you're reading it back … and something’s off. It’s not wrong. It’s just soulless. Technically solid, and emotionally sterile. It says things, but it doesn’t say…",216,"How to edit AI content so it feels clean, not robotic",H2: Why AI Content Often Sounds Robotic | H2: The 5-Part Editing Pass That Brings AI Content to Life | H3: 1. Cut the Fat | H3: 2. Break the Pattern | H3: 3. Add Specificity | H3: 4. Sharpen the Voice | H3: 5. Trim the Ending | H2: Bonus: Use a Real-Time Editing Layer | H3: Prompt to Improve AI-Generated Drafts | H2: Mic-Drop Takeaway | H2: Related Reading,690,en,2025-05-25,,Robert DeVore,True,BlogPosting; Organization; Person,18,19,2,0,5,0,4,3,False,True,False,False,569b3bf400eda98c8fc8f7bf19f2cc8b8e498f0ef178000fbec4f770942cba6c
baseline,https://robertdevore.com/how-to-stop-your-plugins-themes-from-being-used-on-wordpress-com-hosting/,content/posts/how-to-stop-your-plugins-themes-from-being-used-on-wordpress-com-hosting.md,article,200,200,True,"index, follow (default)",https://robertdevore.com/how-to-stop-your-plugins-themes-from-being-used-on-wordpress-com-hosting/,200,How to Stop Your Plugins & Themes from Being Used on WordPress.com Hosting | Robert DeVore,90,"In recent months, the WordPress® community has faced increasing challenges stemming from nuclear decisions made by Automattic’s CEO, Matthew Charles Mullenweg. During WordCamp US 2024, Mullenweg launched what he…",212,How to Stop Your Plugins & Themes from Being Used on WordPress.com Hosting,H2: The Code | H2: How the Code Works | H3: Centralized Helper Class | H3: Automatic Deactivation | H3: User Feedback | H3: Improved Code Structure | H3: How to Use the Class | H2: Why Use This Code? | H3: Take a Stand for the Community | H3: Easy to Implement and Reuse | H3: Practical Benefits | H2: Related Reading,699,en,2024-12-22,,Robert DeVore,True,BlogPosting; Organization; Person,7,19,4,1,5,0,4,3,False,True,False,False,c54817e8a9888d82c5b1820633fc5a41291ec43b599acec3a9ee7b7c5c12dfbc
baseline,https://robertdevore.com/how-to-teach-ai-to-match-your-voice/,content/posts/how-to-teach-ai-to-match-your-voice.md,article,200,200,True,"index, follow (default)",https://robertdevore.com/how-to-teach-ai-to-match-your-voice/,200,How to teach AI to match your voice | Robert DeVore,51,"Most people ask AI to ""sound more like me"" - then get frustrated when it doesn't. But here's the truth: AI can't match your voice if you don't know what your voice actually sounds like. You don't need branding decks or…",219,How to teach AI to match your voice,H2: Why AI Struggles With Voice | H2: How to Make AI Write Like _You_ | H3: 1. Give It Real Voice Samples (Not Just Vibes) | H3: 2. Ask It to Describe Your Voice – Then Edit the Description | H3: 3. Create a “Sound Like Me” Prompt Wrapper | H3: 4. Run a Voice Check – Every Time | H3: 5. Fine-Tune With Contrast | H2: Building Your Voice Layer | H3: Bonus: Voice Calibration Prompt | H2: Mic Drop Takeaway | H2: Related Reading,788,en,2025-05-23,,Robert DeVore,True,BlogPosting; Organization; Person,7,19,2,0,5,0,4,3,False,True,False,False,971bf1d4a87f61a6b69c3e2894cb9f8d0947f65bf70974d22559dd12e44ae804
baseline,https://robertdevore.com/how-to-use-ai-to-research-validate-ideas-and-stay-relevant/,content/posts/how-to-use-ai-to-research-validate-ideas-and-stay-relevant.md,article,200,200,True,"index, follow (default)",https://robertdevore.com/how-to-use-ai-to-research-validate-ideas-and-stay-relevant/,200,"How to Use AI to Research, Validate Ideas, and Stay Relevant | Robert DeVore",76,"Let's be honest: Most ""AI research"" is just asking ChatGPT, "" Give me 10 blog post ideas about [insert niche]"" … and hoping one of them sticks. It's fast, and it feels** productive. But it's usually just slop dressed up…",220,"How to Use AI to Research, Validate Ideas, and Stay Relevant","H2: Why Research _Matters_ Before You Write | H2: 1. Use AI to Eavesdrop, Not Echo | H2: 2. Validate the Angle Before You Commit | H2: 3. Surface What’s Missing in the Conversation | H2: 4. Zoom Out Before You Zoom In | H2: 5. Get Out of Your Own Feed | H2: The Research-to-Relevance Flow | H2: Bonus: 3 Prompts to Sharpen Your Idea | H2: Mic-Drop Takeaway | H2: Related Reading",1146,en,2025-05-21,,Robert DeVore,True,BlogPosting; Organization; Person,6,19,2,0,4,0,3,3,False,True,False,False,73246ee567c8667086d958884df0790cd767d16f3fdd497dac4da03909be4354
baseline,https://robertdevore.com/how-to-write-prompts-that-get-the-tone-structure-and-intent-right/,content/posts/how-to-write-prompts-that-get-the-tone-structure-and-intent-right.md,article,200,200,True,"index, follow (default)",https://robertdevore.com/how-to-write-prompts-that-get-the-tone-structure-and-intent-right/,200,"How to Write Prompts That Get the Tone, Structure, and Intent Right | Robert DeVore",83,"If you’ve ever typed a prompt into ChatGPT, hit enter, and thought … “Well, that’s not quite it” … you’re not alone. That moment of disappointment usually comes from a mismatch between what you meant and what you asked…",219,"How to Write Prompts That Get the Tone, Structure, and Intent Right",H2: Why This Matters | H2: Why Most Prompts Fall Flat | H3: What’s Missing? | H2: The 3 Elements Every Prompt Needs | H3: 1. Tone: _How should this feel?_ | H3: 2. Structure: _What shape should this take?_ | H3: 3. Intent: _What’s the takeaway?_ | H2: Example Breakdown | H3: 🟡 Lazy Prompt: | H3: 🟢 Sharp Prompt: | H2: Build Your Prompt Toolkit | H3: Tone Modules | H3: Structure Modules | H3: Intent Modules | H2: 🧠 Bonus Move: Prompt Your Prompt | H2: 🔥 Mic-Drop Takeaway | H2: Related Reading,970,en,2025-05-22,,Robert DeVore,True,BlogPosting; Organization; Person,6,19,2,0,5,0,4,3,False,True,False,False,7eb7f24693058310a2b4884c0e3dece3ecc1e22588c3694b00aabb4b78d0cd48
baseline,https://robertdevore.com/hue-js/,content/posts/hue-js.md,article,200,200,True,"index, follow (default)",https://robertdevore.com/hue-js/,200,? hue.js | Robert DeVore,24,"I forked a color picker for WordPress I know what you're thinking. _Isn 't there a color picker in WordPress already? _ Yeah … ? Not another color picker?!?! Why a color picker for WordPress? Technically, the hue.js…",216,? hue.js,H2: I forked a color picker for WordPress | H2: Why a color picker for WordPress? | H2: Sticking a fork in the Iris ? | H2: Contributing to open source | H2: ? hue.js download | H2: Adding hue.js to your project | H3: Bug reports & Pull requests | H2: Related Reading,823,en,2018-04-03,,Robert DeVore,True,BlogPosting; Organization; Person,5,19,19,0,4,0,3,3,False,True,False,False,8a20f0509ecabe41ecabc22b96d179060e45f5ad00be2649ff3e77cc2f169cab
baseline,https://robertdevore.com/i-built-a-python-stego-cipher-tool-and-you-can-have-it/,content/posts/i-built-a-python-stego-cipher-tool-and-you-can-have-it.md,article,200,200,True,"index, follow (default)",https://robertdevore.com/i-built-a-python-stego-cipher-tool-and-you-can-have-it/,200,I Built a Python Stego-Cipher Tool (And You Can Have It) | Robert DeVore,72,"Back in 2022, I got the itch (no, not that itch) An itch to build a cipher. A custom cipher that I could call my own. Why? IDK. Probably too much spy shit on TV. 😂 So I scratched the itch. I came up with a system where…",219,I Built a Python Stego-Cipher Tool (And You Can Have It),H2: The Cipher Got Smarter | H3: 1. Encrypts Messages with Quote-Based Scrambling | H3: 2. Decrypts Messages Cleanly | H3: 3. Hides Encrypted Messages in Images | H3: 4. Command-Line Interface Included | H2: 🧠 How It Works (Quick Version) | H2: Grab the Python Code | H2: 🔎 Demo Mode Included | H2: 🧪 Use Cases | H2: Final Thought | H2: Related Reading,658,en,2025-06-09,,Robert DeVore,True,BlogPosting; Organization; Person,16,20,5,0,1,0,0,2,False,True,False,False,ba8e195075246688640e554ba2e51951eb5bda84a4cc082e16d63da497931deb
baseline,https://robertdevore.com/i-just-launched-a-python-course-for-php-developers/,content/posts/i-just-launched-a-python-course-for-php-developers.md,article,200,200,True,"index, follow (default)",https://robertdevore.com/i-just-launched-a-python-course-for-php-developers/,200,I Just Launched a Python Course for PHP Developers | Robert DeVore,66,"After 20+ years of wrestling with WordPress and PHP, I’ve had enough . If you’ve been writing PHP for years – wrangling WordPress® sites, duct-taping functions together, or shipping WooCommerce hacks – this is for you.…",219,I Just Launched a Python Course for PHP Developers,"H2: The WordPress Ecosystem is Broken (And Getting Worse) | H2: Most PHP Devs Don’t Hate Python – They’re Just Stuck in Familiarity | H2: This Isn’t “Python 101” – It’s a Translation Layer | H2: Why I Built This (Hint: I Got Tired of Watching Good Devs Suffer) | H2: The Real Benefits of Making the Switch | H2: Who This Course Is Actually For | H2: What You’ll Actually Learn (15 Lessons, No Fluff) | H2: Ready to Write Code You’re Actually Proud Of? | H2: Related Reading",1495,en,2025-06-18,,Robert DeVore,True,BlogPosting; Organization; Person,9,21,26,0,1,0,0,2,False,True,False,False,0028e1e0c05de6ae84742cd5ac06d038a36c20a3ec094ea1e1593a932c8fd48a
baseline,https://robertdevore.com/im-freelancing-again/,content/posts/im-freelancing-again.md,article,200,200,True,"index, follow (default)",https://robertdevore.com/im-freelancing-again/,200,I’m freelancing again | Robert DeVore,37,"At the end of 2019, I made a big shift – I took a full-time job for the first time in nearly 15 years. It was right before my first kid was born, and just a few months later, COVID hit. Looking back, the timing couldn’t…",220,I’m freelancing again,H2: What I Offer | H3: 🔧 Custom Development | H3: 🔐 Security Audits | H3: ⚡ Performance Optimization | H3: 🚀 MVP Website Builds | H3: 🛠 Retainer Support | H3: 🤘 Have Something Else in Mind? | H2: Related Reading,735,en,2025-02-15,,Robert DeVore,True,BlogPosting; Organization; Person,6,30,14,8,2,0,1,3,False,True,False,False,69c08de79ead4ce7f7aa5118d5adcba870a00d39c5d7787f5d36db2976f99cfa
baseline,https://robertdevore.com/improve-cls-scores-by-dynamically-setting-image-width-and-height/,content/posts/improve-cls-scores-by-dynamically-setting-image-width-and-height.md,article,200,200,True,"index, follow (default)",https://robertdevore.com/improve-cls-scores-by-dynamically-setting-image-width-and-height/,200,Improve CLS scores by dynamically setting image width and height | Robert DeVore,80,"While working on WordPress performance optimization for myself and for my clients, I’ve come across an issue that repeatedly affected CLS scores in a negative way. Luckily for myself (and now you, too), I created a fix…",219,Improve CLS scores by dynamically setting image width and height,"H2: What’s CLS, Anyway? | H2: The issue with your images | H2: Get media ID by image URL | H2: Get width and height by image ID | H2: Get the explicit width and height for HTML output | H2: Bringing it all together | H2: What do you think? | H2: Related Reading",873,en,2023-10-23,,Robert DeVore,True,BlogPosting; Organization; Person,5,19,5,0,5,0,4,3,False,True,False,False,298d0ebe9787c30e5cff8435577b23be8f3ec85bcdd558ff37b25c70f3037f98
baseline,https://robertdevore.com/intellipress-the-smart-af-ai-assistant-for-wordpress/,content/posts/intellipress-the-smart-af-ai-assistant-for-wordpress.md,article,200,200,True,"index, follow (default)",https://robertdevore.com/intellipress-the-smart-af-ai-assistant-for-wordpress/,200,IntelliPress: The Smart AF AI Assistant for WordPress® | Robert DeVore,70,"Let’s be real – managing a WordPress® site is a full-time job, and I’m not even talking about page speed optimization , server maintenance, security audits , etc. Writing content? Takes forever. SEO? A god damn maze.…",217,IntelliPress: The Smart AF AI Assistant for WordPress®,"H2: What the Hell is IntelliPress? 🤔 | H3: What Can It Do? | H2: How It Works (AKA: How It Saves Your Ass) | H3: 1. Write Content Without the Pain | H3: 2. SEO Without the Guesswork | H3: 3. AI-Generated Images That Don’t Suck | H3: 4. Turn Words into Audio | H2: Why You Need This Plugin | H2: Work Smarter, Not Dumber ‘r | H2: Related Reading",557,en,2025-01-31,,Robert DeVore,True,BlogPosting; Organization; Person,5,20,5,2,5,0,4,3,False,True,False,False,4a70301683b755b542e8cde5a9f833a60e24feea044668ad6a854408d18ab310
baseline,https://robertdevore.com/introducing-an-experimental-new-plugin-email-designer-for-woocommerce/,content/posts/introducing-an-experimental-new-plugin-email-designer-for-woocommerce.md,article,200,200,True,"index, follow (default)",https://robertdevore.com/introducing-an-experimental-new-plugin-email-designer-for-woocommerce/,200,Introducing an experimental new plugin: Email Designer for WooCommerce® | Robert DeVore,87,WooCommerce emails have always been a pain point for store owners looking to create beautifully branded transactional emails without diving deep into custom PHP templates. While WooCommerce recently improved its email…,218,Introducing an experimental new plugin: Email Designer for WooCommerce®,H2: What is Email Designer for WooCommerce? | H3: Key Features in Version 0.1: | H2: Current Shortcomings (A Work in Progress) | H3: 1. Lack of Blocks for Order Details | H3: 2. Custom CSS Challenges | H3: 3. WooCommerce’s Lack of Gutenberg Adoption | H2: Why I’m Building This | H2: Let’s Talk | H2: Related Reading,676,en,2025-02-12,,Robert DeVore,True,BlogPosting; Organization; Person,6,19,9,0,5,0,4,3,False,True,False,False,3dff5a34db5ea0a9ad153dfc73c3e2999532d8473b24276d3c5fa1439784293c
baseline,https://robertdevore.com/introducing-associated-taxonomies-for-wordpress/,content/posts/introducing-associated-taxonomies-for-wordpress.md,article,200,200,True,"index, follow (default)",https://robertdevore.com/introducing-associated-taxonomies-for-wordpress/,200,Introducing Associated Taxonomies for WordPress® | Robert DeVore,64,"I’m thrilled to announce the release of Associated Taxonomies , a free WordPress® plugin designed to streamline taxonomy management by enabling you to associate terms within the same taxonomy. This plugin was built with…",220,Introducing Associated Taxonomies for WordPress®,H2: Why I Built Associated Taxonomies | H2: Key Features | H2: How It Works | H3: Associating Terms | H3: Displaying Associated Terms | H3: Displaying Posts by Related Terms | H2: Get Started | H2: A Note to the Community | H2: Related Reading,503,en,2024-12-09,,Robert DeVore,True,BlogPosting; Organization; Person,6,19,5,0,5,0,4,3,False,True,False,False,d9091ad5d4806ece53d3df743d0d0fd88603ae932f4e45d108208c773767c45f
baseline,https://robertdevore.com/introducing-automattic-css-an-open-source-css-utility-framework/,content/posts/introducing-automattic-css-an-open-source-css-utility-framework.md,article,200,200,True,"index, follow (default)",https://robertdevore.com/introducing-automattic-css-an-open-source-css-utility-framework/,200,Introducing automattic.css – An open source CSS Utility Framework | Robert DeVore,81,"Today I’m releasing v0.1.0 of automattic.css – a new utility-first CSS framework inspired by the structure and philosophy of Automatic.css, but with a twist: it’s lean, builder-agnostic, and open to the community from…",218,Introducing automattic.css – An open source CSS Utility Framework,"H2: Why I Built It | H2: Plus, a bit of backstory | H2: What’s in v0.1.0 | H3: What’s Missing (and Coming) | H3: Proving It Works: The Demo Template | H3: Why Launch Now? | H3: Roadmap | H3: Get Started | H2: Related Reading",755,en,2025-05-22,,Robert DeVore,True,BlogPosting; Organization; Person,5,19,10,0,2,0,1,3,False,True,False,False,dc322150bb2cbbbe4aed8f987ce986c3730afdd8f2d6c3fcbb9b93f4e57eb244
baseline,https://robertdevore.com/introducing-back-in-stock-notifications-for-woocommerce/,content/posts/introducing-back-in-stock-notifications-for-woocommerce.md,article,200,200,True,"index, follow (default)",https://robertdevore.com/introducing-back-in-stock-notifications-for-woocommerce/,200,Introducing Back In Stock Notifications for WooCommerce® | Robert DeVore,72,Today I am super excited to introduce the release of my newest free plugin – Back In Stock Notifications 🚀 This is a 100% free plugin for WooCommerce® that lets your customers stay connected with products they love…,215,Introducing Back In Stock Notifications for WooCommerce®,H2: Why Back In Stock Notifications? | H2: Key Features | H3: Automated Notifications | H3: Real-Time Demand Analytics | H3: Customizable Email Templates | H3: Automatic Updates with Plugin Update Checker | H2: Who Should Use Back In Stock Notifications? | H2: Getting Started with Back In Stock Notifications | H3: Step 1: Install the Plugin | H3: Step 2: Configure and Customize | H3: Step 3: Analyze and Adjust | H2: What’s Next? | H3: Upcoming Features: | H2: Related Reading,879,en,2024-10-31,,Robert DeVore,True,BlogPosting; Organization; Person,6,20,6,1,7,0,6,3,False,True,False,False,cadd782f8d28b7191a61d9592cfa0d43d2244caea5c666752f0d1458fb2e8f6b
baseline,https://robertdevore.com/introducing-barcodes-for-woocommerce-free/,content/posts/introducing-barcodes-for-woocommerce-free.md,article,200,200,True,"index, follow (default)",https://robertdevore.com/introducing-barcodes-for-woocommerce-free/,200,Introducing Barcodes for WooCommerce® (free) | Robert DeVore,60,"I’m thrilled to announce the release of Barcodes for WooCommerce® , a free plugin I’ve developed to make managing WooCommerce® stores more efficient. By integrating QR code functionality, this tool simplifies how you…",217,Introducing Barcodes for WooCommerce® (free),H2: 🚀 Key Features of v0.0.1 | H3: 1. Order QR Codes | H3: 2. Product QR Codes | H3: 3. Customizable QR Codes | H3: 4. Batch Barcode Generation | H2: 🛠️ How to Get Started | H2: 🔮 What’s Next? | H3: 1. More Barcode Types | H3: 2. Advanced Scanning Tools | H3: 3. Enhanced QR Code Customization | H3: 4. Insights and Analytics | H2: 📣 I Want Your Feedback | H2: 📈 Why Barcodes for WooCommerce? | H2: 🔗 Download and Try Barcodes for WooCommerce | H2: Related Reading,831,en,2024-11-20,,Robert DeVore,True,BlogPosting; Organization; Person,6,19,7,0,6,0,5,3,False,True,False,False,ce779115b7b07a6ee1d8723c1882bb9657de203ae6d636dfa25cd5d7a3c18120
baseline,https://robertdevore.com/introducing-benchpress/,content/posts/introducing-benchpress.md,article,200,200,True,"index, follow (default)",https://robertdevore.com/introducing-benchpress/,200,Introducing BenchPress: Performance Benchmarks for WordPress® | Robert DeVore,77,"I’m pumped to announce the release of BenchPress , a free WordPress® plugin designed to help developers identify performance bottlenecks in our code and optimize for speed! BenchPress provides an easy way to measure the…",220,Introducing BenchPress: Performance Benchmarks for WordPress®,H2: 🎉 What is BenchPress? | H2: 🔥 Features at a Glance | H2: 🔧 How to Use BenchPress | H2: 🎛 Adding Custom Benchmarks | H2: 📊 Why Use BenchPress? | H2: 🚀 Ready to Dive In? | H2: Related Reading,465,en,2024-11-11,,Robert DeVore,True,BlogPosting; Organization; Person,6,19,6,1,5,0,4,3,False,True,False,False,e419cbd9a483622bbd06d58593fbc009a9be858cb0058faab03fb32e28b7e0c2
baseline,https://robertdevore.com/introducing-block-ai-crawlers-for-wordpress/,content/posts/introducing-block-ai-crawlers-for-wordpress.md,article,200,200,True,"index, follow (default)",https://robertdevore.com/introducing-block-ai-crawlers-for-wordpress/,200,Introducing Block AI Crawlers for WordPress® | Robert DeVore,60,"I’m excited to announce the release of Block AI Crawlers , a new WordPress plugin designed to give website owners control over how AI crawlers interact with their site. This lightweight, user-friendly plugin makes it…",217,Introducing Block AI Crawlers for WordPress®,H2: Why Block AI Crawlers? | H2: How It Works | H2: A Simple Yet Powerful Feature | H2: Features at a Glance | H2: How to Get Started | H2: Join the Conversation | H2: Empowering the WordPress Community | H2: Related Reading,565,en,2025-01-13,,Robert DeVore,True,BlogPosting; Organization; Person,5,18,10,0,5,0,4,3,False,True,False,False,5faaed5a81b5dc6ec3046b3f1b4352b74022bbd976501dde15929689954b6be6
baseline,https://robertdevore.com/introducing-bluesky-feed-for-wordpress/,content/posts/introducing-bluesky-feed-for-wordpress.md,article,200,200,True,"index, follow (default)",https://robertdevore.com/introducing-bluesky-feed-for-wordpress/,200,Introducing Bluesky Feed for WordPress® | Robert DeVore,55,"I’m excited to announce the release of my latest free plugin, Bluesky Feed for WordPress® 🚀 This is a free WordPress plugin designed to integrate your Bluesky feed into your WordPress® powered website. Whether you’re…",217,Introducing Bluesky Feed for WordPress®,H2: What Is Bluesky Feed for WordPress®? | H2: Features | H3: Widgets & Shortcodes | H3: Customizable Display Options | H3: Live Admin Preview | H3: Responsive Design | H2: How to Get Started | H3: Step 1: Install the Plugin | H3: Step 2: Configure Settings | H3: Step 3: Add the Feed to Your Site | H2: What’s Next? | H2: Related Reading,569,en,2024-12-02,,Robert DeVore,True,BlogPosting; Organization; Person,6,19,6,0,5,0,4,3,False,True,False,False,7f05997217cc77548f5eff189d303d527fd2d84875cf4df35fcc76684af1894b
baseline,https://robertdevore.com/introducing-brands-for-woocommerce-free/,content/posts/introducing-brands-for-woocommerce-free.md,article,200,200,True,"index, follow (default)",https://robertdevore.com/introducing-brands-for-woocommerce-free/,200,Introducing Brands for WooCommerce® (free) | Robert DeVore,58,"Just a few days ago, WooCommerce® officially added a brands integration as a feature flag option, available by default some time in December. However, this late addition of the brands functionality in Woo Core and the…",218,Introducing Brands for WooCommerce® (free),H2: What’s Included in v1.0.0 🚀 | H3: Full Brand Management | H3: Three Powerful Shortcodes | H3: Custom Widgets | H3: Seamless WooCommerce® Integration | H3: REST API Support | H3: Developer-Friendly | H2: Why Free? | H2: How to Get Started 👀 | H3: Installation | H3: Usage | H2: Looking Ahead 👀 | H2: Related Reading,623,en,2024-11-15,,Robert DeVore,True,BlogPosting; Organization; Person,6,19,8,0,6,0,5,3,False,True,False,False,672ffa9d3ca395ce7adee0f6d653fb97648a57062d97661b12999d63f5c14726
baseline,https://robertdevore.com/introducing-broken-image-scanner/,content/posts/introducing-broken-image-scanner.md,article,200,200,True,"index, follow (default)",https://robertdevore.com/introducing-broken-image-scanner/,200,Introducing Broken Image Scanner | Robert DeVore,48,"Let’s face it: broken image links are like ghosts haunting your website – annoying, scary for your users, and not great for your SEO. That’s why I’m excited to release the Broken Image Scanner , a free WordPress® plugin…",220,Introducing Broken Image Scanner,H2: What Does the Plugin Do? | H2: Why Is This Useful? | H2: How to Use the Plugin | H2: What’s Under the Hood? | H2: Who Should Use This Plugin? | H2: Why I Built This Plugin | H2: Related Reading,766,en,2025-01-14,,Robert DeVore,True,BlogPosting; Organization; Person,5,19,5,0,5,0,4,3,False,True,False,False,38d1948bede09a949ac2b4789891568ccdbdcae9df12513964343cd0e5625410
baseline,https://robertdevore.com/introducing-bulk-stock-management-for-woocommerce-free/,content/posts/introducing-bulk-stock-management-for-woocommerce-free.md,article,200,200,True,"index, follow (default)",https://robertdevore.com/introducing-bulk-stock-management-for-woocommerce-free/,200,Introducing Bulk Stock Management for WooCommerce® (free) | Robert DeVore,73,"It’s WooWednesday again, and I’m happy to introduce Bulk Stock Management for WooCommerce® – a free plugin designed to simplify your stock management workflow. Whether you’re managing hundreds of products or just a few,…",220,Introducing Bulk Stock Management for WooCommerce® (free),H2: Why I Built This Plugin | H2: Key Features | H3: ⚡ Bulk Stock Management | H3: 📊 Stock Reporting | H3: 🛠️ AJAX-Powered Interface | H3: 🔍 Out-of-Stock Insights | H3: 🎛️ Customizable Settings | H2: How to Get Started | H2: What’s Next? | H2: Special Thanks | H2: Join the Conversation | H2: Download Now | H2: Related Reading,552,en,2024-11-27,,Robert DeVore,True,BlogPosting; Organization; Person,6,19,7,0,5,0,4,3,False,True,False,False,40de548602ff9ccda43be29ca18c73c9666a89281921a58e253ea4c848667281
baseline,https://robertdevore.com/introducing-content-restriction-for-wordpress/,content/posts/introducing-content-restriction-for-wordpress.md,article,200,200,True,"index, follow (default)",https://robertdevore.com/introducing-content-restriction-for-wordpress/,200,Introducing Content Restriction for WordPress® | Robert DeVore,62,"I’m excited to announce the launch of my 6th new free plugin in the last 11 days 🚀 Content Restriction for WordPress® , a sophisticatedly simple solution for managing content visibility on your WordPress® site. With the…",220,Introducing Content Restriction for WordPress®,H2: Key Features | H2: How to Use Content Restriction for WordPress® | H3: 1. Setting Up Global Restrictions | H3: 2. Applying Individual Restrictions | H2: Filters and Developer Customization | H2: Installation and Getting Started | H2: FAQs | H2: Future plans | H2: Related Reading,642,en,2024-11-11,,Robert DeVore,True,BlogPosting; Organization; Person,5,18,6,0,4,0,3,3,False,True,False,False,82a9805ed8ba971a8ca52230db00399ecc00188a68c1a04a198ce7f68e94f516
baseline,https://robertdevore.com/introducing-delete-inactive-users/,content/posts/introducing-delete-inactive-users.md,article,200,200,True,"index, follow (default)",https://robertdevore.com/introducing-delete-inactive-users/,200,Introducing Delete Inactive Users | Robert DeVore,49,"Managing a WordPress® website can often feel like a juggling act, especially when dealing with thousands of users. Keeping your database lean and mean is not just about performance; it’s also about maintaining clean,…",217,Introducing Delete Inactive Users,H2: Why I Built This Plugin | H2: What Does Delete Inactive Users Do? | H2: Key Features at a Glance | H2: How It Works | H2: Who Is This Plugin For? | H2: Get Started Today | H2: Feedback and Contributions | H2: Related Reading,455,en,2024-12-29,,Robert DeVore,True,BlogPosting; Organization; Person,5,18,6,0,4,0,3,3,False,True,False,False,e0d433bd6732d3ae2ec2b47d3b35c3eb1f23da1b5e8d5c54c5ebe88bb008be1d
baseline,https://robertdevore.com/introducing-digg-this-a-social-sharing-plugin-for-wordpress/,content/posts/introducing-digg-this-a-social-sharing-plugin-for-wordpress.md,article,200,200,True,"index, follow (default)",https://robertdevore.com/introducing-digg-this-a-social-sharing-plugin-for-wordpress/,200,Introducing Digg This: A social sharing plugin for WordPress® | Robert DeVore,77,"There are a million social sharing plugins out there. Most of them suck 🤷‍♂️ They either slow your site to a crawl, inject bloated tracking scripts, or just look like they were designed in 2008 and never updated. So in…",219,Introducing Digg This: A social sharing plugin for WordPress®,H2: What Makes Digg This Different? | H2: Why I Built This | H2: Features That Matter | H2: Who Should Use It? | H2: Get It Now | H2: Related Reading,517,en,2025-02-07,,Robert DeVore,True,BlogPosting; Organization; Person,5,19,9,0,3,0,2,3,False,True,False,False,37c89d47cd200370042999bdf3e07167b5845d10e19ac54a93b4821ef3442d60
baseline,https://robertdevore.com/introducing-dispensary-details-for-woocommerce/,content/posts/introducing-dispensary-details-for-woocommerce.md,article,200,200,True,"index, follow (default)",https://robertdevore.com/introducing-dispensary-details-for-woocommerce/,200,Introducing Dispensary Details for WooCommerce® | Robert DeVore,63,"Back in 2018, I built Dispensary Details for WooCommerce® to solve a problem: WooCommerce® lacked the essential cannabis-specific product details that dispensaries needed. Lab results, strain information, effects, and…",218,Introducing Dispensary Details for WooCommerce®,H2: Why Dispensary Details for WooCommerce® Matters | H3: Product-Specific Enhancements | H3: Custom WooCommerce Settings | H2: Why Open Source Matters for the Cannabis Industry | H2: Download It for Free | H2: Related Reading,623,en,2025-02-26,,Robert DeVore,True,BlogPosting; Organization; Person,6,23,3,4,5,0,4,3,False,True,False,False,609adc8d0bacff8a7b8280fb8f97690d75e87678d19963f3bc85f43dd37addcb
baseline,https://robertdevore.com/introducing-gallery-modals-enhance-your-wordpress-galleries-with-stunning-popups/,content/posts/introducing-gallery-modals-enhance-your-wordpress-galleries-with-stunning-popups.md,article,200,200,True,"index, follow (default)",https://robertdevore.com/introducing-gallery-modals-enhance-your-wordpress-galleries-with-stunning-popups/,200,Introducing Gallery Modals: Enhance Your WordPress® Galleries with Stunning Popups! | Robert DeVore,99,"I am happy to release Gallery Modals , a new free WordPress® plugin designed to transform your WordPress® galleries into immersive, interactive experiences. If you’ve ever wanted to give your site’s images that extra…",217,Introducing Gallery Modals: Enhance Your WordPress® Galleries with Stunning Popups!,H2: Elevate Your Gallery Experience | H3: Key Features: | H2: Why Gallery Modals? | H2: Get Started Quickly | H2: Customization at Your Fingertips | H2: Looking Ahead | H2: Related Reading,607,en,2024-10-28,,Robert DeVore,True,BlogPosting; Organization; Person,5,19,5,1,6,0,5,3,False,True,False,False,d2da129b6bc3fd9596fd635942d3cc0f16b9e7673196750c566d21faa6083eb6
baseline,https://robertdevore.com/introducing-gift-cards-for-woocommerce-free/,content/posts/introducing-gift-cards-for-woocommerce-free.md,article,200,200,True,"index, follow (default)",https://robertdevore.com/introducing-gift-cards-for-woocommerce-free/,200,Introducing Gift Cards for WooCommerce® (free) | Robert DeVore,62,"Today I’m happy to announce the official release of the free Gift Cards for WooCommerce® plugin! This plugin seamlessly integrates gift card functionality into your WooCommerce® store, letting you to enhance customer…",217,Introducing Gift Cards for WooCommerce® (free),H2: Key Features | H3: 1. Admin Management Dashboard | H3: 2. Bulk Import and Export | H3: 3. Product Integration | H3: 4. Customer Experience Enhancements | H3: 5. Automated Email Notifications | H2: Installation | H3: 1. Download the Plugin | H3: 2. Upload and Activate | H3: 3. Initial Setup | H2: Getting Started | H3: Admin Dashboard | H3: Managing Gift Cards | H3: Importing and Exporting Gift Cards | H3: Integrating Gift Cards with Products | H3: Customer Experience | H2: Future Enhancements | H2: Support and Feedback | H2: Related Reading,1068,en,2024-11-06,,Robert DeVore,True,BlogPosting; Organization; Person,6,20,6,0,12,0,11,3,False,True,False,False,fc927a00b87a27b43e8fad7fa227d3a5bbd611d61bce69407c1db753a342606f
baseline,https://robertdevore.com/introducing-hpos-compatibility-scanner-for-woocommerce-free/,content/posts/introducing-hpos-compatibility-scanner-for-woocommerce-free.md,article,200,200,True,"index, follow (default)",https://robertdevore.com/introducing-hpos-compatibility-scanner-for-woocommerce-free/,200,Introducing HPOS Compatibility Scanner for WooCommerce® (free) | Robert DeVore,78,"I’m excited to announce the release of HPOS Compatibility Scanner , a free WordPress® plugin designed to help developers identify and fix compatibility issues with WooCommerce’s High-Performance Order Storage (HPOS).…",217,Introducing HPOS Compatibility Scanner for WooCommerce® (free),H2: Why This Plugin? | H2: What Does HPOS Compatibility Scanner Do? | H2: Why Should WooCommerce® Have Built This? | H2: How to Use HPOS Compatibility Scanner | H2: What’s Next? | H2: Get Involved | H2: Related Reading,516,en,2024-12-19,,Robert DeVore,True,BlogPosting; Organization; Person,7,19,6,0,5,0,4,3,False,True,False,False,70490802be249232aeb00e1527313b058f85fbcb945e57e46efca269c4d28c7d
baseline,https://robertdevore.com/introducing-img-a11y/,content/posts/introducing-img-a11y.md,article,200,200,True,"index, follow (default)",https://robertdevore.com/introducing-img-a11y/,200,Introducing IMG A11Y | Robert DeVore,36,"Today marks the release of IMG A11Y , a free WordPress® plugin designed to make image accessibility compliance easier than ever. I created IMG A11Y to help WordPress users address one of the most important aspects of…",217,Introducing IMG A11Y,H2: Key Features | H2: Why I Built IMG A11Y | H2: How to Get Started | H2: What’s Next for IMG A11Y | H2: Try IMG A11Y Today | H2: Related Reading,495,en,2024-12-13,,Robert DeVore,True,BlogPosting; Organization; Person,6,18,4,0,4,0,3,3,False,True,False,False,92209a0996e23e950cbb163de2aa22ad93503306f0b3a086ccb0524d08b1500d
baseline,https://robertdevore.com/introducing-intellipress-the-smart-ai-assistant-for-wordpress/,content/posts/introducing-intellipress-the-smart-ai-assistant-for-wordpress.md,article,200,200,True,"index, follow (default)",https://robertdevore.com/introducing-intellipress-the-smart-ai-assistant-for-wordpress/,200,Introducing IntelliPress: The Smart Ai Assistant for WordPress | Robert DeVore,78,"The last time I was this excited to announce a new baby, it was my son 😂 Today I’d like to formally introduce you to IntelliPress , an AI WordPress plugin that integrates with the OpenAI API . It’s built to help you…",216,Introducing IntelliPress: The Smart Ai Assistant for WordPress,H2: WordPress + AI = 😍 | H2: The Idea: aka “I wonder if” … | H2: The next two weeks were a blur | H2: What’s under the hood? | H3: Generate content seamlessly in Gutenberg | H3: Optimize SEO with Yoast | H2: Analyze Your Content and Generate Categories | H2: Generate featured images instantly with Pexels integration | H3: Summarize your content with the TLDR block | H2: Try out IntelliPress today | H2: Related Reading,949,en,2023-05-31,,Robert DeVore,True,BlogPosting; Organization; Person,5,18,10,0,3,0,2,3,False,True,False,False,4939369303df07096f2f8fcae2cefce1dfa98350feb4b20193162cd4c9d6c104
baseline,https://robertdevore.com/introducing-maintenance-mode-for-wordpress/,content/posts/introducing-maintenance-mode-for-wordpress.md,article,200,200,True,"index, follow (default)",https://robertdevore.com/introducing-maintenance-mode-for-wordpress/,200,Introducing Maintenance Mode for WordPress® | Robert DeVore,59,"Today, I’m thrilled to announce the release of Maintenance Mode for WordPress® 🔥 This is a 100% free plugin designed to bring simplicity, flexibility, and true WordPress® integration to a task often overcomplicated by…",218,Introducing Maintenance Mode for WordPress®,"H2: Why Maintenance Mode for WordPress® Stands Out | H3: 1. Native WordPress® Experience | H3: 2. No Bloat, Just Focus | H3: 3. Total Control | H2: How It Works | H2: Customization for Developers | H2: Maintenance Mode Example | H3: Why I Built This Plugin | H3: What’s Next? | H3: Final Thoughts | H2: Related Reading",807,en,2024-12-08,,Robert DeVore,True,BlogPosting; Organization; Person,5,18,10,0,6,0,5,3,False,True,False,False,137bd7bc453de047957ce0c957854fbc1c0c5ba957d48a6fb220e2289659ad8e
baseline,https://robertdevore.com/introducing-markdown-comments-for-wordpress/,content/posts/introducing-markdown-comments-for-wordpress.md,article,200,200,True,"index, follow (default)",https://robertdevore.com/introducing-markdown-comments-for-wordpress/,200,Introducing: Markdown Comments for WordPress® | Robert DeVore,61,Markdown ALL THE THINGS 🔥 I built this plugin because I couldn’t stand how unnatural it felt to write HTML or plain text in WordPress comments. If you’ve followed my work – especially around Stattic – you know I write…,218,Introducing: Markdown Comments for WordPress®,H2: Meet the Plugin | H2: Why I Built It | H2: How to Install | H2: What’s Next | H2: Related Reading,513,en,2025-06-05,,Robert DeVore,True,BlogPosting; Organization; Person,5,20,5,2,2,0,1,2,False,True,False,False,0e028547424f8b541ca989e935ddedf92843f609cb170e9ceb19ba44ad6a9b61
baseline,https://robertdevore.com/introducing-markdown-exporter-for-wordpress/,content/posts/introducing-markdown-exporter-for-wordpress.md,article,200,200,True,"index, follow (default)",https://robertdevore.com/introducing-markdown-exporter-for-wordpress/,200,Introducing Markdown Exporter for WordPress® | Robert DeVore,60,"This month has been a whirlwind of development and releases, and today continues that tradition. I’m happy to proudly release my 7th free plugin this month 🔥 Each plugin represents a step forward in enhancing your…",214,Introducing Markdown Exporter for WordPress®,H2: Why _Another_ Plugin? | H2: Introducing Markdown Exporter for WordPress® | H3: Key Features: | H2: Seamless Integration with Stattic | H3: Why Use Markdown with Stattic? | H2: Getting Started | H3: Installation | H3: Usage | H2: Why This Plugin Matters to Me | H2: Join the Journey | H2: Thank You! | H2: Related Reading,935,en,2024-11-12,,Robert DeVore,True,BlogPosting; Organization; Person,5,18,12,0,5,0,4,3,False,True,False,False,e86124deb96e35d7076f5a453c5a4c3f1e5be69177b768c8415c28ae3bc09bbe
baseline,https://robertdevore.com/introducing-media-copyright-scanner/,content/posts/introducing-media-copyright-scanner.md,article,200,200,True,"index, follow (default)",https://robertdevore.com/introducing-media-copyright-scanner/,200,Introducing Media Copyright Scanner | Robert DeVore,51,"I’m excited to introduce my latest plugin 👀 Media Copyright Scanner . This free tool is crafted to assist website owners, content managers, and developers in identifying potentially copyrighted images within their…",214,Introducing Media Copyright Scanner,H2: Comprehensive Scanning | H2: User-Friendly Interface | H2: Actionable Results | H2: Customizable and Extensible | H2: Why This Plugin Matters | H3: Mitigate Legal Risks | H3: Support Ethical Practices | H3: Save Time and Resources | H2: Getting Started | H3: Installation | H3: Using the Plugin | H2: Extending Functionality | H3: Custom Patterns | H3: Adjusting Batch Size | H2: Looking Ahead | H2: Related Reading,584,en,2024-12-02,,Robert DeVore,True,BlogPosting; Organization; Person,6,18,6,0,3,0,2,3,False,True,False,False,c78c248eeaf656ccb4f7a32bc82373632ac0c8d20eb0ff41e8b7b2ea7ae07046
baseline,https://robertdevore.com/introducing-media-file-versioning-for-wordpress/,content/posts/introducing-media-file-versioning-for-wordpress.md,article,200,200,True,"index, follow (default)",https://robertdevore.com/introducing-media-file-versioning-for-wordpress/,200,Introducing Media File Versioning for WordPress® | Robert DeVore,64,"Another day, another plugin 💪 Today, I’m happy to announce the release of Media File Versioning , a lightweight yet powerful plugin designed to bring version control to your WordPress Media Library. Whether you’re…",214,Introducing Media File Versioning for WordPress®,H2: What is Media File Versioning? | H2: Why I Built This Plugin | H2: Key Features | H3: 1. Version Control for Media Files | H3: 2. Admin-Friendly Meta Box | H3: 3. Shortcode for Front-End Display | H3: 4. Seamless Integration | H2: How It Works | H3: Uploading a New Version | H3: Viewing Previous Versions | H3: Displaying Versions on the Front End | H2: Built with Developers in Mind | H2: What’s next? | H2: Try Media File Versioning Today | H2: Related Reading,665,en,2024-12-05,,Robert DeVore,True,BlogPosting; Organization; Person,6,18,6,0,4,0,3,3,False,True,False,False,a1f5c9cdcce947881065f6762e75a2ffb479181dd8cbdcf162482e9178ed35a1
baseline,https://robertdevore.com/introducing-metadata-import-export-for-yoast-seo/,content/posts/introducing-metadata-import-export-for-yoast-seo.md,article,200,200,True,"index, follow (default)",https://robertdevore.com/introducing-metadata-import-export-for-yoast-seo/,200,Introducing Metadata Import/Export for Yoast SEO | Robert DeVore,64,Today I’m really happy to release this new free plugin for the WordPress® and Yoast SEO communities 💪💯 The Metadata Import/Export for Yoast plugin is designed to empower SEO’s and content managers who use Yoast SEO by…,218,Introducing Metadata Import/Export for Yoast SEO,H2: The Inspiration Behind the Plugin | H2: Key Features | H3: Seamless Import and Export of Metadata | H3: Custom Post Type Support | H3: User Role Access Control | H3: Progress Indicators and Detailed Statistics | H2: Why This Plugin Matters for SEOs | H3: Efficiency and Time Savings | H3: Accuracy and Consistency | H3: Flexibility in Team Collaboration | H2: Getting Started | H3: Installation | H3: Using the Plugin | H2: Looking Ahead | H2: Acknowledgments | H2: Related Reading,700,en,2024-12-03,,Robert DeVore,True,BlogPosting; Organization; Person,6,18,6,0,5,0,4,3,False,True,False,False,bb4ce70fa69e5b2b8c6dcfbd595c8f4e4a7108fa9446cd228be39ae119951383
baseline,https://robertdevore.com/introducing-module-usage-tracker-for-wp-bakery/,content/posts/introducing-module-usage-tracker-for-wp-bakery.md,article,200,200,True,"index, follow (default)",https://robertdevore.com/introducing-module-usage-tracker-for-wp-bakery/,200,Introducing the Module Usage Tracker for WP Bakery | Robert DeVore,66,I’m excited to announce the release of ANOTHER new free WordPress® plugin for 💪💯 The free Module Usage Tracker for WP Bakery plugin is a new tool for anyone looking to get a closer view of how WP Bakery modules are…,215,Introducing the Module Usage Tracker for WP Bakery,H2: Why Use Module Usage Tracker for WP Bakery? | H2: Key Features | H2: How It Works | H2: Who Will Benefit from This Plugin? | H2: Get Started Today | H2: Related Reading,573,en,2024-11-13,,Robert DeVore,True,BlogPosting; Organization; Person,5,18,6,0,2,0,1,3,False,True,False,False,c70174c6f630971cead4e3e7772d440e549442ae5e8179fc6b3baae0271b9f61
baseline,https://robertdevore.com/introducing-pattern-pal-ai-powered-patterns-for-wordpress/,content/posts/introducing-pattern-pal-ai-powered-patterns-for-wordpress.md,article,200,200,True,"index, follow (default)",https://robertdevore.com/introducing-pattern-pal-ai-powered-patterns-for-wordpress/,200,Introducing Pattern Pal: AI-Powered Patterns for WordPress® | Robert DeVore,75,"I’m excited to introduce Pattern Pal , a new free WordPress® plugin that leverages OpenAI to generate custom block patterns right inside the WordPress® editor! Whether you’re a content creator, designer, or developer,…",218,Introducing Pattern Pal: AI-Powered Patterns for WordPress®,H2: What is Pattern Pal? | H3: Why Use Pattern Pal? | H2: Features | H2: How to Use Pattern Pal | H3: Step 1: Install the Plugin | H3: Step 2: Generate a Block Pattern | H3: Step 3: Customize and Publish | H2: Who Is This For? | H2: Looking Ahead | H2: Related Reading,523,en,2025-02-09,,Robert DeVore,True,BlogPosting; Organization; Person,5,18,8,0,5,0,4,3,False,True,False,False,70c890a75d2b5014d39c070e94245a2a7fedda03404938f9cd7d5406404e346e
baseline,https://robertdevore.com/introducing-persistent-dismissible-notices/,content/posts/introducing-persistent-dismissible-notices.md,article,200,200,True,"index, follow (default)",https://robertdevore.com/introducing-persistent-dismissible-notices/,200,Introducing Persistent Dismissible Notices | Robert DeVore,58,"I’m excited to announce the release of my new free WordPress® plugin, Persistent Dismissible Notices , designed to solve a long-standing annoyance in the WordPress admin experience. If you’ve ever been frustrated by…",216,Introducing Persistent Dismissible Notices,H2: Why Persistent Dismissible Notices Matters | H2: Key Features | H3: Dismissal Persistence | H3: Compatibility | H3: Scalability and Performance | H2: How to Use the Plugin | H3: Installation | H2: How It Works | H3: JavaScript | H3: PHP | H2: Roadmap and Future Plans | H2: Related Reading,536,en,2024-12-07,,Robert DeVore,True,BlogPosting; Organization; Person,6,18,7,0,4,0,3,3,False,True,False,False,2a7081ae497725e5e40f56e308a4c92a0611699acbe8c4732f0921816e043b33
baseline,https://robertdevore.com/introducing-projects-for-wordpress-a-better-way-to-showcase-your-work/,content/posts/introducing-projects-for-wordpress-a-better-way-to-showcase-your-work.md,article,200,200,True,"index, follow (default)",https://robertdevore.com/introducing-projects-for-wordpress-a-better-way-to-showcase-your-work/,200,Introducing Projects for WordPress®: A Better Way to Showcase Your Work | Robert DeVore,87,"Let me start by saying this isn’t simply about hate. It’s about clarity, control, and community. WordPress – the open source project – has been the foundation of my entire career. I’m grateful for it. And I’ve even gone…",220,Introducing Projects for WordPress®: A Better Way to Showcase Your Work,H2: What Is Projects for WordPress®? | H2: What Developers Get Out of This | H3: Independence | H3: Download Tracking | H3: GitHub-Powered Updates | H3: Full Customization | H3: REST API Ready | H2: Why This Matters | H2: Who Should Use This Plugin? | H2: How to Get Started | H2: Bonus: Releasing Your Plugin via GitHub | H2: Final Thoughts | H2: Related Reading,919,en,2025-04-04,,Robert DeVore,True,BlogPosting; Organization; Person,5,23,4,4,8,0,7,3,False,True,False,False,c584490c0c0405262601e057ff6fa74329dde84031d9e1c8ef9a8434b857562f
baseline,https://robertdevore.com/introducing-purchase-orders-for-woocommerce-free/,content/posts/introducing-purchase-orders-for-woocommerce-free.md,article,200,200,True,"index, follow (default)",https://robertdevore.com/introducing-purchase-orders-for-woocommerce-free/,200,Introducing Purchase Orders for WooCommerce® (free) | Robert DeVore,67,"Welcome to week 4 of the #WooWednesday plugin series! Today we’ve got the Purchase Orders for WooCommerce® plugin which is a simple, free, and functional alternative to Woo’s $49/year offering. It adds a purchase order…",219,Introducing Purchase Orders for WooCommerce® (free),H2: Key Features | H2: How to Get Starte d | H2: Why Use This Instead of WooCommerce’s Version? | H2: What’s Next? | H2: Final Thoughts | H2: Related Reading,588,en,2024-12-04,,Robert DeVore,True,BlogPosting; Organization; Person,7,19,7,0,6,0,5,3,False,True,False,False,e5e3d228b15799200faa194bdef198b44ed3cee7c1f689a1b7df2f11fd8ce5cb
baseline,https://robertdevore.com/introducing-seo-for-wordpress/,content/posts/introducing-seo-for-wordpress.md,article,200,200,True,"index, follow (default)",https://robertdevore.com/introducing-seo-for-wordpress/,200,Introducing SEO for WordPress® | Robert DeVore,46,"Finding a reliable, lightweight SEO plugin without constant upsells or unnecessary features can feel like searching for a needle in a haystack. Many SEO tools claim to empower your website, yet they often come with…",215,Introducing SEO for WordPress®,H2: Why Another SEO Plugin? | H2: What You Can Do with SEO for WordPress | H3: General Settings | H3: Advanced Settings | H3: SEO Metabox | H3: Archive Meta Fields | H2: Getting Started | H2: What’s Coming Next? | H2: Built for the Community | H2: How to Get Involved | H2: Let’s Build Something Great | H2: Related Reading,867,en,2024-12-31,,Robert DeVore,True,BlogPosting; Organization; Person,6,18,10,0,6,0,5,3,False,True,False,False,34a25585c836111dcc25c99aa3bfdf01869c3a36ca6fa48fd8ef61274e7d57de
baseline,https://robertdevore.com/introducing-shipping-multiple-addresses-for-woocommerce-free/,content/posts/introducing-shipping-multiple-addresses-for-woocommerce-free.md,article,200,200,True,"index, follow (default)",https://robertdevore.com/introducing-shipping-multiple-addresses-for-woocommerce-free/,200,Introducing Shipping Multiple Addresses for WooCommerce® (free) | Robert DeVore,79,"I’m thrilled to share my latest plugin that aims to make WooCommerce® even more powerful and versatile. Introducing Shipping Multiple Addresses for WooCommerce® , the free plugin that simplifies sending items to…",212,Introducing Shipping Multiple Addresses for WooCommerce® (free),H2: Why This Plugin Matters | H2: Key Features | H3: 1. Address Management | H3: 2. Cart Duplication | H3: 3. Custom Delivery Options | H3: 4. Automatic Order Splitting | H3: 5. Email Notifications | H3: 6. Admin-Friendly Tools | H2: How It Works | H3: For Customers | H3: For Store Owners | H2: Perfect for the Holiday Rush | H2: Get it on GitHub | H2: A Big Thanks to the Woo Community | H2: What’s Next? | H2: Related Reading,631,en,2024-12-18,,Robert DeVore,True,BlogPosting; Organization; Person,7,19,8,0,6,0,5,3,False,True,False,False,57fce37c4e9469eb9c313b8d365cd301c9bf28f6054daa47767ba3dcba02d4d9
baseline,https://robertdevore.com/introducing-site-vitals-for-wordpress/,content/posts/introducing-site-vitals-for-wordpress.md,article,200,200,True,"index, follow (default)",https://robertdevore.com/introducing-site-vitals-for-wordpress/,200,Introducing Site Vitals for WordPress® | Robert DeVore,54,"I’m thrilled to introduce Site Vitals for WordPress® – a free plugin designed to help you monitor, evaluate, and improve key aspects of your WordPress® website’s health. From performance and security to SEO, UX, and…",216,Introducing Site Vitals for WordPress®,H2: Why I Created Site Vitals for WordPress® | H2: Key Features | H3: Comprehensive Checks | H3: Asynchronous Loading and Caching | H3: Actionable Recommendations | H3: Filters for Developers | H2: Getting Started | H2: Future Plans | H2: Frequently Asked Questions | H2: Contributing and Feedback | H2: THANK YOU | H2: Related Reading,964,en,2024-12-10,,Robert DeVore,True,BlogPosting; Organization; Person,6,18,6,0,7,0,6,3,False,True,False,False,b909a26947cf7caba82655bd8aceb9ca8b2ed06a0930342d4699067ecc2e23d0
baseline,https://robertdevore.com/introducing-slop-stopper-a-free-content-checker-for-wordpress/,content/posts/introducing-slop-stopper-a-free-content-checker-for-wordpress.md,article,200,200,True,"index, follow (default)",https://robertdevore.com/introducing-slop-stopper-a-free-content-checker-for-wordpress/,200,Introducing Slop Stopper: A free content checker for WordPress® | Robert DeVore,79,"You ever read an article and just know it was written by ChatGPT? You know, the ones where you don’t even have to check. The second you see “delve into the intricacies” or “tapestry of experiences” , you know you’re…",216,Introducing Slop Stopper: A free content checker for WordPress®,H2: The AI Content Apocalypse is Here | H2: Meet Slop Stopper: The AI Slop Bouncer for Your Blog | H2: Why You Need This Plugin Yesterday | H2: Download Slop Stopper Now | H2: Related Reading,530,en,2025-03-16,,Robert DeVore,True,BlogPosting; Organization; Person,5,21,2,3,5,0,4,3,False,True,False,False,ff1f15615ff74fedb8d56ccc5d9c57d698a8eb5f17ff05b05dce2fc30697a9dd
baseline,https://robertdevore.com/introducing-stats-for-wordpress/,content/posts/introducing-stats-for-wordpress.md,article,200,200,True,"index, follow (default)",https://robertdevore.com/introducing-stats-for-wordpress/,200,Introducing Stats for WordPress® | Robert DeVore,48,"The tools we rely on to manage our websites need to reflect our values, both professionally and personally. Recently, Jetpack, a popular WordPress plugin, has changed its usage restrictions , requiring non-profits to…",217,Introducing Stats for WordPress®,H2: Why I Built Stats for WordPress® | H2: What Stats for WordPress® Can Do | H2: How to Get Started | H2: Looking Ahead: Future Plans for Stats for WordPress® | H2: Why Choose Stats for WordPress®? | H2: Get Involved | H2: Related Reading,769,en,2024-12-01,,Robert DeVore,True,BlogPosting; Organization; Person,6,18,9,0,5,0,4,3,False,True,False,False,c9251e9d2eb2a8609cd4114fd637e56377ba0261a3244599917577f855deaf72
baseline,https://robertdevore.com/introducing-table-block-enhancer-for-wordpress/,content/posts/introducing-table-block-enhancer-for-wordpress.md,article,200,200,True,"index, follow (default)",https://robertdevore.com/introducing-table-block-enhancer-for-wordpress/,200,Introducing Table Block Enhancer for WordPress® | Robert DeVore,63,"Today I’m happy to announce the release of a new free plugin for WordPress® called Table Block Enhancer 🚀 This WordPress® plugin designed to supercharge the default WordPress® Table block, which is lacking in features…",218,Introducing Table Block Enhancer for WordPress®,H2: Why I Built Table Block Enhancer | H2: Key Features | H3: 🔍 Searching | H3: 🔃 Sorting | H3: 📄 Paging | H3: 🎛️ Per-Block Settings | H2: How to Use Table Block Enhancer | H3: 1. Installation | H3: 2. Adding a Table | H3: 3. Configuring Table Enhancer Settings | H3: 4. Publishing and Viewing Your Enhanced Table | H2: Related Reading,596,en,2024-12-04,,Robert DeVore,True,BlogPosting; Organization; Person,6,18,8,0,5,0,4,3,False,True,False,False,45db9d58cea88f20c9ff84e81e04deddff94c123dabe5d1bc783360ae7369325
baseline,https://robertdevore.com/introducing-test-orders-for-woocommerce/,content/posts/introducing-test-orders-for-woocommerce.md,article,200,200,True,"index, follow (default)",https://robertdevore.com/introducing-test-orders-for-woocommerce/,200,Introducing Test Orders for WooCommerce® | Robert DeVore,56,"I’m thrilled to announce the release of Test Orders for WooCommerce® , a free plugin designed to simplify testing workflows for WooCommerce® store owners. This plugin adds a “Test Order” payment gateway to your store,…",218,Introducing Test Orders for WooCommerce®,H2: Key Features | H2: Why Use Test Orders for WooCommerce®? | H2: How to Use | H2: Behind the Scenes | H2: Who Is This For? | H2: Get Started Today | H2: Feedback and Support | H2: Related Reading,535,en,2024-12-06,,Robert DeVore,True,BlogPosting; Organization; Person,7,20,8,0,6,0,5,3,False,True,False,False,d2479dfd76146d12a0b994b5d5479d564bc078000d11899444d00ee42dff7c91
baseline,https://robertdevore.com/introducing-the-phlush-permalinks-wordpress-plugin/,content/posts/introducing-the-phlush-permalinks-wordpress-plugin.md,article,200,200,True,"index, follow (default)",https://robertdevore.com/introducing-the-phlush-permalinks-wordpress-plugin/,200,Introducing the Phlush Permalinks WordPress Plugin | Robert DeVore,66,"Another day, another free WordPress plugin release 🚀💪 Are you tired of manually flushing your permalinks every time you make structural changes to your WordPress site? Phlush Permalinks , a new WordPress plugin I…",213,Introducing the Phlush Permalinks WordPress Plugin,H2: Why Permalinks Matter: | H2: Key Features of Phlush Permalinks: | H2: How It Works | H2: Getting Started | H2: Looking to extend the plugin and add your own actions? | H3: Example 1: Adding Custom Actions | H3: Example 2: Removing Actions | H2: Related Reading,658,en,2024-09-05,,Robert DeVore,True,BlogPosting; Organization; Person,5,18,4,0,4,0,3,3,False,True,False,False,b2940876e2eb7efa2bd166a7e06c4eb4fc080b90d355336c993b24729ae60482
baseline,https://robertdevore.com/introducing-the-prompts-library-a-playground-for-ai-creativity/,content/posts/introducing-the-prompts-library-a-playground-for-ai-creativity.md,article,200,200,True,"index, follow (default)",https://robertdevore.com/introducing-the-prompts-library-a-playground-for-ai-creativity/,200,Introducing the Prompts Library – A Playground for AI Creativity | Robert DeVore,80,"Over the last few months, I’ve been experimenting with ways to push generative AI further – not just to create images, but to design tools that help you consistently create great ones. That’s where the Prompts Library…",218,Introducing the Prompts Library – A Playground for AI Creativity,H2: What’s Inside (So Far) | H2: Who’s It For? | H2: Got an Idea? I’m Taking Requests. | H2: Related Reading,380,en,2025-05-20,,Robert DeVore,True,BlogPosting; Organization; Person,5,18,11,0,1,0,0,3,False,True,False,False,75fdfc7c445a54ce07255c37cf5d5603eb7a12092f37afcee7e62a292b451ac5
baseline,https://robertdevore.com/introducing-the-user-login-status-plugin-for-wordpress/,content/posts/introducing-the-user-login-status-plugin-for-wordpress.md,article,200,200,True,"index, follow (default)",https://robertdevore.com/introducing-the-user-login-status-plugin-for-wordpress/,200,Introducing the User Login Status Plugin for WordPress | Robert DeVore,70,"Today I’m happy to announce the release of User Login Status , a WordPress plugin designed to help administrators easily monitor user activity and manage user sessions with ease. This plugin comes with a couple key…",215,Introducing the User Login Status Plugin for WordPress,H2: Key Features | H3: 1. Monitor User Status Directly in the Admin Panel | H3: 2. Bulk Logout Functionality | H3: 3. Real-Time AJAX Polling | H3: 4. Optimized for Admins | H2: Installation and Usage | H3: 1. Download and Install the Plugin | H3: 2. How to Monitor User Status | H3: 3. How to Bulk Log Out Users | H2: Technical Details | H3: 1. Session Tokens | H3: 2. AJAX Polling for Real-Time Status | H3: 3. Bulk Action Handling | H3: 4. Security Considerations | H2: Roadmap for Future Releases | H3: Download the User Login Status plugin | H2: Related Reading,724,en,2024-09-29,,Robert DeVore,True,BlogPosting; Organization; Person,5,19,4,1,2,0,1,3,False,True,False,False,dddbf36fad1a1fcfd16e0bdc367858548141c5898b7dc8158f5e99e83604d969
baseline,https://robertdevore.com/introducing-vertical-gallery-product-display-for-woocommerce/,content/posts/introducing-vertical-gallery-product-display-for-woocommerce.md,article,200,200,True,"index, follow (default)",https://robertdevore.com/introducing-vertical-gallery-product-display-for-woocommerce/,200,Introducing Vertical Gallery Product Display for WooCommerce® | Robert DeVore,77,"I’m thrilled to announce the release of my latest WordPress plugin, Vertical Gallery Product Display for WooCommerce® . This plugin is designed to enhance the shopping experience by transforming the WooCommerce® product…",220,Introducing Vertical Gallery Product Display for WooCommerce®,H2: Why Build This Plugin? | H2: How to Use Vertical Gallery Product Display | H2: Behind the Scenes: Building a Plugin Like This | H2: Why Free Matters | H2: Get it on GitHub | H2: Related Reading,600,en,2024-12-12,,Robert DeVore,True,BlogPosting; Organization; Person,7,19,5,0,4,0,3,3,False,True,False,False,36154c1ea8a4db950b9e81e2d50988fd09a0401cc95228842cb12cd3d3e04b1f
baseline,https://robertdevore.com/introducing-widget-usage-tracker-for-elementor/,content/posts/introducing-widget-usage-tracker-for-elementor.md,article,200,200,True,"index, follow (default)",https://robertdevore.com/introducing-widget-usage-tracker-for-elementor/,200,Introducing Widget Usage Tracker for Elementor | Robert DeVore,62,"Another day, another plugin release 💪 I’m happy to launch Widget Usage Tracker for Elementor , a WordPress® plugin designed to help you monitor and analyze the usage of Elementor widgets across your website. Whether…",216,Introducing Widget Usage Tracker for Elementor,H2: What is Widget Usage Tracker for Elementor? | H2: Key Features | H3: 1. Comprehensive Tracking | H3: 2. Detailed Insights | H3: 3. User-Friendly Interface | H3: 4. Automatic Updates | H3: 5. Localization Ready | H3: 6. Optimized Performance | H2: Installation Guide | H3: Step-by-Step Installation | H2: How to Use Widget Usage Tracker | H3: Accessing the Tracker | H3: Viewing Widget Usage | H3: Viewing Detailed Widget Usage | H2: Uninstallation Process | H2: Future Enhancements | H2: THANK YOU! | H2: Related Reading,832,en,2024-11-09,,Robert DeVore,True,BlogPosting; Organization; Person,5,19,6,0,4,0,3,3,False,True,False,False,142fa0ed5535b81d3d45b87a226bf8866eaaf0f6d2f0c760f2dd79b4cc2371d6
baseline,https://robertdevore.com/invest-in-yourself/,content/posts/invest-in-yourself.md,article,200,200,True,"index, follow (default)",https://robertdevore.com/invest-in-yourself/,200,Invest in Yourself | Robert DeVore,34,"When it comes to building something that you want to turn into a business and earn a living from, there's a lot of paths to success. Sometimes you go viral because one specific person tweeted you. Other times there's…",217,Invest in Yourself,H2: Cash Investments | H3: Business necessities | H3: Business extras | H2: Sweat Equity | H3: Hard work pays off | H3: Focus on the plan | H3: One last piece of advice | H2: Related Reading,1097,en,2016-06-21,,Robert DeVore,True,BlogPosting; Organization; Person,5,19,12,0,1,0,0,4,False,True,False,False,221fe031d1495be260fa0bde8a82ea0a09aabc7316bd10584f799d2c4427f5fc
baseline,https://robertdevore.com/kevin-michael-geary-a-hidden-history-of-hate-racism-and-bigotry/,content/posts/kevin-michael-geary-a-hidden-history-of-hate-racism-and-bigotry.md,article,200,200,True,"index, follow (default)",https://robertdevore.com/kevin-michael-geary-a-hidden-history-of-hate-racism-and-bigotry/,200,"Kevin Michael Geary: A Hidden History of Hate, Racism, and Bigotry | Robert DeVore",82,"⚠ Content Warning: This article contains archived examples of racism, sexism, ableism, and hateful language used by Kevin Michael Geary. Reader discretion is advised. Introduction: Who is Kevin Michael Geary? Kevin…",215,"Kevin Michael Geary: A Hidden History of Hate, Racism, and Bigotry",H2: Introduction: Who is Kevin Michael Geary? | H2: Part 1: Kevin Geary’s Early Digital Footprint | H3: Hispanic Hate Speech by Kevin Geary | H3: Kevin Michael Geary Mocking People with Disabilities | H3: Racist Commentary and Stereotyping by Kevin Geary | H3: Misogynistic Attacks by Kevin Geary | H3: Attacking Children and Families | H3: Kevin Geary on Race and Music | H3: Advocating Violence Against Women | H3: Pedophilia “Jokes” by Kevin Geary | H2: Part 2: Kevin Michael Geary’s Long Pattern of Industry-Hopping and Reputation Management | H3: Early Career: “The Money Hawk” and “Six Figure Grind” | H3: Health and Fitness Pivot: “Rebooted Body” | H3: The Web Development Pivot: “Digital Ambition” | H3: Modern Day: History Repeats | H3: This is Not Ancient History | H2: Part 3: Kevin Geary’s History is Not an Accident | H2: Related Reading,1403,en,2025-04-28,,Robert DeVore,True,BlogPosting; Organization; Person,13,18,23,0,4,0,3,3,False,True,False,False,8fc55ab7037ed2ab6d28cc78a3a87e92129915d2aef725b7a874a4878b20b3ef
baseline,https://robertdevore.com/leafly-reviews-wordpress-plugin/,content/posts/leafly-reviews-wordpress-plugin.md,article,200,200,True,"index, follow (default)",https://robertdevore.com/leafly-reviews-wordpress-plugin/,200,Leafly Reviews | Robert DeVore,30,"You know those moments in your life where you step back and look around, knowing that things are about to change? Yeah, I'm having one of those moments right now. I've wrote a lot of code in my lifetime and customized…",218,Leafly Reviews,H2: Leafly Reviews WordPress plugin | H3: Download | H3: Adding your APP ID and KEY | H3: Widget Options | H3: Shortcode Options | H2: Credits & Thank-you's | H2: Download | H2: The road ahead | H2: Related Reading,953,en,2015-10-15,,Robert DeVore,True,BlogPosting; Organization; Person,8,18,9,0,2,0,1,3,False,True,False,False,b0585fa4145c5cc97518042511e1421140f4938ed152320bbb476f7218d25a9d
baseline,https://robertdevore.com/leap-the-code-of-extreme-leadership/,content/posts/leap-the-code-of-extreme-leadership.md,article,200,200,True,"index, follow (default)",https://robertdevore.com/leap-the-code-of-extreme-leadership/,200,LEAP: The Code of Extreme Leadership | Robert DeVore,52,"In a world drowning in bloat and broken systems, leadership needs more than charisma. It needs a code. A compass. A creed that doesn’t just sound good in a keynote, but works when it’s 2AM and the product still isn’t…",217,LEAP: The Code of Extreme Leadership,H2: What is LEAP? | H2: Liberate | H2: Execute | H2: Agitate | H2: Persist | H2: Take the LEAP with me | H2: Related Reading,1445,en,2025-04-14,,Robert DeVore,True,BlogPosting; Organization; Person,20,18,3,0,7,0,6,1,False,True,False,False,ec6bddbd92780dca30d294322c677109b5167fb138094163a1e97f771706e8a6
baseline,https://robertdevore.com/making-up-for-lost-time/,content/posts/making-up-for-lost-time.md,article,200,200,True,"index, follow (default)",https://robertdevore.com/making-up-for-lost-time/,200,Making up for lost time | Robert DeVore,39,"Growing pains are a part of everyone's life. From the time you're little and you wake up in the middle of the night with leg cramps because you're getting taller, to the time you have to bite your tongue when someone…",217,Making up for lost time,H2: Learning to let go | H2: Forgiving your past | H2: Moving forward | H2: The road ahead | H2: Related Reading,1246,en,2016-03-09,,Robert DeVore,True,BlogPosting; Organization; Person,7,17,2,0,1,0,0,4,False,True,False,False,235bca02c28d462a7e36adfbdcd79d53a0cbaa2e3d528be492e4465edf3e5fcd
baseline,https://robertdevore.com/mnml-free-minimalist-wordpress-theme/,content/posts/mnml-free-minimalist-wordpress-theme.md,article,200,200,True,"index, follow (default)",https://robertdevore.com/mnml-free-minimalist-wordpress-theme/,200,MNML | Robert DeVore,20,"Minimalism is beautiful. There's something about the clean, airy feeling you get when you look at a design that's truly minimalist in it's execution that makes you feel all warm and fuzzy inside. At least that's how it…",219,MNML,H2: Demo & Download | H2: Under the hood | H2: Credits & Thank-you's | H2: The road ahead | H2: Related Reading,627,en,2015-09-02,,Robert DeVore,True,BlogPosting; Organization; Person,7,19,12,0,2,0,1,3,False,True,False,False,4c63f8fd404062455630b9130732c5fbc39e9b7e500e25196d071d1d341cd452
baseline,https://robertdevore.com/my-brothers-keeper-sons-of-anarchy-fanfiction/,content/posts/my-brothers-keeper-sons-of-anarchy-fanfiction.md,article,200,200,True,"index, follow (default)",https://robertdevore.com/my-brothers-keeper-sons-of-anarchy-fanfiction/,200,My Brothers Keeper | Robert DeVore,34,"Creativity comes in many forms. Today, I would like to display another form of creative expression I have been interested in with a Sons of Anarchy fanfiction story. I've wrote fiction for as long as I can remember, and…",220,My Brothers Keeper,H2: Why Sons of Anarchy? | H2: Chapters for Authors | H2: My Brothers Keeper | H3: What's next? | H2: Related Reading,475,en,2017-05-31,,Robert DeVore,True,BlogPosting; Organization; Person,5,22,5,3,1,0,0,3,False,True,False,False,09f07d80a42071a40f601bf079bde813b49c39aebec7e355726ca6b8689c2ed1
baseline,https://robertdevore.com/my-development-projects/,content/posts/my-development-projects.md,article,200,200,True,"index, follow (default)",https://robertdevore.com/my-development-projects/,200,Recent project updates | Robert DeVore,38,"Since late last year I've been hard at work on various development projects. While I've spent time blogging about each of them here, I haven't updated the posts with new details about each of the projects. This post is…",219,Recent project updates,H2: WP Dispensary | H2: Clean Blog | H2: miniQuiz | H2: Slackedd | H2: Leafly Reviews | H2: What development projects are next? | H2: Keep in touch | H2: Related Reading,846,en,2016-03-16,,Robert DeVore,True,BlogPosting; Organization; Person,6,21,18,0,1,0,0,3,False,True,False,False,3ba2997447b235488f81eaf55f4333a073063f015d915251193ffcc2ac4a2b76
baseline,https://robertdevore.com/open-source-is-anarchism-in-action/,content/posts/open-source-is-anarchism-in-action.md,article,200,200,True,"index, follow (default)",https://robertdevore.com/open-source-is-anarchism-in-action/,200,Open Source is Anarchism in Action | Robert DeVore,50,Most people think of anarchism as chaos – burning dumpsters and smashed windows. But real anarchism is far more dangerous to power than broken glass. It’s about building systems without masters. It’s about horizontal…,217,Open Source is Anarchism in Action,H2: And it’s working. | H2: Shared Foundations | H3: 1. Voluntary Cooperation | H3: 2. Decentralized Power | H3: 3. Transparent Accountability | H3: 4. Ownership Without Control | H2: Open Source Was Always Political | H2: Why the Open Source Model Embodies Anarchist Practice | H2: Related Reading,557,en,2025-04-23,,Robert DeVore,True,BlogPosting; Organization; Person,7,18,2,0,4,0,3,2,False,True,False,False,ac429a6bb624f63d8e0e5e8ad2de62567b5c10e72bba0810a175101fd1bc22ef
baseline,https://robertdevore.com/organized-chaos/,content/posts/organized-chaos.md,article,200,200,True,"index, follow (default)",https://robertdevore.com/organized-chaos/,200,Organized Chaos | Robert DeVore,31,"Life is chaotic, and beyond death nothing is ever guaranteed to you. While your goal should never change to fit your current life situation, the path you take to achieve it may have to for reasons far beyond your…",213,Organized Chaos,H2: Related Reading,669,en,2016-12-20,,Robert DeVore,True,BlogPosting; Organization; Person,7,17,7,0,1,0,0,4,False,True,False,False,195f23e6edba21b07e504766ef9cb86b64c28bf903e1e2f579f3657428c3e2a9
baseline,https://robertdevore.com/page/10/,generated listing/archive,pagination,200,200,True,"index, follow (default)",https://robertdevore.com/page/10/,200,Robert DeVore,13,"Software systems, developer tools, agentic workflows, and technical writing.",76,"Systems, tools, and writing for work that has to hold up.","H2: Language, runtime, and local software workflows | H2: Tools with a visible operating record. | H3: Strata | H3: Snips | H3: RepoRadar | H2: How I build. | H3: Make state visible | H3: Keep work inspectable | H3: Records and receipts | H3: Pressure-test the ecosystem | H2: Writing | H2: Forever Forward | H2: Zero Cool CLI – A Hacker’s Terminal from 1995 | H2: Stattic v1.0: The World’s Fastest Python-based Static Site Generator | H2: I care about work that remains useful after the room changes.",435,en,,,Robert DeVore,False,Organization; WebSite,0,26,8,0,2,0,1,unreachable,True,True,True,True,c56b6cbe39905a403d35940cab868a471abae2848129437d19241fed5ad6be2f
baseline,https://robertdevore.com/page/11/,generated listing/archive,pagination,200,200,True,"index, follow (default)",https://robertdevore.com/page/11/,200,Robert DeVore,13,"Software systems, developer tools, agentic workflows, and technical writing.",76,"Systems, tools, and writing for work that has to hold up.","H2: Language, runtime, and local software workflows | H2: Tools with a visible operating record. | H3: Strata | H3: Snips | H3: RepoRadar | H2: How I build. | H3: Make state visible | H3: Keep work inspectable | H3: Records and receipts | H3: Pressure-test the ecosystem | H2: Writing | H2: Forever Forward | H2: Zero Cool CLI – A Hacker’s Terminal from 1995 | H2: Stattic v1.0: The World’s Fastest Python-based Static Site Generator | H2: I care about work that remains useful after the room changes.",435,en,,,Robert DeVore,False,Organization; WebSite,0,26,8,0,2,0,1,unreachable,True,True,True,True,c56b6cbe39905a403d35940cab868a471abae2848129437d19241fed5ad6be2f
baseline,https://robertdevore.com/page/12/,generated listing/archive,pagination,200,200,True,"index, follow (default)",https://robertdevore.com/page/12/,200,Robert DeVore,13,"Software systems, developer tools, agentic workflows, and technical writing.",76,"Systems, tools, and writing for work that has to hold up.","H2: Language, runtime, and local software workflows | H2: Tools with a visible operating record. | H3: Strata | H3: Snips | H3: RepoRadar | H2: How I build. | H3: Make state visible | H3: Keep work inspectable | H3: Records and receipts | H3: Pressure-test the ecosystem | H2: Writing | H2: Forever Forward | H2: Zero Cool CLI – A Hacker’s Terminal from 1995 | H2: Stattic v1.0: The World’s Fastest Python-based Static Site Generator | H2: I care about work that remains useful after the room changes.",435,en,,,Robert DeVore,False,Organization; WebSite,0,26,8,0,2,0,1,unreachable,True,True,True,True,c56b6cbe39905a403d35940cab868a471abae2848129437d19241fed5ad6be2f
baseline,https://robertdevore.com/page/2/,generated listing/archive,pagination,200,200,True,"index, follow (default)",https://robertdevore.com/page/2/,200,Robert DeVore,13,"Software systems, developer tools, agentic workflows, and technical writing.",76,"Systems, tools, and writing for work that has to hold up.","H2: Language, runtime, and local software workflows | H2: Tools with a visible operating record. | H3: Strata | H3: Snips | H3: RepoRadar | H2: How I build. | H3: Make state visible | H3: Keep work inspectable | H3: Records and receipts | H3: Pressure-test the ecosystem | H2: Writing | H2: Forever Forward | H2: Zero Cool CLI – A Hacker’s Terminal from 1995 | H2: Stattic v1.0: The World’s Fastest Python-based Static Site Generator | H2: I care about work that remains useful after the room changes.",435,en,,,Robert DeVore,False,Organization; WebSite,0,26,8,0,2,0,1,unreachable,True,True,True,True,c56b6cbe39905a403d35940cab868a471abae2848129437d19241fed5ad6be2f
baseline,https://robertdevore.com/page/3/,generated listing/archive,pagination,200,200,True,"index, follow (default)",https://robertdevore.com/page/3/,200,Robert DeVore,13,"Software systems, developer tools, agentic workflows, and technical writing.",76,"Systems, tools, and writing for work that has to hold up.","H2: Language, runtime, and local software workflows | H2: Tools with a visible operating record. | H3: Strata | H3: Snips | H3: RepoRadar | H2: How I build. | H3: Make state visible | H3: Keep work inspectable | H3: Records and receipts | H3: Pressure-test the ecosystem | H2: Writing | H2: Forever Forward | H2: Zero Cool CLI – A Hacker’s Terminal from 1995 | H2: Stattic v1.0: The World’s Fastest Python-based Static Site Generator | H2: I care about work that remains useful after the room changes.",435,en,,,Robert DeVore,False,Organization; WebSite,0,26,8,0,2,0,1,unreachable,True,True,True,True,c56b6cbe39905a403d35940cab868a471abae2848129437d19241fed5ad6be2f
baseline,https://robertdevore.com/page/4/,generated listing/archive,pagination,200,200,True,"index, follow (default)",https://robertdevore.com/page/4/,200,Robert DeVore,13,"Software systems, developer tools, agentic workflows, and technical writing.",76,"Systems, tools, and writing for work that has to hold up.","H2: Language, runtime, and local software workflows | H2: Tools with a visible operating record. | H3: Strata | H3: Snips | H3: RepoRadar | H2: How I build. | H3: Make state visible | H3: Keep work inspectable | H3: Records and receipts | H3: Pressure-test the ecosystem | H2: Writing | H2: Forever Forward | H2: Zero Cool CLI – A Hacker’s Terminal from 1995 | H2: Stattic v1.0: The World’s Fastest Python-based Static Site Generator | H2: I care about work that remains useful after the room changes.",435,en,,,Robert DeVore,False,Organization; WebSite,0,26,8,0,2,0,1,unreachable,True,True,True,True,c56b6cbe39905a403d35940cab868a471abae2848129437d19241fed5ad6be2f
baseline,https://robertdevore.com/page/5/,generated listing/archive,pagination,200,200,True,"index, follow (default)",https://robertdevore.com/page/5/,200,Robert DeVore,13,"Software systems, developer tools, agentic workflows, and technical writing.",76,"Systems, tools, and writing for work that has to hold up.","H2: Language, runtime, and local software workflows | H2: Tools with a visible operating record. | H3: Strata | H3: Snips | H3: RepoRadar | H2: How I build. | H3: Make state visible | H3: Keep work inspectable | H3: Records and receipts | H3: Pressure-test the ecosystem | H2: Writing | H2: Forever Forward | H2: Zero Cool CLI – A Hacker’s Terminal from 1995 | H2: Stattic v1.0: The World’s Fastest Python-based Static Site Generator | H2: I care about work that remains useful after the room changes.",435,en,,,Robert DeVore,False,Organization; WebSite,0,26,8,0,2,0,1,unreachable,True,True,True,True,c56b6cbe39905a403d35940cab868a471abae2848129437d19241fed5ad6be2f
baseline,https://robertdevore.com/page/6/,generated listing/archive,pagination,200,200,True,"index, follow (default)",https://robertdevore.com/page/6/,200,Robert DeVore,13,"Software systems, developer tools, agentic workflows, and technical writing.",76,"Systems, tools, and writing for work that has to hold up.","H2: Language, runtime, and local software workflows | H2: Tools with a visible operating record. | H3: Strata | H3: Snips | H3: RepoRadar | H2: How I build. | H3: Make state visible | H3: Keep work inspectable | H3: Records and receipts | H3: Pressure-test the ecosystem | H2: Writing | H2: Forever Forward | H2: Zero Cool CLI – A Hacker’s Terminal from 1995 | H2: Stattic v1.0: The World’s Fastest Python-based Static Site Generator | H2: I care about work that remains useful after the room changes.",435,en,,,Robert DeVore,False,Organization; WebSite,0,26,8,0,2,0,1,unreachable,True,True,True,True,c56b6cbe39905a403d35940cab868a471abae2848129437d19241fed5ad6be2f
baseline,https://robertdevore.com/page/7/,generated listing/archive,pagination,200,200,True,"index, follow (default)",https://robertdevore.com/page/7/,200,Robert DeVore,13,"Software systems, developer tools, agentic workflows, and technical writing.",76,"Systems, tools, and writing for work that has to hold up.","H2: Language, runtime, and local software workflows | H2: Tools with a visible operating record. | H3: Strata | H3: Snips | H3: RepoRadar | H2: How I build. | H3: Make state visible | H3: Keep work inspectable | H3: Records and receipts | H3: Pressure-test the ecosystem | H2: Writing | H2: Forever Forward | H2: Zero Cool CLI – A Hacker’s Terminal from 1995 | H2: Stattic v1.0: The World’s Fastest Python-based Static Site Generator | H2: I care about work that remains useful after the room changes.",435,en,,,Robert DeVore,False,Organization; WebSite,0,26,8,0,2,0,1,unreachable,True,True,True,True,c56b6cbe39905a403d35940cab868a471abae2848129437d19241fed5ad6be2f
baseline,https://robertdevore.com/page/8/,generated listing/archive,pagination,200,200,True,"index, follow (default)",https://robertdevore.com/page/8/,200,Robert DeVore,13,"Software systems, developer tools, agentic workflows, and technical writing.",76,"Systems, tools, and writing for work that has to hold up.","H2: Language, runtime, and local software workflows | H2: Tools with a visible operating record. | H3: Strata | H3: Snips | H3: RepoRadar | H2: How I build. | H3: Make state visible | H3: Keep work inspectable | H3: Records and receipts | H3: Pressure-test the ecosystem | H2: Writing | H2: Forever Forward | H2: Zero Cool CLI – A Hacker’s Terminal from 1995 | H2: Stattic v1.0: The World’s Fastest Python-based Static Site Generator | H2: I care about work that remains useful after the room changes.",435,en,,,Robert DeVore,False,Organization; WebSite,0,26,8,0,2,0,1,unreachable,True,True,True,True,c56b6cbe39905a403d35940cab868a471abae2848129437d19241fed5ad6be2f
baseline,https://robertdevore.com/page/9/,generated listing/archive,pagination,200,200,True,"index, follow (default)",https://robertdevore.com/page/9/,200,Robert DeVore,13,"Software systems, developer tools, agentic workflows, and technical writing.",76,"Systems, tools, and writing for work that has to hold up.","H2: Language, runtime, and local software workflows | H2: Tools with a visible operating record. | H3: Strata | H3: Snips | H3: RepoRadar | H2: How I build. | H3: Make state visible | H3: Keep work inspectable | H3: Records and receipts | H3: Pressure-test the ecosystem | H2: Writing | H2: Forever Forward | H2: Zero Cool CLI – A Hacker’s Terminal from 1995 | H2: Stattic v1.0: The World’s Fastest Python-based Static Site Generator | H2: I care about work that remains useful after the room changes.",435,en,,,Robert DeVore,False,Organization; WebSite,0,26,8,0,2,0,1,unreachable,True,True,True,True,c56b6cbe39905a403d35940cab868a471abae2848129437d19241fed5ad6be2f
baseline,https://robertdevore.com/patience/,content/posts/patience.md,article,200,200,True,"index, follow (default)",https://robertdevore.com/patience/,200,Patience | Robert DeVore,24,"The concept of not getting what I want right now, without having to wait, has been completely lost on me. I'm eager for the results, and a lot of the time, I lose any patience that's required in order to get the results…",220,Patience,H2: Expecting the unexpected | H2: Finding success in patience | H2: Related Reading,709,en,2016-01-21,,Robert DeVore,True,BlogPosting; Organization; Person,5,21,3,0,1,0,0,3,False,True,False,False,19232570e1d392220131d75ffb655b631a210d73a9a17d53d3403569dea7d3cb
baseline,https://robertdevore.com/peddle-free-wordpress-theme-for-easy-digital-downloads/,content/posts/peddle-free-wordpress-theme-for-easy-digital-downloads.md,article,200,200,True,"index, follow (default)",https://robertdevore.com/peddle-free-wordpress-theme-for-easy-digital-downloads/,200,Peddle | Robert DeVore,22,"Pushing your product online is about to get a lot easier. Today I am releasing my newest WordPress theme, Peddle** , into the wild. It's a free WordPress theme that fully integrates with the Easy Digital Downloads…",214,Peddle,H2: Demo & Download | H2: Under the hood | H2: Credits & Thank-you's | H2: The road ahead | H2: Related Reading,981,en,2015-09-10,,Robert DeVore,True,BlogPosting; Organization; Person,6,20,17,0,4,0,3,3,False,True,False,False,3324f6ddf9dc28dc152ecd66bb0d17545ddf926e3e41ca3b1e9d03c9704a9164
baseline,https://robertdevore.com/plan-prompt-publish-a-practical-guide-to-creating-beautifully-useful-content-with-ai/,content/posts/plan-prompt-publish-a-practical-guide-to-creating-beautifully-useful-content-with-ai.md,article,200,200,True,"index, follow (default)",https://robertdevore.com/plan-prompt-publish-a-practical-guide-to-creating-beautifully-useful-content-with-ai/,200,Plan. Prompt. Publish. A Practical Guide to Creating Beautifully Useful Content with AI | Robert DeVore,103,"Most people use AI to make bad content faster. This guide flips that on its head. Over the next 9 days, I'm breaking down a complete system for using AI to create content that's actually worth reading - content that…",216,Plan. Prompt. Publish. A Practical Guide to Creating Beautifully Useful Content with AI,H2: Why This Guide Exists | H2: What You’ll Learn (And When) | H3: PLAN (Days 1-3) | H3: PROMPT (Days 4-6) | H3: PUBLISH (Days 7-9) | H2: Who This Guide Is For | H2: What You’ll Walk Away With | H2: Want the Bundle? 🤔 | H2: What’s Next | H2: Related Reading,688,en,2025-05-18,,Robert DeVore,True,BlogPosting; Organization; Person,16,27,2,0,5,0,4,3,False,True,False,False,551a644c61f16c9d29e2fb65b31ced5bfbd81e9e64d2619adf40ee75bbb59464
baseline,https://robertdevore.com/projects/,templates/page-projects.html,project-index,200,200,True,"index, follow (default)",https://robertdevore.com/projects/,200,Projects | Robert DeVore,24,"Software systems, developer tools, agentic workflows, and technical writing.",76,Projects,H2: Kujo | H2: Active Systems | H3: Strata | H3: Snips | H3: RepoRadar | H2: More Built Tools,190,en,,,Robert DeVore,False,Organization; WebSite,392,13,33,0,1,0,0,1,False,True,False,True,b24088511c0a8dfec92a4e2e6178f17dfc201cfb4fabdf0f5bab0526d3d66150
baseline,https://robertdevore.com/projects/agents-sdk/,content/projects/agents-sdk.md,project,200,200,True,"index, follow (default)",https://robertdevore.com/projects/agents-sdk/,200,Kujo Agents SDK | Robert DeVore,31,"Runtime primitives and examples for building bounded, testable agents with Kujo.",80,Kujo Agents SDK,H2: Why Agents SDK exists | H2: What it provides | H2: Run the offline proof | H2: Current boundary,197,en,2026-07-10,,Robert DeVore,True,BlogPosting; Organization; Person,0,14,3,0,1,0,0,unreachable,True,True,False,False,508bab644456ef13d498653ea873c06024e650a7e5b20b8d93305fba08ff07b2
baseline,https://robertdevore.com/projects/dispatch/,content/projects/dispatch.md,project,200,200,True,"index, follow (default)",https://robertdevore.com/projects/dispatch/,200,Dispatch | Robert DeVore,24,"Reliable AI workflow orchestration with resumable runs, approvals, policies, and trace artifacts.",97,Dispatch,H2: Why Dispatch exists | H2: What it provides | H2: Run a fixture workflow | H2: Current boundary,191,en,2026-07-10,,Robert DeVore,True,BlogPosting; Organization; Person,0,14,3,0,1,0,0,unreachable,True,True,False,False,ce146fa65fa0f4e76a0299277ce2470d9085430dacf1c69f8a7d06d030d61d71
baseline,https://robertdevore.com/projects/kujo/,content/projects/kujo.md,project,200,200,True,"index, follow (default)",https://robertdevore.com/projects/kujo/,200,Kujo | Robert DeVore,20,The programming language and ecosystem at the center of Robert DeVore's current systems work.,93,Kujo,H2: Why Kujo exists | H2: What it provides | H2: Start from source | H2: Current boundary,224,en,2026-07-10,,Robert DeVore,True,BlogPosting; Organization; Person,13,14,4,0,1,0,0,1,False,True,False,False,bac519203ce13d48111976aa876bd8b23218116b0ea1eb383363ee42f41d1f4a
baseline,https://robertdevore.com/projects/lens/,content/projects/lens.md,project,200,200,True,"index, follow (default)",https://robertdevore.com/projects/lens/,200,Lens | Robert DeVore,20,Deterministic browser and visual QA workflows for local web projects.,69,Lens,H2: Why Lens exists | H2: What it provides | H2: Check a local page | H2: Current boundary,177,en,2026-07-10,,Robert DeVore,True,BlogPosting; Organization; Person,0,14,3,0,1,0,0,unreachable,True,True,False,False,68b8555c66bbb9278fb509907121915d29d212c40345d6971bdb176d677c2315
baseline,https://robertdevore.com/projects/sitekit/,content/projects/sitekit.md,project,200,200,True,"index, follow (default)",https://robertdevore.com/projects/sitekit/,200,SiteKit | Robert DeVore,23,"An AI-readable, human-verifiable design system and semantic component library.",78,SiteKit,H2: Why SiteKit exists | H2: What it provides | H2: Verify the source model | H2: Current boundary,206,en,2026-07-10,,Robert DeVore,True,BlogPosting; Organization; Person,0,14,3,0,1,0,0,unreachable,True,True,False,False,23520d0610a47b0059e5121951bfb8874baf9766c8c1f961705970cc409b8b5f
baseline,https://robertdevore.com/projects/ssg/,content/projects/ssg.md,project,200,200,True,"index, follow (default)",https://robertdevore.com/projects/ssg/,200,Kujo SSG | Robert DeVore,24,"A deterministic static-site generator with visible content, templates, metadata, feeds, and release checks.",107,Kujo SSG,H2: Why Kujo SSG exists | H2: What it provides | H2: Build a site | H2: Current boundary,195,en,2026-07-10,,Robert DeVore,True,BlogPosting; Organization; Person,0,14,3,0,1,0,0,unreachable,True,True,False,False,6178934ceb948de301ff13e507bc37a59739c40492bde358bf45a1e1643971ab
baseline,https://robertdevore.com/release-notes-back-in-stock-notifications-for-woocommerce-free-v1-0-1/,content/posts/release-notes-back-in-stock-notifications-for-woocommerce-free-v1-0-1.md,article,200,200,True,"index, follow (default)",https://robertdevore.com/release-notes-back-in-stock-notifications-for-woocommerce-free-v1-0-1/,200,Release Notes: Back In Stock Notifications for WooCommerce® (free) v1.0.1 | Robert DeVore,89,"I’m happy to announce the release of Back In Stock Notifications for WooCommerce® (free) v1.0.1 ! This release focuses on improving the plugin’s performance, especially for sites that manage large volumes of waitlisted…",219,Release Notes: Back In Stock Notifications for WooCommerce® (free) v1.0.1,H2: Key Updates in v1.0.1 | H3: 1. Optimized Notification Handling in bisn_notify_waitlist_on_restock | H3: 2. Improved CSV Export with Batching in bisn_export_csv | H2: How These Updates Benefit You | H2: Upgrade Instructions | H2: Related Reading,455,en,2024-11-05,,Robert DeVore,True,BlogPosting; Organization; Person,6,20,3,0,5,0,4,3,False,True,False,False,c48b72bb33d8f1b1fda4f1e887e93b5fa251273e51632a450d877e72ece864eb
baseline,https://robertdevore.com/relentless/,content/posts/relentless.md,article,200,200,True,"index, follow (default)",https://robertdevore.com/relentless/,200,Relentless | Robert DeVore,26,"I will hold $1,000,000 in my hands. Bold statement, right? Well, if fortune favors the bold, I plan on cashing in on it. I understand that overnight success doesn't mean that tomorrow morning I'll wake up and be rich.…",218,Relentless,H2: Daily work | H2: Weekly goals | H2: Monthly maintenance | H2: Physical Fitness | H2: Key takeaway | H2: Related Reading,1010,en,2016-11-03,,Robert DeVore,True,BlogPosting; Organization; Person,5,18,11,0,1,0,0,3,False,True,False,False,490b2670a00a6d0bf46ee62bbaa527f01d06a6362bbe69b593fee5de79b96164
baseline,https://robertdevore.com/rethinking-keyword-research-in-the-age-of-ai/,content/posts/rethinking-keyword-research-in-the-age-of-ai.md,article,200,200,True,"index, follow (default)",https://robertdevore.com/rethinking-keyword-research-in-the-age-of-ai/,200,Rethinking Keyword Research in the Age of AI | Robert DeVore,60,"Most people think keyword research means opening up Ahrefs , dumping out a spreadsheet, and calling it a day. That’s not strategy – that’s inventory . I believe that with the help of AI you can go way beyond the surface…",220,Rethinking Keyword Research in the Age of AI,"H2: Keywords Aren’t Strategy – They’re Clues | H2: The Short Report? All Surface, No Soul | H2: The Long Report? Messy, but Valuable | H2: Real Strategy Is Messy (and That’s Okay) | H2: Insight > Keywords Every Time | H2: Strategy Isn’t Optional – It’s The Only Game | H2: If You’re Just Chasing Keywords, You’re Already Behind | H2: Related Reading",797,en,2025-04-03,,Robert DeVore,True,BlogPosting; Organization; Person,5,18,6,0,6,0,5,3,False,True,False,False,78d2d14b8487ed653318f6ac1ff77438b5f464de50eab5e127bfa14cc7afc553
baseline,https://robertdevore.com/reusable-flask-error-handling-a-step-by-step-guide-to-modular-http-error-responses/,content/posts/reusable-flask-error-handling-a-step-by-step-guide-to-modular-http-error-responses.md,article,200,200,True,"index, follow (default)",https://robertdevore.com/reusable-flask-error-handling-a-step-by-step-guide-to-modular-http-error-responses/,200,Reusable Flask Error Handling: A Step-by-Step Guide to Modular HTTP Error Responses | Robert DeVore,99,"I don’t know about you, but in code and in real life, I hate repeating myself 🤦‍♂️ And after building the Savage Scanner and Vuln Search apps, I realized quickly that I’ll be creating a lot of the same code for my Flask…",220,Reusable Flask Error Handling: A Step-by-Step Guide to Modular HTTP Error Responses,H2: Step 1: Set Up the errors.py Module | H3: Code for errors.py | H2: Step 2: Integrate the errors.py Module | H3: Code for app.py | H2: Step 3: Create Error Templates | H3: HTML Template for 404.html | H3: Other Templates | H2: Step 4: Testing the Error Handlers | H2: Step 5: Advanced Enhancements | H2: Wrapping up | H2: Related Reading,810,en,2025-01-02,,Robert DeVore,True,BlogPosting; Organization; Person,5,18,4,0,1,0,0,3,False,True,False,False,a13587283c2d22a31044a413d426a0f7b7c82bc2e3e0550e8d28f646725afb0c
baseline,https://robertdevore.com/run-a-tor-relay/,content/posts/run-a-tor-relay.md,article,200,200,True,"index, follow (default)",https://robertdevore.com/run-a-tor-relay/,200,Run a Tor relay | Robert DeVore,31,"Tor is an important tool for your privacy, security and freedom of speech. In an increasingly Orwellian world, Tor has become one of the most important tools, in my opinion, for you to be truly free online. I would like…",220,Run a Tor relay,H2: What is a Tor relay? | H2: Getting started with Digital Ocean | H3: Creating your Droplet | H2: Setting up your Tor relay | H2: My thoughts on the process | H3: Thank You's | H2: Related Reading,1205,en,2015-08-15,,Robert DeVore,True,BlogPosting; Organization; Person,5,21,15,0,8,0,7,3,False,True,False,False,0bd76b3f20ea38f62b6bb0853fbf5ccece94b7f939c59ea4726a273fc7e894a7
baseline,https://robertdevore.com/say-goodbye-to-wordpress/,content/posts/say-goodbye-to-wordpress.md,article,200,200,True,"index, follow (default)",https://robertdevore.com/say-goodbye-to-wordpress/,200,Say Goodbye to WordPress | Robert DeVore,40,"I’ve spent the past two decades working in the WordPress ecosystem – building, fixing, debugging, migrating, and patching sites for clients large and small. Here’s what I’ve learned: Most of those sites never needed…",216,Say Goodbye to WordPress,H2: 🧠 Who Should Migrate? | H2: ⚙️ WordPress vs. Stattic: A Breakdown | H2: 🧭 Why I’m Doing This (and Why Now) | H2: ⚠️ Why You Can’t Afford to Wait | H2: ✅ What You Get | H2: 🎯 Ready to Move? | H2: Control is the Real Luxury | H2: Related Reading,884,en,2025-05-12,,Robert DeVore,True,BlogPosting; Organization; Person,5,19,3,0,2,0,1,3,False,True,False,False,4bfe9a4e64aaf7139f8557928c85c7473e0f381e04825c6599ece8bf87a85cdf
baseline,https://robertdevore.com/set-featured-images-programatically-wordpress/,content/posts/set-featured-images-programatically-wordpress.md,article,200,200,True,"index, follow (default)",https://robertdevore.com/set-featured-images-programatically-wordpress/,200,Set Featured Images Programmatically in WordPress | Robert DeVore,65,"Recently, I found myself needing to auto-set 300+ featured images for a customers WooCommerce store. After the initial panic phased itself out, I took a couple of deep breathes and realized I've done a few kinda-sorta…",218,Set Featured Images Programmatically in WordPress,H2: Why set featured images programmatically? | H2: The Code | H2: Download the plugin from Github | H2: Related Reading,434,en,2018-04-03,,Robert DeVore,True,BlogPosting; Organization; Person,6,19,4,0,3,0,2,3,False,True,False,False,322ba64e6f1baa57784e34e9e4c676e27ae8729ad7063c9422a0942104c5f912
baseline,https://robertdevore.com/slackedd/,content/posts/slackedd.md,article,200,200,True,"index, follow (default)",https://robertdevore.com/slackedd/,200,Slackedd | Robert DeVore,24,"Towards the end of last year, I tweeted that I was working on something with the Easy Digital Downloads payment success function, and today I am able to share the fruits of that labor. Slackedd WordPress plugin Receive…",219,Slackedd,H2: Slackedd WordPress plugin | H2: Automatic Updates from Github | H2: Installation | H2: Screenshots | H2: Thank you's | H2: Download | H2: Contribute | H2: Related Reading,601,en,2016-02-01,,Robert DeVore,True,BlogPosting; Organization; Person,6,18,15,0,4,0,3,3,False,True,False,False,e82b935345aa6e78440fb89a36b0fd2482064240168a43ca4df8e1470dd419b4
baseline,https://robertdevore.com/stattic-v0-3-0-release-llms-txt-faster-gifs-leaner-core-and-smarter-routing/,content/posts/stattic-v0-3-0-release-llms-txt-faster-gifs-leaner-core-and-smarter-routing.md,article,200,200,True,"index, follow (default)",https://robertdevore.com/stattic-v0-3-0-release-llms-txt-faster-gifs-leaner-core-and-smarter-routing/,200,Just Released: Stattic v.0.3.0 | Robert DeVore,46,"Another release. Another step forward. Stattic v0.3.0 isn’t a flashy overhaul – it’s a focused upgrade that makes the core tighter, the output cleaner, and the tooling smarter. Here’s what’s new (and why it matters): 📦…",219,Just Released: Stattic v.0.3.0,H2: 📦 llms.txt Generator | H2: 🧹 9 Methods Deleted | H2: ⚡ GIF Optimization (Without the Lag) | H2: 📑 Sort by Front Matter order | H2: 🏠 Smarter Index + Blog Routing | H2: 🔗 Misc Fixes & Cleanup | H2: v0.3.0 TL;DR | H2: Related Reading,417,en,2025-05-19,,Robert DeVore,True,BlogPosting; Organization; Person,5,18,4,0,1,0,0,3,False,True,False,False,e30b80a56e466b9a930718e6d6a2d5aa1204498611243844fe39ce6f7266f4d5
baseline,https://robertdevore.com/stattic-v1-0-the-worlds-fastest-python-based-static-site-generator/,content/posts/stattic-v1-0-the-worlds-fastest-python-based-static-site-generator.md,article,200,200,True,"index, follow (default)",https://robertdevore.com/stattic-v1-0-the-worlds-fastest-python-based-static-site-generator/,200,Stattic v1.0: The World’s Fastest Python-based Static Site Generator | Robert DeVore,84,"Over the last few months, I’ve gone all-in on Python. Not just because it's powerful - but because it’s accessible. I've been building tools , writing tutorials , dropping full cipher projects , and even releasing a…",216,Stattic v1.0: The World’s Fastest Python-based Static Site Generator,H2: What’s New in Stattic v1.0.0 | H3: 🔧 Core Overhaul | H3: 🔐 Security Upgrades | H3: ⚡ Speed & Performance | H3: 🎨 UX & Templates | H3: ⚙️ Config & CLI | H3: 🧹 Code Cleanup | H2: Breaking Changes (Read This) | H2: So what’s next? 🤔 | H2: Related Reading,635,en,2025-06-20,,Robert DeVore,True,BlogPosting; Organization; Person,150,21,14,0,1,0,0,1,False,True,False,False,8616fb5724defb0f05f92f3a3359e0b0fc86145f81d3634dde200499638afbe8
baseline,https://robertdevore.com/stop-gambling-with-client-trust-why-skipping-a-security-audit-is-a-risk-you-cant-afford/,content/posts/stop-gambling-with-client-trust-why-skipping-a-security-audit-is-a-risk-you-cant-afford.md,article,200,200,True,"index, follow (default)",https://robertdevore.com/stop-gambling-with-client-trust-why-skipping-a-security-audit-is-a-risk-you-cant-afford/,200,Stop Gambling With Client Trust: Why Skipping a Security Audit Is a Risk You Can’t Afford | Robert DeVore,105,"If you run an agency – whether it’s maintenance, web development, marketing, branding, or anything in between – you probably think security is someone else’s problem. Spoiler alert: it’s yours. You build websites, run…",218,Stop Gambling With Client Trust: Why Skipping a Security Audit Is a Risk You Can’t Afford,"H2: Your Clients Will Blame YOU for Security Failures | H2: A Single Breach Can Kill Your Reputation | H2: You’re Holding Sensitive Client Data (Whether You Realize It or Not) | H2: Your Third-Party Tools Could Be the Weak Link | H2: If Your Agency Gets Hacked, It’s Game Over | H2: A Security Audit Costs Less Than Cleaning Up a Breach | H2: Clients Pay More for Agencies That Actually Give a Shit About Security | H2: A Security Audit Gives You a Clear, Actionable Plan | H2: Don’t Wait Until It’s Too Late – Get a Security Audit Now | H2: Related Reading",918,en,2025-02-14,,Robert DeVore,True,BlogPosting; Organization; Person,5,23,2,5,10,0,9,3,False,True,False,False,5ab2f7b785c5546218b9d00142d094de94a09bd2575f3eea37926b039d80d74e
baseline,https://robertdevore.com/tag/,generated listing/archive,tag-archive,200,200,True,"index, follow (default)",https://robertdevore.com/tag/,200,Tag | Robert DeVore,19,"Software systems, developer tools, agentic workflows, and technical writing.",76,Tags,H2: Engineering | H2: WordPress | H2: WooCommerce | H2: AI | H2: Archive | H2: Essays,159,en,,,Robert DeVore,False,Organization; WebSite,0,30,2,0,1,0,0,unreachable,True,True,False,True,9e448eeb41714d4f112a35a469421ef428da86e0e971057af729bc47cc1cf48a
baseline,https://robertdevore.com/tag/ai/,content/tag/ai.md,tag-archive,200,200,True,"index, follow (default)",https://robertdevore.com/tag/ai/,200,AI | Robert DeVore,18,Writing filed under AI.,23,AI,H2: Articles,142,en,2025-05-27,,Robert DeVore,False,BlogPosting; Organization; Person,17,25,2,0,1,0,0,2,False,True,False,False,cd67f8f561fad38cd1b99e85b514c0b0ebe382eb3df751f7710b58b1b339c027
baseline,https://robertdevore.com/tag/archive/,content/tag/archive.md,tag-archive,200,200,True,"index, follow (default)",https://robertdevore.com/tag/archive/,200,Archive | Robert DeVore,23,Writing filed under Archive.,28,Archive,H2: Articles,16,en,2016-12-20,,Robert DeVore,False,BlogPosting; Organization; Person,3,15,2,0,1,0,0,unreachable,False,True,False,False,26a66b07029ad30e4d24fa15d83877c522334e276faafef331dde5fa11ebbed7
baseline,https://robertdevore.com/tag/engineering/,content/tag/engineering.md,tag-archive,200,200,True,"index, follow (default)",https://robertdevore.com/tag/engineering/,200,Engineering | Robert DeVore,27,Writing filed under Engineering.,32,Engineering,H2: Articles,86,en,2025-07-03,,Robert DeVore,False,BlogPosting; Organization; Person,14,22,2,0,1,0,0,2,False,True,False,False,0e80419c58a22672e64ebfa557814dbf6b8841bb3b777d77ae25b840da83b730
baseline,https://robertdevore.com/tag/essays/,content/tag/essays.md,tag-archive,200,200,True,"index, follow (default)",https://robertdevore.com/tag/essays/,200,Essays | Robert DeVore,22,Writing filed under Essays.,27,Essays,H2: Articles,8,en,2016-06-21,,Robert DeVore,False,BlogPosting; Organization; Person,4,13,2,0,1,0,0,5,False,True,False,False,eac1e2ae81b2e1f94cfe12fddfb9f0e03254ebe41c0063db07add041e8ffdb42
baseline,https://robertdevore.com/tag/woocommerce/,content/tag/woocommerce.md,tag-archive,200,200,True,"index, follow (default)",https://robertdevore.com/tag/woocommerce/,200,WooCommerce | Robert DeVore,27,Writing filed under WooCommerce.,32,WooCommerce,H2: Articles,240,en,2025-06-18,,Robert DeVore,False,BlogPosting; Organization; Person,34,43,2,0,1,0,0,3,False,True,False,False,9e52c514f4f724a22a3cc91b499e3b00b9609c9ed82395100fede00ac23ce051
baseline,https://robertdevore.com/tag/wordpress/,content/tag/wordpress.md,tag-archive,200,200,True,"index, follow (default)",https://robertdevore.com/tag/wordpress/,200,WordPress | Robert DeVore,25,Writing filed under WordPress.,30,WordPress,H2: Articles,811,en,2025-06-20,,Robert DeVore,False,BlogPosting; Organization; Person,113,122,2,0,1,0,0,2,False,True,True,True,aaa2cd8896c9b50c088239a39845b8e8682ff5d1c5310260576d59e354dbc6c9
baseline,https://robertdevore.com/thank-you-wordpress/,content/posts/thank-you-wordpress.md,article,200,200,True,"index, follow (default)",https://robertdevore.com/thank-you-wordpress/,200,Thank You WordPress | Robert DeVore,35,"WordPress version 1.5, named Strayhorn after the pianist Billy Strayhorn because "" we thought he was perfect to represent the power and elegance of this release"" was released February 17th, 2002._ _ That seems to hold…",218,Thank You WordPress,H2: WordPress saved my life | H2: Thank you WordPress | H2: Related Reading,514,en,2018-05-27,,Robert DeVore,True,BlogPosting; Organization; Person,7,19,8,0,1,0,0,3,False,True,False,False,eb62e53943c0b969f91a1ed24a3a954358a58c9c7b3cfbf09eddca4010235057
baseline,https://robertdevore.com/the-fastest-way-for-php-devs-to-learn-python/,content/posts/the-fastest-way-for-php-devs-to-learn-python.md,article,200,200,True,"index, follow (default)",https://robertdevore.com/the-fastest-way-for-php-devs-to-learn-python/,200,The Fastest Way for PHP Devs to Learn Python | Robert DeVore,60,"So you’ve been writing PHP for years, maybe shipping WordPress® sites, WooCommerce® stores, or custom plugins. Now you’re stepping into the Python world – maybe because you found Stattic and realized you don’t need a…",217,The Fastest Way for PHP Devs to Learn Python,H2: 1. Variables Are Loosely Typed and Dynamically Assigned | H2: 2. Functions Work the Same | H2: 3. Associative Arrays = Dictionaries | H2: 4. Control Structures Feel Familiar | H2: 5. Loops Are Straightforward | H2: 6. String Concatenation Works as Expected | H2: 7. Truthy Logic Is Nearly Identical | H2: 8. You Can Organize Code Into Reusable Modules | H2: 9. Object-Oriented Programming Is Available (and Optional) | H2: 10. Ternary Syntax Exists and Is Readable | H2: Bonus: Jinja2 Templates Look a Lot Like PHP | H2: Continuing your Python journey | H2: Related Reading,732,en,2025-06-18,,Robert DeVore,True,BlogPosting; Organization; Person,115,19,7,0,1,0,0,2,False,True,False,False,b5e3629bd2e2bef283224d44e1ec5edfde5e738374f08fb1be5da3a53ec810d2
baseline,https://robertdevore.com/the-past-present-and-future-of-wp-dispensary/,content/posts/the-past-present-and-future-of-wp-dispensary.md,article,200,200,True,"index, follow (default)",https://robertdevore.com/the-past-present-and-future-of-wp-dispensary/,200,"The past, present and future of WP Dispensary | Robert DeVore",61,"It’s been nearly 7 years since I first released WP Dispensary 😲 On November 26th, 2015 I published this article announcing to the world that I built the first cannabis menu plugin for WordPress. Needless to say, it was…",219,"The past, present and future of WP Dispensary",H2: What’s been happening? | H2: What’s coming next? | H2: Related Reading,606,en,2022-08-14,,Robert DeVore,True,BlogPosting; Organization; Person,5,19,10,0,6,0,5,3,False,True,False,False,ea0df229d8298caa676372ee931b973dbfdbbd8f6b6a7bd99da4c642805af473
baseline,https://robertdevore.com/tools-and-workflows-for-formatting-visuals-and-citations/,content/posts/tools-and-workflows-for-formatting-visuals-and-citations.md,article,200,200,True,"index, follow (default)",https://robertdevore.com/tools-and-workflows-for-formatting-visuals-and-citations/,200,"Tools and Workflows for Formatting, Visuals, and Citations | Robert DeVore",74,"You wrote the draft and on your first read-through, it hits. But now it’s sitting there like a great idea in sweatpants – unstyled and unfinished. No visuals. No formatting. No sources. Just vibes 🤦‍♂️ This post fixes…",218,"Tools and Workflows for Formatting, Visuals, and Citations",H2: Why This Final Layer Matters | H2: Formatting That Doesn’t Feel Like Homework | H3: 1. Use a Visual Hierarchy | H3: 2. Add Section Breaks | H2: Visuals That Actually Add Value | H3: 1. Illustrate the Idea | H3: 2. Caption with Purpose | H3: 3. Compress Like a Pro | H2: Citations That Build Trust (Without Killing Flow) | H3: 1. Link Inline – Not as Footnotes | H3: 2. Build a Mini Source Snippet | H3: 3. Let AI Hunt Sources (Then Verify) | H3: Your Toolbox for the Final Polish | H3: Bonus Workflow: The Final Polish Pass | H2: Mic-Drop Takeaway | H2: Related Reading,932,en,2025-05-26,,Robert DeVore,True,BlogPosting; Organization; Person,18,20,16,0,6,0,5,3,False,True,False,False,570dfb9ab556e5e5d18c3c4e40084112445d76f4539c0349c4360bec815a2ad4
baseline,https://robertdevore.com/twitter-marketing/,content/posts/twitter-marketing.md,article,200,200,True,"index, follow (default)",https://robertdevore.com/twitter-marketing/,200,Twitter Marketing | Robert DeVore,33,"When building your digital marketing strategy, social media websites like Twitter are usually at the top of the list. I mean, with over 300 million active users on Twitter, you'd be hard pressed to find a marketing blog…",220,Twitter Marketing,"H2: Twitter Advanced Search Tips | H2: Using Twitter lists to funnel the noise | H2: Utilize your bio, avatar, banner and pinned tweets effectively | H2: Better Twitter Marketing | H2: Related Reading",1340,en,2016-08-23,,Robert DeVore,True,BlogPosting; Organization; Person,8,17,38,0,9,0,8,4,False,True,False,False,a4edd84733bc448b9f42cc424af48f59a3d8655086be8810fec33c5340f2bb32
baseline,https://robertdevore.com/two-years-building-wp-dispensary/,content/posts/two-years-building-wp-dispensary.md,article,200,200,True,"index, follow (default)",https://robertdevore.com/two-years-building-wp-dispensary/,200,WP Dispensary: 2 years after the launch | Robert DeVore,55,"Over the last two years, the WP Dispensary WordPress plugin has changed my entire life. In these last two years, WP Dispensary** has gone from being just a ""thing"" I built to a thing that powers hundreds of websites for…",220,WP Dispensary: 2 years after the launch,H2: How it all started | H2: What happened next | H2: The first year | H2: The second year | H2: What's next? | H2: Related Reading,1667,en,2017-12-11,,Robert DeVore,True,BlogPosting; Organization; Person,6,21,51,0,4,0,3,3,False,True,False,False,0743b5f88315e22fa824593ffe2fac5d20adf9b59bb46e07c5a9fbcb8d6b867e
baseline,https://robertdevore.com/use-ai-to-create-your-own-wwf-action-figure-blister-packs/,content/posts/use-ai-to-create-your-own-wwf-action-figure-blister-packs.md,article,200,200,True,"index, follow (default)",https://robertdevore.com/use-ai-to-create-your-own-wwf-action-figure-blister-packs/,200,Use AI to create your own WWF Action Figure Blister Packs | Robert DeVore,73,"The best there is, the best there was, and the best there ever will be 😎 I just released an AI prompt to turn your headshot into it’s own WWF action figure blister pack ! We’re talking full on retro fig glory – the…",215,Use AI to create your own WWF Action Figure Blister Packs,H2: Why a JSON prompt? | H2: Why WWF Action Figures? | H2: Related Reading,507,en,2025-05-13,,Robert DeVore,True,BlogPosting; Organization; Person,5,18,7,0,3,0,2,3,False,True,False,False,444bfec28ce49e8605c42a4b45f4accd511d09bf7ea0a03d4410e70cb51e980a
baseline,https://robertdevore.com/what-makes-content-beautifully-useful/,content/posts/what-makes-content-beautifully-useful.md,article,200,200,True,"index, follow (default)",https://robertdevore.com/what-makes-content-beautifully-useful/,200,What Makes Content Beautifully Useful? | Robert DeVore,54,"Most AI content isn’t wrong. It’s just lifeless. It ticks boxes, hits the keyword and follows the format. And still gets ignored 😭 That’s the real problem: Content that’s technically fine - but emotionally flat. It…",215,What Makes Content Beautifully Useful?,"H2: What “Beautifully Useful” Actually Means | H2: Two Versions, Same Topic – Only One Wins | H2: The “Beautifully Useful” Filter | H2: Toolbox for Making Content Hit Harder | H2: Mic-Drop Takeaway | H3: 🧠 Bonus Prompt: The “Before You Hit Publish” Test | H2: Related Reading",1058,en,2025-05-19,,Robert DeVore,True,BlogPosting; Organization; Person,6,19,2,0,6,0,5,3,False,True,False,False,c25030bde861b45a5c3bb14457a252360a26c6728e9c658488fedc0459e6144f
baseline,https://robertdevore.com/why-wordpress-plugin-developers-need-security-audits/,content/posts/why-wordpress-plugin-developers-need-security-audits.md,article,200,200,True,"index, follow (default)",https://robertdevore.com/why-wordpress-plugin-developers-need-security-audits/,200,Why WordPress Plugin Developers Need Security Audits | Robert DeVore,68,"If you develop WordPress plugins and haven’t had a third-party security audit , you’re playing a dangerous fucking game . I get it. You write solid code. You test your features. You’re confident in your work. But that…",218,Why WordPress Plugin Developers Need Security Audits,"H2: If Your Plugin Gets Hacked, Thousands of Sites Are Fucked | H2: Hackers Actively Target WordPress® Plugins | H2: You Are NOT a Security Expert (And That’s Okay, But Get an Audit Anyway) | H2: A Security Audit Costs Less Than Cleaning Up a Breach | H2: Users Trust Secure Plugins (And They Pay for Them Too) | H2: A Security Audit Finds the Shit That Will Bite You Later | H2: Get a Security Audit Before You Become the Next Horror Story | H2: Related Reading",874,en,2025-02-07,,Robert DeVore,True,BlogPosting; Organization; Person,5,22,2,4,7,0,6,3,False,True,False,False,a7aba0c67f4061a3f01909639e37216a3a6885b7f7b04deba27d5f12292bb921
baseline,https://robertdevore.com/woocommerce-dispensary-details-plugin/,content/posts/woocommerce-dispensary-details-plugin.md,article,200,200,True,"index, follow (default)",https://robertdevore.com/woocommerce-dispensary-details-plugin/,200,Dispensary Details for WooCommerce | Robert DeVore,50,"I recently built and released a new plugin on WP Dispensary that works 100% without WP Dispensary . ""But didn't you just jump in full time to build WP Dispensary? Why create something that doesn't work with it?"" I know,…",220,Dispensary Details for WooCommerce,H2: So what does it do? | H2: Keep. It. Simple. Stupid. | H2: Related Reading,439,en,2017-10-17,,Robert DeVore,True,BlogPosting; Organization; Person,6,26,9,0,8,0,7,3,False,True,False,False,0104669d0d083b2cde68869b4527377be12c4a10028dd5cdea89a71570fc6992
baseline,https://robertdevore.com/wordpress-custom-post-types-code-snippets/,content/posts/wordpress-custom-post-types-code-snippets.md,article,200,200,True,"index, follow (default)",https://robertdevore.com/wordpress-custom-post-types-code-snippets/,200,Enhance the power of your WordPress Custom Post Types | Robert DeVore,69,I've been working on extending the WP Dispensary plugin and wanted to share some of the ways I've found to help boost the power of the Custom Post Types you create. Custom Post Types are a great building block for…,214,Enhance the power of your WordPress Custom Post Types,H2: 1. Custom API endpoints | H2: 2. oEmbed improvements | H2: 3. Flush rewrite rules during your plugin's activation | H2: Additional resources | H2: Related Reading,963,en,2017-06-26,,Robert DeVore,True,BlogPosting; Organization; Person,6,18,20,0,1,0,0,3,False,True,False,False,0fe881141a199954abe3dd309e9c6a636250822b5e7bdbb4e75161ceb9f7159f
baseline,https://robertdevore.com/wordpress-plugin-security-is-a-joke-and-youre-the-punchline/,content/posts/wordpress-plugin-security-is-a-joke-and-youre-the-punchline.md,article,200,200,True,"index, follow (default)",https://robertdevore.com/wordpress-plugin-security-is-a-joke-and-youre-the-punchline/,200,"WordPress Plugin Security Is a Joke, and You’re the Punchline | Robert DeVore",77,"Trigger Warning Unfiltered technical opinions. Brutal honesty. WordPress plugins held accountable. OK, so, once again we find ourselves in the land of infinite possibilities – and infinite insecurities – called…",211,"WordPress Plugin Security Is a Joke, and You’re the Punchline",H2: Trigger Warning | H2: The Illusion of Safety | H2: Let’s Talk About the Real Villains | H2: Philosophical Interlude: What Is “Secure Code”? | H2: Code Interlude | H2: A Historical Footnote of Failures | H2: You Get Audited | H2: Lesson Learned | H2: Related Reading,749,en,2025-05-15,,Robert DeVore,True,BlogPosting; Organization; Person,5,18,3,0,5,0,4,3,False,True,False,False,564a513d2f0bf596c63840439c5f76e3a0687f0610d6e81cdc95cdce5f042b48
baseline,https://robertdevore.com/wordpress-woocommerce-plugins-i-will-no-longer-maintain/,content/posts/wordpress-woocommerce-plugins-i-will-no-longer-maintain.md,article,200,200,True,"index, follow (default)",https://robertdevore.com/wordpress-woocommerce-plugins-i-will-no-longer-maintain/,200,WordPress & WooCommerce plugins I will no longer maintain | Robert DeVore,73,"In an effort to help the code below potentially find new homes, I've compiled all of the free WordPress and WooCommerce plugins I've released. These will all be archived in GitHub eventually, and the Projects page on…",217,WordPress & WooCommerce plugins I will no longer maintain,H2: WordPress Plugins | H2: WooCommerce Plugins | H2: What’s next? | H2: Related Reading,517,en,2025-06-10,,Robert DeVore,True,BlogPosting; Organization; Person,7,25,78,1,1,0,0,2,False,True,False,False,5ebe469164ab92496b944f0fd6a32c5f8b5cbcd0484c6ccdd5efec5bac6b6625
baseline,https://robertdevore.com/wp-dispensary-v2/,content/posts/wp-dispensary-v2.md,article,200,200,True,"index, follow (default)",https://robertdevore.com/wp-dispensary-v2/,200,WP Dispensary v2.0 is being released on 4/20 | Robert DeVore,60,"It is now less than 2 weeks until I release version 2.0** of WP Dispensary . And if you're not looking at a calendar, yes, the release date is 4/20 ? After working on this release, I took a step back and realized that…",218,WP Dispensary v2.0 is being released on 4/20,H2: Rebuilt Settings Page | H3: Increased control over how to display data | H3: Easier for add-on's to add their own settings | H2: Organized Edit Screens | H3: Default hidden data boxes | H2: Code Optimization & Speed Increases | H2: Calling for beta testers | H2: Related Reading,803,en,2018-04-09,,Robert DeVore,True,BlogPosting; Organization; Person,7,23,12,0,4,0,3,3,False,True,False,False,a54efe22c89730ccdf22f72dd1c2fd57a220a9328a3f910743f4e85933830fe2
baseline,https://robertdevore.com/wp-dispensary/,content/posts/wp-dispensary.md,article,200,200,True,"index, follow (default)",https://robertdevore.com/wp-dispensary/,200,WP Dispensary | Robert DeVore,29,"Within the last few months I have been developing this plugin from the ground up. I've ensured that when the product was released, there would be a great use for it, and a demand for more solutions like it. With a…",214,WP Dispensary,H2: Professional dispensary websites. | H3: Introducing WP Dispensary | H3: Installation is a breeze | H3: REST API Integration | H3: Example API usage | H3: Download | H3: Want to contribute to the plugin? | H2: Related Reading,515,en,2016-01-18,,Robert DeVore,True,BlogPosting; Organization; Person,12,18,10,0,8,0,7,3,False,True,False,False,bd527ae08b5a09eb8f267ad99aed70c82a8e3ba1593be324dec6cc16598ba6fc
baseline,https://robertdevore.com/wp-townhall-13-the-debate-kevin-geary-doesnt-want-you-to-see/,content/posts/wp-townhall-13-the-debate-kevin-geary-doesnt-want-you-to-see.md,article,200,200,True,"index, follow (default)",https://robertdevore.com/wp-townhall-13-the-debate-kevin-geary-doesnt-want-you-to-see/,200,WP Townhall 13: The Debate Kevin Geary Doesn’t Want You to See | Robert DeVore,78,"A little over a month ago, I joined Kevin Geary on WP Townhall for what was supposed to be an honest debate about WordPress, pricing, and how to actually help clients win. It didn’t go the way he expected. I challenged…",219,WP Townhall 13: The Debate Kevin Geary Doesn’t Want You to See,H2: Why It Matters | H2: Related Reading,427,en,2025-06-09,,Robert DeVore,True,BlogPosting; Organization; Person,5,21,5,1,1,0,0,2,False,True,False,False,1472283fb1f1588a48c793e2110d6ebb287d736771ba194cba08fc01a1be7a93
baseline,https://robertdevore.com/wtf-is-wordpress/,content/posts/wtf-is-wordpress.md,article,200,200,True,"index, follow (default)",https://robertdevore.com/wtf-is-wordpress/,200,WTF is WordPress? | Robert DeVore,33,"The soundtrack for this blog post is the Ted Dibiase Million Dollar Man Theme Song ( youtube ) WordPress – real name, no gimmicks 🙄 First, let me say that I’m thankful for WordPress . I’d also like to say that I agree…",218,WTF is WordPress?,"H2: If you don’t know where you’ve come from, you don’t know where you’re going | H2: So, what is WordPress? | H2: Why WP Engine and why now? | H2: What if WP Engine just does as they’re asked? | H2: Who is responsible for WordPress’ growth? | H2: So WTF is WordPress? | H2: Community Vibes | H2: Related Reading",2102,en,2024-09-23,,Robert DeVore,True,BlogPosting; Organization; Person,7,20,36,1,9,0,8,3,False,True,False,False,a3aae28355bffef51668d0ad6da704e0039444c70310da24c31f5ddb0272a44c
baseline,https://robertdevore.com/zero-cool-cli-a-hackers-terminal-from-1995/,content/posts/zero-cool-cli-a-hackers-terminal-from-1995.md,article,200,200,True,"index, follow (default)",https://robertdevore.com/zero-cool-cli-a-hackers-terminal-from-1995/,200,Zero Cool CLI – A Hacker’s Terminal from 1995 | Robert DeVore,61,HACK THE PLANET 🌍💻 I built this CLI tool because I couldn’t get the movie “Hackers” out of my head after rewatching it recently. If you’ve followed my work – especially around terminal tools and developer utilities –…,217,Zero Cool CLI – A Hacker’s Terminal from 1995,H2: Meet the CLI | H2: Why I Built It | H2: How to Install | H2: Educational Value | H2: What’s Next | H2: Built With Love (and PHP) | H2: Try It Out | H2: Related Reading,868,en,2025-07-03,,Robert DeVore,True,BlogPosting; Organization; Person,54,18,6,0,4,0,3,1,False,True,False,False,ac02555739d8d7d553ac10f749acf665a30a77ff8fef7d6e189ff33a72d2f3ac
