phase,url,source_file,page_type,primary_purpose,search_intent,target_audience,central_entity,primary_query_theme,supporting_topics,h1,heading_structure,word_count,published_date,modified_date,first_hand_signals,content_gap,competing_internal_url,recommended_action
baseline,https://robertdevore.com/,templates/page-home.html,homepage,"Systems, tools, and writing for work that has to hold up.",navigational / commercial investigation,"developers, technical leaders, WordPress/WooCommerce users, and project evaluators","Systems, tools, and writing for work that has to hold up.","systems, tools, and writing for work that has to hold up.","Language, runtime, and local software workflows | Tools with a visible operating record. | Strata | Snips | RepoRadar | How I build. | Make state visible | Keep work inspectable","Systems, tools, and writing for work that has to hold up.","H1: Systems, tools, and writing for work that has to hold up. | H2: Language, runtime, and local software workflows | H2: Tools with a visible operating record. | H3: Strata | H3: Snips | H3: RepoRadar | H2: How I build. | H3: Make state visible | H3: Keep work inspectable | H3: Records and receipts | H3: Pressure-test the ecosystem | H2: Writing | H2: Forever Forward | H2: Zero Cool CLI – A Hacker’s Terminal from 1995 | H2: Stattic v1.0: The World’s Fastest Python-based Static Site Generator | H2: I care about work that remains useful after the room changes.",435,,,first-hand narrative; outbound sources,,,retain; monitor search and citation performance
baseline,https://robertdevore.com/5-python-scripts-for-osint-and-pentesting/,content/posts/5-python-scripts-for-osint-and-pentesting.md,article,5 Python Scripts for OSINT and Pentesting,informational,"developers, technical leaders, WordPress/WooCommerce users, and project evaluators",5 Python Scripts for OSINT and Pentesting,5 python scripts for osint and pentesting,Learning Python | Combine TXT files | Email Scraper | Password Cracker(s) | Regex Scanner | XSS Scanner | What’s next? | Related Reading,5 Python Scripts for OSINT and Pentesting,H1: 5 Python Scripts for OSINT and Pentesting | H2: Learning Python | H2: Combine TXT files | H2: Email Scraper | H2: Password Cracker(s) | H2: Regex Scanner | H2: XSS Scanner | H2: What’s next? | H2: Related Reading,756,2023-08-09,,code/example; first-hand narrative; outbound sources,no verified modified date,,retain; monitor search and citation performance
baseline,https://robertdevore.com/5-questions-you-must-answer-before-writing-anything/,content/posts/5-questions-you-must-answer-before-writing-anything.md,article,5 Questions You Must Answer Before Writing Anything,informational,"developers, technical leaders, WordPress/WooCommerce users, and project evaluators",5 Questions You Must Answer Before Writing Anything,5 questions you must answer before writing anything,The 5 Questions That Sharpen Everything | 1. Who is this for – _really_? | 2. What problem are they actively trying to solve? | 3. What belief needs to be broken? | 4. What do you want them to do next? | 5. What’s the sharpest thing you can say? | This Is How You Aim Before You Fire | Bonus: The “Pre-Prompt Primer”,5 Questions You Must Answer Before Writing Anything,H1: 5 Questions You Must Answer Before Writing Anything | H2: The 5 Questions That Sharpen Everything | H3: 1. Who is this for – _really_? | H3: 2. What problem are they actively trying to solve? | H3: 3. What belief needs to be broken? | H3: 4. What do you want them to do next? | H3: 5. What’s the sharpest thing you can say? | H2: This Is How You Aim Before You Fire | H2: Bonus: The “Pre-Prompt Primer” | H2: Mic-Drop Takeaway | H2: Related Reading,951,2025-05-20,,substantive depth; code/example; first-hand narrative; outbound sources,no verified modified date,,retain; monitor search and citation performance
baseline,https://robertdevore.com/5-things-i-learned-building-my-first-gutenberg-blocks-plugin/,content/posts/5-things-i-learned-building-my-first-gutenberg-blocks-plugin.md,article,5 Things I’ve learned building my first blocks for Gutenberg,informational,"developers, technical leaders, WordPress/WooCommerce users, and project evaluators",5 Things I’ve learned building my first blocks for Gutenberg,5 things i’ve learned building my first blocks for gutenberg,"Building Blocks with Pillar Press | How to use Node.js and NPM | How to use create-guten-block to build a Blocks plugin | The more I use Gutenberg, the more I like it | Things are changing FAST with Gutenberg's impending release | Final thoughts | Related Reading",5 Things I’ve learned building my first blocks for Gutenberg,"H1: 5 Things I’ve learned building my first blocks for Gutenberg | H2: Building Blocks with Pillar Press | H2: How to use Node.js and NPM | H2: How to use create-guten-block to build a Blocks plugin | H2: The more I use Gutenberg, the more I like it | H2: Things are changing FAST with Gutenberg's impending release | H2: Final thoughts | H2: Related Reading",1191,2018-05-14,,substantive depth; code/example; first-hand narrative; outbound sources,no verified modified date,,retain; monitor search and citation performance
baseline,https://robertdevore.com/7-days-full-time-wp-dispensary/,content/posts/7-days-full-time-wp-dispensary.md,article,7 days full time at WP Dispensary,informational,"developers, technical leaders, WordPress/WooCommerce users, and project evaluators",7 days full time at WP Dispensary,7 days full time at wp dispensary,"What's been done | Started working on… | Overall, I'm feeling… | Related Reading",7 days full time at WP Dispensary,"H1: 7 days full time at WP Dispensary | H2: What's been done | H2: Started working on… | H2: Overall, I'm feeling… | H2: Related Reading",840,2017-10-03,,code/example; first-hand narrative; outbound sources,no verified modified date,,retain; monitor search and citation performance
baseline,https://robertdevore.com/about/,content/pages/about.md,page,About,informational,"developers, technical leaders, WordPress/WooCommerce users, and project evaluators",About,about,I build systems that explain themselves | Through-line | Selected surfaces | Field Notes | Projects | Contact,About,H1: About | H2: I build systems that explain themselves | H2: Through-line | H2: Selected surfaces | H3: Field Notes | H3: Projects | H3: Contact,180,,,first-hand narrative; outbound sources,thin for a substantive destination; no visible breadcrumb,,editorial review: clarify purpose and add only evidence-backed useful detail
baseline,https://robertdevore.com/all-in-one-wp-migration-plugin-ddos-attack/,content/posts/all-in-one-wp-migration-plugin-ddos-attack.md,article,WordPress plugin with 5M+ active installs can be utilized in DDoS attacks,commercial investigation / product discovery,"developers, technical leaders, WordPress/WooCommerce users, and project evaluators",WordPress plugin with 5M+ active installs can be utilized in DDoS attacks,wordpress plugin with 5m+ active installs can be utilized in ddos attacks,How the exploit works | Recommendation to mitigate this issue | My Recommendations for users | Related Reading,WordPress plugin with 5M+ active installs can be utilized in DDoS attacks,H1: WordPress plugin with 5M+ active installs can be utilized in DDoS attacks | H2: How the exploit works | H2: Recommendation to mitigate this issue | H2: My Recommendations for users | H2: Related Reading,815,2023-09-30,,code/example; first-hand narrative; outbound sources,no verified modified date,,retain; monitor search and citation performance
baseline,https://robertdevore.com/back-to-basics/,content/posts/back-to-basics.md,article,Back to Basics,informational,"developers, technical leaders, WordPress/WooCommerce users, and project evaluators",Back to Basics,back to basics,"Getting back to the basics | So, what am I gonna do about it? | Related Reading",Back to Basics,"H1: Back to Basics | H2: Getting back to the basics | H2: So, what am I gonna do about it? | H2: Related Reading",598,2018-04-16,,first-hand narrative; outbound sources,no verified modified date,,retain; monitor search and citation performance
baseline,https://robertdevore.com/blog/,templates/page-blog.html,blog-index,Writing,navigational / topic discovery,"developers, technical leaders, WordPress/WooCommerce users, and project evaluators",Writing,writing,Forever Forward | Zero Cool CLI – A Hacker’s Terminal from 1995 | Stattic v1.0: The World’s Fastest Python-based Static Site Generator | Complete Beginner’s Guide: Building a Python URL Checker for Google Sheets | Grateful to See 20 of My WordPress Plugins Live On at WebDevStudios | I Just Launched a Python Course for PHP Developers | The Fastest Way for PHP Devs to Learn Python | WordPress & WooCommerce plugins I will no longer maintain,Writing,H1: Writing | H2: Forever Forward | H2: Zero Cool CLI – A Hacker’s Terminal from 1995 | H2: Stattic v1.0: The World’s Fastest Python-based Static Site Generator | H2: Complete Beginner’s Guide: Building a Python URL Checker for Google Sheets | H2: Grateful to See 20 of My WordPress Plugins Live On at WebDevStudios | H2: I Just Launched a Python Course for PHP Developers | H2: The Fastest Way for PHP Devs to Learn Python | H2: WordPress & WooCommerce plugins I will no longer maintain | H2: Goodbye WordPress: A Eulogy | H2: I Built a Python Stego-Cipher Tool (And You Can Have It) | H2: WP Townhall 13: The Debate Kevin Geary Doesn’t Want You to See | H2: Introducing: Markdown Comments for WordPress®,617,,,first-hand narrative; outbound sources,no visible breadcrumb,,retain; monitor search and citation performance
baseline,https://robertdevore.com/blog/page/10/,generated listing/archive,pagination,Writing,navigational / topic discovery,"developers, technical leaders, WordPress/WooCommerce users, and project evaluators",Writing,writing,? hue.js | Set Featured Images Programmatically in WordPress | WP Dispensary: 2 years after the launch | Dispensary Details for WooCommerce | 7 days full time at WP Dispensary | Going all in with WP Dispensary | Enhance the power of your WordPress Custom Post Types | My Brothers Keeper,Writing,H1: Writing | H2: ? hue.js | H2: Set Featured Images Programmatically in WordPress | H2: WP Dispensary: 2 years after the launch | H2: Dispensary Details for WooCommerce | H2: 7 days full time at WP Dispensary | H2: Going all in with WP Dispensary | H2: Enhance the power of your WordPress Custom Post Types | H2: My Brothers Keeper | H2: DocuPress: documentation simplified. | H2: Top Dispensary WordPress Plugins | H2: Hello 2017 | H2: Organized Chaos,639,,,first-hand narrative; outbound sources,,,retain; monitor search and citation performance
baseline,https://robertdevore.com/blog/page/11/,generated listing/archive,pagination,Writing,navigational / topic discovery,"developers, technical leaders, WordPress/WooCommerce users, and project evaluators",Writing,writing,Relentless | Chapters for Authors | Twitter Marketing | Invest in Yourself | CannaBiz | Devio Digital | Health Benefits of Cannabis | Recent project updates,Writing,H1: Writing | H2: Relentless | H2: Chapters for Authors | H2: Twitter Marketing | H2: Invest in Yourself | H2: CannaBiz | H2: Devio Digital | H2: Health Benefits of Cannabis | H2: Recent project updates | H2: Making up for lost time | H2: Slackedd | H2: Patience | H2: WP Dispensary,611,,,first-hand narrative; outbound sources,,,retain; monitor search and citation performance
baseline,https://robertdevore.com/blog/page/12/,generated listing/archive,pagination,Writing,navigational / topic discovery,"developers, technical leaders, WordPress/WooCommerce users, and project evaluators",Writing,writing,Leafly Reviews | Focus | Peddle | MNML | Run a Tor relay | Clean Blog,Writing,H1: Writing | H2: Leafly Reviews | H2: Focus | H2: Peddle | H2: MNML | H2: Run a Tor relay | H2: Clean Blog,308,,,first-hand narrative; outbound sources,,,retain; monitor search and citation performance
baseline,https://robertdevore.com/blog/page/2/,generated listing/archive,pagination,Writing,navigational / topic discovery,"developers, technical leaders, WordPress/WooCommerce users, and project evaluators",Writing,writing,"How I Use TextExpander to Reuse My Best AI Prompts | Introducing: DB Version Control for WordPress | How to build a content engine that scales with you | Tools and Workflows for Formatting, Visuals, and Citations | How to edit AI content so it feels clean, not robotic | How to Build Modular Prompts That Save You Hours Per Week | How to teach AI to match your voice | How to Write Prompts That Get the Tone, Structure, and Intent Right",Writing,"H1: Writing | H2: How I Use TextExpander to Reuse My Best AI Prompts | H2: Introducing: DB Version Control for WordPress | H2: How to build a content engine that scales with you | H2: Tools and Workflows for Formatting, Visuals, and Citations | H2: How to edit AI content so it feels clean, not robotic | H2: How to Build Modular Prompts That Save You Hours Per Week | H2: How to teach AI to match your voice | H2: How to Write Prompts That Get the Tone, Structure, and Intent Right | H2: Introducing automattic.css – An open source CSS Utility Framework | H2: How to Use AI to Research, Validate Ideas, and Stay Relevant | H2: 5 Questions You Must Answer Before Writing Anything | H2: Introducing the Prompts Library – A Playground for AI Creativity",658,,,first-hand narrative; outbound sources,,,retain; monitor search and citation performance
baseline,https://robertdevore.com/blog/page/3/,generated listing/archive,pagination,Writing,navigational / topic discovery,"developers, technical leaders, WordPress/WooCommerce users, and project evaluators",Writing,writing,"Just Released: Stattic v.0.3.0 | What Makes Content Beautifully Useful? | Extreme Programming for Extreme Leaders | Plan. Prompt. Publish. A Practical Guide to Creating Beautifully Useful Content with AI | Celebrating GAAD with IMG A11Y v1.1.0 | WordPress Plugin Security Is a Joke, and You’re the Punchline | Use AI to create your own WWF Action Figure Blister Packs | Say Goodbye to WordPress",Writing,"H1: Writing | H2: Just Released: Stattic v.0.3.0 | H2: What Makes Content Beautifully Useful? | H2: Extreme Programming for Extreme Leaders | H2: Plan. Prompt. Publish. A Practical Guide to Creating Beautifully Useful Content with AI | H2: Celebrating GAAD with IMG A11Y v1.1.0 | H2: WordPress Plugin Security Is a Joke, and You’re the Punchline | H2: Use AI to create your own WWF Action Figure Blister Packs | H2: Say Goodbye to WordPress | H2: Don’t Shoot the Messenger: Choose Courage Over Convenience | H2: Kevin Michael Geary: A Hidden History of Hate, Racism, and Bigotry | H2: Open Source is Anarchism in Action | H2: Do Less, Deliver More",587,,,first-hand narrative; outbound sources,,,retain; monitor search and citation performance
baseline,https://robertdevore.com/blog/page/4/,generated listing/archive,pagination,Writing,navigational / topic discovery,"developers, technical leaders, WordPress/WooCommerce users, and project evaluators",Writing,writing,LEAP: The Code of Extreme Leadership | Introducing Projects for WordPress®: A Better Way to Showcase Your Work | Rethinking Keyword Research in the Age of AI | Introducing Slop Stopper: A free content checker for WordPress® | Introducing Dispensary Details for WooCommerce® | I’m freelancing again | Stop Gambling With Client Trust: Why Skipping a Security Audit Is a Risk You Can’t Afford | Introducing an experimental new plugin: Email Designer for WooCommerce®,Writing,"H1: Writing | H2: LEAP: The Code of Extreme Leadership | H2: Introducing Projects for WordPress®: A Better Way to Showcase Your Work | H2: Rethinking Keyword Research in the Age of AI | H2: Introducing Slop Stopper: A free content checker for WordPress® | H2: Introducing Dispensary Details for WooCommerce® | H2: I’m freelancing again | H2: Stop Gambling With Client Trust: Why Skipping a Security Audit Is a Risk You Can’t Afford | H2: Introducing an experimental new plugin: Email Designer for WooCommerce® | H2: BoostBox: Free Popups That Work, Pro Popups That Convert | H2: Introducing Pattern Pal: AI-Powered Patterns for WordPress® | H2: Introducing Digg This: A social sharing plugin for WordPress® | H2: Why WordPress Plugin Developers Need Security Audits",603,,,first-hand narrative; outbound sources,,,retain; monitor search and citation performance
baseline,https://robertdevore.com/blog/page/5/,generated listing/archive,pagination,Writing,navigational / topic discovery,"developers, technical leaders, WordPress/WooCommerce users, and project evaluators",Writing,writing,"How a Security Audit Can Save Your E-Commerce Store from Disaster | IntelliPress: The Smart AF AI Assistant for WordPress® | Hello, Plugin Pal: Your AI Powered Plugin Generator for WordPress® | Introducing Broken Image Scanner | How to Block Website Tracking Data in WooCommerce® | Introducing Block AI Crawlers for WordPress® | Honoring Jesse Petersen with the Revival of “Stealth Login Page” | December 2024: A Retrospective",Writing,"H1: Writing | H2: How a Security Audit Can Save Your E-Commerce Store from Disaster | H2: IntelliPress: The Smart AF AI Assistant for WordPress® | H2: Hello, Plugin Pal: Your AI Powered Plugin Generator for WordPress® | H2: Introducing Broken Image Scanner | H2: How to Block Website Tracking Data in WooCommerce® | H2: Introducing Block AI Crawlers for WordPress® | H2: Honoring Jesse Petersen with the Revival of “Stealth Login Page” | H2: December 2024: A Retrospective | H2: Reusable Flask Error Handling: A Step-by-Step Guide to Modular HTTP Error Responses | H2: Introducing SEO for WordPress® | H2: Introducing Delete Inactive Users | H2: How to Stop Your Plugins & Themes from Being Used on WordPress.com Hosting",584,,,first-hand narrative; outbound sources,,,retain; monitor search and citation performance
baseline,https://robertdevore.com/blog/page/6/,generated listing/archive,pagination,Writing,navigational / topic discovery,"developers, technical leaders, WordPress/WooCommerce users, and project evaluators",Writing,writing,Host Your WordPress Plugins on GitHub and Automate Plugin Packaging | Introducing HPOS Compatibility Scanner for WooCommerce® (free) | Introducing Shipping Multiple Addresses for WooCommerce® (free) | Introducing IMG A11Y | Introducing Vertical Gallery Product Display for WooCommerce® | Introducing Site Vitals for WordPress® | Introducing Associated Taxonomies for WordPress® | Introducing Maintenance Mode for WordPress®,Writing,H1: Writing | H2: Host Your WordPress Plugins on GitHub and Automate Plugin Packaging | H2: Introducing HPOS Compatibility Scanner for WooCommerce® (free) | H2: Introducing Shipping Multiple Addresses for WooCommerce® (free) | H2: Introducing IMG A11Y | H2: Introducing Vertical Gallery Product Display for WooCommerce® | H2: Introducing Site Vitals for WordPress® | H2: Introducing Associated Taxonomies for WordPress® | H2: Introducing Maintenance Mode for WordPress® | H2: Introducing Persistent Dismissible Notices | H2: Introducing Test Orders for WooCommerce® | H2: Introducing Media File Versioning for WordPress® | H2: Introducing Purchase Orders for WooCommerce® (free),538,,,first-hand narrative; outbound sources,,,retain; monitor search and citation performance
baseline,https://robertdevore.com/blog/page/7/,generated listing/archive,pagination,Writing,navigational / topic discovery,"developers, technical leaders, WordPress/WooCommerce users, and project evaluators",Writing,writing,Introducing Table Block Enhancer for WordPress® | Introducing Metadata Import/Export for Yoast SEO | Introducing Bluesky Feed for WordPress® | Introducing Media Copyright Scanner | Introducing Stats for WordPress® | Introducing Bulk Stock Management for WooCommerce® (free) | Introducing Barcodes for WooCommerce® (free) | Introducing Brands for WooCommerce® (free),Writing,H1: Writing | H2: Introducing Table Block Enhancer for WordPress® | H2: Introducing Metadata Import/Export for Yoast SEO | H2: Introducing Bluesky Feed for WordPress® | H2: Introducing Media Copyright Scanner | H2: Introducing Stats for WordPress® | H2: Introducing Bulk Stock Management for WooCommerce® (free) | H2: Introducing Barcodes for WooCommerce® (free) | H2: Introducing Brands for WooCommerce® (free) | H2: Just Released: Customer Loyalty for WooCommerce® v2.0.0! | H2: Introducing the Module Usage Tracker for WP Bakery | H2: Introducing Markdown Exporter for WordPress® | H2: Introducing BenchPress: Performance Benchmarks for WordPress®,555,,,first-hand narrative; outbound sources,,,retain; monitor search and citation performance
baseline,https://robertdevore.com/blog/page/8/,generated listing/archive,pagination,Writing,navigational / topic discovery,"developers, technical leaders, WordPress/WooCommerce users, and project evaluators",Writing,writing,Introducing Content Restriction for WordPress® | Introducing Widget Usage Tracker for Elementor | Introducing Gift Cards for WooCommerce® (free) | Release Notes: Back In Stock Notifications for WooCommerce® (free) v1.0.1 | Introducing Back In Stock Notifications for WooCommerce® | Introducing Gallery Modals: Enhance Your WordPress® Galleries with Stunning Popups! | Introducing the User Login Status Plugin for WordPress | WTF is WordPress?,Writing,H1: Writing | H2: Introducing Content Restriction for WordPress® | H2: Introducing Widget Usage Tracker for Elementor | H2: Introducing Gift Cards for WooCommerce® (free) | H2: Release Notes: Back In Stock Notifications for WooCommerce® (free) v1.0.1 | H2: Introducing Back In Stock Notifications for WooCommerce® | H2: Introducing Gallery Modals: Enhance Your WordPress® Galleries with Stunning Popups! | H2: Introducing the User Login Status Plugin for WordPress | H2: WTF is WordPress? | H2: Introducing the Phlush Permalinks WordPress Plugin | H2: Introducing BoostBox: The 1st WordPress popup builder for the core editor | H2: Improve CLS scores by dynamically setting image width and height | H2: WordPress plugin with 5M+ active installs can be utilized in DDoS attacks,588,,,first-hand narrative; outbound sources,,,retain; monitor search and citation performance
baseline,https://robertdevore.com/blog/page/9/,generated listing/archive,pagination,Writing,navigational / topic discovery,"developers, technical leaders, WordPress/WooCommerce users, and project evaluators",Writing,writing,"5 Python Scripts for OSINT and Pentesting | Introducing IntelliPress: The Smart Ai Assistant for WordPress | Creating my own cipher code | “How hungry are you?” | The past, present and future of WP Dispensary | How to customize the style of your WordPress login screen | Going all in: One year later | Delivery Drivers for WooCommerce",Writing,"H1: Writing | H2: 5 Python Scripts for OSINT and Pentesting | H2: Introducing IntelliPress: The Smart Ai Assistant for WordPress | H2: Creating my own cipher code | H2: “How hungry are you?” | H2: The past, present and future of WP Dispensary | H2: How to customize the style of your WordPress login screen | H2: Going all in: One year later | H2: Delivery Drivers for WooCommerce | H2: Thank You WordPress | H2: 5 Things I’ve learned building my first blocks for Gutenberg | H2: Back to Basics | H2: WP Dispensary v2.0 is being released on 4/20",638,,,first-hand narrative; outbound sources,,,retain; monitor search and citation performance
baseline,https://robertdevore.com/boostbox-free-popups-that-work-pro-popups-that-convert/,content/posts/boostbox-free-popups-that-work-pro-popups-that-convert.md,article,"BoostBox: Free Popups That Work, Pro Popups That Convert",informational,"developers, technical leaders, WordPress/WooCommerce users, and project evaluators","BoostBox: Free Popups That Work, Pro Popups That Convert","boostbox: free popups that work, pro popups that convert","1. It Works Inside the WordPress® Editor, Like It Fucking Should | 2. Smart Popups, Not Annoying Popups | 3. Design It However the Hell You Want | 4. Fast as Fuck | 5. Free Forever (But Pro Takes It to the Next Level) | Why Go Pro? | Final Thoughts: Get BoostBox, Then Get Paid | Related Reading","BoostBox: Free Popups That Work, Pro Popups That Convert","H1: BoostBox: Free Popups That Work, Pro Popups That Convert | H2: 1. It Works Inside the WordPress® Editor, Like It Fucking Should | H2: 2. Smart Popups, Not Annoying Popups | H2: 3. Design It However the Hell You Want | H2: 4. Fast as Fuck | H2: 5. Free Forever (But Pro Takes It to the Next Level) | H3: Why Go Pro? | H2: Final Thoughts: Get BoostBox, Then Get Paid | H2: Related Reading",754,2025-02-11,,first-hand narrative; outbound sources,no verified modified date,,retain; monitor search and citation performance
baseline,https://robertdevore.com/boostbox-wordpress-popup-builder-for-the-core-editor/,content/posts/boostbox-wordpress-popup-builder-for-the-core-editor.md,article,Introducing BoostBox: The 1st WordPress popup builder for the core editor,commercial investigation / product discovery,"developers, technical leaders, WordPress/WooCommerce users, and project evaluators",Introducing BoostBox: The 1st WordPress popup builder for the core editor,introducing boostbox: the 1st wordpress popup builder for the core editor,Why build _another popup plugin_ for WordPress? | BoostBox Admin Settings | Popup Display Settings | BoostBox Popup Settings | BoostBox works great with your favorite FSE WordPress theme | Ollie + BoostBox | Powder + BoostBox | Kadence + BoostBox,Introducing BoostBox: The 1st WordPress popup builder for the core editor,H1: Introducing BoostBox: The 1st WordPress popup builder for the core editor | H2: Why build _another popup plugin_ for WordPress? | H2: BoostBox Admin Settings | H2: Popup Display Settings | H2: BoostBox Popup Settings | H2: BoostBox works great with your favorite FSE WordPress theme | H3: Ollie + BoostBox | H3: Powder + BoostBox | H3: Kadence + BoostBox | H3: Twenty Twenty-Four + BoostBox | H2: Download the BoostBox plugin | H2: What’s next? | H2: Related Reading,1652,2024-01-11,,substantive depth; first-hand narrative; outbound sources,no verified modified date,,retain; monitor search and citation performance
baseline,https://robertdevore.com/cannabis-health-benefits/,content/posts/cannabis-health-benefits.md,article,Health Benefits of Cannabis,informational,"developers, technical leaders, WordPress/WooCommerce users, and project evaluators",Health Benefits of Cannabis,health benefits of cannabis,Medical studies on the effects of cannabis | 1. Anti-cancer effects | 2. Control over epileptic seizures | 3. Post-traumatic stress disorder | 4. Prevent Alzheimer's | 5. Multiple benefits for HIV patients | Additional marijuana success stories | Helping dispensaries grow online business,Health Benefits of Cannabis,H1: Health Benefits of Cannabis | H2: Medical studies on the effects of cannabis | H3: 1. Anti-cancer effects | H3: 2. Control over epileptic seizures | H3: 3. Post-traumatic stress disorder | H3: 4. Prevent Alzheimer's | H3: 5. Multiple benefits for HIV patients | H2: Additional marijuana success stories | H3: Helping dispensaries grow online business | H2: Related Reading,1465,2016-04-20,,substantive depth; first-hand narrative; outbound sources,no verified modified date,,retain; monitor search and citation performance
baseline,https://robertdevore.com/cannabiz/,content/posts/cannabiz.md,article,CannaBiz,informational,"developers, technical leaders, WordPress/WooCommerce users, and project evaluators",CannaBiz,cannabiz,CannaBiz Features | Current Version | The future of WP Dispensary | Related Reading,CannaBiz,H1: CannaBiz | H2: CannaBiz Features | H2: Current Version | H2: The future of WP Dispensary | H2: Related Reading,739,2016-06-14,,first-hand narrative; outbound sources,no verified modified date,,retain; monitor search and citation performance
baseline,https://robertdevore.com/category/,generated listing/archive,category-archive,Categories,navigational / topic discovery,"developers, technical leaders, WordPress/WooCommerce users, and project evaluators",Categories,categories,Developer Tools | WordPress | AI & Content Systems | Engineering Archive | Field Notes,Categories,H1: Categories | H2: Developer Tools | H2: WordPress | H2: AI & Content Systems | H2: Engineering Archive | H2: Field Notes,131,,,first-hand narrative; outbound sources,no visible breadcrumb,,retain; monitor search and citation performance
baseline,https://robertdevore.com/category/ai-content-systems/,content/category/ai-content-systems.md,category-archive,AI & Content Systems,navigational / topic discovery,"developers, technical leaders, WordPress/WooCommerce users, and project evaluators",AI & Content Systems,ai & content systems,Articles,AI & Content Systems,H1: AI & Content Systems | H2: Articles,144,2025-05-27,,outbound sources,no visible breadcrumb,,retain; monitor search and citation performance
baseline,https://robertdevore.com/category/developer-tools/,content/category/developer-tools.md,category-archive,Developer Tools,navigational / topic discovery,"developers, technical leaders, WordPress/WooCommerce users, and project evaluators",Developer Tools,developer tools,Articles,Developer Tools,H1: Developer Tools | H2: Articles,87,2025-07-03,,first-hand narrative; outbound sources,no visible breadcrumb,,retain; monitor search and citation performance
baseline,https://robertdevore.com/category/engineering-archive/,content/category/engineering-archive.md,category-archive,Engineering Archive,navigational / topic discovery,"developers, technical leaders, WordPress/WooCommerce users, and project evaluators",Engineering Archive,engineering archive,Articles,Engineering Archive,H1: Engineering Archive | H2: Articles,17,2016-12-20,,outbound sources,no visible breadcrumb,,retain; monitor search and citation performance
baseline,https://robertdevore.com/category/field-notes/,content/category/field-notes.md,category-archive,Field Notes,navigational / topic discovery,"developers, technical leaders, WordPress/WooCommerce users, and project evaluators",Field Notes,field notes,Articles,Field Notes,H1: Field Notes | H2: Articles,9,2016-06-21,,outbound sources,no visible breadcrumb,,retain; monitor search and citation performance
baseline,https://robertdevore.com/category/wordpress-archive/,content/category/wordpress-archive.md,category-archive,WordPress,navigational / topic discovery,"developers, technical leaders, WordPress/WooCommerce users, and project evaluators",WordPress,wordpress,Articles,WordPress,H1: WordPress | H2: Articles,811,2025-06-20,,first-hand narrative; outbound sources,no visible breadcrumb,,retain; monitor search and citation performance
baseline,https://robertdevore.com/celebrating-gaad-with-img-a11y-v1-1-0/,content/posts/celebrating-gaad-with-img-a11y-v1-1-0.md,article,Celebrating GAAD with IMG A11Y v1.1.0,commercial investigation / product discovery,"developers, technical leaders, WordPress/WooCommerce users, and project evaluators",Celebrating GAAD with IMG A11Y v1.1.0,celebrating gaad with img a11y v1.1.0,"What is GAAD? | IMG A11Y v1.1.0 – Small Changes, Big Impact | 🚫 Removed A11Y Options for Non-Image Media | 🔍 Elementor Support Added | Why This Matters | Why I’m Doing This | How You Can Help | Related Reading",Celebrating GAAD with IMG A11Y v1.1.0,"H1: Celebrating GAAD with IMG A11Y v1.1.0 | H2: What is GAAD? | H2: IMG A11Y v1.1.0 – Small Changes, Big Impact | H3: 🚫 Removed A11Y Options for Non-Image Media | H3: 🔍 Elementor Support Added | H2: Why This Matters | H2: Why I’m Doing This | H2: How You Can Help | H2: Related Reading",585,2025-05-15,,code/example; first-hand narrative; outbound sources,no verified modified date,,retain; monitor search and citation performance
baseline,https://robertdevore.com/chapters-for-authors-wordpress-plugin/,content/posts/chapters-for-authors-wordpress-plugin.md,article,Chapters for Authors,informational,"developers, technical leaders, WordPress/WooCommerce users, and project evaluators",Chapters for Authors,chapters for authors,Installing Chapters for Authors | Creating Chapters | Books | Characters | Introduction Quotes | Thank yous | The road ahead | Related Reading,Chapters for Authors,H1: Chapters for Authors | H2: Installing Chapters for Authors | H2: Creating Chapters | H3: Books | H3: Characters | H3: Introduction Quotes | H2: Thank yous | H2: The road ahead | H2: Related Reading,796,2016-09-27,,code/example; first-hand narrative; outbound sources,no verified modified date,,retain; monitor search and citation performance
baseline,https://robertdevore.com/clean-blog-free-wordpress-theme/,content/posts/clean-blog-free-wordpress-theme.md,article,Clean Blog,informational,"developers, technical leaders, WordPress/WooCommerce users, and project evaluators",Clean Blog,clean blog,Demo & Download | Under the hood | Credits & Thank-you's | The road ahead | Related Reading,Clean Blog,H1: Clean Blog | H2: Demo & Download | H2: Under the hood | H2: Credits & Thank-you's | H2: The road ahead | H2: Related Reading,1321,2015-08-07,,substantive depth; first-hand narrative; outbound sources,no verified modified date,,retain; monitor search and citation performance
baseline,https://robertdevore.com/complete-beginners-guide-building-a-python-url-checker-for-google-sheets/,content/posts/complete-beginners-guide-building-a-python-url-checker-for-google-sheets.md,article,Complete Beginner’s Guide: Building a Python URL Checker for Google Sheets,informational / problem-solving,"developers, technical leaders, WordPress/WooCommerce users, and project evaluators",Complete Beginner’s Guide: Building a Python URL Checker for Google Sheets,complete beginner’s guide: building a python url checker for google sheets,What We’re Building (In Simple Terms) | Before We Start: What You’ll Need | Part 1: The Shopping List (Imports) | Part 2: Setting Up Our Configuration (The Settings) | Part 3: Connecting to Google Sheets (The Handshake) | Part 4: Building Our Memory System (Progress Tracking) | Function 1: Remembering Where We Left Off | Function 2: Saving Our Progress,Complete Beginner’s Guide: Building a Python URL Checker for Google Sheets,H1: Complete Beginner’s Guide: Building a Python URL Checker for Google Sheets | H2: What We’re Building (In Simple Terms) | H2: Before We Start: What You’ll Need | H2: Part 1: The Shopping List (Imports) | H2: Part 2: Setting Up Our Configuration (The Settings) | H2: Part 3: Connecting to Google Sheets (The Handshake) | H2: Part 4: Building Our Memory System (Progress Tracking) | H3: Function 1: Remembering Where We Left Off | H3: Function 2: Saving Our Progress | H2: Part 5: The Website Checker (The Core Function) | H2: Part 6: The Main Brain (The check_urls Function) | H3: Getting Started and Loading Data | H3: Checking If We’re Done | H3: Calculating Our Batch | H3: Processing Each URL | H3: Saving Results and Planning Next Steps | H2: Part 7: Starting the Engine | H2: The Complete Script (With Comments) | H2: How to Use This Script | H2: What You’ve Learned | H2: Related Reading,2503,2025-06-19,,substantive depth; code/example; first-hand narrative; outbound sources,no verified modified date,,retain; monitor search and citation performance
baseline,https://robertdevore.com/contact/,content/pages/contact.md,page,Contact,informational,"developers, technical leaders, WordPress/WooCommerce users, and project evaluators",Contact,contact,Send the useful context first | Useful subjects,Contact,H1: Contact | H2: Send the useful context first | H2: Useful subjects,115,,,outbound sources,thin for a substantive destination; no visible breadcrumb,,editorial review: clarify purpose and add only evidence-backed useful detail
baseline,https://robertdevore.com/creating-my-own-cipher-code/,content/posts/creating-my-own-cipher-code.md,article,Creating my own cipher code,informational,"developers, technical leaders, WordPress/WooCommerce users, and project evaluators",Creating my own cipher code,creating my own cipher code,Example Use Case: | Taking it further | Embedded in an image? | Related Reading,Creating my own cipher code,H1: Creating my own cipher code | H2: Example Use Case: | H2: Taking it further | H3: Embedded in an image? | H2: Related Reading,743,2022-11-28,,first-hand narrative; outbound sources,no verified modified date,,retain; monitor search and citation performance
baseline,https://robertdevore.com/customer-loyalty-for-woocommerce-v2/,content/posts/customer-loyalty-for-woocommerce-v2.md,article,Just Released: Customer Loyalty for WooCommerce® v2.0.0!,commercial investigation / product discovery,"developers, technical leaders, WordPress/WooCommerce users, and project evaluators",Just Released: Customer Loyalty for WooCommerce® v2.0.0!,just released: customer loyalty for woocommerce® v2.0.0!,What’s New in Version 2.0.0 | How to Use Customer Loyalty for WooCommerce | What to Expect in 2025 | Related Reading,Just Released: Customer Loyalty for WooCommerce® v2.0.0!,H1: Just Released: Customer Loyalty for WooCommerce® v2.0.0! | H2: What’s New in Version 2.0.0 | H2: How to Use Customer Loyalty for WooCommerce | H2: What to Expect in 2025 | H2: Related Reading,744,2024-11-13,,code/example; first-hand narrative; outbound sources,no verified modified date,,retain; monitor search and citation performance
baseline,https://robertdevore.com/db-version-control-wordpress-plugin/,content/posts/db-version-control-wordpress-plugin.md,article,Introducing: DB Version Control for WordPress,commercial investigation / product discovery,"developers, technical leaders, WordPress/WooCommerce users, and project evaluators",Introducing: DB Version Control for WordPress,introducing: db version control for wordpress,The Problem We All Face | A Git-Native Approach to WordPress Content | Here’s How It Works | Real-World Impact: A Success Story | Key Features That Set It Apart | 🎯 Intelligent Content Export | ⚡ Enterprise-Grade Performance | 🔐 Security First,Introducing: DB Version Control for WordPress,H1: Introducing: DB Version Control for WordPress | H2: The Problem We All Face | H2: A Git-Native Approach to WordPress Content | H3: Here’s How It Works | H2: Real-World Impact: A Success Story | H2: Key Features That Set It Apart | H3: 🎯 Intelligent Content Export | H3: ⚡ Enterprise-Grade Performance | H3: 🔐 Security First | H3: 🛠️ Developer Friendly | H2: Game-Changing Workflows | H3: The Team Collaboration Workflow | H3: The Automated Deployment Pipeline | H3: The Environment Sync Workflow | H2: Beyond WordPress: Universal Version Control | H2: Performance That Scales | H3: Recommended Batch Sizes | H3: Built-in Safeguards | H2: The Technical Architecture | H3: File Organization | H3: JSON Structure | H2: Extending the Plugin | H3: Custom Post Type Integration | H3: Data Modification | H3: Custom Export Triggers | H2: Who This Plugin Is For | H3: Development Teams | H3: WordPress Agencies | H3: DevOps Engineers | H3: Content Teams | H2: Getting Started Today | H3: Quick Installation | H3: WP-CLI Integration | H3: Git Integration | H2: The Future of WordPress Content Management | H3: What’s Next | H3: Community Driven | H2: Real-World Benefits | H3: For Developers | H3: For Agencies | H3: For Content Teams | H2: Technical Requirements | H2: Security Considerations | H2: Support and Documentation | H2: Conclusion: A New Era for WordPress | H2: Related Reading,1678,2025-05-28,,substantive depth; code/example; first-hand narrative; outbound sources,no verified modified date,,retain; monitor search and citation performance
baseline,https://robertdevore.com/december-2024-a-retrospective/,content/posts/december-2024-a-retrospective.md,article,December 2024: A Retrospective,informational,"developers, technical leaders, WordPress/WooCommerce users, and project evaluators",December 2024: A Retrospective,december 2024: a retrospective,"But first, was it a “December to Remember”? | New Plugins | Plugin Updates | Fun Projects | Scripts & Things | Features | Chaos | So, what now?",December 2024: A Retrospective,"H1: December 2024: A Retrospective | H2: But first, was it a “December to Remember”? | H2: New Plugins | H2: Plugin Updates | H2: Fun Projects | H2: Scripts & Things | H2: Features | H2: Chaos | H2: So, what now? | H3: WordPress & WooCommerce Plugins | H3: Security Audits & Bug Bounties | H2: Stattic & decentralized publishing | H2: 2025 & Beyond | H2: Related Reading",2266,2025-01-04,,substantive depth; first-hand narrative; outbound sources,no verified modified date,,retain; monitor search and citation performance
baseline,https://robertdevore.com/delivery-drivers-for-woocommerce/,content/posts/delivery-drivers-for-woocommerce.md,article,Delivery Drivers for WooCommerce,informational,"developers, technical leaders, WordPress/WooCommerce users, and project evaluators",Delivery Drivers for WooCommerce,delivery drivers for woocommerce,Delivery Businesses & WooCommerce | How the plugin works | Delivery Drivers WooCommerce Settings | Assigning a driver to each order | Drivers Capabilities | Views from the Driver dashboard | Order status management by your drivers | Order Status management,Delivery Drivers for WooCommerce,H1: Delivery Drivers for WooCommerce | H2: Delivery Businesses & WooCommerce | H2: How the plugin works | H3: Delivery Drivers WooCommerce Settings | H3: Assigning a driver to each order | H2: Drivers Capabilities | H3: Views from the Driver dashboard | H3: Order status management by your drivers | H3: Order Status management | H2: Delivery Drivers for WooCommerce PRO | H2: Download the Delivery Drivers for WooCommerce Plugin | H2: Related Reading,1014,2018-09-14,,substantive depth; code/example; first-hand narrative; outbound sources,no verified modified date,,retain; monitor search and citation performance
baseline,https://robertdevore.com/devio-digital/,content/posts/devio-digital.md,article,Devio Digital,informational,"developers, technical leaders, WordPress/WooCommerce users, and project evaluators",Devio Digital,devio digital,#opensource saved my life | Why WordPress? | Where Devio Digital comes into play | What can I do for you? | Related Reading,Devio Digital,H1: Devio Digital | H2: #opensource saved my life | H2: Why WordPress? | H2: Where Devio Digital comes into play | H2: What can I do for you? | H2: Related Reading,939,2016-05-11,,substantive depth; first-hand narrative; outbound sources,no verified modified date,,retain; monitor search and citation performance
baseline,https://robertdevore.com/dispensary-wordpress-plugins-2017/,content/posts/dispensary-wordpress-plugins-2017.md,article,Top Dispensary WordPress Plugins,informational,"developers, technical leaders, WordPress/WooCommerce users, and project evaluators",Top Dispensary WordPress Plugins,top dispensary wordpress plugins,WordPress SEO Plugins | Yoast SEO | WordPress Backup Plugins | UpdraftPlus | WordPress Security Plugins | Wordfence | WordPress Dispensary Plugins | WP Dispensary,Top Dispensary WordPress Plugins,H1: Top Dispensary WordPress Plugins | H2: WordPress SEO Plugins | H3: Yoast SEO | H2: WordPress Backup Plugins | H3: UpdraftPlus | H2: WordPress Security Plugins | H3: Wordfence | H2: WordPress Dispensary Plugins | H3: WP Dispensary | H2: WordPress Social Media Plugins | H3: MashShare | H2: Final notes | H2: Related Reading,787,2017-01-18,,first-hand narrative; outbound sources,no verified modified date,,retain; monitor search and citation performance
baseline,https://robertdevore.com/do-less-deliver-more/,content/posts/do-less-deliver-more.md,article,"Do Less, Deliver More",informational,"developers, technical leaders, WordPress/WooCommerce users, and project evaluators","Do Less, Deliver More","do less, deliver more",Focus | Cut More | Ship Less | Drop the Vanity | Own the Outcome | What’s Next? | Related Reading,"Do Less, Deliver More","H1: Do Less, Deliver More | H2: Focus | H2: Cut More | H2: Ship Less | H2: Drop the Vanity | H2: Own the Outcome | H2: What’s Next? | H2: Related Reading",1289,2025-04-21,,substantive depth; first-hand narrative; outbound sources,no verified modified date,,retain; monitor search and citation performance
baseline,https://robertdevore.com/docupress-documentation-plugin-for-wordpress/,content/posts/docupress-documentation-plugin-for-wordpress.md,article,DocuPress: documentation simplified.,informational,"developers, technical leaders, WordPress/WooCommerce users, and project evaluators",DocuPress: documentation simplified.,docupress: documentation simplified.,Why build a documentation plugin? | What does DocuPress actually do? | In the pipeline | DocuPress Demo | Where can I download DocuPress? | Related Reading,DocuPress: documentation simplified.,H1: DocuPress: documentation simplified. | H2: Why build a documentation plugin? | H2: What does DocuPress actually do? | H3: In the pipeline | H2: DocuPress Demo | H2: Where can I download DocuPress? | H2: Related Reading,612,2017-05-12,,code/example; first-hand narrative; outbound sources,no verified modified date,,retain; monitor search and citation performance
baseline,https://robertdevore.com/dont-shoot-the-messenger-choose-courage-over-convenience/,content/posts/dont-shoot-the-messenger-choose-courage-over-convenience.md,article,Don’t Shoot the Messenger: Choose Courage Over Convenience,informational,"developers, technical leaders, WordPress/WooCommerce users, and project evaluators",Don’t Shoot the Messenger: Choose Courage Over Convenience,don’t shoot the messenger: choose courage over convenience,Why Tone Policing is a Red Flag | Kevin Michael Geary | Early Career | Mid-Career Moves | Recent Actions | The Dust-Up | Why This Matters Beyond Kevin | We Need Clarity Over Comfort,Don’t Shoot the Messenger: Choose Courage Over Convenience,H1: Don’t Shoot the Messenger: Choose Courage Over Convenience | H2: Why Tone Policing is a Red Flag | H2: Kevin Michael Geary | H3: Early Career | H3: Mid-Career Moves | H3: Recent Actions | H2: The Dust-Up | H2: Why This Matters Beyond Kevin | H2: We Need Clarity Over Comfort | H2: Related Reading,920,2025-04-29,,substantive depth; first-hand narrative; outbound sources,no verified modified date,,retain; monitor search and citation performance
baseline,https://robertdevore.com/extreme-programming-for-extreme-leaders/,content/posts/extreme-programming-for-extreme-leaders.md,article,Extreme Programming for Extreme Leaders,informational,"developers, technical leaders, WordPress/WooCommerce users, and project evaluators",Extreme Programming for Extreme Leaders,extreme programming for extreme leaders,"How disciplined developers ship faster, adapt smarter, and lead with code | What is Extreme Programming? | Why Extreme Leaders Should Care | Core XP Principles That Map to Leadership | XP Practices to Integrate Into Your Workflow | When to Make It Your Own | I’ll leave you with this… | Related Reading",Extreme Programming for Extreme Leaders,"H1: Extreme Programming for Extreme Leaders | H2: How disciplined developers ship faster, adapt smarter, and lead with code | H3: What is Extreme Programming? | H3: Why Extreme Leaders Should Care | H3: Core XP Principles That Map to Leadership | H3: XP Practices to Integrate Into Your Workflow | H3: When to Make It Your Own | H3: I’ll leave you with this… | H2: Related Reading",741,2025-05-18,,first-hand narrative; outbound sources,no verified modified date,,retain; monitor search and citation performance
baseline,https://robertdevore.com/focus/,content/posts/focus.md,article,Focus,informational,"developers, technical leaders, WordPress/WooCommerce users, and project evaluators",Focus,focus,Finding Success | Becoming an expert | Related Reading,Focus,H1: Focus | H2: Finding Success | H2: Becoming an expert | H2: Related Reading,926,2015-10-07,,substantive depth; first-hand narrative; outbound sources,no verified modified date,,retain; monitor search and citation performance
baseline,https://robertdevore.com/forever-forward/,content/posts/forever-forward.md,article,Forever Forward,informational,"developers, technical leaders, WordPress/WooCommerce users, and project evaluators",Forever Forward,forever forward,What I brought back | After the software factory | The Jidoka Files | Extreme leadership made functional | Building something that can outlive me | Coming back different | Related Reading,Forever Forward,H1: Forever Forward | H2: What I brought back | H2: After the software factory | H2: The Jidoka Files | H2: Extreme leadership made functional | H2: Building something that can outlive me | H2: Coming back different | H2: Related Reading,1979,2026-08-08,,substantive depth; code/example; first-hand narrative; outbound sources,no verified modified date,,retain; monitor search and citation performance
baseline,https://robertdevore.com/going-all-in-one-year-later/,content/posts/going-all-in-one-year-later.md,article,Going all in: One year later,informational,"developers, technical leaders, WordPress/WooCommerce users, and project evaluators",Going all in: One year later,going all in: one year later,I've learned a lot in the last year | When life gets in the way | I've been freelancing again | Do I feel like a failure? | Adjusting to the changes | It's time for multiple streams of income | My Next Steps | Freelance WordPress Development,Going all in: One year later,H1: Going all in: One year later | H2: I've learned a lot in the last year | H3: When life gets in the way | H3: I've been freelancing again | H3: Do I feel like a failure? | H2: Adjusting to the changes | H3: It's time for multiple streams of income | H2: My Next Steps | H3: Freelance WordPress Development | H2: Related Reading,1245,2018-09-26,,substantive depth; first-hand narrative; outbound sources,no verified modified date,,retain; monitor search and citation performance
baseline,https://robertdevore.com/going-all-in-with-wp-dispensary/,content/posts/going-all-in-with-wp-dispensary.md,article,Going all in with WP Dispensary,informational,"developers, technical leaders, WordPress/WooCommerce users, and project evaluators",Going all in with WP Dispensary,going all in with wp dispensary,Taking the plunge | Will it work? | Follow along | Related Reading,Going all in with WP Dispensary,H1: Going all in with WP Dispensary | H2: Taking the plunge | H2: Will it work? | H2: Follow along | H2: Related Reading,629,2017-09-26,,first-hand narrative; outbound sources,no verified modified date,,retain; monitor search and citation performance
baseline,https://robertdevore.com/goodbye-wordpress-a-eulogy/,content/posts/goodbye-wordpress-a-eulogy.md,article,Goodbye WordPress: A Eulogy,informational,"developers, technical leaders, WordPress/WooCommerce users, and project evaluators",Goodbye WordPress: A Eulogy,goodbye wordpress: a eulogy,Let me be blunt | All’s fair in love and war | Here’s where I’m at now | What’s next? | Related Reading,Goodbye WordPress: A Eulogy,H1: Goodbye WordPress: A Eulogy | H2: Let me be blunt | H2: All’s fair in love and war | H2: Here’s where I’m at now | H2: What’s next? | H2: Related Reading,1194,2025-06-09,,substantive depth; first-hand narrative; outbound sources,no verified modified date,,retain; monitor search and citation performance
baseline,https://robertdevore.com/grateful-to-see-21-of-my-wordpress-plugins-live-on-at-webdevstudios/,content/posts/grateful-to-see-21-of-my-wordpress-plugins-live-on-at-webdevstudios.md,article,Grateful to See 20 of My WordPress Plugins Live On at WebDevStudios,informational,"developers, technical leaders, WordPress/WooCommerce users, and project evaluators",Grateful to See 20 of My WordPress Plugins Live On at WebDevStudios,grateful to see 20 of my wordpress plugins live on at webdevstudios,Here are the plugins WebDevStudios now maintains: | Related Reading,Grateful to See 20 of My WordPress Plugins Live On at WebDevStudios,H1: Grateful to See 20 of My WordPress Plugins Live On at WebDevStudios | H2: Here are the plugins WebDevStudios now maintains: | H2: Related Reading,463,2025-06-19,,first-hand narrative; outbound sources,no verified modified date,,retain; monitor search and citation performance
baseline,https://robertdevore.com/hello-2017/,content/posts/hello-2017.md,article,Hello 2017,informational,"developers, technical leaders, WordPress/WooCommerce users, and project evaluators",Hello 2017,hello 2017,Related Reading,Hello 2017,H1: Hello 2017 | H2: Related Reading,202,2017-01-02,,first-hand narrative; outbound sources,thin for a substantive destination; no verified modified date,,editorial review: clarify purpose and add only evidence-backed useful detail
baseline,https://robertdevore.com/hello-plugin-pal-your-ai-powered-plugin-generator-for-wordpress/,content/posts/hello-plugin-pal-your-ai-powered-plugin-generator-for-wordpress.md,article,"Hello, Plugin Pal: Your AI Powered Plugin Generator for WordPress®",commercial investigation / product discovery,"developers, technical leaders, WordPress/WooCommerce users, and project evaluators","Hello, Plugin Pal: Your AI Powered Plugin Generator for WordPress®","hello, plugin pal: your ai powered plugin generator for wordpress®","The Problem: Why WordPress® plugin development benefits from AI | The Solution: Plugin Pal and the power of AI | The Secret Sauce: Why Plugin Pal Works | It’s Built for Developers, by a Developer | It’s More Than Just Code Generation | It’s Low Barrier to Entry | The Bigger Picture: What Plugin Pal Represents | The Road Ahead","Hello, Plugin Pal: Your AI Powered Plugin Generator for WordPress®","H1: Hello, Plugin Pal: Your AI Powered Plugin Generator for WordPress® | H2: The Problem: Why WordPress® plugin development benefits from AI | H2: The Solution: Plugin Pal and the power of AI | H2: The Secret Sauce: Why Plugin Pal Works | H3: It’s Built for Developers, by a Developer | H3: It’s More Than Just Code Generation | H3: It’s Low Barrier to Entry | H2: The Bigger Picture: What Plugin Pal Represents | H2: The Road Ahead | H2: Related Reading",920,2025-01-28,,substantive depth; code/example; first-hand narrative; outbound sources,no verified modified date,,retain; monitor search and citation performance
baseline,https://robertdevore.com/honoring-jesse-petersen-with-the-revival-of-stealth-login-page/,content/posts/honoring-jesse-petersen-with-the-revival-of-stealth-login-page.md,article,Honoring Jesse Petersen with the Revival of “Stealth Login Page”,informational,"developers, technical leaders, WordPress/WooCommerce users, and project evaluators",Honoring Jesse Petersen with the Revival of “Stealth Login Page”,honoring jesse petersen with the revival of “stealth login page”,What Is Stealth Login Page? | Key Features | Why This Matters | A Personal Tribute to Jesse Petersen | How to Get the Plugin | Looking Ahead | Related Reading,Honoring Jesse Petersen with the Revival of “Stealth Login Page”,H1: Honoring Jesse Petersen with the Revival of “Stealth Login Page” | H2: What Is Stealth Login Page? | H3: Key Features | H2: Why This Matters | H3: A Personal Tribute to Jesse Petersen | H2: How to Get the Plugin | H3: Looking Ahead | H2: Related Reading,665,2025-01-09,,code/example; first-hand narrative; outbound sources,no verified modified date,,retain; monitor search and citation performance
baseline,https://robertdevore.com/host-your-wordpress-plugins-on-github-and-automate-plugin-packaging/,content/posts/host-your-wordpress-plugins-on-github-and-automate-plugin-packaging.md,article,Host Your WordPress Plugins on GitHub and Automate Plugin Packaging,commercial investigation / product discovery,"developers, technical leaders, WordPress/WooCommerce users, and project evaluators",Host Your WordPress Plugins on GitHub and Automate Plugin Packaging,host your wordpress plugins on github and automate plugin packaging,Step 1: Host Your Plugin on GitHub | 1.1. Create a New Repository | 1.2. Push Your Plugin Code to GitHub | 1.3. Create a GitHub Release for Easy Downloads | Step 2: Automate Plugin Packaging with a Bash Script | 2.1. Create the Bash Script | 2.2. Add an Alias for Convenience | 2.3. Use the Script,Host Your WordPress Plugins on GitHub and Automate Plugin Packaging,H1: Host Your WordPress Plugins on GitHub and Automate Plugin Packaging | H2: Step 1: Host Your Plugin on GitHub | H3: 1.1. Create a New Repository | H3: 1.2. Push Your Plugin Code to GitHub | H3: 1.3. Create a GitHub Release for Easy Downloads | H2: Step 2: Automate Plugin Packaging with a Bash Script | H3: 2.1. Create the Bash Script | H3: 2.2. Add an Alias for Convenience | H3: 2.3. Use the Script | H2: Step 3: Share Your Plugin | H2: Related Reading,738,2024-12-21,,code/example; first-hand narrative; outbound sources,no verified modified date,,retain; monitor search and citation performance
baseline,https://robertdevore.com/how-a-security-audit-can-save-your-e-commerce-store-from-disaster/,content/posts/how-a-security-audit-can-save-your-e-commerce-store-from-disaster.md,article,How a Security Audit Can Save Your E-Commerce Store from Disaster,informational / problem-solving,"developers, technical leaders, WordPress/WooCommerce users, and project evaluators",How a Security Audit Can Save Your E-Commerce Store from Disaster,how a security audit can save your e-commerce store from disaster,"1. You Are a Target, Even If You Think You Aren’t | 2. One Breach Can Wreck Your Reputation (Forever) | 3. Chargebacks, Fines, and Lawsuits – Oh My! | 4. Hackers Can Hijack Your Site (Without You Even Knowing) | 5. A Security Audit Costs Less Than a Breach | 6. Google Will Punish You for Being Insecure | 7. A Security Audit Finds the Holes Before Hackers Do | Stop Gambling With Your Business. Get a Security Audit.",How a Security Audit Can Save Your E-Commerce Store from Disaster,"H1: How a Security Audit Can Save Your E-Commerce Store from Disaster | H2: 1. You Are a Target, Even If You Think You Aren’t | H2: 2. One Breach Can Wreck Your Reputation (Forever) | H2: 3. Chargebacks, Fines, and Lawsuits – Oh My! | H2: 4. Hackers Can Hijack Your Site (Without You Even Knowing) | H2: 5. A Security Audit Costs Less Than a Breach | H2: 6. Google Will Punish You for Being Insecure | H2: 7. A Security Audit Finds the Holes Before Hackers Do | H2: Stop Gambling With Your Business. Get a Security Audit. | H2: Related Reading",925,2025-02-03,,substantive depth; first-hand narrative; outbound sources,no verified modified date,,retain; monitor search and citation performance
baseline,https://robertdevore.com/how-hungry-are-you/,content/posts/how-hungry-are-you.md,article,“How hungry are you?”,informational / problem-solving,"developers, technical leaders, WordPress/WooCommerce users, and project evaluators",“How hungry are you?”,“how hungry are you?”,"Thriving under pressure | So am I hitting pause, or not? | Time to eat | Related Reading",“How hungry are you?”,"H1: “How hungry are you?” | H2: Thriving under pressure | H2: So am I hitting pause, or not? | H2: Time to eat | H2: Related Reading",742,2022-11-15,,first-hand narrative; outbound sources,no verified modified date,,retain; monitor search and citation performance
baseline,https://robertdevore.com/how-i-use-textexpander-to-reuse-my-best-ai-prompts/,content/posts/how-i-use-textexpander-to-reuse-my-best-ai-prompts.md,article,How I Use TextExpander to Reuse My Best AI Prompts,informational / problem-solving,"developers, technical leaders, WordPress/WooCommerce users, and project evaluators",How I Use TextExpander to Reuse My Best AI Prompts,how i use textexpander to reuse my best ai prompts,Why I Keep My Prompts Outside the AI | The 4 Real Prompts I Reuse Most | 1. ;rdimg – Cyberpunk Image Prompt Profile | 2. ;chatscript – WordPress Plugin Standards Prompt | 3 ;bookreview – Strategic Book Breakdown | 4. ;articleseo – AI SEO Generation Prompt | Good Prompts Are Tools. Great Ones Are a System. | Want to build your own stack?,How I Use TextExpander to Reuse My Best AI Prompts,H1: How I Use TextExpander to Reuse My Best AI Prompts | H2: Why I Keep My Prompts Outside the AI | H2: The 4 Real Prompts I Reuse Most | H3: 1. ;rdimg – Cyberpunk Image Prompt Profile | H3: 2. ;chatscript – WordPress Plugin Standards Prompt | H3: 3 ;bookreview – Strategic Book Breakdown | H3: 4. ;articleseo – AI SEO Generation Prompt | H2: Good Prompts Are Tools. Great Ones Are a System. | H3: Want to build your own stack? | H2: Related Reading,814,2025-05-29,,code/example; first-hand narrative; outbound sources,no verified modified date,,retain; monitor search and citation performance
baseline,https://robertdevore.com/how-to-block-website-tracking-data-in-woocommerce/,content/posts/how-to-block-website-tracking-data-in-woocommerce.md,article,How to Block Website Tracking Data in WooCommerce®,informational / problem-solving,"developers, technical leaders, WordPress/WooCommerce users, and project evaluators",How to Block Website Tracking Data in WooCommerce®,how to block website tracking data in woocommerce®,Why Does This Plugin Matter? | How It Works | Blocks Outbound Requests | Logs Blocked Requests | Minimal and Efficient | How to Use It? | Debugging Example | Release Features (v1.0.0),How to Block Website Tracking Data in WooCommerce®,H1: How to Block Website Tracking Data in WooCommerce® | H2: Why Does This Plugin Matter? | H2: How It Works | H3: Blocks Outbound Requests | H3: Logs Blocked Requests | H3: Minimal and Efficient | H2: How to Use It? | H3: Debugging Example | H2: Release Features (v1.0.0) | H2: Why Use Tracking Blocker for WooCommerce®? | H3: Protect Your Privacy | H3: Keep WooCommerce Functionality Intact | H3: Transparency for Developers | H2: How to Get Started? | H2: Taking a Stand for Transparency | H2: Related Reading,622,2025-01-13,,code/example; first-hand narrative; outbound sources,no verified modified date,,retain; monitor search and citation performance
baseline,https://robertdevore.com/how-to-build-a-content-engine-that-scales-with-you/,content/posts/how-to-build-a-content-engine-that-scales-with-you.md,article,How to build a content engine that scales with you,informational / problem-solving,"developers, technical leaders, WordPress/WooCommerce users, and project evaluators",How to build a content engine that scales with you,how to build a content engine that scales with you,"Why You Burn Out Without a Content System | Step 1: Define Your Content Flywheel | 1. Start With a Core Format | 2. Spin It Into Derivatives | 3. Feed the Next Cycle | Step 2: Build a Content Calendar You Can Actually Stick To | 1. Start With Your Capacity | 2. Plan Around Energy, Not Just Time",How to build a content engine that scales with you,"H1: How to build a content engine that scales with you | H2: Why You Burn Out Without a Content System | H2: Step 1: Define Your Content Flywheel | H3: 1. Start With a Core Format | H3: 2. Spin It Into Derivatives | H3: 3. Feed the Next Cycle | H2: Step 2: Build a Content Calendar You Can Actually Stick To | H3: 1. Start With Your Capacity | H3: 2. Plan Around Energy, Not Just Time | H3: 3. Leave Room for Serendipity | H2: Step 3: Use AI Like a Team Member, Not a Toy | H3: 1. Use It for Idea Generation | H3: 2. Use It to Structure, Not Write | H3: 3. Use It to Repurpose | H2: Step 4: Create Templates That Cut Your Content Creation Time in Half | H3: 1. Writing Templates | H3: 2. Design Templates | H3: 3. Workflow Templates | H2: Mic-Drop Takeaway | H2: Related Reading",806,2025-05-27,,first-hand narrative; outbound sources,no verified modified date,,retain; monitor search and citation performance
baseline,https://robertdevore.com/how-to-build-modular-prompts-that-save-you-hours-per-week/,content/posts/how-to-build-modular-prompts-that-save-you-hours-per-week.md,article,How to Build Modular Prompts That Save You Hours Per Week,informational / problem-solving,"developers, technical leaders, WordPress/WooCommerce users, and project evaluators",How to Build Modular Prompts That Save You Hours Per Week,how to build modular prompts that save you hours per week,Why Modular Prompts Matter | What Modular Prompts Actually Are | The 5 Modules That Belong in Every Writer’s Kit | 1. Tone Module | 2. Structure Module | 3. Intent Module | 4. Voice Module | 5. Format Module,How to Build Modular Prompts That Save You Hours Per Week,H1: How to Build Modular Prompts That Save You Hours Per Week | H2: Why Modular Prompts Matter | H2: What Modular Prompts Actually Are | H2: The 5 Modules That Belong in Every Writer’s Kit | H3: 1. Tone Module | H3: 2. Structure Module | H3: 3. Intent Module | H3: 4. Voice Module | H3: 5. Format Module | H2: Assemble a Prompt Like a Pro | H3: Bonus: Create a “Prompt Builder” Snippet | H3: 🧠 Bonus Prompt: Prompt Your Prompt Builder | H2: 🔥 Mic-Drop Takeaway | H2: Related Reading,897,2025-05-24,,code/example; first-hand narrative; outbound sources,no verified modified date,,retain; monitor search and citation performance
baseline,https://robertdevore.com/how-to-customize-the-style-of-your-wordpress-login-screen/,content/posts/how-to-customize-the-style-of-your-wordpress-login-screen.md,article,How to customize the style of your WordPress login screen,informational / problem-solving,"developers, technical leaders, WordPress/WooCommerce users, and project evaluators",How to customize the style of your WordPress login screen,how to customize the style of your wordpress login screen,Using the new filter added in WP v5.2 | Adding your logo with a custom filter | Extending the code to work with the customizer | Adding a logo image from the customizer | Adding text & button link styles from the customizer | Changing the login screen background color | See the code in action | Related Reading,How to customize the style of your WordPress login screen,H1: How to customize the style of your WordPress login screen | H2: Using the new filter added in WP v5.2 | H2: Adding your logo with a custom filter | H2: Extending the code to work with the customizer | H3: Adding a logo image from the customizer | H3: Adding text & button link styles from the customizer | H3: Changing the login screen background color | H2: See the code in action | H2: Related Reading,845,2019-06-27,,code/example; first-hand narrative; outbound sources,no verified modified date,,retain; monitor search and citation performance
baseline,https://robertdevore.com/how-to-edit-ai-content-so-it-feels-clean-not-robotic/,content/posts/how-to-edit-ai-content-so-it-feels-clean-not-robotic.md,article,"How to edit AI content so it feels clean, not robotic",informational / problem-solving,"developers, technical leaders, WordPress/WooCommerce users, and project evaluators","How to edit AI content so it feels clean, not robotic","how to edit ai content so it feels clean, not robotic",Why AI Content Often Sounds Robotic | The 5-Part Editing Pass That Brings AI Content to Life | 1. Cut the Fat | 2. Break the Pattern | 3. Add Specificity | 4. Sharpen the Voice | 5. Trim the Ending | Bonus: Use a Real-Time Editing Layer,"How to edit AI content so it feels clean, not robotic","H1: How to edit AI content so it feels clean, not robotic | H2: Why AI Content Often Sounds Robotic | H2: The 5-Part Editing Pass That Brings AI Content to Life | H3: 1. Cut the Fat | H3: 2. Break the Pattern | H3: 3. Add Specificity | H3: 4. Sharpen the Voice | H3: 5. Trim the Ending | H2: Bonus: Use a Real-Time Editing Layer | H3: Prompt to Improve AI-Generated Drafts | H2: Mic-Drop Takeaway | H2: Related Reading",690,2025-05-25,,first-hand narrative; outbound sources,no verified modified date,,retain; monitor search and citation performance
baseline,https://robertdevore.com/how-to-stop-your-plugins-themes-from-being-used-on-wordpress-com-hosting/,content/posts/how-to-stop-your-plugins-themes-from-being-used-on-wordpress-com-hosting.md,article,How to Stop Your Plugins & Themes from Being Used on WordPress.com Hosting,informational / problem-solving,"developers, technical leaders, WordPress/WooCommerce users, and project evaluators",How to Stop Your Plugins & Themes from Being Used on WordPress.com Hosting,how to stop your plugins & themes from being used on wordpress.com hosting,The Code | How the Code Works | Centralized Helper Class | Automatic Deactivation | User Feedback | Improved Code Structure | How to Use the Class | Why Use This Code?,How to Stop Your Plugins & Themes from Being Used on WordPress.com Hosting,H1: How to Stop Your Plugins & Themes from Being Used on WordPress.com Hosting | H2: The Code | H2: How the Code Works | H3: Centralized Helper Class | H3: Automatic Deactivation | H3: User Feedback | H3: Improved Code Structure | H3: How to Use the Class | H2: Why Use This Code? | H3: Take a Stand for the Community | H3: Easy to Implement and Reuse | H3: Practical Benefits | H2: Related Reading,699,2024-12-22,,code/example; first-hand narrative; outbound sources,no verified modified date,,retain; monitor search and citation performance
baseline,https://robertdevore.com/how-to-teach-ai-to-match-your-voice/,content/posts/how-to-teach-ai-to-match-your-voice.md,article,How to teach AI to match your voice,informational / problem-solving,"developers, technical leaders, WordPress/WooCommerce users, and project evaluators",How to teach AI to match your voice,how to teach ai to match your voice,Why AI Struggles With Voice | How to Make AI Write Like _You_ | 1. Give It Real Voice Samples (Not Just Vibes) | 2. Ask It to Describe Your Voice – Then Edit the Description | 3. Create a “Sound Like Me” Prompt Wrapper | 4. Run a Voice Check – Every Time | 5. Fine-Tune With Contrast | Building Your Voice Layer,How to teach AI to match your voice,H1: How to teach AI to match your voice | H2: Why AI Struggles With Voice | H2: How to Make AI Write Like _You_ | H3: 1. Give It Real Voice Samples (Not Just Vibes) | H3: 2. Ask It to Describe Your Voice – Then Edit the Description | H3: 3. Create a “Sound Like Me” Prompt Wrapper | H3: 4. Run a Voice Check – Every Time | H3: 5. Fine-Tune With Contrast | H2: Building Your Voice Layer | H3: Bonus: Voice Calibration Prompt | H2: Mic Drop Takeaway | H2: Related Reading,788,2025-05-23,,first-hand narrative; outbound sources,no verified modified date,,retain; monitor search and citation performance
baseline,https://robertdevore.com/how-to-use-ai-to-research-validate-ideas-and-stay-relevant/,content/posts/how-to-use-ai-to-research-validate-ideas-and-stay-relevant.md,article,"How to Use AI to Research, Validate Ideas, and Stay Relevant",informational / problem-solving,"developers, technical leaders, WordPress/WooCommerce users, and project evaluators","How to Use AI to Research, Validate Ideas, and Stay Relevant","how to use ai to research, validate ideas, and stay relevant","Why Research _Matters_ Before You Write | 1. Use AI to Eavesdrop, Not Echo | 2. Validate the Angle Before You Commit | 3. Surface What’s Missing in the Conversation | 4. Zoom Out Before You Zoom In | 5. Get Out of Your Own Feed | The Research-to-Relevance Flow | Bonus: 3 Prompts to Sharpen Your Idea","How to Use AI to Research, Validate Ideas, and Stay Relevant","H1: How to Use AI to Research, Validate Ideas, and Stay Relevant | H2: Why Research _Matters_ Before You Write | H2: 1. Use AI to Eavesdrop, Not Echo | H2: 2. Validate the Angle Before You Commit | H2: 3. Surface What’s Missing in the Conversation | H2: 4. Zoom Out Before You Zoom In | H2: 5. Get Out of Your Own Feed | H2: The Research-to-Relevance Flow | H2: Bonus: 3 Prompts to Sharpen Your Idea | H2: Mic-Drop Takeaway | H2: Related Reading",1146,2025-05-21,,substantive depth; outbound sources,no verified modified date,,retain; monitor search and citation performance
baseline,https://robertdevore.com/how-to-write-prompts-that-get-the-tone-structure-and-intent-right/,content/posts/how-to-write-prompts-that-get-the-tone-structure-and-intent-right.md,article,"How to Write Prompts That Get the Tone, Structure, and Intent Right",informational / problem-solving,"developers, technical leaders, WordPress/WooCommerce users, and project evaluators","How to Write Prompts That Get the Tone, Structure, and Intent Right","how to write prompts that get the tone, structure, and intent right",Why This Matters | Why Most Prompts Fall Flat | What’s Missing? | The 3 Elements Every Prompt Needs | 1. Tone: _How should this feel?_ | 2. Structure: _What shape should this take?_ | 3. Intent: _What’s the takeaway?_ | Example Breakdown,"How to Write Prompts That Get the Tone, Structure, and Intent Right","H1: How to Write Prompts That Get the Tone, Structure, and Intent Right | H2: Why This Matters | H2: Why Most Prompts Fall Flat | H3: What’s Missing? | H2: The 3 Elements Every Prompt Needs | H3: 1. Tone: _How should this feel?_ | H3: 2. Structure: _What shape should this take?_ | H3: 3. Intent: _What’s the takeaway?_ | H2: Example Breakdown | H3: 🟡 Lazy Prompt: | H3: 🟢 Sharp Prompt: | H2: Build Your Prompt Toolkit | H3: Tone Modules | H3: Structure Modules | H3: Intent Modules | H2: 🧠 Bonus Move: Prompt Your Prompt | H2: 🔥 Mic-Drop Takeaway | H2: Related Reading",970,2025-05-22,,substantive depth; first-hand narrative; outbound sources,no verified modified date,,retain; monitor search and citation performance
baseline,https://robertdevore.com/hue-js/,content/posts/hue-js.md,article,? hue.js,informational,"developers, technical leaders, WordPress/WooCommerce users, and project evaluators",? hue.js,? hue.js,I forked a color picker for WordPress | Why a color picker for WordPress? | Sticking a fork in the Iris ? | Contributing to open source | ? hue.js download | Adding hue.js to your project | Bug reports & Pull requests | Related Reading,? hue.js,H1: ? hue.js | H2: I forked a color picker for WordPress | H2: Why a color picker for WordPress? | H2: Sticking a fork in the Iris ? | H2: Contributing to open source | H2: ? hue.js download | H2: Adding hue.js to your project | H3: Bug reports & Pull requests | H2: Related Reading,823,2018-04-03,,code/example; first-hand narrative; outbound sources,no verified modified date,,retain; monitor search and citation performance
baseline,https://robertdevore.com/i-built-a-python-stego-cipher-tool-and-you-can-have-it/,content/posts/i-built-a-python-stego-cipher-tool-and-you-can-have-it.md,article,I Built a Python Stego-Cipher Tool (And You Can Have It),commercial investigation / product discovery,"developers, technical leaders, WordPress/WooCommerce users, and project evaluators",I Built a Python Stego-Cipher Tool (And You Can Have It),i built a python stego-cipher tool (and you can have it),The Cipher Got Smarter | 1. Encrypts Messages with Quote-Based Scrambling | 2. Decrypts Messages Cleanly | 3. Hides Encrypted Messages in Images | 4. Command-Line Interface Included | 🧠 How It Works (Quick Version) | Grab the Python Code | 🔎 Demo Mode Included,I Built a Python Stego-Cipher Tool (And You Can Have It),H1: I Built a Python Stego-Cipher Tool (And You Can Have It) | H2: The Cipher Got Smarter | H3: 1. Encrypts Messages with Quote-Based Scrambling | H3: 2. Decrypts Messages Cleanly | H3: 3. Hides Encrypted Messages in Images | H3: 4. Command-Line Interface Included | H2: 🧠 How It Works (Quick Version) | H2: Grab the Python Code | H2: 🔎 Demo Mode Included | H2: 🧪 Use Cases | H2: Final Thought | H2: Related Reading,658,2025-06-09,,code/example; first-hand narrative; outbound sources,no verified modified date,,retain; monitor search and citation performance
baseline,https://robertdevore.com/i-just-launched-a-python-course-for-php-developers/,content/posts/i-just-launched-a-python-course-for-php-developers.md,article,I Just Launched a Python Course for PHP Developers,commercial investigation / product discovery,"developers, technical leaders, WordPress/WooCommerce users, and project evaluators",I Just Launched a Python Course for PHP Developers,i just launched a python course for php developers,"The WordPress Ecosystem is Broken (And Getting Worse) | Most PHP Devs Don’t Hate Python – They’re Just Stuck in Familiarity | This Isn’t “Python 101” – It’s a Translation Layer | Why I Built This (Hint: I Got Tired of Watching Good Devs Suffer) | The Real Benefits of Making the Switch | Who This Course Is Actually For | What You’ll Actually Learn (15 Lessons, No Fluff) | Ready to Write Code You’re Actually Proud Of?",I Just Launched a Python Course for PHP Developers,"H1: I Just Launched a Python Course for PHP Developers | H2: The WordPress Ecosystem is Broken (And Getting Worse) | H2: Most PHP Devs Don’t Hate Python – They’re Just Stuck in Familiarity | H2: This Isn’t “Python 101” – It’s a Translation Layer | H2: Why I Built This (Hint: I Got Tired of Watching Good Devs Suffer) | H2: The Real Benefits of Making the Switch | H2: Who This Course Is Actually For | H2: What You’ll Actually Learn (15 Lessons, No Fluff) | H2: Ready to Write Code You’re Actually Proud Of? | H2: Related Reading",1495,2025-06-18,,substantive depth; code/example; first-hand narrative; outbound sources,no verified modified date,,retain; monitor search and citation performance
baseline,https://robertdevore.com/im-freelancing-again/,content/posts/im-freelancing-again.md,article,I’m freelancing again,informational,"developers, technical leaders, WordPress/WooCommerce users, and project evaluators",I’m freelancing again,i’m freelancing again,What I Offer | 🔧 Custom Development | 🔐 Security Audits | ⚡ Performance Optimization | 🚀 MVP Website Builds | 🛠 Retainer Support | 🤘 Have Something Else in Mind? | Related Reading,I’m freelancing again,H1: I’m freelancing again | H2: What I Offer | H3: 🔧 Custom Development | H3: 🔐 Security Audits | H3: ⚡ Performance Optimization | H3: 🚀 MVP Website Builds | H3: 🛠 Retainer Support | H3: 🤘 Have Something Else in Mind? | H2: Related Reading,735,2025-02-15,,first-hand narrative; outbound sources,no verified modified date,,retain; monitor search and citation performance
baseline,https://robertdevore.com/improve-cls-scores-by-dynamically-setting-image-width-and-height/,content/posts/improve-cls-scores-by-dynamically-setting-image-width-and-height.md,article,Improve CLS scores by dynamically setting image width and height,informational / problem-solving,"developers, technical leaders, WordPress/WooCommerce users, and project evaluators",Improve CLS scores by dynamically setting image width and height,improve cls scores by dynamically setting image width and height,"What’s CLS, Anyway? | The issue with your images | Get media ID by image URL | Get width and height by image ID | Get the explicit width and height for HTML output | Bringing it all together | What do you think? | Related Reading",Improve CLS scores by dynamically setting image width and height,"H1: Improve CLS scores by dynamically setting image width and height | H2: What’s CLS, Anyway? | H2: The issue with your images | H2: Get media ID by image URL | H2: Get width and height by image ID | H2: Get the explicit width and height for HTML output | H2: Bringing it all together | H2: What do you think? | H2: Related Reading",873,2023-10-23,,code/example; first-hand narrative; outbound sources,no verified modified date,,retain; monitor search and citation performance
baseline,https://robertdevore.com/intellipress-the-smart-af-ai-assistant-for-wordpress/,content/posts/intellipress-the-smart-af-ai-assistant-for-wordpress.md,article,IntelliPress: The Smart AF AI Assistant for WordPress®,informational,"developers, technical leaders, WordPress/WooCommerce users, and project evaluators",IntelliPress: The Smart AF AI Assistant for WordPress®,intellipress: the smart af ai assistant for wordpress®,What the Hell is IntelliPress? 🤔 | What Can It Do? | How It Works (AKA: How It Saves Your Ass) | 1. Write Content Without the Pain | 2. SEO Without the Guesswork | 3. AI-Generated Images That Don’t Suck | 4. Turn Words into Audio | Why You Need This Plugin,IntelliPress: The Smart AF AI Assistant for WordPress®,"H1: IntelliPress: The Smart AF AI Assistant for WordPress® | H2: What the Hell is IntelliPress? 🤔 | H3: What Can It Do? | H2: How It Works (AKA: How It Saves Your Ass) | H3: 1. Write Content Without the Pain | H3: 2. SEO Without the Guesswork | H3: 3. AI-Generated Images That Don’t Suck | H3: 4. Turn Words into Audio | H2: Why You Need This Plugin | H2: Work Smarter, Not Dumber ‘r | H2: Related Reading",557,2025-01-31,,first-hand narrative; outbound sources,no verified modified date,,retain; monitor search and citation performance
baseline,https://robertdevore.com/introducing-an-experimental-new-plugin-email-designer-for-woocommerce/,content/posts/introducing-an-experimental-new-plugin-email-designer-for-woocommerce.md,article,Introducing an experimental new plugin: Email Designer for WooCommerce®,commercial investigation / product discovery,"developers, technical leaders, WordPress/WooCommerce users, and project evaluators",Introducing an experimental new plugin: Email Designer for WooCommerce®,introducing an experimental new plugin: email designer for woocommerce®,What is Email Designer for WooCommerce? | Key Features in Version 0.1: | Current Shortcomings (A Work in Progress) | 1. Lack of Blocks for Order Details | 2. Custom CSS Challenges | 3. WooCommerce’s Lack of Gutenberg Adoption | Why I’m Building This | Let’s Talk,Introducing an experimental new plugin: Email Designer for WooCommerce®,H1: Introducing an experimental new plugin: Email Designer for WooCommerce® | H2: What is Email Designer for WooCommerce? | H3: Key Features in Version 0.1: | H2: Current Shortcomings (A Work in Progress) | H3: 1. Lack of Blocks for Order Details | H3: 2. Custom CSS Challenges | H3: 3. WooCommerce’s Lack of Gutenberg Adoption | H2: Why I’m Building This | H2: Let’s Talk | H2: Related Reading,676,2025-02-12,,code/example; first-hand narrative; outbound sources,no verified modified date,,retain; monitor search and citation performance
baseline,https://robertdevore.com/introducing-associated-taxonomies-for-wordpress/,content/posts/introducing-associated-taxonomies-for-wordpress.md,article,Introducing Associated Taxonomies for WordPress®,commercial investigation / product discovery,"developers, technical leaders, WordPress/WooCommerce users, and project evaluators",Introducing Associated Taxonomies for WordPress®,introducing associated taxonomies for wordpress®,Why I Built Associated Taxonomies | Key Features | How It Works | Associating Terms | Displaying Associated Terms | Displaying Posts by Related Terms | Get Started | A Note to the Community,Introducing Associated Taxonomies for WordPress®,H1: Introducing Associated Taxonomies for WordPress® | H2: Why I Built Associated Taxonomies | H2: Key Features | H2: How It Works | H3: Associating Terms | H3: Displaying Associated Terms | H3: Displaying Posts by Related Terms | H2: Get Started | H2: A Note to the Community | H2: Related Reading,503,2024-12-09,,code/example; first-hand narrative; outbound sources,no verified modified date,,retain; monitor search and citation performance
baseline,https://robertdevore.com/introducing-automattic-css-an-open-source-css-utility-framework/,content/posts/introducing-automattic-css-an-open-source-css-utility-framework.md,article,Introducing automattic.css – An open source CSS Utility Framework,commercial investigation / product discovery,"developers, technical leaders, WordPress/WooCommerce users, and project evaluators",Introducing automattic.css – An open source CSS Utility Framework,introducing automattic.css – an open source css utility framework,"Why I Built It | Plus, a bit of backstory | What’s in v0.1.0 | What’s Missing (and Coming) | Proving It Works: The Demo Template | Why Launch Now? | Roadmap | Get Started",Introducing automattic.css – An open source CSS Utility Framework,"H1: Introducing automattic.css – An open source CSS Utility Framework | H2: Why I Built It | H2: Plus, a bit of backstory | H2: What’s in v0.1.0 | H3: What’s Missing (and Coming) | H3: Proving It Works: The Demo Template | H3: Why Launch Now? | H3: Roadmap | H3: Get Started | H2: Related Reading",755,2025-05-22,,code/example; first-hand narrative; outbound sources,no verified modified date,,retain; monitor search and citation performance
baseline,https://robertdevore.com/introducing-back-in-stock-notifications-for-woocommerce/,content/posts/introducing-back-in-stock-notifications-for-woocommerce.md,article,Introducing Back In Stock Notifications for WooCommerce®,commercial investigation / product discovery,"developers, technical leaders, WordPress/WooCommerce users, and project evaluators",Introducing Back In Stock Notifications for WooCommerce®,introducing back in stock notifications for woocommerce®,Why Back In Stock Notifications? | Key Features | Automated Notifications | Real-Time Demand Analytics | Customizable Email Templates | Automatic Updates with Plugin Update Checker | Who Should Use Back In Stock Notifications? | Getting Started with Back In Stock Notifications,Introducing Back In Stock Notifications for WooCommerce®,H1: Introducing Back In Stock Notifications for WooCommerce® | H2: Why Back In Stock Notifications? | H2: Key Features | H3: Automated Notifications | H3: Real-Time Demand Analytics | H3: Customizable Email Templates | H3: Automatic Updates with Plugin Update Checker | H2: Who Should Use Back In Stock Notifications? | H2: Getting Started with Back In Stock Notifications | H3: Step 1: Install the Plugin | H3: Step 2: Configure and Customize | H3: Step 3: Analyze and Adjust | H2: What’s Next? | H3: Upcoming Features: | H2: Related Reading,879,2024-10-31,,code/example; first-hand narrative; outbound sources,no verified modified date,,retain; monitor search and citation performance
baseline,https://robertdevore.com/introducing-barcodes-for-woocommerce-free/,content/posts/introducing-barcodes-for-woocommerce-free.md,article,Introducing Barcodes for WooCommerce® (free),commercial investigation / product discovery,"developers, technical leaders, WordPress/WooCommerce users, and project evaluators",Introducing Barcodes for WooCommerce® (free),introducing barcodes for woocommerce® (free),🚀 Key Features of v0.0.1 | 1. Order QR Codes | 2. Product QR Codes | 3. Customizable QR Codes | 4. Batch Barcode Generation | 🛠️ How to Get Started | 🔮 What’s Next? | 1. More Barcode Types,Introducing Barcodes for WooCommerce® (free),H1: Introducing Barcodes for WooCommerce® (free) | H2: 🚀 Key Features of v0.0.1 | H3: 1. Order QR Codes | H3: 2. Product QR Codes | H3: 3. Customizable QR Codes | H3: 4. Batch Barcode Generation | H2: 🛠️ How to Get Started | H2: 🔮 What’s Next? | H3: 1. More Barcode Types | H3: 2. Advanced Scanning Tools | H3: 3. Enhanced QR Code Customization | H3: 4. Insights and Analytics | H2: 📣 I Want Your Feedback | H2: 📈 Why Barcodes for WooCommerce? | H2: 🔗 Download and Try Barcodes for WooCommerce | H2: Related Reading,831,2024-11-20,,first-hand narrative; outbound sources,no verified modified date,,retain; monitor search and citation performance
baseline,https://robertdevore.com/introducing-benchpress/,content/posts/introducing-benchpress.md,article,Introducing BenchPress: Performance Benchmarks for WordPress®,commercial investigation / product discovery,"developers, technical leaders, WordPress/WooCommerce users, and project evaluators",Introducing BenchPress: Performance Benchmarks for WordPress®,introducing benchpress: performance benchmarks for wordpress®,🎉 What is BenchPress? | 🔥 Features at a Glance | 🔧 How to Use BenchPress | 🎛 Adding Custom Benchmarks | 📊 Why Use BenchPress? | 🚀 Ready to Dive In? | Related Reading,Introducing BenchPress: Performance Benchmarks for WordPress®,H1: Introducing BenchPress: Performance Benchmarks for WordPress® | H2: 🎉 What is BenchPress? | H2: 🔥 Features at a Glance | H2: 🔧 How to Use BenchPress | H2: 🎛 Adding Custom Benchmarks | H2: 📊 Why Use BenchPress? | H2: 🚀 Ready to Dive In? | H2: Related Reading,465,2024-11-11,,code/example; first-hand narrative; outbound sources,no verified modified date,,retain; monitor search and citation performance
baseline,https://robertdevore.com/introducing-block-ai-crawlers-for-wordpress/,content/posts/introducing-block-ai-crawlers-for-wordpress.md,article,Introducing Block AI Crawlers for WordPress®,informational / problem-solving,"developers, technical leaders, WordPress/WooCommerce users, and project evaluators",Introducing Block AI Crawlers for WordPress®,introducing block ai crawlers for wordpress®,Why Block AI Crawlers? | How It Works | A Simple Yet Powerful Feature | Features at a Glance | How to Get Started | Join the Conversation | Empowering the WordPress Community | Related Reading,Introducing Block AI Crawlers for WordPress®,H1: Introducing Block AI Crawlers for WordPress® | H2: Why Block AI Crawlers? | H2: How It Works | H2: A Simple Yet Powerful Feature | H2: Features at a Glance | H2: How to Get Started | H2: Join the Conversation | H2: Empowering the WordPress Community | H2: Related Reading,565,2025-01-13,,code/example; first-hand narrative; outbound sources,no verified modified date,,retain; monitor search and citation performance
baseline,https://robertdevore.com/introducing-bluesky-feed-for-wordpress/,content/posts/introducing-bluesky-feed-for-wordpress.md,article,Introducing Bluesky Feed for WordPress®,commercial investigation / product discovery,"developers, technical leaders, WordPress/WooCommerce users, and project evaluators",Introducing Bluesky Feed for WordPress®,introducing bluesky feed for wordpress®,What Is Bluesky Feed for WordPress®? | Features | Widgets & Shortcodes | Customizable Display Options | Live Admin Preview | Responsive Design | How to Get Started | Step 1: Install the Plugin,Introducing Bluesky Feed for WordPress®,H1: Introducing Bluesky Feed for WordPress® | H2: What Is Bluesky Feed for WordPress®? | H2: Features | H3: Widgets & Shortcodes | H3: Customizable Display Options | H3: Live Admin Preview | H3: Responsive Design | H2: How to Get Started | H3: Step 1: Install the Plugin | H3: Step 2: Configure Settings | H3: Step 3: Add the Feed to Your Site | H2: What’s Next? | H2: Related Reading,569,2024-12-02,,code/example; first-hand narrative; outbound sources,no verified modified date,,retain; monitor search and citation performance
baseline,https://robertdevore.com/introducing-brands-for-woocommerce-free/,content/posts/introducing-brands-for-woocommerce-free.md,article,Introducing Brands for WooCommerce® (free),commercial investigation / product discovery,"developers, technical leaders, WordPress/WooCommerce users, and project evaluators",Introducing Brands for WooCommerce® (free),introducing brands for woocommerce® (free),What’s Included in v1.0.0 🚀 | Full Brand Management | Three Powerful Shortcodes | Custom Widgets | Seamless WooCommerce® Integration | REST API Support | Developer-Friendly | Why Free?,Introducing Brands for WooCommerce® (free),H1: Introducing Brands for WooCommerce® (free) | H2: What’s Included in v1.0.0 🚀 | H3: Full Brand Management | H3: Three Powerful Shortcodes | H3: Custom Widgets | H3: Seamless WooCommerce® Integration | H3: REST API Support | H3: Developer-Friendly | H2: Why Free? | H2: How to Get Started 👀 | H3: Installation | H3: Usage | H2: Looking Ahead 👀 | H2: Related Reading,623,2024-11-15,,code/example; first-hand narrative; outbound sources,no verified modified date,,retain; monitor search and citation performance
baseline,https://robertdevore.com/introducing-broken-image-scanner/,content/posts/introducing-broken-image-scanner.md,article,Introducing Broken Image Scanner,commercial investigation / product discovery,"developers, technical leaders, WordPress/WooCommerce users, and project evaluators",Introducing Broken Image Scanner,introducing broken image scanner,What Does the Plugin Do? | Why Is This Useful? | How to Use the Plugin | What’s Under the Hood? | Who Should Use This Plugin? | Why I Built This Plugin | Related Reading,Introducing Broken Image Scanner,H1: Introducing Broken Image Scanner | H2: What Does the Plugin Do? | H2: Why Is This Useful? | H2: How to Use the Plugin | H2: What’s Under the Hood? | H2: Who Should Use This Plugin? | H2: Why I Built This Plugin | H2: Related Reading,766,2025-01-14,,code/example; first-hand narrative; outbound sources,no verified modified date,,retain; monitor search and citation performance
baseline,https://robertdevore.com/introducing-bulk-stock-management-for-woocommerce-free/,content/posts/introducing-bulk-stock-management-for-woocommerce-free.md,article,Introducing Bulk Stock Management for WooCommerce® (free),commercial investigation / product discovery,"developers, technical leaders, WordPress/WooCommerce users, and project evaluators",Introducing Bulk Stock Management for WooCommerce® (free),introducing bulk stock management for woocommerce® (free),Why I Built This Plugin | Key Features | ⚡ Bulk Stock Management | 📊 Stock Reporting | 🛠️ AJAX-Powered Interface | 🔍 Out-of-Stock Insights | 🎛️ Customizable Settings | How to Get Started,Introducing Bulk Stock Management for WooCommerce® (free),H1: Introducing Bulk Stock Management for WooCommerce® (free) | H2: Why I Built This Plugin | H2: Key Features | H3: ⚡ Bulk Stock Management | H3: 📊 Stock Reporting | H3: 🛠️ AJAX-Powered Interface | H3: 🔍 Out-of-Stock Insights | H3: 🎛️ Customizable Settings | H2: How to Get Started | H2: What’s Next? | H2: Special Thanks | H2: Join the Conversation | H2: Download Now | H2: Related Reading,552,2024-11-27,,first-hand narrative; outbound sources,no verified modified date,,retain; monitor search and citation performance
baseline,https://robertdevore.com/introducing-content-restriction-for-wordpress/,content/posts/introducing-content-restriction-for-wordpress.md,article,Introducing Content Restriction for WordPress®,commercial investigation / product discovery,"developers, technical leaders, WordPress/WooCommerce users, and project evaluators",Introducing Content Restriction for WordPress®,introducing content restriction for wordpress®,Key Features | How to Use Content Restriction for WordPress® | 1. Setting Up Global Restrictions | 2. Applying Individual Restrictions | Filters and Developer Customization | Installation and Getting Started | FAQs | Future plans,Introducing Content Restriction for WordPress®,H1: Introducing Content Restriction for WordPress® | H2: Key Features | H2: How to Use Content Restriction for WordPress® | H3: 1. Setting Up Global Restrictions | H3: 2. Applying Individual Restrictions | H2: Filters and Developer Customization | H2: Installation and Getting Started | H2: FAQs | H2: Future plans | H2: Related Reading,642,2024-11-11,,code/example; first-hand narrative; outbound sources,no verified modified date,,retain; monitor search and citation performance
baseline,https://robertdevore.com/introducing-delete-inactive-users/,content/posts/introducing-delete-inactive-users.md,article,Introducing Delete Inactive Users,commercial investigation / product discovery,"developers, technical leaders, WordPress/WooCommerce users, and project evaluators",Introducing Delete Inactive Users,introducing delete inactive users,Why I Built This Plugin | What Does Delete Inactive Users Do? | Key Features at a Glance | How It Works | Who Is This Plugin For? | Get Started Today | Feedback and Contributions | Related Reading,Introducing Delete Inactive Users,H1: Introducing Delete Inactive Users | H2: Why I Built This Plugin | H2: What Does Delete Inactive Users Do? | H2: Key Features at a Glance | H2: How It Works | H2: Who Is This Plugin For? | H2: Get Started Today | H2: Feedback and Contributions | H2: Related Reading,455,2024-12-29,,code/example; first-hand narrative; outbound sources,no verified modified date,,retain; monitor search and citation performance
baseline,https://robertdevore.com/introducing-digg-this-a-social-sharing-plugin-for-wordpress/,content/posts/introducing-digg-this-a-social-sharing-plugin-for-wordpress.md,article,Introducing Digg This: A social sharing plugin for WordPress®,commercial investigation / product discovery,"developers, technical leaders, WordPress/WooCommerce users, and project evaluators",Introducing Digg This: A social sharing plugin for WordPress®,introducing digg this: a social sharing plugin for wordpress®,What Makes Digg This Different? | Why I Built This | Features That Matter | Who Should Use It? | Get It Now | Related Reading,Introducing Digg This: A social sharing plugin for WordPress®,H1: Introducing Digg This: A social sharing plugin for WordPress® | H2: What Makes Digg This Different? | H2: Why I Built This | H2: Features That Matter | H2: Who Should Use It? | H2: Get It Now | H2: Related Reading,517,2025-02-07,,first-hand narrative; outbound sources,no verified modified date,,retain; monitor search and citation performance
baseline,https://robertdevore.com/introducing-dispensary-details-for-woocommerce/,content/posts/introducing-dispensary-details-for-woocommerce.md,article,Introducing Dispensary Details for WooCommerce®,commercial investigation / product discovery,"developers, technical leaders, WordPress/WooCommerce users, and project evaluators",Introducing Dispensary Details for WooCommerce®,introducing dispensary details for woocommerce®,Why Dispensary Details for WooCommerce® Matters | Product-Specific Enhancements | Custom WooCommerce Settings | Why Open Source Matters for the Cannabis Industry | Download It for Free | Related Reading,Introducing Dispensary Details for WooCommerce®,H1: Introducing Dispensary Details for WooCommerce® | H2: Why Dispensary Details for WooCommerce® Matters | H3: Product-Specific Enhancements | H3: Custom WooCommerce Settings | H2: Why Open Source Matters for the Cannabis Industry | H2: Download It for Free | H2: Related Reading,623,2025-02-26,,first-hand narrative; outbound sources,no verified modified date,,retain; monitor search and citation performance
baseline,https://robertdevore.com/introducing-gallery-modals-enhance-your-wordpress-galleries-with-stunning-popups/,content/posts/introducing-gallery-modals-enhance-your-wordpress-galleries-with-stunning-popups.md,article,Introducing Gallery Modals: Enhance Your WordPress® Galleries with Stunning Popups!,commercial investigation / product discovery,"developers, technical leaders, WordPress/WooCommerce users, and project evaluators",Introducing Gallery Modals: Enhance Your WordPress® Galleries with Stunning Popups!,introducing gallery modals: enhance your wordpress® galleries with stunning popups!,Elevate Your Gallery Experience | Key Features: | Why Gallery Modals? | Get Started Quickly | Customization at Your Fingertips | Looking Ahead | Related Reading,Introducing Gallery Modals: Enhance Your WordPress® Galleries with Stunning Popups!,H1: Introducing Gallery Modals: Enhance Your WordPress® Galleries with Stunning Popups! | H2: Elevate Your Gallery Experience | H3: Key Features: | H2: Why Gallery Modals? | H2: Get Started Quickly | H2: Customization at Your Fingertips | H2: Looking Ahead | H2: Related Reading,607,2024-10-28,,first-hand narrative; outbound sources,no verified modified date,,retain; monitor search and citation performance
baseline,https://robertdevore.com/introducing-gift-cards-for-woocommerce-free/,content/posts/introducing-gift-cards-for-woocommerce-free.md,article,Introducing Gift Cards for WooCommerce® (free),commercial investigation / product discovery,"developers, technical leaders, WordPress/WooCommerce users, and project evaluators",Introducing Gift Cards for WooCommerce® (free),introducing gift cards for woocommerce® (free),Key Features | 1. Admin Management Dashboard | 2. Bulk Import and Export | 3. Product Integration | 4. Customer Experience Enhancements | 5. Automated Email Notifications | Installation | 1. Download the Plugin,Introducing Gift Cards for WooCommerce® (free),H1: Introducing Gift Cards for WooCommerce® (free) | H2: Key Features | H3: 1. Admin Management Dashboard | H3: 2. Bulk Import and Export | H3: 3. Product Integration | H3: 4. Customer Experience Enhancements | H3: 5. Automated Email Notifications | H2: Installation | H3: 1. Download the Plugin | H3: 2. Upload and Activate | H3: 3. Initial Setup | H2: Getting Started | H3: Admin Dashboard | H3: Managing Gift Cards | H3: Importing and Exporting Gift Cards | H3: Integrating Gift Cards with Products | H3: Customer Experience | H2: Future Enhancements | H2: Support and Feedback | H2: Related Reading,1068,2024-11-06,,substantive depth; code/example; first-hand narrative; outbound sources,no verified modified date,,retain; monitor search and citation performance
baseline,https://robertdevore.com/introducing-hpos-compatibility-scanner-for-woocommerce-free/,content/posts/introducing-hpos-compatibility-scanner-for-woocommerce-free.md,article,Introducing HPOS Compatibility Scanner for WooCommerce® (free),commercial investigation / product discovery,"developers, technical leaders, WordPress/WooCommerce users, and project evaluators",Introducing HPOS Compatibility Scanner for WooCommerce® (free),introducing hpos compatibility scanner for woocommerce® (free),Why This Plugin? | What Does HPOS Compatibility Scanner Do? | Why Should WooCommerce® Have Built This? | How to Use HPOS Compatibility Scanner | What’s Next? | Get Involved | Related Reading,Introducing HPOS Compatibility Scanner for WooCommerce® (free),H1: Introducing HPOS Compatibility Scanner for WooCommerce® (free) | H2: Why This Plugin? | H2: What Does HPOS Compatibility Scanner Do? | H2: Why Should WooCommerce® Have Built This? | H2: How to Use HPOS Compatibility Scanner | H2: What’s Next? | H2: Get Involved | H2: Related Reading,516,2024-12-19,,code/example; first-hand narrative; outbound sources,no verified modified date,,retain; monitor search and citation performance
baseline,https://robertdevore.com/introducing-img-a11y/,content/posts/introducing-img-a11y.md,article,Introducing IMG A11Y,commercial investigation / product discovery,"developers, technical leaders, WordPress/WooCommerce users, and project evaluators",Introducing IMG A11Y,introducing img a11y,Key Features | Why I Built IMG A11Y | How to Get Started | What’s Next for IMG A11Y | Try IMG A11Y Today | Related Reading,Introducing IMG A11Y,H1: Introducing IMG A11Y | H2: Key Features | H2: Why I Built IMG A11Y | H2: How to Get Started | H2: What’s Next for IMG A11Y | H2: Try IMG A11Y Today | H2: Related Reading,495,2024-12-13,,first-hand narrative; outbound sources,no verified modified date,,retain; monitor search and citation performance
baseline,https://robertdevore.com/introducing-intellipress-the-smart-ai-assistant-for-wordpress/,content/posts/introducing-intellipress-the-smart-ai-assistant-for-wordpress.md,article,Introducing IntelliPress: The Smart Ai Assistant for WordPress,commercial investigation / product discovery,"developers, technical leaders, WordPress/WooCommerce users, and project evaluators",Introducing IntelliPress: The Smart Ai Assistant for WordPress,introducing intellipress: the smart ai assistant for wordpress,WordPress + AI = 😍 | The Idea: aka “I wonder if” … | The next two weeks were a blur | What’s under the hood? | Generate content seamlessly in Gutenberg | Optimize SEO with Yoast | Analyze Your Content and Generate Categories | Generate featured images instantly with Pexels integration,Introducing IntelliPress: The Smart Ai Assistant for WordPress,H1: Introducing IntelliPress: The Smart Ai Assistant for WordPress | H2: WordPress + AI = 😍 | H2: The Idea: aka “I wonder if” … | H2: The next two weeks were a blur | H2: What’s under the hood? | H3: Generate content seamlessly in Gutenberg | H3: Optimize SEO with Yoast | H2: Analyze Your Content and Generate Categories | H2: Generate featured images instantly with Pexels integration | H3: Summarize your content with the TLDR block | H2: Try out IntelliPress today | H2: Related Reading,949,2023-05-31,,substantive depth; first-hand narrative; outbound sources,no verified modified date,,retain; monitor search and citation performance
baseline,https://robertdevore.com/introducing-maintenance-mode-for-wordpress/,content/posts/introducing-maintenance-mode-for-wordpress.md,article,Introducing Maintenance Mode for WordPress®,commercial investigation / product discovery,"developers, technical leaders, WordPress/WooCommerce users, and project evaluators",Introducing Maintenance Mode for WordPress®,introducing maintenance mode for wordpress®,"Why Maintenance Mode for WordPress® Stands Out | 1. Native WordPress® Experience | 2. No Bloat, Just Focus | 3. Total Control | How It Works | Customization for Developers | Maintenance Mode Example | Why I Built This Plugin",Introducing Maintenance Mode for WordPress®,"H1: Introducing Maintenance Mode for WordPress® | H2: Why Maintenance Mode for WordPress® Stands Out | H3: 1. Native WordPress® Experience | H3: 2. No Bloat, Just Focus | H3: 3. Total Control | H2: How It Works | H2: Customization for Developers | H2: Maintenance Mode Example | H3: Why I Built This Plugin | H3: What’s Next? | H3: Final Thoughts | H2: Related Reading",807,2024-12-08,,code/example; first-hand narrative; outbound sources,no verified modified date,,retain; monitor search and citation performance
baseline,https://robertdevore.com/introducing-markdown-comments-for-wordpress/,content/posts/introducing-markdown-comments-for-wordpress.md,article,Introducing: Markdown Comments for WordPress®,commercial investigation / product discovery,"developers, technical leaders, WordPress/WooCommerce users, and project evaluators",Introducing: Markdown Comments for WordPress®,introducing: markdown comments for wordpress®,Meet the Plugin | Why I Built It | How to Install | What’s Next | Related Reading,Introducing: Markdown Comments for WordPress®,H1: Introducing: Markdown Comments for WordPress® | H2: Meet the Plugin | H2: Why I Built It | H2: How to Install | H2: What’s Next | H2: Related Reading,513,2025-06-05,,code/example; first-hand narrative; outbound sources,no verified modified date,,retain; monitor search and citation performance
baseline,https://robertdevore.com/introducing-markdown-exporter-for-wordpress/,content/posts/introducing-markdown-exporter-for-wordpress.md,article,Introducing Markdown Exporter for WordPress®,commercial investigation / product discovery,"developers, technical leaders, WordPress/WooCommerce users, and project evaluators",Introducing Markdown Exporter for WordPress®,introducing markdown exporter for wordpress®,Why _Another_ Plugin? | Introducing Markdown Exporter for WordPress® | Key Features: | Seamless Integration with Stattic | Why Use Markdown with Stattic? | Getting Started | Installation | Usage,Introducing Markdown Exporter for WordPress®,H1: Introducing Markdown Exporter for WordPress® | H2: Why _Another_ Plugin? | H2: Introducing Markdown Exporter for WordPress® | H3: Key Features: | H2: Seamless Integration with Stattic | H3: Why Use Markdown with Stattic? | H2: Getting Started | H3: Installation | H3: Usage | H2: Why This Plugin Matters to Me | H2: Join the Journey | H2: Thank You! | H2: Related Reading,935,2024-11-12,,substantive depth; code/example; first-hand narrative; outbound sources,no verified modified date,,retain; monitor search and citation performance
baseline,https://robertdevore.com/introducing-media-copyright-scanner/,content/posts/introducing-media-copyright-scanner.md,article,Introducing Media Copyright Scanner,commercial investigation / product discovery,"developers, technical leaders, WordPress/WooCommerce users, and project evaluators",Introducing Media Copyright Scanner,introducing media copyright scanner,Comprehensive Scanning | User-Friendly Interface | Actionable Results | Customizable and Extensible | Why This Plugin Matters | Mitigate Legal Risks | Support Ethical Practices | Save Time and Resources,Introducing Media Copyright Scanner,H1: Introducing Media Copyright Scanner | H2: Comprehensive Scanning | H2: User-Friendly Interface | H2: Actionable Results | H2: Customizable and Extensible | H2: Why This Plugin Matters | H3: Mitigate Legal Risks | H3: Support Ethical Practices | H3: Save Time and Resources | H2: Getting Started | H3: Installation | H3: Using the Plugin | H2: Extending Functionality | H3: Custom Patterns | H3: Adjusting Batch Size | H2: Looking Ahead | H2: Related Reading,584,2024-12-02,,code/example; first-hand narrative; outbound sources,no verified modified date,,retain; monitor search and citation performance
baseline,https://robertdevore.com/introducing-media-file-versioning-for-wordpress/,content/posts/introducing-media-file-versioning-for-wordpress.md,article,Introducing Media File Versioning for WordPress®,commercial investigation / product discovery,"developers, technical leaders, WordPress/WooCommerce users, and project evaluators",Introducing Media File Versioning for WordPress®,introducing media file versioning for wordpress®,What is Media File Versioning? | Why I Built This Plugin | Key Features | 1. Version Control for Media Files | 2. Admin-Friendly Meta Box | 3. Shortcode for Front-End Display | 4. Seamless Integration | How It Works,Introducing Media File Versioning for WordPress®,H1: Introducing Media File Versioning for WordPress® | H2: What is Media File Versioning? | H2: Why I Built This Plugin | H2: Key Features | H3: 1. Version Control for Media Files | H3: 2. Admin-Friendly Meta Box | H3: 3. Shortcode for Front-End Display | H3: 4. Seamless Integration | H2: How It Works | H3: Uploading a New Version | H3: Viewing Previous Versions | H3: Displaying Versions on the Front End | H2: Built with Developers in Mind | H2: What’s next? | H2: Try Media File Versioning Today | H2: Related Reading,665,2024-12-05,,code/example; first-hand narrative; outbound sources,no verified modified date,,retain; monitor search and citation performance
baseline,https://robertdevore.com/introducing-metadata-import-export-for-yoast-seo/,content/posts/introducing-metadata-import-export-for-yoast-seo.md,article,Introducing Metadata Import/Export for Yoast SEO,commercial investigation / product discovery,"developers, technical leaders, WordPress/WooCommerce users, and project evaluators",Introducing Metadata Import/Export for Yoast SEO,introducing metadata import/export for yoast seo,The Inspiration Behind the Plugin | Key Features | Seamless Import and Export of Metadata | Custom Post Type Support | User Role Access Control | Progress Indicators and Detailed Statistics | Why This Plugin Matters for SEOs | Efficiency and Time Savings,Introducing Metadata Import/Export for Yoast SEO,H1: Introducing Metadata Import/Export for Yoast SEO | H2: The Inspiration Behind the Plugin | H2: Key Features | H3: Seamless Import and Export of Metadata | H3: Custom Post Type Support | H3: User Role Access Control | H3: Progress Indicators and Detailed Statistics | H2: Why This Plugin Matters for SEOs | H3: Efficiency and Time Savings | H3: Accuracy and Consistency | H3: Flexibility in Team Collaboration | H2: Getting Started | H3: Installation | H3: Using the Plugin | H2: Looking Ahead | H2: Acknowledgments | H2: Related Reading,700,2024-12-03,,code/example; first-hand narrative; outbound sources,no verified modified date,,retain; monitor search and citation performance
baseline,https://robertdevore.com/introducing-module-usage-tracker-for-wp-bakery/,content/posts/introducing-module-usage-tracker-for-wp-bakery.md,article,Introducing the Module Usage Tracker for WP Bakery,commercial investigation / product discovery,"developers, technical leaders, WordPress/WooCommerce users, and project evaluators",Introducing the Module Usage Tracker for WP Bakery,introducing the module usage tracker for wp bakery,Why Use Module Usage Tracker for WP Bakery? | Key Features | How It Works | Who Will Benefit from This Plugin? | Get Started Today | Related Reading,Introducing the Module Usage Tracker for WP Bakery,H1: Introducing the Module Usage Tracker for WP Bakery | H2: Why Use Module Usage Tracker for WP Bakery? | H2: Key Features | H2: How It Works | H2: Who Will Benefit from This Plugin? | H2: Get Started Today | H2: Related Reading,573,2024-11-13,,first-hand narrative; outbound sources,no verified modified date,,retain; monitor search and citation performance
baseline,https://robertdevore.com/introducing-pattern-pal-ai-powered-patterns-for-wordpress/,content/posts/introducing-pattern-pal-ai-powered-patterns-for-wordpress.md,article,Introducing Pattern Pal: AI-Powered Patterns for WordPress®,commercial investigation / product discovery,"developers, technical leaders, WordPress/WooCommerce users, and project evaluators",Introducing Pattern Pal: AI-Powered Patterns for WordPress®,introducing pattern pal: ai-powered patterns for wordpress®,What is Pattern Pal? | Why Use Pattern Pal? | Features | How to Use Pattern Pal | Step 1: Install the Plugin | Step 2: Generate a Block Pattern | Step 3: Customize and Publish | Who Is This For?,Introducing Pattern Pal: AI-Powered Patterns for WordPress®,H1: Introducing Pattern Pal: AI-Powered Patterns for WordPress® | H2: What is Pattern Pal? | H3: Why Use Pattern Pal? | H2: Features | H2: How to Use Pattern Pal | H3: Step 1: Install the Plugin | H3: Step 2: Generate a Block Pattern | H3: Step 3: Customize and Publish | H2: Who Is This For? | H2: Looking Ahead | H2: Related Reading,523,2025-02-09,,code/example; first-hand narrative; outbound sources,no verified modified date,,retain; monitor search and citation performance
baseline,https://robertdevore.com/introducing-persistent-dismissible-notices/,content/posts/introducing-persistent-dismissible-notices.md,article,Introducing Persistent Dismissible Notices,commercial investigation / product discovery,"developers, technical leaders, WordPress/WooCommerce users, and project evaluators",Introducing Persistent Dismissible Notices,introducing persistent dismissible notices,Why Persistent Dismissible Notices Matters | Key Features | Dismissal Persistence | Compatibility | Scalability and Performance | How to Use the Plugin | Installation | How It Works,Introducing Persistent Dismissible Notices,H1: Introducing Persistent Dismissible Notices | H2: Why Persistent Dismissible Notices Matters | H2: Key Features | H3: Dismissal Persistence | H3: Compatibility | H3: Scalability and Performance | H2: How to Use the Plugin | H3: Installation | H2: How It Works | H3: JavaScript | H3: PHP | H2: Roadmap and Future Plans | H2: Related Reading,536,2024-12-07,,code/example; first-hand narrative; outbound sources,no verified modified date,,retain; monitor search and citation performance
baseline,https://robertdevore.com/introducing-projects-for-wordpress-a-better-way-to-showcase-your-work/,content/posts/introducing-projects-for-wordpress-a-better-way-to-showcase-your-work.md,article,Introducing Projects for WordPress®: A Better Way to Showcase Your Work,commercial investigation / product discovery,"developers, technical leaders, WordPress/WooCommerce users, and project evaluators",Introducing Projects for WordPress®: A Better Way to Showcase Your Work,introducing projects for wordpress®: a better way to showcase your work,What Is Projects for WordPress®? | What Developers Get Out of This | Independence | Download Tracking | GitHub-Powered Updates | Full Customization | REST API Ready | Why This Matters,Introducing Projects for WordPress®: A Better Way to Showcase Your Work,H1: Introducing Projects for WordPress®: A Better Way to Showcase Your Work | H2: What Is Projects for WordPress®? | H2: What Developers Get Out of This | H3: Independence | H3: Download Tracking | H3: GitHub-Powered Updates | H3: Full Customization | H3: REST API Ready | H2: Why This Matters | H2: Who Should Use This Plugin? | H2: How to Get Started | H2: Bonus: Releasing Your Plugin via GitHub | H2: Final Thoughts | H2: Related Reading,919,2025-04-04,,substantive depth; code/example; first-hand narrative; outbound sources,no verified modified date,,retain; monitor search and citation performance
baseline,https://robertdevore.com/introducing-purchase-orders-for-woocommerce-free/,content/posts/introducing-purchase-orders-for-woocommerce-free.md,article,Introducing Purchase Orders for WooCommerce® (free),commercial investigation / product discovery,"developers, technical leaders, WordPress/WooCommerce users, and project evaluators",Introducing Purchase Orders for WooCommerce® (free),introducing purchase orders for woocommerce® (free),Key Features | How to Get Starte d | Why Use This Instead of WooCommerce’s Version? | What’s Next? | Final Thoughts | Related Reading,Introducing Purchase Orders for WooCommerce® (free),H1: Introducing Purchase Orders for WooCommerce® (free) | H2: Key Features | H2: How to Get Starte d | H2: Why Use This Instead of WooCommerce’s Version? | H2: What’s Next? | H2: Final Thoughts | H2: Related Reading,588,2024-12-04,,first-hand narrative; outbound sources,no verified modified date,,retain; monitor search and citation performance
baseline,https://robertdevore.com/introducing-seo-for-wordpress/,content/posts/introducing-seo-for-wordpress.md,article,Introducing SEO for WordPress®,commercial investigation / product discovery,"developers, technical leaders, WordPress/WooCommerce users, and project evaluators",Introducing SEO for WordPress®,introducing seo for wordpress®,Why Another SEO Plugin? | What You Can Do with SEO for WordPress | General Settings | Advanced Settings | SEO Metabox | Archive Meta Fields | Getting Started | What’s Coming Next?,Introducing SEO for WordPress®,H1: Introducing SEO for WordPress® | H2: Why Another SEO Plugin? | H2: What You Can Do with SEO for WordPress | H3: General Settings | H3: Advanced Settings | H3: SEO Metabox | H3: Archive Meta Fields | H2: Getting Started | H2: What’s Coming Next? | H2: Built for the Community | H2: How to Get Involved | H2: Let’s Build Something Great | H2: Related Reading,867,2024-12-31,,code/example; first-hand narrative; outbound sources,no verified modified date,,retain; monitor search and citation performance
baseline,https://robertdevore.com/introducing-shipping-multiple-addresses-for-woocommerce-free/,content/posts/introducing-shipping-multiple-addresses-for-woocommerce-free.md,article,Introducing Shipping Multiple Addresses for WooCommerce® (free),commercial investigation / product discovery,"developers, technical leaders, WordPress/WooCommerce users, and project evaluators",Introducing Shipping Multiple Addresses for WooCommerce® (free),introducing shipping multiple addresses for woocommerce® (free),Why This Plugin Matters | Key Features | 1. Address Management | 2. Cart Duplication | 3. Custom Delivery Options | 4. Automatic Order Splitting | 5. Email Notifications | 6. Admin-Friendly Tools,Introducing Shipping Multiple Addresses for WooCommerce® (free),H1: Introducing Shipping Multiple Addresses for WooCommerce® (free) | H2: Why This Plugin Matters | H2: Key Features | H3: 1. Address Management | H3: 2. Cart Duplication | H3: 3. Custom Delivery Options | H3: 4. Automatic Order Splitting | H3: 5. Email Notifications | H3: 6. Admin-Friendly Tools | H2: How It Works | H3: For Customers | H3: For Store Owners | H2: Perfect for the Holiday Rush | H2: Get it on GitHub | H2: A Big Thanks to the Woo Community | H2: What’s Next? | H2: Related Reading,631,2024-12-18,,first-hand narrative; outbound sources,no verified modified date,,retain; monitor search and citation performance
baseline,https://robertdevore.com/introducing-site-vitals-for-wordpress/,content/posts/introducing-site-vitals-for-wordpress.md,article,Introducing Site Vitals for WordPress®,commercial investigation / product discovery,"developers, technical leaders, WordPress/WooCommerce users, and project evaluators",Introducing Site Vitals for WordPress®,introducing site vitals for wordpress®,Why I Created Site Vitals for WordPress® | Key Features | Comprehensive Checks | Asynchronous Loading and Caching | Actionable Recommendations | Filters for Developers | Getting Started | Future Plans,Introducing Site Vitals for WordPress®,H1: Introducing Site Vitals for WordPress® | H2: Why I Created Site Vitals for WordPress® | H2: Key Features | H3: Comprehensive Checks | H3: Asynchronous Loading and Caching | H3: Actionable Recommendations | H3: Filters for Developers | H2: Getting Started | H2: Future Plans | H2: Frequently Asked Questions | H2: Contributing and Feedback | H2: THANK YOU | H2: Related Reading,964,2024-12-10,,substantive depth; code/example; first-hand narrative; outbound sources,no verified modified date,,retain; monitor search and citation performance
baseline,https://robertdevore.com/introducing-slop-stopper-a-free-content-checker-for-wordpress/,content/posts/introducing-slop-stopper-a-free-content-checker-for-wordpress.md,article,Introducing Slop Stopper: A free content checker for WordPress®,commercial investigation / product discovery,"developers, technical leaders, WordPress/WooCommerce users, and project evaluators",Introducing Slop Stopper: A free content checker for WordPress®,introducing slop stopper: a free content checker for wordpress®,The AI Content Apocalypse is Here | Meet Slop Stopper: The AI Slop Bouncer for Your Blog | Why You Need This Plugin Yesterday | Download Slop Stopper Now | Related Reading,Introducing Slop Stopper: A free content checker for WordPress®,H1: Introducing Slop Stopper: A free content checker for WordPress® | H2: The AI Content Apocalypse is Here | H2: Meet Slop Stopper: The AI Slop Bouncer for Your Blog | H2: Why You Need This Plugin Yesterday | H2: Download Slop Stopper Now | H2: Related Reading,530,2025-03-16,,first-hand narrative; outbound sources,no verified modified date,,retain; monitor search and citation performance
baseline,https://robertdevore.com/introducing-stats-for-wordpress/,content/posts/introducing-stats-for-wordpress.md,article,Introducing Stats for WordPress®,commercial investigation / product discovery,"developers, technical leaders, WordPress/WooCommerce users, and project evaluators",Introducing Stats for WordPress®,introducing stats for wordpress®,Why I Built Stats for WordPress® | What Stats for WordPress® Can Do | How to Get Started | Looking Ahead: Future Plans for Stats for WordPress® | Why Choose Stats for WordPress®? | Get Involved | Related Reading,Introducing Stats for WordPress®,H1: Introducing Stats for WordPress® | H2: Why I Built Stats for WordPress® | H2: What Stats for WordPress® Can Do | H2: How to Get Started | H2: Looking Ahead: Future Plans for Stats for WordPress® | H2: Why Choose Stats for WordPress®? | H2: Get Involved | H2: Related Reading,769,2024-12-01,,first-hand narrative; outbound sources,no verified modified date,,retain; monitor search and citation performance
baseline,https://robertdevore.com/introducing-table-block-enhancer-for-wordpress/,content/posts/introducing-table-block-enhancer-for-wordpress.md,article,Introducing Table Block Enhancer for WordPress®,informational / problem-solving,"developers, technical leaders, WordPress/WooCommerce users, and project evaluators",Introducing Table Block Enhancer for WordPress®,introducing table block enhancer for wordpress®,Why I Built Table Block Enhancer | Key Features | 🔍 Searching | 🔃 Sorting | 📄 Paging | 🎛️ Per-Block Settings | How to Use Table Block Enhancer | 1. Installation,Introducing Table Block Enhancer for WordPress®,H1: Introducing Table Block Enhancer for WordPress® | H2: Why I Built Table Block Enhancer | H2: Key Features | H3: 🔍 Searching | H3: 🔃 Sorting | H3: 📄 Paging | H3: 🎛️ Per-Block Settings | H2: How to Use Table Block Enhancer | H3: 1. Installation | H3: 2. Adding a Table | H3: 3. Configuring Table Enhancer Settings | H3: 4. Publishing and Viewing Your Enhanced Table | H2: Related Reading,596,2024-12-04,,first-hand narrative; outbound sources,no verified modified date,,retain; monitor search and citation performance
baseline,https://robertdevore.com/introducing-test-orders-for-woocommerce/,content/posts/introducing-test-orders-for-woocommerce.md,article,Introducing Test Orders for WooCommerce®,commercial investigation / product discovery,"developers, technical leaders, WordPress/WooCommerce users, and project evaluators",Introducing Test Orders for WooCommerce®,introducing test orders for woocommerce®,Key Features | Why Use Test Orders for WooCommerce®? | How to Use | Behind the Scenes | Who Is This For? | Get Started Today | Feedback and Support | Related Reading,Introducing Test Orders for WooCommerce®,H1: Introducing Test Orders for WooCommerce® | H2: Key Features | H2: Why Use Test Orders for WooCommerce®? | H2: How to Use | H2: Behind the Scenes | H2: Who Is This For? | H2: Get Started Today | H2: Feedback and Support | H2: Related Reading,535,2024-12-06,,code/example; first-hand narrative; outbound sources,no verified modified date,,retain; monitor search and citation performance
baseline,https://robertdevore.com/introducing-the-phlush-permalinks-wordpress-plugin/,content/posts/introducing-the-phlush-permalinks-wordpress-plugin.md,article,Introducing the Phlush Permalinks WordPress Plugin,commercial investigation / product discovery,"developers, technical leaders, WordPress/WooCommerce users, and project evaluators",Introducing the Phlush Permalinks WordPress Plugin,introducing the phlush permalinks wordpress plugin,Why Permalinks Matter: | Key Features of Phlush Permalinks: | How It Works | Getting Started | Looking to extend the plugin and add your own actions? | Example 1: Adding Custom Actions | Example 2: Removing Actions | Related Reading,Introducing the Phlush Permalinks WordPress Plugin,H1: Introducing the Phlush Permalinks WordPress Plugin | H2: Why Permalinks Matter: | H2: Key Features of Phlush Permalinks: | H2: How It Works | H2: Getting Started | H2: Looking to extend the plugin and add your own actions? | H3: Example 1: Adding Custom Actions | H3: Example 2: Removing Actions | H2: Related Reading,658,2024-09-05,,code/example; first-hand narrative; outbound sources,no verified modified date,,retain; monitor search and citation performance
baseline,https://robertdevore.com/introducing-the-prompts-library-a-playground-for-ai-creativity/,content/posts/introducing-the-prompts-library-a-playground-for-ai-creativity.md,article,Introducing the Prompts Library – A Playground for AI Creativity,commercial investigation / product discovery,"developers, technical leaders, WordPress/WooCommerce users, and project evaluators",Introducing the Prompts Library – A Playground for AI Creativity,introducing the prompts library – a playground for ai creativity,What’s Inside (So Far) | Who’s It For? | Got an Idea? I’m Taking Requests. | Related Reading,Introducing the Prompts Library – A Playground for AI Creativity,H1: Introducing the Prompts Library – A Playground for AI Creativity | H2: What’s Inside (So Far) | H2: Who’s It For? | H2: Got an Idea? I’m Taking Requests. | H2: Related Reading,380,2025-05-20,,outbound sources,no verified modified date,,retain; monitor search and citation performance
baseline,https://robertdevore.com/introducing-the-user-login-status-plugin-for-wordpress/,content/posts/introducing-the-user-login-status-plugin-for-wordpress.md,article,Introducing the User Login Status Plugin for WordPress,commercial investigation / product discovery,"developers, technical leaders, WordPress/WooCommerce users, and project evaluators",Introducing the User Login Status Plugin for WordPress,introducing the user login status plugin for wordpress,Key Features | 1. Monitor User Status Directly in the Admin Panel | 2. Bulk Logout Functionality | 3. Real-Time AJAX Polling | 4. Optimized for Admins | Installation and Usage | 1. Download and Install the Plugin | 2. How to Monitor User Status,Introducing the User Login Status Plugin for WordPress,H1: Introducing the User Login Status Plugin for WordPress | H2: Key Features | H3: 1. Monitor User Status Directly in the Admin Panel | H3: 2. Bulk Logout Functionality | H3: 3. Real-Time AJAX Polling | H3: 4. Optimized for Admins | H2: Installation and Usage | H3: 1. Download and Install the Plugin | H3: 2. How to Monitor User Status | H3: 3. How to Bulk Log Out Users | H2: Technical Details | H3: 1. Session Tokens | H3: 2. AJAX Polling for Real-Time Status | H3: 3. Bulk Action Handling | H3: 4. Security Considerations | H2: Roadmap for Future Releases | H3: Download the User Login Status plugin | H2: Related Reading,724,2024-09-29,,code/example; first-hand narrative; outbound sources,no verified modified date,,retain; monitor search and citation performance
baseline,https://robertdevore.com/introducing-vertical-gallery-product-display-for-woocommerce/,content/posts/introducing-vertical-gallery-product-display-for-woocommerce.md,article,Introducing Vertical Gallery Product Display for WooCommerce®,commercial investigation / product discovery,"developers, technical leaders, WordPress/WooCommerce users, and project evaluators",Introducing Vertical Gallery Product Display for WooCommerce®,introducing vertical gallery product display for woocommerce®,Why Build This Plugin? | How to Use Vertical Gallery Product Display | Behind the Scenes: Building a Plugin Like This | Why Free Matters | Get it on GitHub | Related Reading,Introducing Vertical Gallery Product Display for WooCommerce®,H1: Introducing Vertical Gallery Product Display for WooCommerce® | H2: Why Build This Plugin? | H2: How to Use Vertical Gallery Product Display | H2: Behind the Scenes: Building a Plugin Like This | H2: Why Free Matters | H2: Get it on GitHub | H2: Related Reading,600,2024-12-12,,first-hand narrative; outbound sources,no verified modified date,,retain; monitor search and citation performance
baseline,https://robertdevore.com/introducing-widget-usage-tracker-for-elementor/,content/posts/introducing-widget-usage-tracker-for-elementor.md,article,Introducing Widget Usage Tracker for Elementor,commercial investigation / product discovery,"developers, technical leaders, WordPress/WooCommerce users, and project evaluators",Introducing Widget Usage Tracker for Elementor,introducing widget usage tracker for elementor,What is Widget Usage Tracker for Elementor? | Key Features | 1. Comprehensive Tracking | 2. Detailed Insights | 3. User-Friendly Interface | 4. Automatic Updates | 5. Localization Ready | 6. Optimized Performance,Introducing Widget Usage Tracker for Elementor,H1: Introducing Widget Usage Tracker for Elementor | H2: What is Widget Usage Tracker for Elementor? | H2: Key Features | H3: 1. Comprehensive Tracking | H3: 2. Detailed Insights | H3: 3. User-Friendly Interface | H3: 4. Automatic Updates | H3: 5. Localization Ready | H3: 6. Optimized Performance | H2: Installation Guide | H3: Step-by-Step Installation | H2: How to Use Widget Usage Tracker | H3: Accessing the Tracker | H3: Viewing Widget Usage | H3: Viewing Detailed Widget Usage | H2: Uninstallation Process | H2: Future Enhancements | H2: THANK YOU! | H2: Related Reading,832,2024-11-09,,code/example; first-hand narrative; outbound sources,no verified modified date,,retain; monitor search and citation performance
baseline,https://robertdevore.com/invest-in-yourself/,content/posts/invest-in-yourself.md,article,Invest in Yourself,informational,"developers, technical leaders, WordPress/WooCommerce users, and project evaluators",Invest in Yourself,invest in yourself,Cash Investments | Business necessities | Business extras | Sweat Equity | Hard work pays off | Focus on the plan | One last piece of advice | Related Reading,Invest in Yourself,H1: Invest in Yourself | H2: Cash Investments | H3: Business necessities | H3: Business extras | H2: Sweat Equity | H3: Hard work pays off | H3: Focus on the plan | H3: One last piece of advice | H2: Related Reading,1097,2016-06-21,,substantive depth; first-hand narrative; outbound sources,no verified modified date,,retain; monitor search and citation performance
baseline,https://robertdevore.com/kevin-michael-geary-a-hidden-history-of-hate-racism-and-bigotry/,content/posts/kevin-michael-geary-a-hidden-history-of-hate-racism-and-bigotry.md,article,"Kevin Michael Geary: A Hidden History of Hate, Racism, and Bigotry",informational,"developers, technical leaders, WordPress/WooCommerce users, and project evaluators","Kevin Michael Geary: A Hidden History of Hate, Racism, and Bigotry","kevin michael geary: a hidden history of hate, racism, and bigotry",Introduction: Who is Kevin Michael Geary? | Part 1: Kevin Geary’s Early Digital Footprint | Hispanic Hate Speech by Kevin Geary | Kevin Michael Geary Mocking People with Disabilities | Racist Commentary and Stereotyping by Kevin Geary | Misogynistic Attacks by Kevin Geary | Attacking Children and Families | Kevin Geary on Race and Music,"Kevin Michael Geary: A Hidden History of Hate, Racism, and Bigotry","H1: Kevin Michael Geary: A Hidden History of Hate, Racism, and Bigotry | H2: Introduction: Who is Kevin Michael Geary? | H2: Part 1: Kevin Geary’s Early Digital Footprint | H3: Hispanic Hate Speech by Kevin Geary | H3: Kevin Michael Geary Mocking People with Disabilities | H3: Racist Commentary and Stereotyping by Kevin Geary | H3: Misogynistic Attacks by Kevin Geary | H3: Attacking Children and Families | H3: Kevin Geary on Race and Music | H3: Advocating Violence Against Women | H3: Pedophilia “Jokes” by Kevin Geary | H2: Part 2: Kevin Michael Geary’s Long Pattern of Industry-Hopping and Reputation Management | H3: Early Career: “The Money Hawk” and “Six Figure Grind” | H3: Health and Fitness Pivot: “Rebooted Body” | H3: The Web Development Pivot: “Digital Ambition” | H3: Modern Day: History Repeats | H3: This is Not Ancient History | H2: Part 3: Kevin Geary’s History is Not an Accident | H2: Related Reading",1403,2025-04-28,,substantive depth; first-hand narrative; outbound sources,no verified modified date,,retain; monitor search and citation performance
baseline,https://robertdevore.com/leafly-reviews-wordpress-plugin/,content/posts/leafly-reviews-wordpress-plugin.md,article,Leafly Reviews,informational,"developers, technical leaders, WordPress/WooCommerce users, and project evaluators",Leafly Reviews,leafly reviews,Leafly Reviews WordPress plugin | Download | Adding your APP ID and KEY | Widget Options | Shortcode Options | Credits & Thank-you's | Download | The road ahead,Leafly Reviews,H1: Leafly Reviews | H2: Leafly Reviews WordPress plugin | H3: Download | H3: Adding your APP ID and KEY | H3: Widget Options | H3: Shortcode Options | H2: Credits & Thank-you's | H2: Download | H2: The road ahead | H2: Related Reading,953,2015-10-15,,substantive depth; code/example; first-hand narrative; outbound sources,no verified modified date,,retain; monitor search and citation performance
baseline,https://robertdevore.com/leap-the-code-of-extreme-leadership/,content/posts/leap-the-code-of-extreme-leadership.md,article,LEAP: The Code of Extreme Leadership,informational,"developers, technical leaders, WordPress/WooCommerce users, and project evaluators",LEAP: The Code of Extreme Leadership,leap: the code of extreme leadership,What is LEAP? | Liberate | Execute | Agitate | Persist | Take the LEAP with me | Related Reading,LEAP: The Code of Extreme Leadership,H1: LEAP: The Code of Extreme Leadership | H2: What is LEAP? | H2: Liberate | H2: Execute | H2: Agitate | H2: Persist | H2: Take the LEAP with me | H2: Related Reading,1445,2025-04-14,,substantive depth; first-hand narrative; outbound sources,no verified modified date,,retain; monitor search and citation performance
baseline,https://robertdevore.com/making-up-for-lost-time/,content/posts/making-up-for-lost-time.md,article,Making up for lost time,informational,"developers, technical leaders, WordPress/WooCommerce users, and project evaluators",Making up for lost time,making up for lost time,Learning to let go | Forgiving your past | Moving forward | The road ahead | Related Reading,Making up for lost time,H1: Making up for lost time | H2: Learning to let go | H2: Forgiving your past | H2: Moving forward | H2: The road ahead | H2: Related Reading,1246,2016-03-09,,substantive depth; first-hand narrative; outbound sources,no verified modified date,,retain; monitor search and citation performance
baseline,https://robertdevore.com/mnml-free-minimalist-wordpress-theme/,content/posts/mnml-free-minimalist-wordpress-theme.md,article,MNML,informational,"developers, technical leaders, WordPress/WooCommerce users, and project evaluators",MNML,mnml,Demo & Download | Under the hood | Credits & Thank-you's | The road ahead | Related Reading,MNML,H1: MNML | H2: Demo & Download | H2: Under the hood | H2: Credits & Thank-you's | H2: The road ahead | H2: Related Reading,627,2015-09-02,,first-hand narrative; outbound sources,no verified modified date,,retain; monitor search and citation performance
baseline,https://robertdevore.com/my-brothers-keeper-sons-of-anarchy-fanfiction/,content/posts/my-brothers-keeper-sons-of-anarchy-fanfiction.md,article,My Brothers Keeper,informational,"developers, technical leaders, WordPress/WooCommerce users, and project evaluators",My Brothers Keeper,my brothers keeper,Why Sons of Anarchy? | Chapters for Authors | My Brothers Keeper | What's next? | Related Reading,My Brothers Keeper,H1: My Brothers Keeper | H2: Why Sons of Anarchy? | H2: Chapters for Authors | H2: My Brothers Keeper | H3: What's next? | H2: Related Reading,475,2017-05-31,,first-hand narrative; outbound sources,no verified modified date,,retain; monitor search and citation performance
baseline,https://robertdevore.com/my-development-projects/,content/posts/my-development-projects.md,article,Recent project updates,informational,"developers, technical leaders, WordPress/WooCommerce users, and project evaluators",Recent project updates,recent project updates,WP Dispensary | Clean Blog | miniQuiz | Slackedd | Leafly Reviews | What development projects are next? | Keep in touch | Related Reading,Recent project updates,H1: Recent project updates | H2: WP Dispensary | H2: Clean Blog | H2: miniQuiz | H2: Slackedd | H2: Leafly Reviews | H2: What development projects are next? | H2: Keep in touch | H2: Related Reading,846,2016-03-16,,first-hand narrative; outbound sources,no verified modified date,,retain; monitor search and citation performance
baseline,https://robertdevore.com/open-source-is-anarchism-in-action/,content/posts/open-source-is-anarchism-in-action.md,article,Open Source is Anarchism in Action,informational,"developers, technical leaders, WordPress/WooCommerce users, and project evaluators",Open Source is Anarchism in Action,open source is anarchism in action,And it’s working. | Shared Foundations | 1. Voluntary Cooperation | 2. Decentralized Power | 3. Transparent Accountability | 4. Ownership Without Control | Open Source Was Always Political | Why the Open Source Model Embodies Anarchist Practice,Open Source is Anarchism in Action,H1: Open Source is Anarchism in Action | H2: And it’s working. | H2: Shared Foundations | H3: 1. Voluntary Cooperation | H3: 2. Decentralized Power | H3: 3. Transparent Accountability | H3: 4. Ownership Without Control | H2: Open Source Was Always Political | H2: Why the Open Source Model Embodies Anarchist Practice | H2: Related Reading,557,2025-04-23,,first-hand narrative; outbound sources,no verified modified date,,retain; monitor search and citation performance
baseline,https://robertdevore.com/organized-chaos/,content/posts/organized-chaos.md,article,Organized Chaos,informational,"developers, technical leaders, WordPress/WooCommerce users, and project evaluators",Organized Chaos,organized chaos,Related Reading,Organized Chaos,H1: Organized Chaos | H2: Related Reading,669,2016-12-20,,outbound sources,no verified modified date,,retain; monitor search and citation performance
baseline,https://robertdevore.com/page/10/,generated listing/archive,pagination,"Systems, tools, and writing for work that has to hold up.",navigational / topic discovery,"developers, technical leaders, WordPress/WooCommerce users, and project evaluators","Systems, tools, and writing for work that has to hold up.","systems, tools, and writing for work that has to hold up.","Language, runtime, and local software workflows | Tools with a visible operating record. | Strata | Snips | RepoRadar | How I build. | Make state visible | Keep work inspectable","Systems, tools, and writing for work that has to hold up.","H1: Systems, tools, and writing for work that has to hold up. | H2: Language, runtime, and local software workflows | H2: Tools with a visible operating record. | H3: Strata | H3: Snips | H3: RepoRadar | H2: How I build. | H3: Make state visible | H3: Keep work inspectable | H3: Records and receipts | H3: Pressure-test the ecosystem | H2: Writing | H2: Forever Forward | H2: Zero Cool CLI – A Hacker’s Terminal from 1995 | H2: Stattic v1.0: The World’s Fastest Python-based Static Site Generator | H2: I care about work that remains useful after the room changes.",435,,,first-hand narrative; outbound sources,,,retain; monitor search and citation performance
baseline,https://robertdevore.com/page/11/,generated listing/archive,pagination,"Systems, tools, and writing for work that has to hold up.",navigational / topic discovery,"developers, technical leaders, WordPress/WooCommerce users, and project evaluators","Systems, tools, and writing for work that has to hold up.","systems, tools, and writing for work that has to hold up.","Language, runtime, and local software workflows | Tools with a visible operating record. | Strata | Snips | RepoRadar | How I build. | Make state visible | Keep work inspectable","Systems, tools, and writing for work that has to hold up.","H1: Systems, tools, and writing for work that has to hold up. | H2: Language, runtime, and local software workflows | H2: Tools with a visible operating record. | H3: Strata | H3: Snips | H3: RepoRadar | H2: How I build. | H3: Make state visible | H3: Keep work inspectable | H3: Records and receipts | H3: Pressure-test the ecosystem | H2: Writing | H2: Forever Forward | H2: Zero Cool CLI – A Hacker’s Terminal from 1995 | H2: Stattic v1.0: The World’s Fastest Python-based Static Site Generator | H2: I care about work that remains useful after the room changes.",435,,,first-hand narrative; outbound sources,,,retain; monitor search and citation performance
baseline,https://robertdevore.com/page/12/,generated listing/archive,pagination,"Systems, tools, and writing for work that has to hold up.",navigational / topic discovery,"developers, technical leaders, WordPress/WooCommerce users, and project evaluators","Systems, tools, and writing for work that has to hold up.","systems, tools, and writing for work that has to hold up.","Language, runtime, and local software workflows | Tools with a visible operating record. | Strata | Snips | RepoRadar | How I build. | Make state visible | Keep work inspectable","Systems, tools, and writing for work that has to hold up.","H1: Systems, tools, and writing for work that has to hold up. | H2: Language, runtime, and local software workflows | H2: Tools with a visible operating record. | H3: Strata | H3: Snips | H3: RepoRadar | H2: How I build. | H3: Make state visible | H3: Keep work inspectable | H3: Records and receipts | H3: Pressure-test the ecosystem | H2: Writing | H2: Forever Forward | H2: Zero Cool CLI – A Hacker’s Terminal from 1995 | H2: Stattic v1.0: The World’s Fastest Python-based Static Site Generator | H2: I care about work that remains useful after the room changes.",435,,,first-hand narrative; outbound sources,,,retain; monitor search and citation performance
baseline,https://robertdevore.com/page/2/,generated listing/archive,pagination,"Systems, tools, and writing for work that has to hold up.",navigational / topic discovery,"developers, technical leaders, WordPress/WooCommerce users, and project evaluators","Systems, tools, and writing for work that has to hold up.","systems, tools, and writing for work that has to hold up.","Language, runtime, and local software workflows | Tools with a visible operating record. | Strata | Snips | RepoRadar | How I build. | Make state visible | Keep work inspectable","Systems, tools, and writing for work that has to hold up.","H1: Systems, tools, and writing for work that has to hold up. | H2: Language, runtime, and local software workflows | H2: Tools with a visible operating record. | H3: Strata | H3: Snips | H3: RepoRadar | H2: How I build. | H3: Make state visible | H3: Keep work inspectable | H3: Records and receipts | H3: Pressure-test the ecosystem | H2: Writing | H2: Forever Forward | H2: Zero Cool CLI – A Hacker’s Terminal from 1995 | H2: Stattic v1.0: The World’s Fastest Python-based Static Site Generator | H2: I care about work that remains useful after the room changes.",435,,,first-hand narrative; outbound sources,,,retain; monitor search and citation performance
baseline,https://robertdevore.com/page/3/,generated listing/archive,pagination,"Systems, tools, and writing for work that has to hold up.",navigational / topic discovery,"developers, technical leaders, WordPress/WooCommerce users, and project evaluators","Systems, tools, and writing for work that has to hold up.","systems, tools, and writing for work that has to hold up.","Language, runtime, and local software workflows | Tools with a visible operating record. | Strata | Snips | RepoRadar | How I build. | Make state visible | Keep work inspectable","Systems, tools, and writing for work that has to hold up.","H1: Systems, tools, and writing for work that has to hold up. | H2: Language, runtime, and local software workflows | H2: Tools with a visible operating record. | H3: Strata | H3: Snips | H3: RepoRadar | H2: How I build. | H3: Make state visible | H3: Keep work inspectable | H3: Records and receipts | H3: Pressure-test the ecosystem | H2: Writing | H2: Forever Forward | H2: Zero Cool CLI – A Hacker’s Terminal from 1995 | H2: Stattic v1.0: The World’s Fastest Python-based Static Site Generator | H2: I care about work that remains useful after the room changes.",435,,,first-hand narrative; outbound sources,,,retain; monitor search and citation performance
baseline,https://robertdevore.com/page/4/,generated listing/archive,pagination,"Systems, tools, and writing for work that has to hold up.",navigational / topic discovery,"developers, technical leaders, WordPress/WooCommerce users, and project evaluators","Systems, tools, and writing for work that has to hold up.","systems, tools, and writing for work that has to hold up.","Language, runtime, and local software workflows | Tools with a visible operating record. | Strata | Snips | RepoRadar | How I build. | Make state visible | Keep work inspectable","Systems, tools, and writing for work that has to hold up.","H1: Systems, tools, and writing for work that has to hold up. | H2: Language, runtime, and local software workflows | H2: Tools with a visible operating record. | H3: Strata | H3: Snips | H3: RepoRadar | H2: How I build. | H3: Make state visible | H3: Keep work inspectable | H3: Records and receipts | H3: Pressure-test the ecosystem | H2: Writing | H2: Forever Forward | H2: Zero Cool CLI – A Hacker’s Terminal from 1995 | H2: Stattic v1.0: The World’s Fastest Python-based Static Site Generator | H2: I care about work that remains useful after the room changes.",435,,,first-hand narrative; outbound sources,,,retain; monitor search and citation performance
baseline,https://robertdevore.com/page/5/,generated listing/archive,pagination,"Systems, tools, and writing for work that has to hold up.",navigational / topic discovery,"developers, technical leaders, WordPress/WooCommerce users, and project evaluators","Systems, tools, and writing for work that has to hold up.","systems, tools, and writing for work that has to hold up.","Language, runtime, and local software workflows | Tools with a visible operating record. | Strata | Snips | RepoRadar | How I build. | Make state visible | Keep work inspectable","Systems, tools, and writing for work that has to hold up.","H1: Systems, tools, and writing for work that has to hold up. | H2: Language, runtime, and local software workflows | H2: Tools with a visible operating record. | H3: Strata | H3: Snips | H3: RepoRadar | H2: How I build. | H3: Make state visible | H3: Keep work inspectable | H3: Records and receipts | H3: Pressure-test the ecosystem | H2: Writing | H2: Forever Forward | H2: Zero Cool CLI – A Hacker’s Terminal from 1995 | H2: Stattic v1.0: The World’s Fastest Python-based Static Site Generator | H2: I care about work that remains useful after the room changes.",435,,,first-hand narrative; outbound sources,,,retain; monitor search and citation performance
baseline,https://robertdevore.com/page/6/,generated listing/archive,pagination,"Systems, tools, and writing for work that has to hold up.",navigational / topic discovery,"developers, technical leaders, WordPress/WooCommerce users, and project evaluators","Systems, tools, and writing for work that has to hold up.","systems, tools, and writing for work that has to hold up.","Language, runtime, and local software workflows | Tools with a visible operating record. | Strata | Snips | RepoRadar | How I build. | Make state visible | Keep work inspectable","Systems, tools, and writing for work that has to hold up.","H1: Systems, tools, and writing for work that has to hold up. | H2: Language, runtime, and local software workflows | H2: Tools with a visible operating record. | H3: Strata | H3: Snips | H3: RepoRadar | H2: How I build. | H3: Make state visible | H3: Keep work inspectable | H3: Records and receipts | H3: Pressure-test the ecosystem | H2: Writing | H2: Forever Forward | H2: Zero Cool CLI – A Hacker’s Terminal from 1995 | H2: Stattic v1.0: The World’s Fastest Python-based Static Site Generator | H2: I care about work that remains useful after the room changes.",435,,,first-hand narrative; outbound sources,,,retain; monitor search and citation performance
baseline,https://robertdevore.com/page/7/,generated listing/archive,pagination,"Systems, tools, and writing for work that has to hold up.",navigational / topic discovery,"developers, technical leaders, WordPress/WooCommerce users, and project evaluators","Systems, tools, and writing for work that has to hold up.","systems, tools, and writing for work that has to hold up.","Language, runtime, and local software workflows | Tools with a visible operating record. | Strata | Snips | RepoRadar | How I build. | Make state visible | Keep work inspectable","Systems, tools, and writing for work that has to hold up.","H1: Systems, tools, and writing for work that has to hold up. | H2: Language, runtime, and local software workflows | H2: Tools with a visible operating record. | H3: Strata | H3: Snips | H3: RepoRadar | H2: How I build. | H3: Make state visible | H3: Keep work inspectable | H3: Records and receipts | H3: Pressure-test the ecosystem | H2: Writing | H2: Forever Forward | H2: Zero Cool CLI – A Hacker’s Terminal from 1995 | H2: Stattic v1.0: The World’s Fastest Python-based Static Site Generator | H2: I care about work that remains useful after the room changes.",435,,,first-hand narrative; outbound sources,,,retain; monitor search and citation performance
baseline,https://robertdevore.com/page/8/,generated listing/archive,pagination,"Systems, tools, and writing for work that has to hold up.",navigational / topic discovery,"developers, technical leaders, WordPress/WooCommerce users, and project evaluators","Systems, tools, and writing for work that has to hold up.","systems, tools, and writing for work that has to hold up.","Language, runtime, and local software workflows | Tools with a visible operating record. | Strata | Snips | RepoRadar | How I build. | Make state visible | Keep work inspectable","Systems, tools, and writing for work that has to hold up.","H1: Systems, tools, and writing for work that has to hold up. | H2: Language, runtime, and local software workflows | H2: Tools with a visible operating record. | H3: Strata | H3: Snips | H3: RepoRadar | H2: How I build. | H3: Make state visible | H3: Keep work inspectable | H3: Records and receipts | H3: Pressure-test the ecosystem | H2: Writing | H2: Forever Forward | H2: Zero Cool CLI – A Hacker’s Terminal from 1995 | H2: Stattic v1.0: The World’s Fastest Python-based Static Site Generator | H2: I care about work that remains useful after the room changes.",435,,,first-hand narrative; outbound sources,,,retain; monitor search and citation performance
baseline,https://robertdevore.com/page/9/,generated listing/archive,pagination,"Systems, tools, and writing for work that has to hold up.",navigational / topic discovery,"developers, technical leaders, WordPress/WooCommerce users, and project evaluators","Systems, tools, and writing for work that has to hold up.","systems, tools, and writing for work that has to hold up.","Language, runtime, and local software workflows | Tools with a visible operating record. | Strata | Snips | RepoRadar | How I build. | Make state visible | Keep work inspectable","Systems, tools, and writing for work that has to hold up.","H1: Systems, tools, and writing for work that has to hold up. | H2: Language, runtime, and local software workflows | H2: Tools with a visible operating record. | H3: Strata | H3: Snips | H3: RepoRadar | H2: How I build. | H3: Make state visible | H3: Keep work inspectable | H3: Records and receipts | H3: Pressure-test the ecosystem | H2: Writing | H2: Forever Forward | H2: Zero Cool CLI – A Hacker’s Terminal from 1995 | H2: Stattic v1.0: The World’s Fastest Python-based Static Site Generator | H2: I care about work that remains useful after the room changes.",435,,,first-hand narrative; outbound sources,,,retain; monitor search and citation performance
baseline,https://robertdevore.com/patience/,content/posts/patience.md,article,Patience,informational,"developers, technical leaders, WordPress/WooCommerce users, and project evaluators",Patience,patience,Expecting the unexpected | Finding success in patience | Related Reading,Patience,H1: Patience | H2: Expecting the unexpected | H2: Finding success in patience | H2: Related Reading,709,2016-01-21,,first-hand narrative; outbound sources,no verified modified date,,retain; monitor search and citation performance
baseline,https://robertdevore.com/peddle-free-wordpress-theme-for-easy-digital-downloads/,content/posts/peddle-free-wordpress-theme-for-easy-digital-downloads.md,article,Peddle,informational,"developers, technical leaders, WordPress/WooCommerce users, and project evaluators",Peddle,peddle,Demo & Download | Under the hood | Credits & Thank-you's | The road ahead | Related Reading,Peddle,H1: Peddle | H2: Demo & Download | H2: Under the hood | H2: Credits & Thank-you's | H2: The road ahead | H2: Related Reading,981,2015-09-10,,substantive depth; first-hand narrative; outbound sources,no verified modified date,,retain; monitor search and citation performance
baseline,https://robertdevore.com/plan-prompt-publish-a-practical-guide-to-creating-beautifully-useful-content-with-ai/,content/posts/plan-prompt-publish-a-practical-guide-to-creating-beautifully-useful-content-with-ai.md,article,Plan. Prompt. Publish. A Practical Guide to Creating Beautifully Useful Content with AI,informational / problem-solving,"developers, technical leaders, WordPress/WooCommerce users, and project evaluators",Plan. Prompt. Publish. A Practical Guide to Creating Beautifully Useful Content with AI,plan. prompt. publish. a practical guide to creating beautifully useful content with ai,Why This Guide Exists | What You’ll Learn (And When) | PLAN (Days 1-3) | PROMPT (Days 4-6) | PUBLISH (Days 7-9) | Who This Guide Is For | What You’ll Walk Away With | Want the Bundle? 🤔,Plan. Prompt. Publish. A Practical Guide to Creating Beautifully Useful Content with AI,H1: Plan. Prompt. Publish. A Practical Guide to Creating Beautifully Useful Content with AI | H2: Why This Guide Exists | H2: What You’ll Learn (And When) | H3: PLAN (Days 1-3) | H3: PROMPT (Days 4-6) | H3: PUBLISH (Days 7-9) | H2: Who This Guide Is For | H2: What You’ll Walk Away With | H2: Want the Bundle? 🤔 | H2: What’s Next | H2: Related Reading,688,2025-05-18,,first-hand narrative; outbound sources,no verified modified date,,retain; monitor search and citation performance
baseline,https://robertdevore.com/projects/,templates/page-projects.html,project-index,Projects,navigational / commercial investigation,"developers, technical leaders, WordPress/WooCommerce users, and project evaluators",Projects,projects,Kujo | Active Systems | Strata | Snips | RepoRadar | More Built Tools,Projects,H1: Projects | H2: Kujo | H2: Active Systems | H3: Strata | H3: Snips | H3: RepoRadar | H2: More Built Tools,190,,,outbound sources,no visible breadcrumb,,retain; monitor search and citation performance
baseline,https://robertdevore.com/projects/agents-sdk/,content/projects/agents-sdk.md,project,Kujo Agents SDK,commercial investigation / adoption,"developers, technical leaders, WordPress/WooCommerce users, and project evaluators",Kujo Agents SDK,kujo agents sdk,Why Agents SDK exists | What it provides | Run the offline proof | Current boundary,Kujo Agents SDK,H1: Kujo Agents SDK | H2: Why Agents SDK exists | H2: What it provides | H2: Run the offline proof | H2: Current boundary,197,2026-07-10,,outbound sources,thin for a substantive destination; no verified modified date,,editorial review: clarify purpose and add only evidence-backed useful detail
baseline,https://robertdevore.com/projects/dispatch/,content/projects/dispatch.md,project,Dispatch,commercial investigation / adoption,"developers, technical leaders, WordPress/WooCommerce users, and project evaluators",Dispatch,dispatch,Why Dispatch exists | What it provides | Run a fixture workflow | Current boundary,Dispatch,H1: Dispatch | H2: Why Dispatch exists | H2: What it provides | H2: Run a fixture workflow | H2: Current boundary,191,2026-07-10,,outbound sources,thin for a substantive destination; no verified modified date,,editorial review: clarify purpose and add only evidence-backed useful detail
baseline,https://robertdevore.com/projects/kujo/,content/projects/kujo.md,project,Kujo,commercial investigation / adoption,"developers, technical leaders, WordPress/WooCommerce users, and project evaluators",Kujo,kujo,Why Kujo exists | What it provides | Start from source | Current boundary,Kujo,H1: Kujo | H2: Why Kujo exists | H2: What it provides | H2: Start from source | H2: Current boundary,224,2026-07-10,,outbound sources,thin for a substantive destination; no verified modified date,,editorial review: clarify purpose and add only evidence-backed useful detail
baseline,https://robertdevore.com/projects/lens/,content/projects/lens.md,project,Lens,commercial investigation / adoption,"developers, technical leaders, WordPress/WooCommerce users, and project evaluators",Lens,lens,Why Lens exists | What it provides | Check a local page | Current boundary,Lens,H1: Lens | H2: Why Lens exists | H2: What it provides | H2: Check a local page | H2: Current boundary,177,2026-07-10,,outbound sources,thin for a substantive destination; no verified modified date,,editorial review: clarify purpose and add only evidence-backed useful detail
baseline,https://robertdevore.com/projects/sitekit/,content/projects/sitekit.md,project,SiteKit,commercial investigation / adoption,"developers, technical leaders, WordPress/WooCommerce users, and project evaluators",SiteKit,sitekit,Why SiteKit exists | What it provides | Verify the source model | Current boundary,SiteKit,H1: SiteKit | H2: Why SiteKit exists | H2: What it provides | H2: Verify the source model | H2: Current boundary,206,2026-07-10,,outbound sources,thin for a substantive destination; no verified modified date,,editorial review: clarify purpose and add only evidence-backed useful detail
baseline,https://robertdevore.com/projects/ssg/,content/projects/ssg.md,project,Kujo SSG,commercial investigation / adoption,"developers, technical leaders, WordPress/WooCommerce users, and project evaluators",Kujo SSG,kujo ssg,Why Kujo SSG exists | What it provides | Build a site | Current boundary,Kujo SSG,H1: Kujo SSG | H2: Why Kujo SSG exists | H2: What it provides | H2: Build a site | H2: Current boundary,195,2026-07-10,,code/example; outbound sources,thin for a substantive destination; no verified modified date,,editorial review: clarify purpose and add only evidence-backed useful detail
baseline,https://robertdevore.com/release-notes-back-in-stock-notifications-for-woocommerce-free-v1-0-1/,content/posts/release-notes-back-in-stock-notifications-for-woocommerce-free-v1-0-1.md,article,Release Notes: Back In Stock Notifications for WooCommerce® (free) v1.0.1,commercial investigation / product discovery,"developers, technical leaders, WordPress/WooCommerce users, and project evaluators",Release Notes: Back In Stock Notifications for WooCommerce® (free) v1.0.1,release notes: back in stock notifications for woocommerce® (free) v1.0.1,Key Updates in v1.0.1 | 1. Optimized Notification Handling in bisn_notify_waitlist_on_restock | 2. Improved CSV Export with Batching in bisn_export_csv | How These Updates Benefit You | Upgrade Instructions | Related Reading,Release Notes: Back In Stock Notifications for WooCommerce® (free) v1.0.1,H1: Release Notes: Back In Stock Notifications for WooCommerce® (free) v1.0.1 | H2: Key Updates in v1.0.1 | H3: 1. Optimized Notification Handling in bisn_notify_waitlist_on_restock | H3: 2. Improved CSV Export with Batching in bisn_export_csv | H2: How These Updates Benefit You | H2: Upgrade Instructions | H2: Related Reading,455,2024-11-05,,code/example; first-hand narrative; outbound sources,no verified modified date,,retain; monitor search and citation performance
baseline,https://robertdevore.com/relentless/,content/posts/relentless.md,article,Relentless,informational,"developers, technical leaders, WordPress/WooCommerce users, and project evaluators",Relentless,relentless,Daily work | Weekly goals | Monthly maintenance | Physical Fitness | Key takeaway | Related Reading,Relentless,H1: Relentless | H2: Daily work | H2: Weekly goals | H2: Monthly maintenance | H2: Physical Fitness | H2: Key takeaway | H2: Related Reading,1010,2016-11-03,,substantive depth; first-hand narrative; outbound sources,no verified modified date,,retain; monitor search and citation performance
baseline,https://robertdevore.com/rethinking-keyword-research-in-the-age-of-ai/,content/posts/rethinking-keyword-research-in-the-age-of-ai.md,article,Rethinking Keyword Research in the Age of AI,informational,"developers, technical leaders, WordPress/WooCommerce users, and project evaluators",Rethinking Keyword Research in the Age of AI,rethinking keyword research in the age of ai,"Keywords Aren’t Strategy – They’re Clues | The Short Report? All Surface, No Soul | The Long Report? Messy, but Valuable | Real Strategy Is Messy (and That’s Okay) | Insight > Keywords Every Time | Strategy Isn’t Optional – It’s The Only Game | If You’re Just Chasing Keywords, You’re Already Behind | Related Reading",Rethinking Keyword Research in the Age of AI,"H1: Rethinking Keyword Research in the Age of AI | H2: Keywords Aren’t Strategy – They’re Clues | H2: The Short Report? All Surface, No Soul | H2: The Long Report? Messy, but Valuable | H2: Real Strategy Is Messy (and That’s Okay) | H2: Insight > Keywords Every Time | H2: Strategy Isn’t Optional – It’s The Only Game | H2: If You’re Just Chasing Keywords, You’re Already Behind | H2: Related Reading",797,2025-04-03,,first-hand narrative; outbound sources,no verified modified date,,retain; monitor search and citation performance
baseline,https://robertdevore.com/reusable-flask-error-handling-a-step-by-step-guide-to-modular-http-error-responses/,content/posts/reusable-flask-error-handling-a-step-by-step-guide-to-modular-http-error-responses.md,article,Reusable Flask Error Handling: A Step-by-Step Guide to Modular HTTP Error Responses,informational / problem-solving,"developers, technical leaders, WordPress/WooCommerce users, and project evaluators",Reusable Flask Error Handling: A Step-by-Step Guide to Modular HTTP Error Responses,reusable flask error handling: a step-by-step guide to modular http error responses,Step 1: Set Up the errors.py Module | Code for errors.py | Step 2: Integrate the errors.py Module | Code for app.py | Step 3: Create Error Templates | HTML Template for 404.html | Other Templates | Step 4: Testing the Error Handlers,Reusable Flask Error Handling: A Step-by-Step Guide to Modular HTTP Error Responses,H1: Reusable Flask Error Handling: A Step-by-Step Guide to Modular HTTP Error Responses | H2: Step 1: Set Up the errors.py Module | H3: Code for errors.py | H2: Step 2: Integrate the errors.py Module | H3: Code for app.py | H2: Step 3: Create Error Templates | H3: HTML Template for 404.html | H3: Other Templates | H2: Step 4: Testing the Error Handlers | H2: Step 5: Advanced Enhancements | H2: Wrapping up | H2: Related Reading,810,2025-01-02,,code/example; first-hand narrative; outbound sources,no verified modified date,,retain; monitor search and citation performance
baseline,https://robertdevore.com/run-a-tor-relay/,content/posts/run-a-tor-relay.md,article,Run a Tor relay,informational,"developers, technical leaders, WordPress/WooCommerce users, and project evaluators",Run a Tor relay,run a tor relay,What is a Tor relay? | Getting started with Digital Ocean | Creating your Droplet | Setting up your Tor relay | My thoughts on the process | Thank You's | Related Reading,Run a Tor relay,H1: Run a Tor relay | H2: What is a Tor relay? | H2: Getting started with Digital Ocean | H3: Creating your Droplet | H2: Setting up your Tor relay | H2: My thoughts on the process | H3: Thank You's | H2: Related Reading,1205,2015-08-15,,substantive depth; code/example; first-hand narrative; outbound sources,no verified modified date,,retain; monitor search and citation performance
baseline,https://robertdevore.com/say-goodbye-to-wordpress/,content/posts/say-goodbye-to-wordpress.md,article,Say Goodbye to WordPress,informational,"developers, technical leaders, WordPress/WooCommerce users, and project evaluators",Say Goodbye to WordPress,say goodbye to wordpress,🧠 Who Should Migrate? | ⚙️ WordPress vs. Stattic: A Breakdown | 🧭 Why I’m Doing This (and Why Now) | ⚠️ Why You Can’t Afford to Wait | ✅ What You Get | 🎯 Ready to Move? | Control is the Real Luxury | Related Reading,Say Goodbye to WordPress,H1: Say Goodbye to WordPress | H2: 🧠 Who Should Migrate? | H2: ⚙️ WordPress vs. Stattic: A Breakdown | H2: 🧭 Why I’m Doing This (and Why Now) | H2: ⚠️ Why You Can’t Afford to Wait | H2: ✅ What You Get | H2: 🎯 Ready to Move? | H2: Control is the Real Luxury | H2: Related Reading,884,2025-05-12,,first-hand narrative; outbound sources,no verified modified date,,retain; monitor search and citation performance
baseline,https://robertdevore.com/set-featured-images-programatically-wordpress/,content/posts/set-featured-images-programatically-wordpress.md,article,Set Featured Images Programmatically in WordPress,informational,"developers, technical leaders, WordPress/WooCommerce users, and project evaluators",Set Featured Images Programmatically in WordPress,set featured images programmatically in wordpress,Why set featured images programmatically? | The Code | Download the plugin from Github | Related Reading,Set Featured Images Programmatically in WordPress,H1: Set Featured Images Programmatically in WordPress | H2: Why set featured images programmatically? | H2: The Code | H2: Download the plugin from Github | H2: Related Reading,434,2018-04-03,,code/example; first-hand narrative; outbound sources,no verified modified date,,retain; monitor search and citation performance
baseline,https://robertdevore.com/slackedd/,content/posts/slackedd.md,article,Slackedd,informational,"developers, technical leaders, WordPress/WooCommerce users, and project evaluators",Slackedd,slackedd,Slackedd WordPress plugin | Automatic Updates from Github | Installation | Screenshots | Thank you's | Download | Contribute | Related Reading,Slackedd,H1: Slackedd | H2: Slackedd WordPress plugin | H2: Automatic Updates from Github | H2: Installation | H2: Screenshots | H2: Thank you's | H2: Download | H2: Contribute | H2: Related Reading,601,2016-02-01,,code/example; first-hand narrative; outbound sources,no verified modified date,,retain; monitor search and citation performance
baseline,https://robertdevore.com/stattic-v0-3-0-release-llms-txt-faster-gifs-leaner-core-and-smarter-routing/,content/posts/stattic-v0-3-0-release-llms-txt-faster-gifs-leaner-core-and-smarter-routing.md,article,Just Released: Stattic v.0.3.0,informational,"developers, technical leaders, WordPress/WooCommerce users, and project evaluators",Just Released: Stattic v.0.3.0,just released: stattic v.0.3.0,📦 llms.txt Generator | 🧹 9 Methods Deleted | ⚡ GIF Optimization (Without the Lag) | 📑 Sort by Front Matter order | 🏠 Smarter Index + Blog Routing | 🔗 Misc Fixes & Cleanup | v0.3.0 TL;DR | Related Reading,Just Released: Stattic v.0.3.0,H1: Just Released: Stattic v.0.3.0 | H2: 📦 llms.txt Generator | H2: 🧹 9 Methods Deleted | H2: ⚡ GIF Optimization (Without the Lag) | H2: 📑 Sort by Front Matter order | H2: 🏠 Smarter Index + Blog Routing | H2: 🔗 Misc Fixes & Cleanup | H2: v0.3.0 TL;DR | H2: Related Reading,417,2025-05-19,,code/example; first-hand narrative; outbound sources,no verified modified date,,retain; monitor search and citation performance
baseline,https://robertdevore.com/stattic-v1-0-the-worlds-fastest-python-based-static-site-generator/,content/posts/stattic-v1-0-the-worlds-fastest-python-based-static-site-generator.md,article,Stattic v1.0: The World’s Fastest Python-based Static Site Generator,commercial investigation / product discovery,"developers, technical leaders, WordPress/WooCommerce users, and project evaluators",Stattic v1.0: The World’s Fastest Python-based Static Site Generator,stattic v1.0: the world’s fastest python-based static site generator,What’s New in Stattic v1.0.0 | 🔧 Core Overhaul | 🔐 Security Upgrades | ⚡ Speed & Performance | 🎨 UX & Templates | ⚙️ Config & CLI | 🧹 Code Cleanup | Breaking Changes (Read This),Stattic v1.0: The World’s Fastest Python-based Static Site Generator,H1: Stattic v1.0: The World’s Fastest Python-based Static Site Generator | H2: What’s New in Stattic v1.0.0 | H3: 🔧 Core Overhaul | H3: 🔐 Security Upgrades | H3: ⚡ Speed & Performance | H3: 🎨 UX & Templates | H3: ⚙️ Config & CLI | H3: 🧹 Code Cleanup | H2: Breaking Changes (Read This) | H2: So what’s next? 🤔 | H2: Related Reading,635,2025-06-20,,code/example; first-hand narrative; outbound sources,no verified modified date,,retain; monitor search and citation performance
baseline,https://robertdevore.com/stop-gambling-with-client-trust-why-skipping-a-security-audit-is-a-risk-you-cant-afford/,content/posts/stop-gambling-with-client-trust-why-skipping-a-security-audit-is-a-risk-you-cant-afford.md,article,Stop Gambling With Client Trust: Why Skipping a Security Audit Is a Risk You Can’t Afford,informational,"developers, technical leaders, WordPress/WooCommerce users, and project evaluators",Stop Gambling With Client Trust: Why Skipping a Security Audit Is a Risk You Can’t Afford,stop gambling with client trust: why skipping a security audit is a risk you can’t afford,"Your Clients Will Blame YOU for Security Failures | A Single Breach Can Kill Your Reputation | You’re Holding Sensitive Client Data (Whether You Realize It or Not) | Your Third-Party Tools Could Be the Weak Link | If Your Agency Gets Hacked, It’s Game Over | A Security Audit Costs Less Than Cleaning Up a Breach | Clients Pay More for Agencies That Actually Give a Shit About Security | A Security Audit Gives You a Clear, Actionable Plan",Stop Gambling With Client Trust: Why Skipping a Security Audit Is a Risk You Can’t Afford,"H1: Stop Gambling With Client Trust: Why Skipping a Security Audit Is a Risk You Can’t Afford | H2: Your Clients Will Blame YOU for Security Failures | H2: A Single Breach Can Kill Your Reputation | H2: You’re Holding Sensitive Client Data (Whether You Realize It or Not) | H2: Your Third-Party Tools Could Be the Weak Link | H2: If Your Agency Gets Hacked, It’s Game Over | H2: A Security Audit Costs Less Than Cleaning Up a Breach | H2: Clients Pay More for Agencies That Actually Give a Shit About Security | H2: A Security Audit Gives You a Clear, Actionable Plan | H2: Don’t Wait Until It’s Too Late – Get a Security Audit Now | H2: Related Reading",918,2025-02-14,,substantive depth; first-hand narrative; outbound sources,no verified modified date,,retain; monitor search and citation performance
baseline,https://robertdevore.com/tag/,generated listing/archive,tag-archive,Tags,navigational / topic discovery,"developers, technical leaders, WordPress/WooCommerce users, and project evaluators",Tags,tags,Engineering | WordPress | WooCommerce | AI | Archive | Essays,Tags,H1: Tags | H2: Engineering | H2: WordPress | H2: WooCommerce | H2: AI | H2: Archive | H2: Essays,159,,,first-hand narrative; outbound sources,no visible breadcrumb,,retain; monitor search and citation performance
baseline,https://robertdevore.com/tag/ai/,content/tag/ai.md,tag-archive,AI,navigational / topic discovery,"developers, technical leaders, WordPress/WooCommerce users, and project evaluators",AI,ai,Articles,AI,H1: AI | H2: Articles,142,2025-05-27,,outbound sources,no visible breadcrumb,,retain; monitor search and citation performance
baseline,https://robertdevore.com/tag/archive/,content/tag/archive.md,tag-archive,Archive,navigational / topic discovery,"developers, technical leaders, WordPress/WooCommerce users, and project evaluators",Archive,archive,Articles,Archive,H1: Archive | H2: Articles,16,2016-12-20,,outbound sources,no visible breadcrumb,,retain; monitor search and citation performance
baseline,https://robertdevore.com/tag/engineering/,content/tag/engineering.md,tag-archive,Engineering,navigational / topic discovery,"developers, technical leaders, WordPress/WooCommerce users, and project evaluators",Engineering,engineering,Articles,Engineering,H1: Engineering | H2: Articles,86,2025-07-03,,first-hand narrative; outbound sources,no visible breadcrumb,,retain; monitor search and citation performance
baseline,https://robertdevore.com/tag/essays/,content/tag/essays.md,tag-archive,Essays,navigational / topic discovery,"developers, technical leaders, WordPress/WooCommerce users, and project evaluators",Essays,essays,Articles,Essays,H1: Essays | H2: Articles,8,2016-06-21,,outbound sources,no visible breadcrumb,,retain; monitor search and citation performance
baseline,https://robertdevore.com/tag/woocommerce/,content/tag/woocommerce.md,tag-archive,WooCommerce,navigational / topic discovery,"developers, technical leaders, WordPress/WooCommerce users, and project evaluators",WooCommerce,woocommerce,Articles,WooCommerce,H1: WooCommerce | H2: Articles,240,2025-06-18,,outbound sources,no visible breadcrumb,,retain; monitor search and citation performance
baseline,https://robertdevore.com/tag/wordpress/,content/tag/wordpress.md,tag-archive,WordPress,navigational / topic discovery,"developers, technical leaders, WordPress/WooCommerce users, and project evaluators",WordPress,wordpress,Articles,WordPress,H1: WordPress | H2: Articles,811,2025-06-20,,first-hand narrative; outbound sources,no visible breadcrumb,,retain; monitor search and citation performance
baseline,https://robertdevore.com/thank-you-wordpress/,content/posts/thank-you-wordpress.md,article,Thank You WordPress,informational,"developers, technical leaders, WordPress/WooCommerce users, and project evaluators",Thank You WordPress,thank you wordpress,WordPress saved my life | Thank you WordPress | Related Reading,Thank You WordPress,H1: Thank You WordPress | H2: WordPress saved my life | H2: Thank you WordPress | H2: Related Reading,514,2018-05-27,,first-hand narrative; outbound sources,no verified modified date,,retain; monitor search and citation performance
baseline,https://robertdevore.com/the-fastest-way-for-php-devs-to-learn-python/,content/posts/the-fastest-way-for-php-devs-to-learn-python.md,article,The Fastest Way for PHP Devs to Learn Python,informational,"developers, technical leaders, WordPress/WooCommerce users, and project evaluators",The Fastest Way for PHP Devs to Learn Python,the fastest way for php devs to learn python,1. Variables Are Loosely Typed and Dynamically Assigned | 2. Functions Work the Same | 3. Associative Arrays = Dictionaries | 4. Control Structures Feel Familiar | 5. Loops Are Straightforward | 6. String Concatenation Works as Expected | 7. Truthy Logic Is Nearly Identical | 8. You Can Organize Code Into Reusable Modules,The Fastest Way for PHP Devs to Learn Python,H1: The Fastest Way for PHP Devs to Learn Python | H2: 1. Variables Are Loosely Typed and Dynamically Assigned | H2: 2. Functions Work the Same | H2: 3. Associative Arrays = Dictionaries | H2: 4. Control Structures Feel Familiar | H2: 5. Loops Are Straightforward | H2: 6. String Concatenation Works as Expected | H2: 7. Truthy Logic Is Nearly Identical | H2: 8. You Can Organize Code Into Reusable Modules | H2: 9. Object-Oriented Programming Is Available (and Optional) | H2: 10. Ternary Syntax Exists and Is Readable | H2: Bonus: Jinja2 Templates Look a Lot Like PHP | H2: Continuing your Python journey | H2: Related Reading,732,2025-06-18,,code/example; first-hand narrative; outbound sources,no verified modified date,,retain; monitor search and citation performance
baseline,https://robertdevore.com/the-past-present-and-future-of-wp-dispensary/,content/posts/the-past-present-and-future-of-wp-dispensary.md,article,"The past, present and future of WP Dispensary",informational,"developers, technical leaders, WordPress/WooCommerce users, and project evaluators","The past, present and future of WP Dispensary","the past, present and future of wp dispensary",What’s been happening? | What’s coming next? | Related Reading,"The past, present and future of WP Dispensary","H1: The past, present and future of WP Dispensary | H2: What’s been happening? | H2: What’s coming next? | H2: Related Reading",606,2022-08-14,,first-hand narrative; outbound sources,no verified modified date,,retain; monitor search and citation performance
baseline,https://robertdevore.com/tools-and-workflows-for-formatting-visuals-and-citations/,content/posts/tools-and-workflows-for-formatting-visuals-and-citations.md,article,"Tools and Workflows for Formatting, Visuals, and Citations",informational,"developers, technical leaders, WordPress/WooCommerce users, and project evaluators","Tools and Workflows for Formatting, Visuals, and Citations","tools and workflows for formatting, visuals, and citations",Why This Final Layer Matters | Formatting That Doesn’t Feel Like Homework | 1. Use a Visual Hierarchy | 2. Add Section Breaks | Visuals That Actually Add Value | 1. Illustrate the Idea | 2. Caption with Purpose | 3. Compress Like a Pro,"Tools and Workflows for Formatting, Visuals, and Citations","H1: Tools and Workflows for Formatting, Visuals, and Citations | H2: Why This Final Layer Matters | H2: Formatting That Doesn’t Feel Like Homework | H3: 1. Use a Visual Hierarchy | H3: 2. Add Section Breaks | H2: Visuals That Actually Add Value | H3: 1. Illustrate the Idea | H3: 2. Caption with Purpose | H3: 3. Compress Like a Pro | H2: Citations That Build Trust (Without Killing Flow) | H3: 1. Link Inline – Not as Footnotes | H3: 2. Build a Mini Source Snippet | H3: 3. Let AI Hunt Sources (Then Verify) | H3: Your Toolbox for the Final Polish | H3: Bonus Workflow: The Final Polish Pass | H2: Mic-Drop Takeaway | H2: Related Reading",932,2025-05-26,,substantive depth; code/example; first-hand narrative; outbound sources,no verified modified date,,retain; monitor search and citation performance
baseline,https://robertdevore.com/twitter-marketing/,content/posts/twitter-marketing.md,article,Twitter Marketing,informational,"developers, technical leaders, WordPress/WooCommerce users, and project evaluators",Twitter Marketing,twitter marketing,"Twitter Advanced Search Tips | Using Twitter lists to funnel the noise | Utilize your bio, avatar, banner and pinned tweets effectively | Better Twitter Marketing | Related Reading",Twitter Marketing,"H1: Twitter Marketing | H2: Twitter Advanced Search Tips | H2: Using Twitter lists to funnel the noise | H2: Utilize your bio, avatar, banner and pinned tweets effectively | H2: Better Twitter Marketing | H2: Related Reading",1340,2016-08-23,,substantive depth; first-hand narrative; outbound sources,no verified modified date,,retain; monitor search and citation performance
baseline,https://robertdevore.com/two-years-building-wp-dispensary/,content/posts/two-years-building-wp-dispensary.md,article,WP Dispensary: 2 years after the launch,informational,"developers, technical leaders, WordPress/WooCommerce users, and project evaluators",WP Dispensary: 2 years after the launch,wp dispensary: 2 years after the launch,How it all started | What happened next | The first year | The second year | What's next? | Related Reading,WP Dispensary: 2 years after the launch,H1: WP Dispensary: 2 years after the launch | H2: How it all started | H2: What happened next | H2: The first year | H2: The second year | H2: What's next? | H2: Related Reading,1667,2017-12-11,,substantive depth; first-hand narrative; outbound sources,no verified modified date,,retain; monitor search and citation performance
baseline,https://robertdevore.com/use-ai-to-create-your-own-wwf-action-figure-blister-packs/,content/posts/use-ai-to-create-your-own-wwf-action-figure-blister-packs.md,article,Use AI to create your own WWF Action Figure Blister Packs,informational / problem-solving,"developers, technical leaders, WordPress/WooCommerce users, and project evaluators",Use AI to create your own WWF Action Figure Blister Packs,use ai to create your own wwf action figure blister packs,Why a JSON prompt? | Why WWF Action Figures? | Related Reading,Use AI to create your own WWF Action Figure Blister Packs,H1: Use AI to create your own WWF Action Figure Blister Packs | H2: Why a JSON prompt? | H2: Why WWF Action Figures? | H2: Related Reading,507,2025-05-13,,first-hand narrative; outbound sources,no verified modified date,,retain; monitor search and citation performance
baseline,https://robertdevore.com/what-makes-content-beautifully-useful/,content/posts/what-makes-content-beautifully-useful.md,article,What Makes Content Beautifully Useful?,informational,"developers, technical leaders, WordPress/WooCommerce users, and project evaluators",What Makes Content Beautifully Useful?,what makes content beautifully useful?,"What “Beautifully Useful” Actually Means | Two Versions, Same Topic – Only One Wins | The “Beautifully Useful” Filter | Toolbox for Making Content Hit Harder | Mic-Drop Takeaway | 🧠 Bonus Prompt: The “Before You Hit Publish” Test | Related Reading",What Makes Content Beautifully Useful?,"H1: What Makes Content Beautifully Useful? | H2: What “Beautifully Useful” Actually Means | H2: Two Versions, Same Topic – Only One Wins | H2: The “Beautifully Useful” Filter | H2: Toolbox for Making Content Hit Harder | H2: Mic-Drop Takeaway | H3: 🧠 Bonus Prompt: The “Before You Hit Publish” Test | H2: Related Reading",1058,2025-05-19,,substantive depth; code/example; outbound sources,no verified modified date,,retain; monitor search and citation performance
baseline,https://robertdevore.com/why-wordpress-plugin-developers-need-security-audits/,content/posts/why-wordpress-plugin-developers-need-security-audits.md,article,Why WordPress Plugin Developers Need Security Audits,commercial investigation / product discovery,"developers, technical leaders, WordPress/WooCommerce users, and project evaluators",Why WordPress Plugin Developers Need Security Audits,why wordpress plugin developers need security audits,"If Your Plugin Gets Hacked, Thousands of Sites Are Fucked | Hackers Actively Target WordPress® Plugins | You Are NOT a Security Expert (And That’s Okay, But Get an Audit Anyway) | A Security Audit Costs Less Than Cleaning Up a Breach | Users Trust Secure Plugins (And They Pay for Them Too) | A Security Audit Finds the Shit That Will Bite You Later | Get a Security Audit Before You Become the Next Horror Story | Related Reading",Why WordPress Plugin Developers Need Security Audits,"H1: Why WordPress Plugin Developers Need Security Audits | H2: If Your Plugin Gets Hacked, Thousands of Sites Are Fucked | H2: Hackers Actively Target WordPress® Plugins | H2: You Are NOT a Security Expert (And That’s Okay, But Get an Audit Anyway) | H2: A Security Audit Costs Less Than Cleaning Up a Breach | H2: Users Trust Secure Plugins (And They Pay for Them Too) | H2: A Security Audit Finds the Shit That Will Bite You Later | H2: Get a Security Audit Before You Become the Next Horror Story | H2: Related Reading",874,2025-02-07,,first-hand narrative; outbound sources,no verified modified date,,retain; monitor search and citation performance
baseline,https://robertdevore.com/woocommerce-dispensary-details-plugin/,content/posts/woocommerce-dispensary-details-plugin.md,article,Dispensary Details for WooCommerce,informational,"developers, technical leaders, WordPress/WooCommerce users, and project evaluators",Dispensary Details for WooCommerce,dispensary details for woocommerce,So what does it do? | Keep. It. Simple. Stupid. | Related Reading,Dispensary Details for WooCommerce,H1: Dispensary Details for WooCommerce | H2: So what does it do? | H2: Keep. It. Simple. Stupid. | H2: Related Reading,439,2017-10-17,,code/example; first-hand narrative; outbound sources,no verified modified date,,retain; monitor search and citation performance
baseline,https://robertdevore.com/wordpress-custom-post-types-code-snippets/,content/posts/wordpress-custom-post-types-code-snippets.md,article,Enhance the power of your WordPress Custom Post Types,informational,"developers, technical leaders, WordPress/WooCommerce users, and project evaluators",Enhance the power of your WordPress Custom Post Types,enhance the power of your wordpress custom post types,1. Custom API endpoints | 2. oEmbed improvements | 3. Flush rewrite rules during your plugin's activation | Additional resources | Related Reading,Enhance the power of your WordPress Custom Post Types,H1: Enhance the power of your WordPress Custom Post Types | H2: 1. Custom API endpoints | H2: 2. oEmbed improvements | H2: 3. Flush rewrite rules during your plugin's activation | H2: Additional resources | H2: Related Reading,963,2017-06-26,,substantive depth; code/example; first-hand narrative; outbound sources,no verified modified date,,retain; monitor search and citation performance
baseline,https://robertdevore.com/wordpress-plugin-security-is-a-joke-and-youre-the-punchline/,content/posts/wordpress-plugin-security-is-a-joke-and-youre-the-punchline.md,article,"WordPress Plugin Security Is a Joke, and You’re the Punchline",commercial investigation / product discovery,"developers, technical leaders, WordPress/WooCommerce users, and project evaluators","WordPress Plugin Security Is a Joke, and You’re the Punchline","wordpress plugin security is a joke, and you’re the punchline",Trigger Warning | The Illusion of Safety | Let’s Talk About the Real Villains | Philosophical Interlude: What Is “Secure Code”? | Code Interlude | A Historical Footnote of Failures | You Get Audited | Lesson Learned,"WordPress Plugin Security Is a Joke, and You’re the Punchline","H1: WordPress Plugin Security Is a Joke, and You’re the Punchline | H2: Trigger Warning | H2: The Illusion of Safety | H2: Let’s Talk About the Real Villains | H2: Philosophical Interlude: What Is “Secure Code”? | H2: Code Interlude | H2: A Historical Footnote of Failures | H2: You Get Audited | H2: Lesson Learned | H2: Related Reading",749,2025-05-15,,code/example; first-hand narrative; outbound sources,no verified modified date,,retain; monitor search and citation performance
baseline,https://robertdevore.com/wordpress-woocommerce-plugins-i-will-no-longer-maintain/,content/posts/wordpress-woocommerce-plugins-i-will-no-longer-maintain.md,article,WordPress & WooCommerce plugins I will no longer maintain,informational,"developers, technical leaders, WordPress/WooCommerce users, and project evaluators",WordPress & WooCommerce plugins I will no longer maintain,wordpress & woocommerce plugins i will no longer maintain,WordPress Plugins | WooCommerce Plugins | What’s next? | Related Reading,WordPress & WooCommerce plugins I will no longer maintain,H1: WordPress & WooCommerce plugins I will no longer maintain | H2: WordPress Plugins | H2: WooCommerce Plugins | H2: What’s next? | H2: Related Reading,517,2025-06-10,,first-hand narrative; outbound sources,no verified modified date,,retain; monitor search and citation performance
baseline,https://robertdevore.com/wp-dispensary-v2/,content/posts/wp-dispensary-v2.md,article,WP Dispensary v2.0 is being released on 4/20,commercial investigation / product discovery,"developers, technical leaders, WordPress/WooCommerce users, and project evaluators",WP Dispensary v2.0 is being released on 4/20,wp dispensary v2.0 is being released on 4/20,Rebuilt Settings Page | Increased control over how to display data | Easier for add-on's to add their own settings | Organized Edit Screens | Default hidden data boxes | Code Optimization & Speed Increases | Calling for beta testers | Related Reading,WP Dispensary v2.0 is being released on 4/20,H1: WP Dispensary v2.0 is being released on 4/20 | H2: Rebuilt Settings Page | H3: Increased control over how to display data | H3: Easier for add-on's to add their own settings | H2: Organized Edit Screens | H3: Default hidden data boxes | H2: Code Optimization & Speed Increases | H2: Calling for beta testers | H2: Related Reading,803,2018-04-09,,first-hand narrative; outbound sources,no verified modified date,,retain; monitor search and citation performance
baseline,https://robertdevore.com/wp-dispensary/,content/posts/wp-dispensary.md,article,WP Dispensary,informational,"developers, technical leaders, WordPress/WooCommerce users, and project evaluators",WP Dispensary,wp dispensary,Professional dispensary websites. | Introducing WP Dispensary | Installation is a breeze | REST API Integration | Example API usage | Download | Want to contribute to the plugin? | Related Reading,WP Dispensary,H1: WP Dispensary | H2: Professional dispensary websites. | H3: Introducing WP Dispensary | H3: Installation is a breeze | H3: REST API Integration | H3: Example API usage | H3: Download | H3: Want to contribute to the plugin? | H2: Related Reading,515,2016-01-18,,code/example; first-hand narrative; outbound sources,no verified modified date,,retain; monitor search and citation performance
baseline,https://robertdevore.com/wp-townhall-13-the-debate-kevin-geary-doesnt-want-you-to-see/,content/posts/wp-townhall-13-the-debate-kevin-geary-doesnt-want-you-to-see.md,article,WP Townhall 13: The Debate Kevin Geary Doesn’t Want You to See,informational,"developers, technical leaders, WordPress/WooCommerce users, and project evaluators",WP Townhall 13: The Debate Kevin Geary Doesn’t Want You to See,wp townhall 13: the debate kevin geary doesn’t want you to see,Why It Matters | Related Reading,WP Townhall 13: The Debate Kevin Geary Doesn’t Want You to See,H1: WP Townhall 13: The Debate Kevin Geary Doesn’t Want You to See | H2: Why It Matters | H2: Related Reading,427,2025-06-09,,first-hand narrative; outbound sources,no verified modified date,,retain; monitor search and citation performance
baseline,https://robertdevore.com/wtf-is-wordpress/,content/posts/wtf-is-wordpress.md,article,WTF is WordPress?,informational,"developers, technical leaders, WordPress/WooCommerce users, and project evaluators",WTF is WordPress?,wtf is wordpress?,"If you don’t know where you’ve come from, you don’t know where you’re going | So, what is WordPress? | Why WP Engine and why now? | What if WP Engine just does as they’re asked? | Who is responsible for WordPress’ growth? | So WTF is WordPress? | Community Vibes | Related Reading",WTF is WordPress?,"H1: WTF is WordPress? | H2: If you don’t know where you’ve come from, you don’t know where you’re going | H2: So, what is WordPress? | H2: Why WP Engine and why now? | H2: What if WP Engine just does as they’re asked? | H2: Who is responsible for WordPress’ growth? | H2: So WTF is WordPress? | H2: Community Vibes | H2: Related Reading",2102,2024-09-23,,substantive depth; first-hand narrative; outbound sources,no verified modified date,,retain; monitor search and citation performance
baseline,https://robertdevore.com/zero-cool-cli-a-hackers-terminal-from-1995/,content/posts/zero-cool-cli-a-hackers-terminal-from-1995.md,article,Zero Cool CLI – A Hacker’s Terminal from 1995,informational,"developers, technical leaders, WordPress/WooCommerce users, and project evaluators",Zero Cool CLI – A Hacker’s Terminal from 1995,zero cool cli – a hacker’s terminal from 1995,Meet the CLI | Why I Built It | How to Install | Educational Value | What’s Next | Built With Love (and PHP) | Try It Out | Related Reading,Zero Cool CLI – A Hacker’s Terminal from 1995,H1: Zero Cool CLI – A Hacker’s Terminal from 1995 | H2: Meet the CLI | H2: Why I Built It | H2: How to Install | H2: Educational Value | H2: What’s Next | H2: Built With Love (and PHP) | H2: Try It Out | H2: Related Reading,868,2025-07-03,,code/example; first-hand narrative; outbound sources,no verified modified date,,retain; monitor search and citation performance
after,https://robertdevore.com/,templates/page-home.html,homepage,"Systems, tools, and writing for work that has to hold up.",navigational / commercial investigation,"developers, technical leaders, WordPress/WooCommerce users, and project evaluators","Systems, tools, and writing for work that has to hold up.","systems, tools, and writing for work that has to hold up.","Language, runtime, and local software workflows | Tools with a visible operating record. | Strata | Snips | RepoRadar | How I build. | Make state visible | Keep work inspectable","Systems, tools, and writing for work that has to hold up.","H1: Systems, tools, and writing for work that has to hold up. | H2: Language, runtime, and local software workflows | H2: Tools with a visible operating record. | H3: Strata | H3: Snips | H3: RepoRadar | H2: How I build. | H3: Make state visible | H3: Keep work inspectable | H3: Records and receipts | H3: Pressure-test the ecosystem | H2: Writing | H2: Forever Forward | H2: Zero Cool CLI – A Hacker’s Terminal from 1995 | H2: Stattic v1.0: The World’s Fastest Python-based Static Site Generator | H2: I care about work that remains useful after the room changes.",435,,,first-hand narrative; outbound sources,,,retain; monitor search and citation performance
after,https://robertdevore.com/5-python-scripts-for-osint-and-pentesting/,content/posts/5-python-scripts-for-osint-and-pentesting.md,article,5 Python Scripts for OSINT and Pentesting,informational,"developers, technical leaders, WordPress/WooCommerce users, and project evaluators",5 Python Scripts for OSINT and Pentesting,5 python scripts for osint and pentesting,Learning Python | Combine TXT files | Email Scraper | Password Cracker(s) | Regex Scanner | XSS Scanner | What’s next? | Related Reading,5 Python Scripts for OSINT and Pentesting,H1: 5 Python Scripts for OSINT and Pentesting | H2: Learning Python | H2: Combine TXT files | H2: Email Scraper | H2: Password Cracker(s) | H2: Regex Scanner | H2: XSS Scanner | H2: What’s next? | H2: Related Reading,756,2023-08-09,,code/example; first-hand narrative; outbound sources,no verified modified date,,retain; monitor search and citation performance
after,https://robertdevore.com/5-questions-you-must-answer-before-writing-anything/,content/posts/5-questions-you-must-answer-before-writing-anything.md,article,5 Questions You Must Answer Before Writing Anything,informational,"developers, technical leaders, WordPress/WooCommerce users, and project evaluators",5 Questions You Must Answer Before Writing Anything,5 questions you must answer before writing anything,The 5 Questions That Sharpen Everything | 1. Who is this for – _really_? | 2. What problem are they actively trying to solve? | 3. What belief needs to be broken? | 4. What do you want them to do next? | 5. What’s the sharpest thing you can say? | This Is How You Aim Before You Fire | Bonus: The “Pre-Prompt Primer”,5 Questions You Must Answer Before Writing Anything,H1: 5 Questions You Must Answer Before Writing Anything | H2: The 5 Questions That Sharpen Everything | H3: 1. Who is this for – _really_? | H3: 2. What problem are they actively trying to solve? | H3: 3. What belief needs to be broken? | H3: 4. What do you want them to do next? | H3: 5. What’s the sharpest thing you can say? | H2: This Is How You Aim Before You Fire | H2: Bonus: The “Pre-Prompt Primer” | H2: Mic-Drop Takeaway | H2: Related Reading,951,2025-05-20,,substantive depth; code/example; first-hand narrative; outbound sources,no verified modified date,,retain; monitor search and citation performance
after,https://robertdevore.com/5-things-i-learned-building-my-first-gutenberg-blocks-plugin/,content/posts/5-things-i-learned-building-my-first-gutenberg-blocks-plugin.md,article,5 Things I’ve learned building my first blocks for Gutenberg,informational,"developers, technical leaders, WordPress/WooCommerce users, and project evaluators",5 Things I’ve learned building my first blocks for Gutenberg,5 things i’ve learned building my first blocks for gutenberg,"Building Blocks with Pillar Press | How to use Node.js and NPM | How to use create-guten-block to build a Blocks plugin | The more I use Gutenberg, the more I like it | Things are changing FAST with Gutenberg's impending release | Final thoughts | Related Reading",5 Things I’ve learned building my first blocks for Gutenberg,"H1: 5 Things I’ve learned building my first blocks for Gutenberg | H2: Building Blocks with Pillar Press | H2: How to use Node.js and NPM | H2: How to use create-guten-block to build a Blocks plugin | H2: The more I use Gutenberg, the more I like it | H2: Things are changing FAST with Gutenberg's impending release | H2: Final thoughts | H2: Related Reading",1191,2018-05-14,,substantive depth; code/example; first-hand narrative; outbound sources,no verified modified date,,retain; monitor search and citation performance
after,https://robertdevore.com/7-days-full-time-wp-dispensary/,content/posts/7-days-full-time-wp-dispensary.md,article,7 days full time at WP Dispensary,informational,"developers, technical leaders, WordPress/WooCommerce users, and project evaluators",7 days full time at WP Dispensary,7 days full time at wp dispensary,"What's been done | Started working on… | Overall, I'm feeling… | Related Reading",7 days full time at WP Dispensary,"H1: 7 days full time at WP Dispensary | H2: What's been done | H2: Started working on… | H2: Overall, I'm feeling… | H2: Related Reading",840,2017-10-03,,code/example; first-hand narrative; outbound sources,no verified modified date,,retain; monitor search and citation performance
after,https://robertdevore.com/about/,content/pages/about.md,page,About,informational,"developers, technical leaders, WordPress/WooCommerce users, and project evaluators",About,about,I build systems that explain themselves | Through-line | Selected surfaces | Field Notes | Projects | Contact,About,H1: About | H2: I build systems that explain themselves | H2: Through-line | H2: Selected surfaces | H3: Field Notes | H3: Projects | H3: Contact,180,,,first-hand narrative; outbound sources,thin for a substantive destination; no visible breadcrumb,,editorial review: clarify purpose and add only evidence-backed useful detail
after,https://robertdevore.com/all-in-one-wp-migration-plugin-ddos-attack/,content/posts/all-in-one-wp-migration-plugin-ddos-attack.md,article,WordPress plugin with 5M+ active installs can be utilized in DDoS attacks,commercial investigation / product discovery,"developers, technical leaders, WordPress/WooCommerce users, and project evaluators",WordPress plugin with 5M+ active installs can be utilized in DDoS attacks,wordpress plugin with 5m+ active installs can be utilized in ddos attacks,How the exploit works | Recommendation to mitigate this issue | My Recommendations for users | Related Reading,WordPress plugin with 5M+ active installs can be utilized in DDoS attacks,H1: WordPress plugin with 5M+ active installs can be utilized in DDoS attacks | H2: How the exploit works | H2: Recommendation to mitigate this issue | H2: My Recommendations for users | H2: Related Reading,815,2023-09-30,,code/example; first-hand narrative; outbound sources,no verified modified date,,retain; monitor search and citation performance
after,https://robertdevore.com/back-to-basics/,content/posts/back-to-basics.md,article,Back to Basics,informational,"developers, technical leaders, WordPress/WooCommerce users, and project evaluators",Back to Basics,back to basics,"Getting back to the basics | So, what am I gonna do about it? | Related Reading",Back to Basics,"H1: Back to Basics | H2: Getting back to the basics | H2: So, what am I gonna do about it? | H2: Related Reading",598,2018-04-16,,first-hand narrative; outbound sources,no verified modified date,,retain; monitor search and citation performance
after,https://robertdevore.com/blog/,templates/page-blog.html,blog-index,Writing,navigational / topic discovery,"developers, technical leaders, WordPress/WooCommerce users, and project evaluators",Writing,writing,Forever Forward | Zero Cool CLI – A Hacker’s Terminal from 1995 | Stattic v1.0: The World’s Fastest Python-based Static Site Generator | Complete Beginner’s Guide: Building a Python URL Checker for Google Sheets | Grateful to See 20 of My WordPress Plugins Live On at WebDevStudios | I Just Launched a Python Course for PHP Developers | The Fastest Way for PHP Devs to Learn Python | WordPress & WooCommerce plugins I will no longer maintain,Writing,H1: Writing | H2: Forever Forward | H2: Zero Cool CLI – A Hacker’s Terminal from 1995 | H2: Stattic v1.0: The World’s Fastest Python-based Static Site Generator | H2: Complete Beginner’s Guide: Building a Python URL Checker for Google Sheets | H2: Grateful to See 20 of My WordPress Plugins Live On at WebDevStudios | H2: I Just Launched a Python Course for PHP Developers | H2: The Fastest Way for PHP Devs to Learn Python | H2: WordPress & WooCommerce plugins I will no longer maintain | H2: Goodbye WordPress: A Eulogy | H2: I Built a Python Stego-Cipher Tool (And You Can Have It) | H2: WP Townhall 13: The Debate Kevin Geary Doesn’t Want You to See | H2: Introducing: Markdown Comments for WordPress®,624,,,first-hand narrative; outbound sources,no visible breadcrumb,,retain; monitor search and citation performance
after,https://robertdevore.com/blog/page/10/,generated listing/archive,pagination,Writing,navigational / topic discovery,"developers, technical leaders, WordPress/WooCommerce users, and project evaluators",Writing,writing,? hue.js | Set Featured Images Programmatically in WordPress | WP Dispensary: 2 years after the launch | Dispensary Details for WooCommerce | 7 days full time at WP Dispensary | Going all in with WP Dispensary | Enhance the power of your WordPress Custom Post Types | My Brothers Keeper,Writing,H1: Writing | H2: ? hue.js | H2: Set Featured Images Programmatically in WordPress | H2: WP Dispensary: 2 years after the launch | H2: Dispensary Details for WooCommerce | H2: 7 days full time at WP Dispensary | H2: Going all in with WP Dispensary | H2: Enhance the power of your WordPress Custom Post Types | H2: My Brothers Keeper | H2: DocuPress: documentation simplified. | H2: Top Dispensary WordPress Plugins | H2: Hello 2017 | H2: Organized Chaos,646,,,first-hand narrative; outbound sources,,,retain; monitor search and citation performance
after,https://robertdevore.com/blog/page/11/,generated listing/archive,pagination,Writing,navigational / topic discovery,"developers, technical leaders, WordPress/WooCommerce users, and project evaluators",Writing,writing,Relentless | Chapters for Authors | Twitter Marketing | Invest in Yourself | CannaBiz | Devio Digital | Health Benefits of Cannabis | Recent project updates,Writing,H1: Writing | H2: Relentless | H2: Chapters for Authors | H2: Twitter Marketing | H2: Invest in Yourself | H2: CannaBiz | H2: Devio Digital | H2: Health Benefits of Cannabis | H2: Recent project updates | H2: Making up for lost time | H2: Slackedd | H2: Patience | H2: WP Dispensary,618,,,first-hand narrative; outbound sources,,,retain; monitor search and citation performance
after,https://robertdevore.com/blog/page/12/,generated listing/archive,pagination,Writing,navigational / topic discovery,"developers, technical leaders, WordPress/WooCommerce users, and project evaluators",Writing,writing,Leafly Reviews | Focus | Peddle | MNML | Run a Tor relay | Clean Blog,Writing,H1: Writing | H2: Leafly Reviews | H2: Focus | H2: Peddle | H2: MNML | H2: Run a Tor relay | H2: Clean Blog,315,,,first-hand narrative; outbound sources,,,retain; monitor search and citation performance
after,https://robertdevore.com/blog/page/2/,generated listing/archive,pagination,Writing,navigational / topic discovery,"developers, technical leaders, WordPress/WooCommerce users, and project evaluators",Writing,writing,"How I Use TextExpander to Reuse My Best AI Prompts | Introducing: DB Version Control for WordPress | How to build a content engine that scales with you | Tools and Workflows for Formatting, Visuals, and Citations | How to edit AI content so it feels clean, not robotic | How to Build Modular Prompts That Save You Hours Per Week | How to teach AI to match your voice | How to Write Prompts That Get the Tone, Structure, and Intent Right",Writing,"H1: Writing | H2: How I Use TextExpander to Reuse My Best AI Prompts | H2: Introducing: DB Version Control for WordPress | H2: How to build a content engine that scales with you | H2: Tools and Workflows for Formatting, Visuals, and Citations | H2: How to edit AI content so it feels clean, not robotic | H2: How to Build Modular Prompts That Save You Hours Per Week | H2: How to teach AI to match your voice | H2: How to Write Prompts That Get the Tone, Structure, and Intent Right | H2: Introducing automattic.css – An open source CSS Utility Framework | H2: How to Use AI to Research, Validate Ideas, and Stay Relevant | H2: 5 Questions You Must Answer Before Writing Anything | H2: Introducing the Prompts Library – A Playground for AI Creativity",665,,,first-hand narrative; outbound sources,,,retain; monitor search and citation performance
after,https://robertdevore.com/blog/page/3/,generated listing/archive,pagination,Writing,navigational / topic discovery,"developers, technical leaders, WordPress/WooCommerce users, and project evaluators",Writing,writing,"Just Released: Stattic v.0.3.0 | What Makes Content Beautifully Useful? | Extreme Programming for Extreme Leaders | Plan. Prompt. Publish. A Practical Guide to Creating Beautifully Useful Content with AI | Celebrating GAAD with IMG A11Y v1.1.0 | WordPress Plugin Security Is a Joke, and You’re the Punchline | Use AI to create your own WWF Action Figure Blister Packs | Say Goodbye to WordPress",Writing,"H1: Writing | H2: Just Released: Stattic v.0.3.0 | H2: What Makes Content Beautifully Useful? | H2: Extreme Programming for Extreme Leaders | H2: Plan. Prompt. Publish. A Practical Guide to Creating Beautifully Useful Content with AI | H2: Celebrating GAAD with IMG A11Y v1.1.0 | H2: WordPress Plugin Security Is a Joke, and You’re the Punchline | H2: Use AI to create your own WWF Action Figure Blister Packs | H2: Say Goodbye to WordPress | H2: Don’t Shoot the Messenger: Choose Courage Over Convenience | H2: Kevin Michael Geary: A Hidden History of Hate, Racism, and Bigotry | H2: Open Source is Anarchism in Action | H2: Do Less, Deliver More",594,,,first-hand narrative; outbound sources,,,retain; monitor search and citation performance
after,https://robertdevore.com/blog/page/4/,generated listing/archive,pagination,Writing,navigational / topic discovery,"developers, technical leaders, WordPress/WooCommerce users, and project evaluators",Writing,writing,LEAP: The Code of Extreme Leadership | Introducing Projects for WordPress®: A Better Way to Showcase Your Work | Rethinking Keyword Research in the Age of AI | Introducing Slop Stopper: A free content checker for WordPress® | Introducing Dispensary Details for WooCommerce® | I’m freelancing again | Stop Gambling With Client Trust: Why Skipping a Security Audit Is a Risk You Can’t Afford | Introducing an experimental new plugin: Email Designer for WooCommerce®,Writing,"H1: Writing | H2: LEAP: The Code of Extreme Leadership | H2: Introducing Projects for WordPress®: A Better Way to Showcase Your Work | H2: Rethinking Keyword Research in the Age of AI | H2: Introducing Slop Stopper: A free content checker for WordPress® | H2: Introducing Dispensary Details for WooCommerce® | H2: I’m freelancing again | H2: Stop Gambling With Client Trust: Why Skipping a Security Audit Is a Risk You Can’t Afford | H2: Introducing an experimental new plugin: Email Designer for WooCommerce® | H2: BoostBox: Free Popups That Work, Pro Popups That Convert | H2: Introducing Pattern Pal: AI-Powered Patterns for WordPress® | H2: Introducing Digg This: A social sharing plugin for WordPress® | H2: Why WordPress Plugin Developers Need Security Audits",610,,,first-hand narrative; outbound sources,,,retain; monitor search and citation performance
after,https://robertdevore.com/blog/page/5/,generated listing/archive,pagination,Writing,navigational / topic discovery,"developers, technical leaders, WordPress/WooCommerce users, and project evaluators",Writing,writing,"How a Security Audit Can Save Your E-Commerce Store from Disaster | IntelliPress: The Smart AF AI Assistant for WordPress® | Hello, Plugin Pal: Your AI Powered Plugin Generator for WordPress® | Introducing Broken Image Scanner | How to Block Website Tracking Data in WooCommerce® | Introducing Block AI Crawlers for WordPress® | Honoring Jesse Petersen with the Revival of “Stealth Login Page” | December 2024: A Retrospective",Writing,"H1: Writing | H2: How a Security Audit Can Save Your E-Commerce Store from Disaster | H2: IntelliPress: The Smart AF AI Assistant for WordPress® | H2: Hello, Plugin Pal: Your AI Powered Plugin Generator for WordPress® | H2: Introducing Broken Image Scanner | H2: How to Block Website Tracking Data in WooCommerce® | H2: Introducing Block AI Crawlers for WordPress® | H2: Honoring Jesse Petersen with the Revival of “Stealth Login Page” | H2: December 2024: A Retrospective | H2: Reusable Flask Error Handling: A Step-by-Step Guide to Modular HTTP Error Responses | H2: Introducing SEO for WordPress® | H2: Introducing Delete Inactive Users | H2: How to Stop Your Plugins & Themes from Being Used on WordPress.com Hosting",591,,,first-hand narrative; outbound sources,,,retain; monitor search and citation performance
after,https://robertdevore.com/blog/page/6/,generated listing/archive,pagination,Writing,navigational / topic discovery,"developers, technical leaders, WordPress/WooCommerce users, and project evaluators",Writing,writing,Host Your WordPress Plugins on GitHub and Automate Plugin Packaging | Introducing HPOS Compatibility Scanner for WooCommerce® (free) | Introducing Shipping Multiple Addresses for WooCommerce® (free) | Introducing IMG A11Y | Introducing Vertical Gallery Product Display for WooCommerce® | Introducing Site Vitals for WordPress® | Introducing Associated Taxonomies for WordPress® | Introducing Maintenance Mode for WordPress®,Writing,H1: Writing | H2: Host Your WordPress Plugins on GitHub and Automate Plugin Packaging | H2: Introducing HPOS Compatibility Scanner for WooCommerce® (free) | H2: Introducing Shipping Multiple Addresses for WooCommerce® (free) | H2: Introducing IMG A11Y | H2: Introducing Vertical Gallery Product Display for WooCommerce® | H2: Introducing Site Vitals for WordPress® | H2: Introducing Associated Taxonomies for WordPress® | H2: Introducing Maintenance Mode for WordPress® | H2: Introducing Persistent Dismissible Notices | H2: Introducing Test Orders for WooCommerce® | H2: Introducing Media File Versioning for WordPress® | H2: Introducing Purchase Orders for WooCommerce® (free),545,,,first-hand narrative; outbound sources,,,retain; monitor search and citation performance
after,https://robertdevore.com/blog/page/7/,generated listing/archive,pagination,Writing,navigational / topic discovery,"developers, technical leaders, WordPress/WooCommerce users, and project evaluators",Writing,writing,Introducing Table Block Enhancer for WordPress® | Introducing Metadata Import/Export for Yoast SEO | Introducing Bluesky Feed for WordPress® | Introducing Media Copyright Scanner | Introducing Stats for WordPress® | Introducing Bulk Stock Management for WooCommerce® (free) | Introducing Barcodes for WooCommerce® (free) | Introducing Brands for WooCommerce® (free),Writing,H1: Writing | H2: Introducing Table Block Enhancer for WordPress® | H2: Introducing Metadata Import/Export for Yoast SEO | H2: Introducing Bluesky Feed for WordPress® | H2: Introducing Media Copyright Scanner | H2: Introducing Stats for WordPress® | H2: Introducing Bulk Stock Management for WooCommerce® (free) | H2: Introducing Barcodes for WooCommerce® (free) | H2: Introducing Brands for WooCommerce® (free) | H2: Just Released: Customer Loyalty for WooCommerce® v2.0.0! | H2: Introducing the Module Usage Tracker for WP Bakery | H2: Introducing Markdown Exporter for WordPress® | H2: Introducing BenchPress: Performance Benchmarks for WordPress®,562,,,first-hand narrative; outbound sources,,,retain; monitor search and citation performance
after,https://robertdevore.com/blog/page/8/,generated listing/archive,pagination,Writing,navigational / topic discovery,"developers, technical leaders, WordPress/WooCommerce users, and project evaluators",Writing,writing,Introducing Content Restriction for WordPress® | Introducing Widget Usage Tracker for Elementor | Introducing Gift Cards for WooCommerce® (free) | Release Notes: Back In Stock Notifications for WooCommerce® (free) v1.0.1 | Introducing Back In Stock Notifications for WooCommerce® | Introducing Gallery Modals: Enhance Your WordPress® Galleries with Stunning Popups! | Introducing the User Login Status Plugin for WordPress | WTF is WordPress?,Writing,H1: Writing | H2: Introducing Content Restriction for WordPress® | H2: Introducing Widget Usage Tracker for Elementor | H2: Introducing Gift Cards for WooCommerce® (free) | H2: Release Notes: Back In Stock Notifications for WooCommerce® (free) v1.0.1 | H2: Introducing Back In Stock Notifications for WooCommerce® | H2: Introducing Gallery Modals: Enhance Your WordPress® Galleries with Stunning Popups! | H2: Introducing the User Login Status Plugin for WordPress | H2: WTF is WordPress? | H2: Introducing the Phlush Permalinks WordPress Plugin | H2: Introducing BoostBox: The 1st WordPress popup builder for the core editor | H2: Improve CLS scores by dynamically setting image width and height | H2: WordPress plugin with 5M+ active installs can be utilized in DDoS attacks,595,,,first-hand narrative; outbound sources,,,retain; monitor search and citation performance
after,https://robertdevore.com/blog/page/9/,generated listing/archive,pagination,Writing,navigational / topic discovery,"developers, technical leaders, WordPress/WooCommerce users, and project evaluators",Writing,writing,"5 Python Scripts for OSINT and Pentesting | Introducing IntelliPress: The Smart Ai Assistant for WordPress | Creating my own cipher code | “How hungry are you?” | The past, present and future of WP Dispensary | How to customize the style of your WordPress login screen | Going all in: One year later | Delivery Drivers for WooCommerce",Writing,"H1: Writing | H2: 5 Python Scripts for OSINT and Pentesting | H2: Introducing IntelliPress: The Smart Ai Assistant for WordPress | H2: Creating my own cipher code | H2: “How hungry are you?” | H2: The past, present and future of WP Dispensary | H2: How to customize the style of your WordPress login screen | H2: Going all in: One year later | H2: Delivery Drivers for WooCommerce | H2: Thank You WordPress | H2: 5 Things I’ve learned building my first blocks for Gutenberg | H2: Back to Basics | H2: WP Dispensary v2.0 is being released on 4/20",645,,,first-hand narrative; outbound sources,,,retain; monitor search and citation performance
after,https://robertdevore.com/boostbox-free-popups-that-work-pro-popups-that-convert/,content/posts/boostbox-free-popups-that-work-pro-popups-that-convert.md,article,"BoostBox: Free Popups That Work, Pro Popups That Convert",informational,"developers, technical leaders, WordPress/WooCommerce users, and project evaluators","BoostBox: Free Popups That Work, Pro Popups That Convert","boostbox: free popups that work, pro popups that convert","1. It Works Inside the WordPress® Editor, Like It Fucking Should | 2. Smart Popups, Not Annoying Popups | 3. Design It However the Hell You Want | 4. Fast as Fuck | 5. Free Forever (But Pro Takes It to the Next Level) | Why Go Pro? | Final Thoughts: Get BoostBox, Then Get Paid | Related Reading","BoostBox: Free Popups That Work, Pro Popups That Convert","H1: BoostBox: Free Popups That Work, Pro Popups That Convert | H2: 1. It Works Inside the WordPress® Editor, Like It Fucking Should | H2: 2. Smart Popups, Not Annoying Popups | H2: 3. Design It However the Hell You Want | H2: 4. Fast as Fuck | H2: 5. Free Forever (But Pro Takes It to the Next Level) | H3: Why Go Pro? | H2: Final Thoughts: Get BoostBox, Then Get Paid | H2: Related Reading",754,2025-02-11,,first-hand narrative; outbound sources,no verified modified date,,retain; monitor search and citation performance
after,https://robertdevore.com/boostbox-wordpress-popup-builder-for-the-core-editor/,content/posts/boostbox-wordpress-popup-builder-for-the-core-editor.md,article,Introducing BoostBox: The 1st WordPress popup builder for the core editor,commercial investigation / product discovery,"developers, technical leaders, WordPress/WooCommerce users, and project evaluators",Introducing BoostBox: The 1st WordPress popup builder for the core editor,introducing boostbox: the 1st wordpress popup builder for the core editor,Why build _another popup plugin_ for WordPress? | BoostBox Admin Settings | Popup Display Settings | BoostBox Popup Settings | BoostBox works great with your favorite FSE WordPress theme | Ollie + BoostBox | Powder + BoostBox | Kadence + BoostBox,Introducing BoostBox: The 1st WordPress popup builder for the core editor,H1: Introducing BoostBox: The 1st WordPress popup builder for the core editor | H2: Why build _another popup plugin_ for WordPress? | H2: BoostBox Admin Settings | H2: Popup Display Settings | H2: BoostBox Popup Settings | H2: BoostBox works great with your favorite FSE WordPress theme | H3: Ollie + BoostBox | H3: Powder + BoostBox | H3: Kadence + BoostBox | H3: Twenty Twenty-Four + BoostBox | H2: Download the BoostBox plugin | H2: What’s next? | H2: Related Reading,1652,2024-01-11,,substantive depth; first-hand narrative; outbound sources,no verified modified date,,retain; monitor search and citation performance
after,https://robertdevore.com/cannabis-health-benefits/,content/posts/cannabis-health-benefits.md,article,Health Benefits of Cannabis,informational,"developers, technical leaders, WordPress/WooCommerce users, and project evaluators",Health Benefits of Cannabis,health benefits of cannabis,Medical studies on the effects of cannabis | 1. Anti-cancer effects | 2. Control over epileptic seizures | 3. Post-traumatic stress disorder | 4. Prevent Alzheimer's | 5. Multiple benefits for HIV patients | Additional marijuana success stories | Helping dispensaries grow online business,Health Benefits of Cannabis,H1: Health Benefits of Cannabis | H2: Medical studies on the effects of cannabis | H3: 1. Anti-cancer effects | H3: 2. Control over epileptic seizures | H3: 3. Post-traumatic stress disorder | H3: 4. Prevent Alzheimer's | H3: 5. Multiple benefits for HIV patients | H2: Additional marijuana success stories | H3: Helping dispensaries grow online business | H2: Related Reading,1465,2016-04-20,,substantive depth; first-hand narrative; outbound sources,no verified modified date,,retain; monitor search and citation performance
after,https://robertdevore.com/cannabiz/,content/posts/cannabiz.md,article,CannaBiz,informational,"developers, technical leaders, WordPress/WooCommerce users, and project evaluators",CannaBiz,cannabiz,CannaBiz Features | Current Version | The future of WP Dispensary | Related Reading,CannaBiz,H1: CannaBiz | H2: CannaBiz Features | H2: Current Version | H2: The future of WP Dispensary | H2: Related Reading,739,2016-06-14,,first-hand narrative; outbound sources,no verified modified date,,retain; monitor search and citation performance
after,https://robertdevore.com/category/,generated listing/archive,category-archive,Categories,navigational / topic discovery,"developers, technical leaders, WordPress/WooCommerce users, and project evaluators",Categories,categories,Developer Tools | WordPress | AI & Content Systems | Engineering Archive | Field Notes,Categories,H1: Categories | H2: Developer Tools | H2: WordPress | H2: AI & Content Systems | H2: Engineering Archive | H2: Field Notes,131,,,first-hand narrative; outbound sources,no visible breadcrumb,,retain; monitor search and citation performance
after,https://robertdevore.com/category/ai-content-systems/,content/category/ai-content-systems.md,category-archive,AI & Content Systems,navigational / topic discovery,"developers, technical leaders, WordPress/WooCommerce users, and project evaluators",AI & Content Systems,ai & content systems,Articles,AI & Content Systems,H1: AI & Content Systems | H2: Articles,144,2025-05-27,,outbound sources,no visible breadcrumb,,retain; monitor search and citation performance
after,https://robertdevore.com/category/developer-tools/,content/category/developer-tools.md,category-archive,Developer Tools,navigational / topic discovery,"developers, technical leaders, WordPress/WooCommerce users, and project evaluators",Developer Tools,developer tools,Articles,Developer Tools,H1: Developer Tools | H2: Articles,87,2025-07-03,,first-hand narrative; outbound sources,no visible breadcrumb,,retain; monitor search and citation performance
after,https://robertdevore.com/category/engineering-archive/,content/category/engineering-archive.md,category-archive,Engineering Archive,navigational / topic discovery,"developers, technical leaders, WordPress/WooCommerce users, and project evaluators",Engineering Archive,engineering archive,Articles,Engineering Archive,H1: Engineering Archive | H2: Articles,17,2016-12-20,,outbound sources,no visible breadcrumb,,retain; monitor search and citation performance
after,https://robertdevore.com/category/field-notes/,content/category/field-notes.md,category-archive,Field Notes,navigational / topic discovery,"developers, technical leaders, WordPress/WooCommerce users, and project evaluators",Field Notes,field notes,Articles,Field Notes,H1: Field Notes | H2: Articles,9,2016-06-21,,outbound sources,no visible breadcrumb,,retain; monitor search and citation performance
after,https://robertdevore.com/category/wordpress-archive/,content/category/wordpress-archive.md,category-archive,WordPress,navigational / topic discovery,"developers, technical leaders, WordPress/WooCommerce users, and project evaluators",WordPress,wordpress,Articles,WordPress,H1: WordPress | H2: Articles,811,2025-06-20,,first-hand narrative; outbound sources,no visible breadcrumb,,retain; monitor search and citation performance
after,https://robertdevore.com/celebrating-gaad-with-img-a11y-v1-1-0/,content/posts/celebrating-gaad-with-img-a11y-v1-1-0.md,article,Celebrating GAAD with IMG A11Y v1.1.0,commercial investigation / product discovery,"developers, technical leaders, WordPress/WooCommerce users, and project evaluators",Celebrating GAAD with IMG A11Y v1.1.0,celebrating gaad with img a11y v1.1.0,"What is GAAD? | IMG A11Y v1.1.0 – Small Changes, Big Impact | 🚫 Removed A11Y Options for Non-Image Media | 🔍 Elementor Support Added | Why This Matters | Why I’m Doing This | How You Can Help | Related Reading",Celebrating GAAD with IMG A11Y v1.1.0,"H1: Celebrating GAAD with IMG A11Y v1.1.0 | H2: What is GAAD? | H2: IMG A11Y v1.1.0 – Small Changes, Big Impact | H3: 🚫 Removed A11Y Options for Non-Image Media | H3: 🔍 Elementor Support Added | H2: Why This Matters | H2: Why I’m Doing This | H2: How You Can Help | H2: Related Reading",585,2025-05-15,,code/example; first-hand narrative; outbound sources,no verified modified date,,retain; monitor search and citation performance
after,https://robertdevore.com/chapters-for-authors-wordpress-plugin/,content/posts/chapters-for-authors-wordpress-plugin.md,article,Chapters for Authors,informational,"developers, technical leaders, WordPress/WooCommerce users, and project evaluators",Chapters for Authors,chapters for authors,Installing Chapters for Authors | Creating Chapters | Books | Characters | Introduction Quotes | Thank yous | The road ahead | Related Reading,Chapters for Authors,H1: Chapters for Authors | H2: Installing Chapters for Authors | H2: Creating Chapters | H3: Books | H3: Characters | H3: Introduction Quotes | H2: Thank yous | H2: The road ahead | H2: Related Reading,796,2016-09-27,,code/example; first-hand narrative; outbound sources,no verified modified date,,retain; monitor search and citation performance
after,https://robertdevore.com/clean-blog-free-wordpress-theme/,content/posts/clean-blog-free-wordpress-theme.md,article,Clean Blog,informational,"developers, technical leaders, WordPress/WooCommerce users, and project evaluators",Clean Blog,clean blog,Demo & Download | Under the hood | Credits & Thank-you's | The road ahead | Related Reading,Clean Blog,H1: Clean Blog | H2: Demo & Download | H2: Under the hood | H2: Credits & Thank-you's | H2: The road ahead | H2: Related Reading,1321,2015-08-07,,substantive depth; first-hand narrative; outbound sources,no verified modified date,,retain; monitor search and citation performance
after,https://robertdevore.com/complete-beginners-guide-building-a-python-url-checker-for-google-sheets/,content/posts/complete-beginners-guide-building-a-python-url-checker-for-google-sheets.md,article,Complete Beginner’s Guide: Building a Python URL Checker for Google Sheets,informational / problem-solving,"developers, technical leaders, WordPress/WooCommerce users, and project evaluators",Complete Beginner’s Guide: Building a Python URL Checker for Google Sheets,complete beginner’s guide: building a python url checker for google sheets,What We’re Building (In Simple Terms) | Before We Start: What You’ll Need | Part 1: The Shopping List (Imports) | Part 2: Setting Up Our Configuration (The Settings) | Part 3: Connecting to Google Sheets (The Handshake) | Part 4: Building Our Memory System (Progress Tracking) | Function 1: Remembering Where We Left Off | Function 2: Saving Our Progress,Complete Beginner’s Guide: Building a Python URL Checker for Google Sheets,H1: Complete Beginner’s Guide: Building a Python URL Checker for Google Sheets | H2: What We’re Building (In Simple Terms) | H2: Before We Start: What You’ll Need | H2: Part 1: The Shopping List (Imports) | H2: Part 2: Setting Up Our Configuration (The Settings) | H2: Part 3: Connecting to Google Sheets (The Handshake) | H2: Part 4: Building Our Memory System (Progress Tracking) | H3: Function 1: Remembering Where We Left Off | H3: Function 2: Saving Our Progress | H2: Part 5: The Website Checker (The Core Function) | H2: Part 6: The Main Brain (The check_urls Function) | H3: Getting Started and Loading Data | H3: Checking If We’re Done | H3: Calculating Our Batch | H3: Processing Each URL | H3: Saving Results and Planning Next Steps | H2: Part 7: Starting the Engine | H2: The Complete Script (With Comments) | H2: How to Use This Script | H2: What You’ve Learned | H2: Related Reading,2503,2025-06-19,,substantive depth; code/example; first-hand narrative; outbound sources,no verified modified date,,retain; monitor search and citation performance
after,https://robertdevore.com/contact/,content/pages/contact.md,page,Contact,informational,"developers, technical leaders, WordPress/WooCommerce users, and project evaluators",Contact,contact,Send the useful context first | Useful subjects,Contact,H1: Contact | H2: Send the useful context first | H2: Useful subjects,115,,,outbound sources,thin for a substantive destination; no visible breadcrumb,,editorial review: clarify purpose and add only evidence-backed useful detail
after,https://robertdevore.com/creating-my-own-cipher-code/,content/posts/creating-my-own-cipher-code.md,article,Creating my own cipher code,informational,"developers, technical leaders, WordPress/WooCommerce users, and project evaluators",Creating my own cipher code,creating my own cipher code,Example Use Case: | Taking it further | Embedded in an image? | Related Reading,Creating my own cipher code,H1: Creating my own cipher code | H2: Example Use Case: | H2: Taking it further | H3: Embedded in an image? | H2: Related Reading,743,2022-11-28,,first-hand narrative; outbound sources,no verified modified date,,retain; monitor search and citation performance
after,https://robertdevore.com/customer-loyalty-for-woocommerce-v2/,content/posts/customer-loyalty-for-woocommerce-v2.md,article,Just Released: Customer Loyalty for WooCommerce® v2.0.0!,commercial investigation / product discovery,"developers, technical leaders, WordPress/WooCommerce users, and project evaluators",Just Released: Customer Loyalty for WooCommerce® v2.0.0!,just released: customer loyalty for woocommerce® v2.0.0!,What’s New in Version 2.0.0 | How to Use Customer Loyalty for WooCommerce | What to Expect in 2025 | Related Reading,Just Released: Customer Loyalty for WooCommerce® v2.0.0!,H1: Just Released: Customer Loyalty for WooCommerce® v2.0.0! | H2: What’s New in Version 2.0.0 | H2: How to Use Customer Loyalty for WooCommerce | H2: What to Expect in 2025 | H2: Related Reading,744,2024-11-13,,code/example; first-hand narrative; outbound sources,no verified modified date,,retain; monitor search and citation performance
after,https://robertdevore.com/db-version-control-wordpress-plugin/,content/posts/db-version-control-wordpress-plugin.md,article,Introducing: DB Version Control for WordPress,commercial investigation / product discovery,"developers, technical leaders, WordPress/WooCommerce users, and project evaluators",Introducing: DB Version Control for WordPress,introducing: db version control for wordpress,The Problem We All Face | A Git-Native Approach to WordPress Content | Here’s How It Works | Real-World Impact: A Success Story | Key Features That Set It Apart | 🎯 Intelligent Content Export | ⚡ Enterprise-Grade Performance | 🔐 Security First,Introducing: DB Version Control for WordPress,H1: Introducing: DB Version Control for WordPress | H2: The Problem We All Face | H2: A Git-Native Approach to WordPress Content | H3: Here’s How It Works | H2: Real-World Impact: A Success Story | H2: Key Features That Set It Apart | H3: 🎯 Intelligent Content Export | H3: ⚡ Enterprise-Grade Performance | H3: 🔐 Security First | H3: 🛠️ Developer Friendly | H2: Game-Changing Workflows | H3: The Team Collaboration Workflow | H3: The Automated Deployment Pipeline | H3: The Environment Sync Workflow | H2: Beyond WordPress: Universal Version Control | H2: Performance That Scales | H3: Recommended Batch Sizes | H3: Built-in Safeguards | H2: The Technical Architecture | H3: File Organization | H3: JSON Structure | H2: Extending the Plugin | H3: Custom Post Type Integration | H3: Data Modification | H3: Custom Export Triggers | H2: Who This Plugin Is For | H3: Development Teams | H3: WordPress Agencies | H3: DevOps Engineers | H3: Content Teams | H2: Getting Started Today | H3: Quick Installation | H3: WP-CLI Integration | H3: Git Integration | H2: The Future of WordPress Content Management | H3: What’s Next | H3: Community Driven | H2: Real-World Benefits | H3: For Developers | H3: For Agencies | H3: For Content Teams | H2: Technical Requirements | H2: Security Considerations | H2: Support and Documentation | H2: Conclusion: A New Era for WordPress | H2: Related Reading,1678,2025-05-28,,substantive depth; code/example; first-hand narrative; outbound sources,no verified modified date,,retain; monitor search and citation performance
after,https://robertdevore.com/december-2024-a-retrospective/,content/posts/december-2024-a-retrospective.md,article,December 2024: A Retrospective,informational,"developers, technical leaders, WordPress/WooCommerce users, and project evaluators",December 2024: A Retrospective,december 2024: a retrospective,"But first, was it a “December to Remember”? | New Plugins | Plugin Updates | Fun Projects | Scripts & Things | Features | Chaos | So, what now?",December 2024: A Retrospective,"H1: December 2024: A Retrospective | H2: But first, was it a “December to Remember”? | H2: New Plugins | H2: Plugin Updates | H2: Fun Projects | H2: Scripts & Things | H2: Features | H2: Chaos | H2: So, what now? | H3: WordPress & WooCommerce Plugins | H3: Security Audits & Bug Bounties | H2: Stattic & decentralized publishing | H2: 2025 & Beyond | H2: Related Reading",2266,2025-01-04,,substantive depth; first-hand narrative; outbound sources,no verified modified date,,retain; monitor search and citation performance
after,https://robertdevore.com/delivery-drivers-for-woocommerce/,content/posts/delivery-drivers-for-woocommerce.md,article,Delivery Drivers for WooCommerce,informational,"developers, technical leaders, WordPress/WooCommerce users, and project evaluators",Delivery Drivers for WooCommerce,delivery drivers for woocommerce,Delivery Businesses & WooCommerce | How the plugin works | Delivery Drivers WooCommerce Settings | Assigning a driver to each order | Drivers Capabilities | Views from the Driver dashboard | Order status management by your drivers | Order Status management,Delivery Drivers for WooCommerce,H1: Delivery Drivers for WooCommerce | H2: Delivery Businesses & WooCommerce | H2: How the plugin works | H3: Delivery Drivers WooCommerce Settings | H3: Assigning a driver to each order | H2: Drivers Capabilities | H3: Views from the Driver dashboard | H3: Order status management by your drivers | H3: Order Status management | H2: Delivery Drivers for WooCommerce PRO | H2: Download the Delivery Drivers for WooCommerce Plugin | H2: Related Reading,1004,2018-09-14,,substantive depth; code/example; first-hand narrative; outbound sources,no verified modified date,,retain; monitor search and citation performance
after,https://robertdevore.com/devio-digital/,content/posts/devio-digital.md,article,Devio Digital,informational,"developers, technical leaders, WordPress/WooCommerce users, and project evaluators",Devio Digital,devio digital,#opensource saved my life | Why WordPress? | Where Devio Digital comes into play | What can I do for you? | Related Reading,Devio Digital,H1: Devio Digital | H2: #opensource saved my life | H2: Why WordPress? | H2: Where Devio Digital comes into play | H2: What can I do for you? | H2: Related Reading,939,2016-05-11,,substantive depth; first-hand narrative; outbound sources,no verified modified date,,retain; monitor search and citation performance
after,https://robertdevore.com/dispensary-wordpress-plugins-2017/,content/posts/dispensary-wordpress-plugins-2017.md,article,Top Dispensary WordPress Plugins,informational,"developers, technical leaders, WordPress/WooCommerce users, and project evaluators",Top Dispensary WordPress Plugins,top dispensary wordpress plugins,WordPress SEO Plugins | Yoast SEO | WordPress Backup Plugins | UpdraftPlus | WordPress Security Plugins | Wordfence | WordPress Dispensary Plugins | WP Dispensary,Top Dispensary WordPress Plugins,H1: Top Dispensary WordPress Plugins | H2: WordPress SEO Plugins | H3: Yoast SEO | H2: WordPress Backup Plugins | H3: UpdraftPlus | H2: WordPress Security Plugins | H3: Wordfence | H2: WordPress Dispensary Plugins | H3: WP Dispensary | H2: WordPress Social Media Plugins | H3: MashShare | H2: Final notes | H2: Related Reading,787,2017-01-18,,first-hand narrative; outbound sources,no verified modified date,,retain; monitor search and citation performance
after,https://robertdevore.com/do-less-deliver-more/,content/posts/do-less-deliver-more.md,article,"Do Less, Deliver More",informational,"developers, technical leaders, WordPress/WooCommerce users, and project evaluators","Do Less, Deliver More","do less, deliver more",Focus | Cut More | Ship Less | Drop the Vanity | Own the Outcome | What’s Next? | Related Reading,"Do Less, Deliver More","H1: Do Less, Deliver More | H2: Focus | H2: Cut More | H2: Ship Less | H2: Drop the Vanity | H2: Own the Outcome | H2: What’s Next? | H2: Related Reading",1289,2025-04-21,,substantive depth; first-hand narrative; outbound sources,no verified modified date,,retain; monitor search and citation performance
after,https://robertdevore.com/docupress-documentation-plugin-for-wordpress/,content/posts/docupress-documentation-plugin-for-wordpress.md,article,DocuPress: documentation simplified.,informational,"developers, technical leaders, WordPress/WooCommerce users, and project evaluators",DocuPress: documentation simplified.,docupress: documentation simplified.,Why build a documentation plugin? | What does DocuPress actually do? | In the pipeline | DocuPress Demo | Where can I download DocuPress? | Related Reading,DocuPress: documentation simplified.,H1: DocuPress: documentation simplified. | H2: Why build a documentation plugin? | H2: What does DocuPress actually do? | H3: In the pipeline | H2: DocuPress Demo | H2: Where can I download DocuPress? | H2: Related Reading,612,2017-05-12,,code/example; first-hand narrative; outbound sources,no verified modified date,,retain; monitor search and citation performance
after,https://robertdevore.com/dont-shoot-the-messenger-choose-courage-over-convenience/,content/posts/dont-shoot-the-messenger-choose-courage-over-convenience.md,article,Don’t Shoot the Messenger: Choose Courage Over Convenience,informational,"developers, technical leaders, WordPress/WooCommerce users, and project evaluators",Don’t Shoot the Messenger: Choose Courage Over Convenience,don’t shoot the messenger: choose courage over convenience,Why Tone Policing is a Red Flag | Kevin Michael Geary | Early Career | Mid-Career Moves | Recent Actions | The Dust-Up | Why This Matters Beyond Kevin | We Need Clarity Over Comfort,Don’t Shoot the Messenger: Choose Courage Over Convenience,H1: Don’t Shoot the Messenger: Choose Courage Over Convenience | H2: Why Tone Policing is a Red Flag | H2: Kevin Michael Geary | H3: Early Career | H3: Mid-Career Moves | H3: Recent Actions | H2: The Dust-Up | H2: Why This Matters Beyond Kevin | H2: We Need Clarity Over Comfort | H2: Related Reading,920,2025-04-29,,substantive depth; first-hand narrative; outbound sources,no verified modified date,,retain; monitor search and citation performance
after,https://robertdevore.com/extreme-programming-for-extreme-leaders/,content/posts/extreme-programming-for-extreme-leaders.md,article,Extreme Programming for Extreme Leaders,informational,"developers, technical leaders, WordPress/WooCommerce users, and project evaluators",Extreme Programming for Extreme Leaders,extreme programming for extreme leaders,"How disciplined developers ship faster, adapt smarter, and lead with code | What is Extreme Programming? | Why Extreme Leaders Should Care | Core XP Principles That Map to Leadership | XP Practices to Integrate Into Your Workflow | When to Make It Your Own | I’ll leave you with this… | Related Reading",Extreme Programming for Extreme Leaders,"H1: Extreme Programming for Extreme Leaders | H2: How disciplined developers ship faster, adapt smarter, and lead with code | H3: What is Extreme Programming? | H3: Why Extreme Leaders Should Care | H3: Core XP Principles That Map to Leadership | H3: XP Practices to Integrate Into Your Workflow | H3: When to Make It Your Own | H3: I’ll leave you with this… | H2: Related Reading",741,2025-05-18,,first-hand narrative; outbound sources,no verified modified date,,retain; monitor search and citation performance
after,https://robertdevore.com/focus/,content/posts/focus.md,article,Focus,informational,"developers, technical leaders, WordPress/WooCommerce users, and project evaluators",Focus,focus,Finding Success | Becoming an expert | Related Reading,Focus,H1: Focus | H2: Finding Success | H2: Becoming an expert | H2: Related Reading,926,2015-10-07,,substantive depth; first-hand narrative; outbound sources,no verified modified date,,retain; monitor search and citation performance
after,https://robertdevore.com/forever-forward/,content/posts/forever-forward.md,article,Forever Forward,informational,"developers, technical leaders, WordPress/WooCommerce users, and project evaluators",Forever Forward,forever forward,What I brought back | After the software factory | The Jidoka Files | Extreme leadership made functional | Building something that can outlive me | Coming back different | Related Reading,Forever Forward,H1: Forever Forward | H2: What I brought back | H2: After the software factory | H2: The Jidoka Files | H2: Extreme leadership made functional | H2: Building something that can outlive me | H2: Coming back different | H2: Related Reading,1979,2026-08-08,,substantive depth; code/example; first-hand narrative; outbound sources,no verified modified date,,retain; monitor search and citation performance
after,https://robertdevore.com/going-all-in-one-year-later/,content/posts/going-all-in-one-year-later.md,article,Going all in: One year later,informational,"developers, technical leaders, WordPress/WooCommerce users, and project evaluators",Going all in: One year later,going all in: one year later,I've learned a lot in the last year | When life gets in the way | I've been freelancing again | Do I feel like a failure? | Adjusting to the changes | It's time for multiple streams of income | My Next Steps | Freelance WordPress Development,Going all in: One year later,H1: Going all in: One year later | H2: I've learned a lot in the last year | H3: When life gets in the way | H3: I've been freelancing again | H3: Do I feel like a failure? | H2: Adjusting to the changes | H3: It's time for multiple streams of income | H2: My Next Steps | H3: Freelance WordPress Development | H2: Related Reading,1245,2018-09-26,,substantive depth; first-hand narrative; outbound sources,no verified modified date,,retain; monitor search and citation performance
after,https://robertdevore.com/going-all-in-with-wp-dispensary/,content/posts/going-all-in-with-wp-dispensary.md,article,Going all in with WP Dispensary,informational,"developers, technical leaders, WordPress/WooCommerce users, and project evaluators",Going all in with WP Dispensary,going all in with wp dispensary,Taking the plunge | Will it work? | Follow along | Related Reading,Going all in with WP Dispensary,H1: Going all in with WP Dispensary | H2: Taking the plunge | H2: Will it work? | H2: Follow along | H2: Related Reading,629,2017-09-26,,first-hand narrative; outbound sources,no verified modified date,,retain; monitor search and citation performance
after,https://robertdevore.com/goodbye-wordpress-a-eulogy/,content/posts/goodbye-wordpress-a-eulogy.md,article,Goodbye WordPress: A Eulogy,informational,"developers, technical leaders, WordPress/WooCommerce users, and project evaluators",Goodbye WordPress: A Eulogy,goodbye wordpress: a eulogy,Let me be blunt | All’s fair in love and war | Here’s where I’m at now | What’s next? | Related Reading,Goodbye WordPress: A Eulogy,H1: Goodbye WordPress: A Eulogy | H2: Let me be blunt | H2: All’s fair in love and war | H2: Here’s where I’m at now | H2: What’s next? | H2: Related Reading,1194,2025-06-09,,substantive depth; first-hand narrative; outbound sources,no verified modified date,,retain; monitor search and citation performance
after,https://robertdevore.com/grateful-to-see-21-of-my-wordpress-plugins-live-on-at-webdevstudios/,content/posts/grateful-to-see-21-of-my-wordpress-plugins-live-on-at-webdevstudios.md,article,Grateful to See 20 of My WordPress Plugins Live On at WebDevStudios,informational,"developers, technical leaders, WordPress/WooCommerce users, and project evaluators",Grateful to See 20 of My WordPress Plugins Live On at WebDevStudios,grateful to see 20 of my wordpress plugins live on at webdevstudios,Here are the plugins WebDevStudios now maintains: | Related Reading,Grateful to See 20 of My WordPress Plugins Live On at WebDevStudios,H1: Grateful to See 20 of My WordPress Plugins Live On at WebDevStudios | H2: Here are the plugins WebDevStudios now maintains: | H2: Related Reading,463,2025-06-19,,first-hand narrative; outbound sources,no verified modified date,,retain; monitor search and citation performance
after,https://robertdevore.com/hello-2017/,content/posts/hello-2017.md,article,Hello 2017,informational,"developers, technical leaders, WordPress/WooCommerce users, and project evaluators",Hello 2017,hello 2017,Related Reading,Hello 2017,H1: Hello 2017 | H2: Related Reading,202,2017-01-02,,first-hand narrative; outbound sources,thin for a substantive destination; no verified modified date,,editorial review: clarify purpose and add only evidence-backed useful detail
after,https://robertdevore.com/hello-plugin-pal-your-ai-powered-plugin-generator-for-wordpress/,content/posts/hello-plugin-pal-your-ai-powered-plugin-generator-for-wordpress.md,article,"Hello, Plugin Pal: Your AI Powered Plugin Generator for WordPress®",commercial investigation / product discovery,"developers, technical leaders, WordPress/WooCommerce users, and project evaluators","Hello, Plugin Pal: Your AI Powered Plugin Generator for WordPress®","hello, plugin pal: your ai powered plugin generator for wordpress®","The Problem: Why WordPress® plugin development benefits from AI | The Solution: Plugin Pal and the power of AI | The Secret Sauce: Why Plugin Pal Works | It’s Built for Developers, by a Developer | It’s More Than Just Code Generation | It’s Low Barrier to Entry | The Bigger Picture: What Plugin Pal Represents | The Road Ahead","Hello, Plugin Pal: Your AI Powered Plugin Generator for WordPress®","H1: Hello, Plugin Pal: Your AI Powered Plugin Generator for WordPress® | H2: The Problem: Why WordPress® plugin development benefits from AI | H2: The Solution: Plugin Pal and the power of AI | H2: The Secret Sauce: Why Plugin Pal Works | H3: It’s Built for Developers, by a Developer | H3: It’s More Than Just Code Generation | H3: It’s Low Barrier to Entry | H2: The Bigger Picture: What Plugin Pal Represents | H2: The Road Ahead | H2: Related Reading",920,2025-01-28,,substantive depth; code/example; first-hand narrative; outbound sources,no verified modified date,,retain; monitor search and citation performance
after,https://robertdevore.com/honoring-jesse-petersen-with-the-revival-of-stealth-login-page/,content/posts/honoring-jesse-petersen-with-the-revival-of-stealth-login-page.md,article,Honoring Jesse Petersen with the Revival of “Stealth Login Page”,informational,"developers, technical leaders, WordPress/WooCommerce users, and project evaluators",Honoring Jesse Petersen with the Revival of “Stealth Login Page”,honoring jesse petersen with the revival of “stealth login page”,What Is Stealth Login Page? | Key Features | Why This Matters | A Personal Tribute to Jesse Petersen | How to Get the Plugin | Looking Ahead | Related Reading,Honoring Jesse Petersen with the Revival of “Stealth Login Page”,H1: Honoring Jesse Petersen with the Revival of “Stealth Login Page” | H2: What Is Stealth Login Page? | H3: Key Features | H2: Why This Matters | H3: A Personal Tribute to Jesse Petersen | H2: How to Get the Plugin | H3: Looking Ahead | H2: Related Reading,665,2025-01-09,,code/example; first-hand narrative; outbound sources,no verified modified date,,retain; monitor search and citation performance
after,https://robertdevore.com/host-your-wordpress-plugins-on-github-and-automate-plugin-packaging/,content/posts/host-your-wordpress-plugins-on-github-and-automate-plugin-packaging.md,article,Host Your WordPress Plugins on GitHub and Automate Plugin Packaging,commercial investigation / product discovery,"developers, technical leaders, WordPress/WooCommerce users, and project evaluators",Host Your WordPress Plugins on GitHub and Automate Plugin Packaging,host your wordpress plugins on github and automate plugin packaging,Step 1: Host Your Plugin on GitHub | 1.1. Create a New Repository | 1.2. Push Your Plugin Code to GitHub | 1.3. Create a GitHub Release for Easy Downloads | Step 2: Automate Plugin Packaging with a Bash Script | 2.1. Create the Bash Script | 2.2. Add an Alias for Convenience | 2.3. Use the Script,Host Your WordPress Plugins on GitHub and Automate Plugin Packaging,H1: Host Your WordPress Plugins on GitHub and Automate Plugin Packaging | H2: Step 1: Host Your Plugin on GitHub | H3: 1.1. Create a New Repository | H3: 1.2. Push Your Plugin Code to GitHub | H3: 1.3. Create a GitHub Release for Easy Downloads | H2: Step 2: Automate Plugin Packaging with a Bash Script | H3: 2.1. Create the Bash Script | H3: 2.2. Add an Alias for Convenience | H3: 2.3. Use the Script | H2: Step 3: Share Your Plugin | H2: Related Reading,738,2024-12-21,,code/example; first-hand narrative; outbound sources,no verified modified date,,retain; monitor search and citation performance
after,https://robertdevore.com/how-a-security-audit-can-save-your-e-commerce-store-from-disaster/,content/posts/how-a-security-audit-can-save-your-e-commerce-store-from-disaster.md,article,How a Security Audit Can Save Your E-Commerce Store from Disaster,informational / problem-solving,"developers, technical leaders, WordPress/WooCommerce users, and project evaluators",How a Security Audit Can Save Your E-Commerce Store from Disaster,how a security audit can save your e-commerce store from disaster,"1. You Are a Target, Even If You Think You Aren’t | 2. One Breach Can Wreck Your Reputation (Forever) | 3. Chargebacks, Fines, and Lawsuits – Oh My! | 4. Hackers Can Hijack Your Site (Without You Even Knowing) | 5. A Security Audit Costs Less Than a Breach | 6. Google Will Punish You for Being Insecure | 7. A Security Audit Finds the Holes Before Hackers Do | Stop Gambling With Your Business. Get a Security Audit.",How a Security Audit Can Save Your E-Commerce Store from Disaster,"H1: How a Security Audit Can Save Your E-Commerce Store from Disaster | H2: 1. You Are a Target, Even If You Think You Aren’t | H2: 2. One Breach Can Wreck Your Reputation (Forever) | H2: 3. Chargebacks, Fines, and Lawsuits – Oh My! | H2: 4. Hackers Can Hijack Your Site (Without You Even Knowing) | H2: 5. A Security Audit Costs Less Than a Breach | H2: 6. Google Will Punish You for Being Insecure | H2: 7. A Security Audit Finds the Holes Before Hackers Do | H2: Stop Gambling With Your Business. Get a Security Audit. | H2: Related Reading",925,2025-02-03,,substantive depth; first-hand narrative; outbound sources,no verified modified date,,retain; monitor search and citation performance
after,https://robertdevore.com/how-hungry-are-you/,content/posts/how-hungry-are-you.md,article,“How hungry are you?”,informational / problem-solving,"developers, technical leaders, WordPress/WooCommerce users, and project evaluators",“How hungry are you?”,“how hungry are you?”,"Thriving under pressure | So am I hitting pause, or not? | Time to eat | Related Reading",“How hungry are you?”,"H1: “How hungry are you?” | H2: Thriving under pressure | H2: So am I hitting pause, or not? | H2: Time to eat | H2: Related Reading",742,2022-11-15,,first-hand narrative; outbound sources,no verified modified date,,retain; monitor search and citation performance
after,https://robertdevore.com/how-i-use-textexpander-to-reuse-my-best-ai-prompts/,content/posts/how-i-use-textexpander-to-reuse-my-best-ai-prompts.md,article,How I Use TextExpander to Reuse My Best AI Prompts,informational / problem-solving,"developers, technical leaders, WordPress/WooCommerce users, and project evaluators",How I Use TextExpander to Reuse My Best AI Prompts,how i use textexpander to reuse my best ai prompts,Why I Keep My Prompts Outside the AI | The 4 Real Prompts I Reuse Most | 1. ;rdimg – Cyberpunk Image Prompt Profile | 2. ;chatscript – WordPress Plugin Standards Prompt | 3 ;bookreview – Strategic Book Breakdown | 4. ;articleseo – AI SEO Generation Prompt | Good Prompts Are Tools. Great Ones Are a System. | Want to build your own stack?,How I Use TextExpander to Reuse My Best AI Prompts,H1: How I Use TextExpander to Reuse My Best AI Prompts | H2: Why I Keep My Prompts Outside the AI | H2: The 4 Real Prompts I Reuse Most | H3: 1. ;rdimg – Cyberpunk Image Prompt Profile | H3: 2. ;chatscript – WordPress Plugin Standards Prompt | H3: 3 ;bookreview – Strategic Book Breakdown | H3: 4. ;articleseo – AI SEO Generation Prompt | H2: Good Prompts Are Tools. Great Ones Are a System. | H3: Want to build your own stack? | H2: Related Reading,814,2025-05-29,,code/example; first-hand narrative; outbound sources,no verified modified date,,retain; monitor search and citation performance
after,https://robertdevore.com/how-to-block-website-tracking-data-in-woocommerce/,content/posts/how-to-block-website-tracking-data-in-woocommerce.md,article,How to Block Website Tracking Data in WooCommerce®,informational / problem-solving,"developers, technical leaders, WordPress/WooCommerce users, and project evaluators",How to Block Website Tracking Data in WooCommerce®,how to block website tracking data in woocommerce®,Why Does This Plugin Matter? | How It Works | Blocks Outbound Requests | Logs Blocked Requests | Minimal and Efficient | How to Use It? | Debugging Example | Release Features (v1.0.0),How to Block Website Tracking Data in WooCommerce®,H1: How to Block Website Tracking Data in WooCommerce® | H2: Why Does This Plugin Matter? | H2: How It Works | H3: Blocks Outbound Requests | H3: Logs Blocked Requests | H3: Minimal and Efficient | H2: How to Use It? | H3: Debugging Example | H2: Release Features (v1.0.0) | H2: Why Use Tracking Blocker for WooCommerce®? | H3: Protect Your Privacy | H3: Keep WooCommerce Functionality Intact | H3: Transparency for Developers | H2: How to Get Started? | H2: Taking a Stand for Transparency | H2: Related Reading,622,2025-01-13,,code/example; first-hand narrative; outbound sources,no verified modified date,,retain; monitor search and citation performance
after,https://robertdevore.com/how-to-build-a-content-engine-that-scales-with-you/,content/posts/how-to-build-a-content-engine-that-scales-with-you.md,article,How to build a content engine that scales with you,informational / problem-solving,"developers, technical leaders, WordPress/WooCommerce users, and project evaluators",How to build a content engine that scales with you,how to build a content engine that scales with you,"Why You Burn Out Without a Content System | Step 1: Define Your Content Flywheel | 1. Start With a Core Format | 2. Spin It Into Derivatives | 3. Feed the Next Cycle | Step 2: Build a Content Calendar You Can Actually Stick To | 1. Start With Your Capacity | 2. Plan Around Energy, Not Just Time",How to build a content engine that scales with you,"H1: How to build a content engine that scales with you | H2: Why You Burn Out Without a Content System | H2: Step 1: Define Your Content Flywheel | H3: 1. Start With a Core Format | H3: 2. Spin It Into Derivatives | H3: 3. Feed the Next Cycle | H2: Step 2: Build a Content Calendar You Can Actually Stick To | H3: 1. Start With Your Capacity | H3: 2. Plan Around Energy, Not Just Time | H3: 3. Leave Room for Serendipity | H2: Step 3: Use AI Like a Team Member, Not a Toy | H3: 1. Use It for Idea Generation | H3: 2. Use It to Structure, Not Write | H3: 3. Use It to Repurpose | H2: Step 4: Create Templates That Cut Your Content Creation Time in Half | H3: 1. Writing Templates | H3: 2. Design Templates | H3: 3. Workflow Templates | H2: Mic-Drop Takeaway | H2: Related Reading",806,2025-05-27,,first-hand narrative; outbound sources,no verified modified date,,retain; monitor search and citation performance
after,https://robertdevore.com/how-to-build-modular-prompts-that-save-you-hours-per-week/,content/posts/how-to-build-modular-prompts-that-save-you-hours-per-week.md,article,How to Build Modular Prompts That Save You Hours Per Week,informational / problem-solving,"developers, technical leaders, WordPress/WooCommerce users, and project evaluators",How to Build Modular Prompts That Save You Hours Per Week,how to build modular prompts that save you hours per week,Why Modular Prompts Matter | What Modular Prompts Actually Are | The 5 Modules That Belong in Every Writer’s Kit | 1. Tone Module | 2. Structure Module | 3. Intent Module | 4. Voice Module | 5. Format Module,How to Build Modular Prompts That Save You Hours Per Week,H1: How to Build Modular Prompts That Save You Hours Per Week | H2: Why Modular Prompts Matter | H2: What Modular Prompts Actually Are | H2: The 5 Modules That Belong in Every Writer’s Kit | H3: 1. Tone Module | H3: 2. Structure Module | H3: 3. Intent Module | H3: 4. Voice Module | H3: 5. Format Module | H2: Assemble a Prompt Like a Pro | H3: Bonus: Create a “Prompt Builder” Snippet | H3: 🧠 Bonus Prompt: Prompt Your Prompt Builder | H2: 🔥 Mic-Drop Takeaway | H2: Related Reading,897,2025-05-24,,code/example; first-hand narrative; outbound sources,no verified modified date,,retain; monitor search and citation performance
after,https://robertdevore.com/how-to-customize-the-style-of-your-wordpress-login-screen/,content/posts/how-to-customize-the-style-of-your-wordpress-login-screen.md,article,How to customize the style of your WordPress login screen,informational / problem-solving,"developers, technical leaders, WordPress/WooCommerce users, and project evaluators",How to customize the style of your WordPress login screen,how to customize the style of your wordpress login screen,Using the new filter added in WP v5.2 | Adding your logo with a custom filter | Extending the code to work with the customizer | Adding a logo image from the customizer | Adding text & button link styles from the customizer | Changing the login screen background color | See the code in action | Related Reading,How to customize the style of your WordPress login screen,H1: How to customize the style of your WordPress login screen | H2: Using the new filter added in WP v5.2 | H2: Adding your logo with a custom filter | H2: Extending the code to work with the customizer | H3: Adding a logo image from the customizer | H3: Adding text & button link styles from the customizer | H3: Changing the login screen background color | H2: See the code in action | H2: Related Reading,845,2019-06-27,,code/example; first-hand narrative; outbound sources,no verified modified date,,retain; monitor search and citation performance
after,https://robertdevore.com/how-to-edit-ai-content-so-it-feels-clean-not-robotic/,content/posts/how-to-edit-ai-content-so-it-feels-clean-not-robotic.md,article,"How to edit AI content so it feels clean, not robotic",informational / problem-solving,"developers, technical leaders, WordPress/WooCommerce users, and project evaluators","How to edit AI content so it feels clean, not robotic","how to edit ai content so it feels clean, not robotic",Why AI Content Often Sounds Robotic | The 5-Part Editing Pass That Brings AI Content to Life | 1. Cut the Fat | 2. Break the Pattern | 3. Add Specificity | 4. Sharpen the Voice | 5. Trim the Ending | Bonus: Use a Real-Time Editing Layer,"How to edit AI content so it feels clean, not robotic","H1: How to edit AI content so it feels clean, not robotic | H2: Why AI Content Often Sounds Robotic | H2: The 5-Part Editing Pass That Brings AI Content to Life | H3: 1. Cut the Fat | H3: 2. Break the Pattern | H3: 3. Add Specificity | H3: 4. Sharpen the Voice | H3: 5. Trim the Ending | H2: Bonus: Use a Real-Time Editing Layer | H3: Prompt to Improve AI-Generated Drafts | H2: Mic-Drop Takeaway | H2: Related Reading",690,2025-05-25,,first-hand narrative; outbound sources,no verified modified date,,retain; monitor search and citation performance
after,https://robertdevore.com/how-to-stop-your-plugins-themes-from-being-used-on-wordpress-com-hosting/,content/posts/how-to-stop-your-plugins-themes-from-being-used-on-wordpress-com-hosting.md,article,How to Stop Your Plugins & Themes from Being Used on WordPress.com Hosting,informational / problem-solving,"developers, technical leaders, WordPress/WooCommerce users, and project evaluators",How to Stop Your Plugins & Themes from Being Used on WordPress.com Hosting,how to stop your plugins & themes from being used on wordpress.com hosting,The Code | How the Code Works | Centralized Helper Class | Automatic Deactivation | User Feedback | Improved Code Structure | How to Use the Class | Why Use This Code?,How to Stop Your Plugins & Themes from Being Used on WordPress.com Hosting,H1: How to Stop Your Plugins & Themes from Being Used on WordPress.com Hosting | H2: The Code | H2: How the Code Works | H3: Centralized Helper Class | H3: Automatic Deactivation | H3: User Feedback | H3: Improved Code Structure | H3: How to Use the Class | H2: Why Use This Code? | H3: Take a Stand for the Community | H3: Easy to Implement and Reuse | H3: Practical Benefits | H2: Related Reading,699,2024-12-22,,code/example; first-hand narrative; outbound sources,no verified modified date,,retain; monitor search and citation performance
after,https://robertdevore.com/how-to-teach-ai-to-match-your-voice/,content/posts/how-to-teach-ai-to-match-your-voice.md,article,How to teach AI to match your voice,informational / problem-solving,"developers, technical leaders, WordPress/WooCommerce users, and project evaluators",How to teach AI to match your voice,how to teach ai to match your voice,Why AI Struggles With Voice | How to Make AI Write Like _You_ | 1. Give It Real Voice Samples (Not Just Vibes) | 2. Ask It to Describe Your Voice – Then Edit the Description | 3. Create a “Sound Like Me” Prompt Wrapper | 4. Run a Voice Check – Every Time | 5. Fine-Tune With Contrast | Building Your Voice Layer,How to teach AI to match your voice,H1: How to teach AI to match your voice | H2: Why AI Struggles With Voice | H2: How to Make AI Write Like _You_ | H3: 1. Give It Real Voice Samples (Not Just Vibes) | H3: 2. Ask It to Describe Your Voice – Then Edit the Description | H3: 3. Create a “Sound Like Me” Prompt Wrapper | H3: 4. Run a Voice Check – Every Time | H3: 5. Fine-Tune With Contrast | H2: Building Your Voice Layer | H3: Bonus: Voice Calibration Prompt | H2: Mic Drop Takeaway | H2: Related Reading,788,2025-05-23,,first-hand narrative; outbound sources,no verified modified date,,retain; monitor search and citation performance
after,https://robertdevore.com/how-to-use-ai-to-research-validate-ideas-and-stay-relevant/,content/posts/how-to-use-ai-to-research-validate-ideas-and-stay-relevant.md,article,"How to Use AI to Research, Validate Ideas, and Stay Relevant",informational / problem-solving,"developers, technical leaders, WordPress/WooCommerce users, and project evaluators","How to Use AI to Research, Validate Ideas, and Stay Relevant","how to use ai to research, validate ideas, and stay relevant","Why Research _Matters_ Before You Write | 1. Use AI to Eavesdrop, Not Echo | 2. Validate the Angle Before You Commit | 3. Surface What’s Missing in the Conversation | 4. Zoom Out Before You Zoom In | 5. Get Out of Your Own Feed | The Research-to-Relevance Flow | Bonus: 3 Prompts to Sharpen Your Idea","How to Use AI to Research, Validate Ideas, and Stay Relevant","H1: How to Use AI to Research, Validate Ideas, and Stay Relevant | H2: Why Research _Matters_ Before You Write | H2: 1. Use AI to Eavesdrop, Not Echo | H2: 2. Validate the Angle Before You Commit | H2: 3. Surface What’s Missing in the Conversation | H2: 4. Zoom Out Before You Zoom In | H2: 5. Get Out of Your Own Feed | H2: The Research-to-Relevance Flow | H2: Bonus: 3 Prompts to Sharpen Your Idea | H2: Mic-Drop Takeaway | H2: Related Reading",1146,2025-05-21,,substantive depth; outbound sources,no verified modified date,,retain; monitor search and citation performance
after,https://robertdevore.com/how-to-write-prompts-that-get-the-tone-structure-and-intent-right/,content/posts/how-to-write-prompts-that-get-the-tone-structure-and-intent-right.md,article,"How to Write Prompts That Get the Tone, Structure, and Intent Right",informational / problem-solving,"developers, technical leaders, WordPress/WooCommerce users, and project evaluators","How to Write Prompts That Get the Tone, Structure, and Intent Right","how to write prompts that get the tone, structure, and intent right",Why This Matters | Why Most Prompts Fall Flat | What’s Missing? | The 3 Elements Every Prompt Needs | 1. Tone: _How should this feel?_ | 2. Structure: _What shape should this take?_ | 3. Intent: _What’s the takeaway?_ | Example Breakdown,"How to Write Prompts That Get the Tone, Structure, and Intent Right","H1: How to Write Prompts That Get the Tone, Structure, and Intent Right | H2: Why This Matters | H2: Why Most Prompts Fall Flat | H3: What’s Missing? | H2: The 3 Elements Every Prompt Needs | H3: 1. Tone: _How should this feel?_ | H3: 2. Structure: _What shape should this take?_ | H3: 3. Intent: _What’s the takeaway?_ | H2: Example Breakdown | H3: 🟡 Lazy Prompt: | H3: 🟢 Sharp Prompt: | H2: Build Your Prompt Toolkit | H3: Tone Modules | H3: Structure Modules | H3: Intent Modules | H2: 🧠 Bonus Move: Prompt Your Prompt | H2: 🔥 Mic-Drop Takeaway | H2: Related Reading",970,2025-05-22,,substantive depth; first-hand narrative; outbound sources,no verified modified date,,retain; monitor search and citation performance
after,https://robertdevore.com/hue-js/,content/posts/hue-js.md,article,? hue.js,informational,"developers, technical leaders, WordPress/WooCommerce users, and project evaluators",? hue.js,? hue.js,I forked a color picker for WordPress | Why a color picker for WordPress? | Sticking a fork in the Iris ? | Contributing to open source | ? hue.js download | Adding hue.js to your project | Bug reports & Pull requests | Related Reading,? hue.js,H1: ? hue.js | H2: I forked a color picker for WordPress | H2: Why a color picker for WordPress? | H2: Sticking a fork in the Iris ? | H2: Contributing to open source | H2: ? hue.js download | H2: Adding hue.js to your project | H3: Bug reports & Pull requests | H2: Related Reading,823,2018-04-03,,code/example; first-hand narrative; outbound sources,no verified modified date,,retain; monitor search and citation performance
after,https://robertdevore.com/i-built-a-python-stego-cipher-tool-and-you-can-have-it/,content/posts/i-built-a-python-stego-cipher-tool-and-you-can-have-it.md,article,I Built a Python Stego-Cipher Tool (And You Can Have It),commercial investigation / product discovery,"developers, technical leaders, WordPress/WooCommerce users, and project evaluators",I Built a Python Stego-Cipher Tool (And You Can Have It),i built a python stego-cipher tool (and you can have it),The Cipher Got Smarter | 1. Encrypts Messages with Quote-Based Scrambling | 2. Decrypts Messages Cleanly | 3. Hides Encrypted Messages in Images | 4. Command-Line Interface Included | 🧠 How It Works (Quick Version) | Grab the Python Code | 🔎 Demo Mode Included,I Built a Python Stego-Cipher Tool (And You Can Have It),H1: I Built a Python Stego-Cipher Tool (And You Can Have It) | H2: The Cipher Got Smarter | H3: 1. Encrypts Messages with Quote-Based Scrambling | H3: 2. Decrypts Messages Cleanly | H3: 3. Hides Encrypted Messages in Images | H3: 4. Command-Line Interface Included | H2: 🧠 How It Works (Quick Version) | H2: Grab the Python Code | H2: 🔎 Demo Mode Included | H2: 🧪 Use Cases | H2: Final Thought | H2: Related Reading,658,2025-06-09,,code/example; first-hand narrative; outbound sources,no verified modified date,,retain; monitor search and citation performance
after,https://robertdevore.com/i-just-launched-a-python-course-for-php-developers/,content/posts/i-just-launched-a-python-course-for-php-developers.md,article,I Just Launched a Python Course for PHP Developers,commercial investigation / product discovery,"developers, technical leaders, WordPress/WooCommerce users, and project evaluators",I Just Launched a Python Course for PHP Developers,i just launched a python course for php developers,"The WordPress Ecosystem is Broken (And Getting Worse) | Most PHP Devs Don’t Hate Python – They’re Just Stuck in Familiarity | This Isn’t “Python 101” – It’s a Translation Layer | Why I Built This (Hint: I Got Tired of Watching Good Devs Suffer) | The Real Benefits of Making the Switch | Who This Course Is Actually For | What You’ll Actually Learn (15 Lessons, No Fluff) | Ready to Write Code You’re Actually Proud Of?",I Just Launched a Python Course for PHP Developers,"H1: I Just Launched a Python Course for PHP Developers | H2: The WordPress Ecosystem is Broken (And Getting Worse) | H2: Most PHP Devs Don’t Hate Python – They’re Just Stuck in Familiarity | H2: This Isn’t “Python 101” – It’s a Translation Layer | H2: Why I Built This (Hint: I Got Tired of Watching Good Devs Suffer) | H2: The Real Benefits of Making the Switch | H2: Who This Course Is Actually For | H2: What You’ll Actually Learn (15 Lessons, No Fluff) | H2: Ready to Write Code You’re Actually Proud Of? | H2: Related Reading",1495,2025-06-18,,substantive depth; code/example; first-hand narrative; outbound sources,no verified modified date,,retain; monitor search and citation performance
after,https://robertdevore.com/im-freelancing-again/,content/posts/im-freelancing-again.md,article,I’m freelancing again,informational,"developers, technical leaders, WordPress/WooCommerce users, and project evaluators",I’m freelancing again,i’m freelancing again,What I Offer | 🔧 Custom Development | 🔐 Security Audits | ⚡ Performance Optimization | 🚀 MVP Website Builds | 🛠 Retainer Support | 🤘 Have Something Else in Mind? | Related Reading,I’m freelancing again,H1: I’m freelancing again | H2: What I Offer | H3: 🔧 Custom Development | H3: 🔐 Security Audits | H3: ⚡ Performance Optimization | H3: 🚀 MVP Website Builds | H3: 🛠 Retainer Support | H3: 🤘 Have Something Else in Mind? | H2: Related Reading,735,2025-02-15,,first-hand narrative; outbound sources,no verified modified date,,retain; monitor search and citation performance
after,https://robertdevore.com/improve-cls-scores-by-dynamically-setting-image-width-and-height/,content/posts/improve-cls-scores-by-dynamically-setting-image-width-and-height.md,article,Improve CLS scores by dynamically setting image width and height,informational / problem-solving,"developers, technical leaders, WordPress/WooCommerce users, and project evaluators",Improve CLS scores by dynamically setting image width and height,improve cls scores by dynamically setting image width and height,"What’s CLS, Anyway? | The issue with your images | Get media ID by image URL | Get width and height by image ID | Get the explicit width and height for HTML output | Bringing it all together | What do you think? | Related Reading",Improve CLS scores by dynamically setting image width and height,"H1: Improve CLS scores by dynamically setting image width and height | H2: What’s CLS, Anyway? | H2: The issue with your images | H2: Get media ID by image URL | H2: Get width and height by image ID | H2: Get the explicit width and height for HTML output | H2: Bringing it all together | H2: What do you think? | H2: Related Reading",873,2023-10-23,,code/example; first-hand narrative; outbound sources,no verified modified date,,retain; monitor search and citation performance
after,https://robertdevore.com/intellipress-the-smart-af-ai-assistant-for-wordpress/,content/posts/intellipress-the-smart-af-ai-assistant-for-wordpress.md,article,IntelliPress: The Smart AF AI Assistant for WordPress®,informational,"developers, technical leaders, WordPress/WooCommerce users, and project evaluators",IntelliPress: The Smart AF AI Assistant for WordPress®,intellipress: the smart af ai assistant for wordpress®,What the Hell is IntelliPress? 🤔 | What Can It Do? | How It Works (AKA: How It Saves Your Ass) | 1. Write Content Without the Pain | 2. SEO Without the Guesswork | 3. AI-Generated Images That Don’t Suck | 4. Turn Words into Audio | Why You Need This Plugin,IntelliPress: The Smart AF AI Assistant for WordPress®,"H1: IntelliPress: The Smart AF AI Assistant for WordPress® | H2: What the Hell is IntelliPress? 🤔 | H3: What Can It Do? | H2: How It Works (AKA: How It Saves Your Ass) | H3: 1. Write Content Without the Pain | H3: 2. SEO Without the Guesswork | H3: 3. AI-Generated Images That Don’t Suck | H3: 4. Turn Words into Audio | H2: Why You Need This Plugin | H2: Work Smarter, Not Dumber ‘r | H2: Related Reading",557,2025-01-31,,first-hand narrative; outbound sources,no verified modified date,,retain; monitor search and citation performance
after,https://robertdevore.com/introducing-an-experimental-new-plugin-email-designer-for-woocommerce/,content/posts/introducing-an-experimental-new-plugin-email-designer-for-woocommerce.md,article,Introducing an experimental new plugin: Email Designer for WooCommerce®,commercial investigation / product discovery,"developers, technical leaders, WordPress/WooCommerce users, and project evaluators",Introducing an experimental new plugin: Email Designer for WooCommerce®,introducing an experimental new plugin: email designer for woocommerce®,What is Email Designer for WooCommerce? | Key Features in Version 0.1: | Current Shortcomings (A Work in Progress) | 1. Lack of Blocks for Order Details | 2. Custom CSS Challenges | 3. WooCommerce’s Lack of Gutenberg Adoption | Why I’m Building This | Let’s Talk,Introducing an experimental new plugin: Email Designer for WooCommerce®,H1: Introducing an experimental new plugin: Email Designer for WooCommerce® | H2: What is Email Designer for WooCommerce? | H3: Key Features in Version 0.1: | H2: Current Shortcomings (A Work in Progress) | H3: 1. Lack of Blocks for Order Details | H3: 2. Custom CSS Challenges | H3: 3. WooCommerce’s Lack of Gutenberg Adoption | H2: Why I’m Building This | H2: Let’s Talk | H2: Related Reading,676,2025-02-12,,code/example; first-hand narrative; outbound sources,no verified modified date,,retain; monitor search and citation performance
after,https://robertdevore.com/introducing-associated-taxonomies-for-wordpress/,content/posts/introducing-associated-taxonomies-for-wordpress.md,article,Introducing Associated Taxonomies for WordPress®,commercial investigation / product discovery,"developers, technical leaders, WordPress/WooCommerce users, and project evaluators",Introducing Associated Taxonomies for WordPress®,introducing associated taxonomies for wordpress®,Why I Built Associated Taxonomies | Key Features | How It Works | Associating Terms | Displaying Associated Terms | Displaying Posts by Related Terms | Get Started | A Note to the Community,Introducing Associated Taxonomies for WordPress®,H1: Introducing Associated Taxonomies for WordPress® | H2: Why I Built Associated Taxonomies | H2: Key Features | H2: How It Works | H3: Associating Terms | H3: Displaying Associated Terms | H3: Displaying Posts by Related Terms | H2: Get Started | H2: A Note to the Community | H2: Related Reading,503,2024-12-09,,code/example; first-hand narrative; outbound sources,no verified modified date,,retain; monitor search and citation performance
after,https://robertdevore.com/introducing-automattic-css-an-open-source-css-utility-framework/,content/posts/introducing-automattic-css-an-open-source-css-utility-framework.md,article,Introducing automattic.css – An open source CSS Utility Framework,commercial investigation / product discovery,"developers, technical leaders, WordPress/WooCommerce users, and project evaluators",Introducing automattic.css – An open source CSS Utility Framework,introducing automattic.css – an open source css utility framework,"Why I Built It | Plus, a bit of backstory | What’s in v0.1.0 | What’s Missing (and Coming) | Proving It Works: The Demo Template | Why Launch Now? | Roadmap | Get Started",Introducing automattic.css – An open source CSS Utility Framework,"H1: Introducing automattic.css – An open source CSS Utility Framework | H2: Why I Built It | H2: Plus, a bit of backstory | H2: What’s in v0.1.0 | H3: What’s Missing (and Coming) | H3: Proving It Works: The Demo Template | H3: Why Launch Now? | H3: Roadmap | H3: Get Started | H2: Related Reading",755,2025-05-22,,code/example; first-hand narrative; outbound sources,no verified modified date,,retain; monitor search and citation performance
after,https://robertdevore.com/introducing-back-in-stock-notifications-for-woocommerce/,content/posts/introducing-back-in-stock-notifications-for-woocommerce.md,article,Introducing Back In Stock Notifications for WooCommerce®,commercial investigation / product discovery,"developers, technical leaders, WordPress/WooCommerce users, and project evaluators",Introducing Back In Stock Notifications for WooCommerce®,introducing back in stock notifications for woocommerce®,Why Back In Stock Notifications? | Key Features | Automated Notifications | Real-Time Demand Analytics | Customizable Email Templates | Automatic Updates with Plugin Update Checker | Who Should Use Back In Stock Notifications? | Getting Started with Back In Stock Notifications,Introducing Back In Stock Notifications for WooCommerce®,H1: Introducing Back In Stock Notifications for WooCommerce® | H2: Why Back In Stock Notifications? | H2: Key Features | H3: Automated Notifications | H3: Real-Time Demand Analytics | H3: Customizable Email Templates | H3: Automatic Updates with Plugin Update Checker | H2: Who Should Use Back In Stock Notifications? | H2: Getting Started with Back In Stock Notifications | H3: Step 1: Install the Plugin | H3: Step 2: Configure and Customize | H3: Step 3: Analyze and Adjust | H2: What’s Next? | H3: Upcoming Features: | H2: Related Reading,878,2024-10-31,,code/example; first-hand narrative; outbound sources,no verified modified date,,retain; monitor search and citation performance
after,https://robertdevore.com/introducing-barcodes-for-woocommerce-free/,content/posts/introducing-barcodes-for-woocommerce-free.md,article,Introducing Barcodes for WooCommerce® (free),commercial investigation / product discovery,"developers, technical leaders, WordPress/WooCommerce users, and project evaluators",Introducing Barcodes for WooCommerce® (free),introducing barcodes for woocommerce® (free),🚀 Key Features of v0.0.1 | 1. Order QR Codes | 2. Product QR Codes | 3. Customizable QR Codes | 4. Batch Barcode Generation | 🛠️ How to Get Started | 🔮 What’s Next? | 1. More Barcode Types,Introducing Barcodes for WooCommerce® (free),H1: Introducing Barcodes for WooCommerce® (free) | H2: 🚀 Key Features of v0.0.1 | H3: 1. Order QR Codes | H3: 2. Product QR Codes | H3: 3. Customizable QR Codes | H3: 4. Batch Barcode Generation | H2: 🛠️ How to Get Started | H2: 🔮 What’s Next? | H3: 1. More Barcode Types | H3: 2. Advanced Scanning Tools | H3: 3. Enhanced QR Code Customization | H3: 4. Insights and Analytics | H2: 📣 I Want Your Feedback | H2: 📈 Why Barcodes for WooCommerce? | H2: 🔗 Download and Try Barcodes for WooCommerce | H2: Related Reading,831,2024-11-20,,first-hand narrative; outbound sources,no verified modified date,,retain; monitor search and citation performance
after,https://robertdevore.com/introducing-benchpress/,content/posts/introducing-benchpress.md,article,Introducing BenchPress: Performance Benchmarks for WordPress®,commercial investigation / product discovery,"developers, technical leaders, WordPress/WooCommerce users, and project evaluators",Introducing BenchPress: Performance Benchmarks for WordPress®,introducing benchpress: performance benchmarks for wordpress®,🎉 What is BenchPress? | 🔥 Features at a Glance | 🔧 How to Use BenchPress | 🎛 Adding Custom Benchmarks | 📊 Why Use BenchPress? | 🚀 Ready to Dive In? | Related Reading,Introducing BenchPress: Performance Benchmarks for WordPress®,H1: Introducing BenchPress: Performance Benchmarks for WordPress® | H2: 🎉 What is BenchPress? | H2: 🔥 Features at a Glance | H2: 🔧 How to Use BenchPress | H2: 🎛 Adding Custom Benchmarks | H2: 📊 Why Use BenchPress? | H2: 🚀 Ready to Dive In? | H2: Related Reading,465,2024-11-11,,code/example; first-hand narrative; outbound sources,no verified modified date,,retain; monitor search and citation performance
after,https://robertdevore.com/introducing-block-ai-crawlers-for-wordpress/,content/posts/introducing-block-ai-crawlers-for-wordpress.md,article,Introducing Block AI Crawlers for WordPress®,informational / problem-solving,"developers, technical leaders, WordPress/WooCommerce users, and project evaluators",Introducing Block AI Crawlers for WordPress®,introducing block ai crawlers for wordpress®,Why Block AI Crawlers? | How It Works | A Simple Yet Powerful Feature | Features at a Glance | How to Get Started | Join the Conversation | Empowering the WordPress Community | Related Reading,Introducing Block AI Crawlers for WordPress®,H1: Introducing Block AI Crawlers for WordPress® | H2: Why Block AI Crawlers? | H2: How It Works | H2: A Simple Yet Powerful Feature | H2: Features at a Glance | H2: How to Get Started | H2: Join the Conversation | H2: Empowering the WordPress Community | H2: Related Reading,565,2025-01-13,,code/example; first-hand narrative; outbound sources,no verified modified date,,retain; monitor search and citation performance
after,https://robertdevore.com/introducing-bluesky-feed-for-wordpress/,content/posts/introducing-bluesky-feed-for-wordpress.md,article,Introducing Bluesky Feed for WordPress®,commercial investigation / product discovery,"developers, technical leaders, WordPress/WooCommerce users, and project evaluators",Introducing Bluesky Feed for WordPress®,introducing bluesky feed for wordpress®,What Is Bluesky Feed for WordPress®? | Features | Widgets & Shortcodes | Customizable Display Options | Live Admin Preview | Responsive Design | How to Get Started | Step 1: Install the Plugin,Introducing Bluesky Feed for WordPress®,H1: Introducing Bluesky Feed for WordPress® | H2: What Is Bluesky Feed for WordPress®? | H2: Features | H3: Widgets & Shortcodes | H3: Customizable Display Options | H3: Live Admin Preview | H3: Responsive Design | H2: How to Get Started | H3: Step 1: Install the Plugin | H3: Step 2: Configure Settings | H3: Step 3: Add the Feed to Your Site | H2: What’s Next? | H2: Related Reading,569,2024-12-02,,code/example; first-hand narrative; outbound sources,no verified modified date,,retain; monitor search and citation performance
after,https://robertdevore.com/introducing-brands-for-woocommerce-free/,content/posts/introducing-brands-for-woocommerce-free.md,article,Introducing Brands for WooCommerce® (free),commercial investigation / product discovery,"developers, technical leaders, WordPress/WooCommerce users, and project evaluators",Introducing Brands for WooCommerce® (free),introducing brands for woocommerce® (free),What’s Included in v1.0.0 🚀 | Full Brand Management | Three Powerful Shortcodes | Custom Widgets | Seamless WooCommerce® Integration | REST API Support | Developer-Friendly | Why Free?,Introducing Brands for WooCommerce® (free),H1: Introducing Brands for WooCommerce® (free) | H2: What’s Included in v1.0.0 🚀 | H3: Full Brand Management | H3: Three Powerful Shortcodes | H3: Custom Widgets | H3: Seamless WooCommerce® Integration | H3: REST API Support | H3: Developer-Friendly | H2: Why Free? | H2: How to Get Started 👀 | H3: Installation | H3: Usage | H2: Looking Ahead 👀 | H2: Related Reading,623,2024-11-15,,code/example; first-hand narrative; outbound sources,no verified modified date,,retain; monitor search and citation performance
after,https://robertdevore.com/introducing-broken-image-scanner/,content/posts/introducing-broken-image-scanner.md,article,Introducing Broken Image Scanner,commercial investigation / product discovery,"developers, technical leaders, WordPress/WooCommerce users, and project evaluators",Introducing Broken Image Scanner,introducing broken image scanner,What Does the Plugin Do? | Why Is This Useful? | How to Use the Plugin | What’s Under the Hood? | Who Should Use This Plugin? | Why I Built This Plugin | Related Reading,Introducing Broken Image Scanner,H1: Introducing Broken Image Scanner | H2: What Does the Plugin Do? | H2: Why Is This Useful? | H2: How to Use the Plugin | H2: What’s Under the Hood? | H2: Who Should Use This Plugin? | H2: Why I Built This Plugin | H2: Related Reading,766,2025-01-14,,code/example; first-hand narrative; outbound sources,no verified modified date,,retain; monitor search and citation performance
after,https://robertdevore.com/introducing-bulk-stock-management-for-woocommerce-free/,content/posts/introducing-bulk-stock-management-for-woocommerce-free.md,article,Introducing Bulk Stock Management for WooCommerce® (free),commercial investigation / product discovery,"developers, technical leaders, WordPress/WooCommerce users, and project evaluators",Introducing Bulk Stock Management for WooCommerce® (free),introducing bulk stock management for woocommerce® (free),Why I Built This Plugin | Key Features | ⚡ Bulk Stock Management | 📊 Stock Reporting | 🛠️ AJAX-Powered Interface | 🔍 Out-of-Stock Insights | 🎛️ Customizable Settings | How to Get Started,Introducing Bulk Stock Management for WooCommerce® (free),H1: Introducing Bulk Stock Management for WooCommerce® (free) | H2: Why I Built This Plugin | H2: Key Features | H3: ⚡ Bulk Stock Management | H3: 📊 Stock Reporting | H3: 🛠️ AJAX-Powered Interface | H3: 🔍 Out-of-Stock Insights | H3: 🎛️ Customizable Settings | H2: How to Get Started | H2: What’s Next? | H2: Special Thanks | H2: Join the Conversation | H2: Download Now | H2: Related Reading,552,2024-11-27,,first-hand narrative; outbound sources,no verified modified date,,retain; monitor search and citation performance
after,https://robertdevore.com/introducing-content-restriction-for-wordpress/,content/posts/introducing-content-restriction-for-wordpress.md,article,Introducing Content Restriction for WordPress®,commercial investigation / product discovery,"developers, technical leaders, WordPress/WooCommerce users, and project evaluators",Introducing Content Restriction for WordPress®,introducing content restriction for wordpress®,Key Features | How to Use Content Restriction for WordPress® | 1. Setting Up Global Restrictions | 2. Applying Individual Restrictions | Filters and Developer Customization | Installation and Getting Started | FAQs | Future plans,Introducing Content Restriction for WordPress®,H1: Introducing Content Restriction for WordPress® | H2: Key Features | H2: How to Use Content Restriction for WordPress® | H3: 1. Setting Up Global Restrictions | H3: 2. Applying Individual Restrictions | H2: Filters and Developer Customization | H2: Installation and Getting Started | H2: FAQs | H2: Future plans | H2: Related Reading,642,2024-11-11,,code/example; first-hand narrative; outbound sources,no verified modified date,,retain; monitor search and citation performance
after,https://robertdevore.com/introducing-delete-inactive-users/,content/posts/introducing-delete-inactive-users.md,article,Introducing Delete Inactive Users,commercial investigation / product discovery,"developers, technical leaders, WordPress/WooCommerce users, and project evaluators",Introducing Delete Inactive Users,introducing delete inactive users,Why I Built This Plugin | What Does Delete Inactive Users Do? | Key Features at a Glance | How It Works | Who Is This Plugin For? | Get Started Today | Feedback and Contributions | Related Reading,Introducing Delete Inactive Users,H1: Introducing Delete Inactive Users | H2: Why I Built This Plugin | H2: What Does Delete Inactive Users Do? | H2: Key Features at a Glance | H2: How It Works | H2: Who Is This Plugin For? | H2: Get Started Today | H2: Feedback and Contributions | H2: Related Reading,455,2024-12-29,,code/example; first-hand narrative; outbound sources,no verified modified date,,retain; monitor search and citation performance
after,https://robertdevore.com/introducing-digg-this-a-social-sharing-plugin-for-wordpress/,content/posts/introducing-digg-this-a-social-sharing-plugin-for-wordpress.md,article,Introducing Digg This: A social sharing plugin for WordPress®,commercial investigation / product discovery,"developers, technical leaders, WordPress/WooCommerce users, and project evaluators",Introducing Digg This: A social sharing plugin for WordPress®,introducing digg this: a social sharing plugin for wordpress®,What Makes Digg This Different? | Why I Built This | Features That Matter | Who Should Use It? | Get It Now | Related Reading,Introducing Digg This: A social sharing plugin for WordPress®,H1: Introducing Digg This: A social sharing plugin for WordPress® | H2: What Makes Digg This Different? | H2: Why I Built This | H2: Features That Matter | H2: Who Should Use It? | H2: Get It Now | H2: Related Reading,517,2025-02-07,,first-hand narrative; outbound sources,no verified modified date,,retain; monitor search and citation performance
after,https://robertdevore.com/introducing-dispensary-details-for-woocommerce/,content/posts/introducing-dispensary-details-for-woocommerce.md,article,Introducing Dispensary Details for WooCommerce®,commercial investigation / product discovery,"developers, technical leaders, WordPress/WooCommerce users, and project evaluators",Introducing Dispensary Details for WooCommerce®,introducing dispensary details for woocommerce®,Why Dispensary Details for WooCommerce® Matters | Product-Specific Enhancements | Custom WooCommerce Settings | Why Open Source Matters for the Cannabis Industry | Download It for Free | Related Reading,Introducing Dispensary Details for WooCommerce®,H1: Introducing Dispensary Details for WooCommerce® | H2: Why Dispensary Details for WooCommerce® Matters | H3: Product-Specific Enhancements | H3: Custom WooCommerce Settings | H2: Why Open Source Matters for the Cannabis Industry | H2: Download It for Free | H2: Related Reading,623,2025-02-26,,first-hand narrative; outbound sources,no verified modified date,,retain; monitor search and citation performance
after,https://robertdevore.com/introducing-gallery-modals-enhance-your-wordpress-galleries-with-stunning-popups/,content/posts/introducing-gallery-modals-enhance-your-wordpress-galleries-with-stunning-popups.md,article,Introducing Gallery Modals: Enhance Your WordPress® Galleries with Stunning Popups!,commercial investigation / product discovery,"developers, technical leaders, WordPress/WooCommerce users, and project evaluators",Introducing Gallery Modals: Enhance Your WordPress® Galleries with Stunning Popups!,introducing gallery modals: enhance your wordpress® galleries with stunning popups!,Elevate Your Gallery Experience | Key Features: | Why Gallery Modals? | Get Started Quickly | Customization at Your Fingertips | Looking Ahead | Related Reading,Introducing Gallery Modals: Enhance Your WordPress® Galleries with Stunning Popups!,H1: Introducing Gallery Modals: Enhance Your WordPress® Galleries with Stunning Popups! | H2: Elevate Your Gallery Experience | H3: Key Features: | H2: Why Gallery Modals? | H2: Get Started Quickly | H2: Customization at Your Fingertips | H2: Looking Ahead | H2: Related Reading,607,2024-10-28,,first-hand narrative; outbound sources,no verified modified date,,retain; monitor search and citation performance
after,https://robertdevore.com/introducing-gift-cards-for-woocommerce-free/,content/posts/introducing-gift-cards-for-woocommerce-free.md,article,Introducing Gift Cards for WooCommerce® (free),commercial investigation / product discovery,"developers, technical leaders, WordPress/WooCommerce users, and project evaluators",Introducing Gift Cards for WooCommerce® (free),introducing gift cards for woocommerce® (free),Key Features | 1. Admin Management Dashboard | 2. Bulk Import and Export | 3. Product Integration | 4. Customer Experience Enhancements | 5. Automated Email Notifications | Installation | 1. Download the Plugin,Introducing Gift Cards for WooCommerce® (free),H1: Introducing Gift Cards for WooCommerce® (free) | H2: Key Features | H3: 1. Admin Management Dashboard | H3: 2. Bulk Import and Export | H3: 3. Product Integration | H3: 4. Customer Experience Enhancements | H3: 5. Automated Email Notifications | H2: Installation | H3: 1. Download the Plugin | H3: 2. Upload and Activate | H3: 3. Initial Setup | H2: Getting Started | H3: Admin Dashboard | H3: Managing Gift Cards | H3: Importing and Exporting Gift Cards | H3: Integrating Gift Cards with Products | H3: Customer Experience | H2: Future Enhancements | H2: Support and Feedback | H2: Related Reading,1068,2024-11-06,,substantive depth; code/example; first-hand narrative; outbound sources,no verified modified date,,retain; monitor search and citation performance
after,https://robertdevore.com/introducing-hpos-compatibility-scanner-for-woocommerce-free/,content/posts/introducing-hpos-compatibility-scanner-for-woocommerce-free.md,article,Introducing HPOS Compatibility Scanner for WooCommerce® (free),commercial investigation / product discovery,"developers, technical leaders, WordPress/WooCommerce users, and project evaluators",Introducing HPOS Compatibility Scanner for WooCommerce® (free),introducing hpos compatibility scanner for woocommerce® (free),Why This Plugin? | What Does HPOS Compatibility Scanner Do? | Why Should WooCommerce® Have Built This? | How to Use HPOS Compatibility Scanner | What’s Next? | Get Involved | Related Reading,Introducing HPOS Compatibility Scanner for WooCommerce® (free),H1: Introducing HPOS Compatibility Scanner for WooCommerce® (free) | H2: Why This Plugin? | H2: What Does HPOS Compatibility Scanner Do? | H2: Why Should WooCommerce® Have Built This? | H2: How to Use HPOS Compatibility Scanner | H2: What’s Next? | H2: Get Involved | H2: Related Reading,516,2024-12-19,,code/example; first-hand narrative; outbound sources,no verified modified date,,retain; monitor search and citation performance
after,https://robertdevore.com/introducing-img-a11y/,content/posts/introducing-img-a11y.md,article,Introducing IMG A11Y,commercial investigation / product discovery,"developers, technical leaders, WordPress/WooCommerce users, and project evaluators",Introducing IMG A11Y,introducing img a11y,Key Features | Why I Built IMG A11Y | How to Get Started | What’s Next for IMG A11Y | Try IMG A11Y Today | Related Reading,Introducing IMG A11Y,H1: Introducing IMG A11Y | H2: Key Features | H2: Why I Built IMG A11Y | H2: How to Get Started | H2: What’s Next for IMG A11Y | H2: Try IMG A11Y Today | H2: Related Reading,495,2024-12-13,,first-hand narrative; outbound sources,no verified modified date,,retain; monitor search and citation performance
after,https://robertdevore.com/introducing-intellipress-the-smart-ai-assistant-for-wordpress/,content/posts/introducing-intellipress-the-smart-ai-assistant-for-wordpress.md,article,Introducing IntelliPress: The Smart Ai Assistant for WordPress,commercial investigation / product discovery,"developers, technical leaders, WordPress/WooCommerce users, and project evaluators",Introducing IntelliPress: The Smart Ai Assistant for WordPress,introducing intellipress: the smart ai assistant for wordpress,WordPress + AI = 😍 | The Idea: aka “I wonder if” … | The next two weeks were a blur | What’s under the hood? | Generate content seamlessly in Gutenberg | Optimize SEO with Yoast | Analyze Your Content and Generate Categories | Generate featured images instantly with Pexels integration,Introducing IntelliPress: The Smart Ai Assistant for WordPress,H1: Introducing IntelliPress: The Smart Ai Assistant for WordPress | H2: WordPress + AI = 😍 | H2: The Idea: aka “I wonder if” … | H2: The next two weeks were a blur | H2: What’s under the hood? | H3: Generate content seamlessly in Gutenberg | H3: Optimize SEO with Yoast | H2: Analyze Your Content and Generate Categories | H2: Generate featured images instantly with Pexels integration | H3: Summarize your content with the TLDR block | H2: Try out IntelliPress today | H2: Related Reading,949,2023-05-31,,substantive depth; first-hand narrative; outbound sources,no verified modified date,,retain; monitor search and citation performance
after,https://robertdevore.com/introducing-maintenance-mode-for-wordpress/,content/posts/introducing-maintenance-mode-for-wordpress.md,article,Introducing Maintenance Mode for WordPress®,commercial investigation / product discovery,"developers, technical leaders, WordPress/WooCommerce users, and project evaluators",Introducing Maintenance Mode for WordPress®,introducing maintenance mode for wordpress®,"Why Maintenance Mode for WordPress® Stands Out | 1. Native WordPress® Experience | 2. No Bloat, Just Focus | 3. Total Control | How It Works | Customization for Developers | Maintenance Mode Example | Why I Built This Plugin",Introducing Maintenance Mode for WordPress®,"H1: Introducing Maintenance Mode for WordPress® | H2: Why Maintenance Mode for WordPress® Stands Out | H3: 1. Native WordPress® Experience | H3: 2. No Bloat, Just Focus | H3: 3. Total Control | H2: How It Works | H2: Customization for Developers | H2: Maintenance Mode Example | H3: Why I Built This Plugin | H3: What’s Next? | H3: Final Thoughts | H2: Related Reading",807,2024-12-08,,code/example; first-hand narrative; outbound sources,no verified modified date,,retain; monitor search and citation performance
after,https://robertdevore.com/introducing-markdown-comments-for-wordpress/,content/posts/introducing-markdown-comments-for-wordpress.md,article,Introducing: Markdown Comments for WordPress®,commercial investigation / product discovery,"developers, technical leaders, WordPress/WooCommerce users, and project evaluators",Introducing: Markdown Comments for WordPress®,introducing: markdown comments for wordpress®,Meet the Plugin | Why I Built It | How to Install | What’s Next | Related Reading,Introducing: Markdown Comments for WordPress®,H1: Introducing: Markdown Comments for WordPress® | H2: Meet the Plugin | H2: Why I Built It | H2: How to Install | H2: What’s Next | H2: Related Reading,513,2025-06-05,,code/example; first-hand narrative; outbound sources,no verified modified date,,retain; monitor search and citation performance
after,https://robertdevore.com/introducing-markdown-exporter-for-wordpress/,content/posts/introducing-markdown-exporter-for-wordpress.md,article,Introducing Markdown Exporter for WordPress®,commercial investigation / product discovery,"developers, technical leaders, WordPress/WooCommerce users, and project evaluators",Introducing Markdown Exporter for WordPress®,introducing markdown exporter for wordpress®,Why _Another_ Plugin? | Introducing Markdown Exporter for WordPress® | Key Features: | Seamless Integration with Stattic | Why Use Markdown with Stattic? | Getting Started | Installation | Usage,Introducing Markdown Exporter for WordPress®,H1: Introducing Markdown Exporter for WordPress® | H2: Why _Another_ Plugin? | H2: Introducing Markdown Exporter for WordPress® | H3: Key Features: | H2: Seamless Integration with Stattic | H3: Why Use Markdown with Stattic? | H2: Getting Started | H3: Installation | H3: Usage | H2: Why This Plugin Matters to Me | H2: Join the Journey | H2: Thank You! | H2: Related Reading,935,2024-11-12,,substantive depth; code/example; first-hand narrative; outbound sources,no verified modified date,,retain; monitor search and citation performance
after,https://robertdevore.com/introducing-media-copyright-scanner/,content/posts/introducing-media-copyright-scanner.md,article,Introducing Media Copyright Scanner,commercial investigation / product discovery,"developers, technical leaders, WordPress/WooCommerce users, and project evaluators",Introducing Media Copyright Scanner,introducing media copyright scanner,Comprehensive Scanning | User-Friendly Interface | Actionable Results | Customizable and Extensible | Why This Plugin Matters | Mitigate Legal Risks | Support Ethical Practices | Save Time and Resources,Introducing Media Copyright Scanner,H1: Introducing Media Copyright Scanner | H2: Comprehensive Scanning | H2: User-Friendly Interface | H2: Actionable Results | H2: Customizable and Extensible | H2: Why This Plugin Matters | H3: Mitigate Legal Risks | H3: Support Ethical Practices | H3: Save Time and Resources | H2: Getting Started | H3: Installation | H3: Using the Plugin | H2: Extending Functionality | H3: Custom Patterns | H3: Adjusting Batch Size | H2: Looking Ahead | H2: Related Reading,584,2024-12-02,,code/example; first-hand narrative; outbound sources,no verified modified date,,retain; monitor search and citation performance
after,https://robertdevore.com/introducing-media-file-versioning-for-wordpress/,content/posts/introducing-media-file-versioning-for-wordpress.md,article,Introducing Media File Versioning for WordPress®,commercial investigation / product discovery,"developers, technical leaders, WordPress/WooCommerce users, and project evaluators",Introducing Media File Versioning for WordPress®,introducing media file versioning for wordpress®,What is Media File Versioning? | Why I Built This Plugin | Key Features | 1. Version Control for Media Files | 2. Admin-Friendly Meta Box | 3. Shortcode for Front-End Display | 4. Seamless Integration | How It Works,Introducing Media File Versioning for WordPress®,H1: Introducing Media File Versioning for WordPress® | H2: What is Media File Versioning? | H2: Why I Built This Plugin | H2: Key Features | H3: 1. Version Control for Media Files | H3: 2. Admin-Friendly Meta Box | H3: 3. Shortcode for Front-End Display | H3: 4. Seamless Integration | H2: How It Works | H3: Uploading a New Version | H3: Viewing Previous Versions | H3: Displaying Versions on the Front End | H2: Built with Developers in Mind | H2: What’s next? | H2: Try Media File Versioning Today | H2: Related Reading,665,2024-12-05,,code/example; first-hand narrative; outbound sources,no verified modified date,,retain; monitor search and citation performance
after,https://robertdevore.com/introducing-metadata-import-export-for-yoast-seo/,content/posts/introducing-metadata-import-export-for-yoast-seo.md,article,Introducing Metadata Import/Export for Yoast SEO,commercial investigation / product discovery,"developers, technical leaders, WordPress/WooCommerce users, and project evaluators",Introducing Metadata Import/Export for Yoast SEO,introducing metadata import/export for yoast seo,The Inspiration Behind the Plugin | Key Features | Seamless Import and Export of Metadata | Custom Post Type Support | User Role Access Control | Progress Indicators and Detailed Statistics | Why This Plugin Matters for SEOs | Efficiency and Time Savings,Introducing Metadata Import/Export for Yoast SEO,H1: Introducing Metadata Import/Export for Yoast SEO | H2: The Inspiration Behind the Plugin | H2: Key Features | H3: Seamless Import and Export of Metadata | H3: Custom Post Type Support | H3: User Role Access Control | H3: Progress Indicators and Detailed Statistics | H2: Why This Plugin Matters for SEOs | H3: Efficiency and Time Savings | H3: Accuracy and Consistency | H3: Flexibility in Team Collaboration | H2: Getting Started | H3: Installation | H3: Using the Plugin | H2: Looking Ahead | H2: Acknowledgments | H2: Related Reading,700,2024-12-03,,code/example; first-hand narrative; outbound sources,no verified modified date,,retain; monitor search and citation performance
after,https://robertdevore.com/introducing-module-usage-tracker-for-wp-bakery/,content/posts/introducing-module-usage-tracker-for-wp-bakery.md,article,Introducing the Module Usage Tracker for WP Bakery,commercial investigation / product discovery,"developers, technical leaders, WordPress/WooCommerce users, and project evaluators",Introducing the Module Usage Tracker for WP Bakery,introducing the module usage tracker for wp bakery,Why Use Module Usage Tracker for WP Bakery? | Key Features | How It Works | Who Will Benefit from This Plugin? | Get Started Today | Related Reading,Introducing the Module Usage Tracker for WP Bakery,H1: Introducing the Module Usage Tracker for WP Bakery | H2: Why Use Module Usage Tracker for WP Bakery? | H2: Key Features | H2: How It Works | H2: Who Will Benefit from This Plugin? | H2: Get Started Today | H2: Related Reading,573,2024-11-13,,first-hand narrative; outbound sources,no verified modified date,,retain; monitor search and citation performance
after,https://robertdevore.com/introducing-pattern-pal-ai-powered-patterns-for-wordpress/,content/posts/introducing-pattern-pal-ai-powered-patterns-for-wordpress.md,article,Introducing Pattern Pal: AI-Powered Patterns for WordPress®,commercial investigation / product discovery,"developers, technical leaders, WordPress/WooCommerce users, and project evaluators",Introducing Pattern Pal: AI-Powered Patterns for WordPress®,introducing pattern pal: ai-powered patterns for wordpress®,What is Pattern Pal? | Why Use Pattern Pal? | Features | How to Use Pattern Pal | Step 1: Install the Plugin | Step 2: Generate a Block Pattern | Step 3: Customize and Publish | Who Is This For?,Introducing Pattern Pal: AI-Powered Patterns for WordPress®,H1: Introducing Pattern Pal: AI-Powered Patterns for WordPress® | H2: What is Pattern Pal? | H3: Why Use Pattern Pal? | H2: Features | H2: How to Use Pattern Pal | H3: Step 1: Install the Plugin | H3: Step 2: Generate a Block Pattern | H3: Step 3: Customize and Publish | H2: Who Is This For? | H2: Looking Ahead | H2: Related Reading,523,2025-02-09,,code/example; first-hand narrative; outbound sources,no verified modified date,,retain; monitor search and citation performance
after,https://robertdevore.com/introducing-persistent-dismissible-notices/,content/posts/introducing-persistent-dismissible-notices.md,article,Introducing Persistent Dismissible Notices,commercial investigation / product discovery,"developers, technical leaders, WordPress/WooCommerce users, and project evaluators",Introducing Persistent Dismissible Notices,introducing persistent dismissible notices,Why Persistent Dismissible Notices Matters | Key Features | Dismissal Persistence | Compatibility | Scalability and Performance | How to Use the Plugin | Installation | How It Works,Introducing Persistent Dismissible Notices,H1: Introducing Persistent Dismissible Notices | H2: Why Persistent Dismissible Notices Matters | H2: Key Features | H3: Dismissal Persistence | H3: Compatibility | H3: Scalability and Performance | H2: How to Use the Plugin | H3: Installation | H2: How It Works | H3: JavaScript | H3: PHP | H2: Roadmap and Future Plans | H2: Related Reading,536,2024-12-07,,code/example; first-hand narrative; outbound sources,no verified modified date,,retain; monitor search and citation performance
after,https://robertdevore.com/introducing-projects-for-wordpress-a-better-way-to-showcase-your-work/,content/posts/introducing-projects-for-wordpress-a-better-way-to-showcase-your-work.md,article,Introducing Projects for WordPress®: A Better Way to Showcase Your Work,commercial investigation / product discovery,"developers, technical leaders, WordPress/WooCommerce users, and project evaluators",Introducing Projects for WordPress®: A Better Way to Showcase Your Work,introducing projects for wordpress®: a better way to showcase your work,What Is Projects for WordPress®? | What Developers Get Out of This | Independence | Download Tracking | GitHub-Powered Updates | Full Customization | REST API Ready | Why This Matters,Introducing Projects for WordPress®: A Better Way to Showcase Your Work,H1: Introducing Projects for WordPress®: A Better Way to Showcase Your Work | H2: What Is Projects for WordPress®? | H2: What Developers Get Out of This | H3: Independence | H3: Download Tracking | H3: GitHub-Powered Updates | H3: Full Customization | H3: REST API Ready | H2: Why This Matters | H2: Who Should Use This Plugin? | H2: How to Get Started | H2: Bonus: Releasing Your Plugin via GitHub | H2: Final Thoughts | H2: Related Reading,919,2025-04-04,,substantive depth; code/example; first-hand narrative; outbound sources,no verified modified date,,retain; monitor search and citation performance
after,https://robertdevore.com/introducing-purchase-orders-for-woocommerce-free/,content/posts/introducing-purchase-orders-for-woocommerce-free.md,article,Introducing Purchase Orders for WooCommerce® (free),commercial investigation / product discovery,"developers, technical leaders, WordPress/WooCommerce users, and project evaluators",Introducing Purchase Orders for WooCommerce® (free),introducing purchase orders for woocommerce® (free),Key Features | How to Get Starte d | Why Use This Instead of WooCommerce’s Version? | What’s Next? | Final Thoughts | Related Reading,Introducing Purchase Orders for WooCommerce® (free),H1: Introducing Purchase Orders for WooCommerce® (free) | H2: Key Features | H2: How to Get Starte d | H2: Why Use This Instead of WooCommerce’s Version? | H2: What’s Next? | H2: Final Thoughts | H2: Related Reading,588,2024-12-04,,first-hand narrative; outbound sources,no verified modified date,,retain; monitor search and citation performance
after,https://robertdevore.com/introducing-seo-for-wordpress/,content/posts/introducing-seo-for-wordpress.md,article,Introducing SEO for WordPress®,commercial investigation / product discovery,"developers, technical leaders, WordPress/WooCommerce users, and project evaluators",Introducing SEO for WordPress®,introducing seo for wordpress®,Why Another SEO Plugin? | What You Can Do with SEO for WordPress | General Settings | Advanced Settings | SEO Metabox | Archive Meta Fields | Getting Started | What’s Coming Next?,Introducing SEO for WordPress®,H1: Introducing SEO for WordPress® | H2: Why Another SEO Plugin? | H2: What You Can Do with SEO for WordPress | H3: General Settings | H3: Advanced Settings | H3: SEO Metabox | H3: Archive Meta Fields | H2: Getting Started | H2: What’s Coming Next? | H2: Built for the Community | H2: How to Get Involved | H2: Let’s Build Something Great | H2: Related Reading,867,2024-12-31,,code/example; first-hand narrative; outbound sources,no verified modified date,,retain; monitor search and citation performance
after,https://robertdevore.com/introducing-shipping-multiple-addresses-for-woocommerce-free/,content/posts/introducing-shipping-multiple-addresses-for-woocommerce-free.md,article,Introducing Shipping Multiple Addresses for WooCommerce® (free),commercial investigation / product discovery,"developers, technical leaders, WordPress/WooCommerce users, and project evaluators",Introducing Shipping Multiple Addresses for WooCommerce® (free),introducing shipping multiple addresses for woocommerce® (free),Why This Plugin Matters | Key Features | 1. Address Management | 2. Cart Duplication | 3. Custom Delivery Options | 4. Automatic Order Splitting | 5. Email Notifications | 6. Admin-Friendly Tools,Introducing Shipping Multiple Addresses for WooCommerce® (free),H1: Introducing Shipping Multiple Addresses for WooCommerce® (free) | H2: Why This Plugin Matters | H2: Key Features | H3: 1. Address Management | H3: 2. Cart Duplication | H3: 3. Custom Delivery Options | H3: 4. Automatic Order Splitting | H3: 5. Email Notifications | H3: 6. Admin-Friendly Tools | H2: How It Works | H3: For Customers | H3: For Store Owners | H2: Perfect for the Holiday Rush | H2: Get it on GitHub | H2: A Big Thanks to the Woo Community | H2: What’s Next? | H2: Related Reading,631,2024-12-18,,first-hand narrative; outbound sources,no verified modified date,,retain; monitor search and citation performance
after,https://robertdevore.com/introducing-site-vitals-for-wordpress/,content/posts/introducing-site-vitals-for-wordpress.md,article,Introducing Site Vitals for WordPress®,commercial investigation / product discovery,"developers, technical leaders, WordPress/WooCommerce users, and project evaluators",Introducing Site Vitals for WordPress®,introducing site vitals for wordpress®,Why I Created Site Vitals for WordPress® | Key Features | Comprehensive Checks | Asynchronous Loading and Caching | Actionable Recommendations | Filters for Developers | Getting Started | Future Plans,Introducing Site Vitals for WordPress®,H1: Introducing Site Vitals for WordPress® | H2: Why I Created Site Vitals for WordPress® | H2: Key Features | H3: Comprehensive Checks | H3: Asynchronous Loading and Caching | H3: Actionable Recommendations | H3: Filters for Developers | H2: Getting Started | H2: Future Plans | H2: Frequently Asked Questions | H2: Contributing and Feedback | H2: THANK YOU | H2: Related Reading,964,2024-12-10,,substantive depth; code/example; first-hand narrative; outbound sources,no verified modified date,,retain; monitor search and citation performance
after,https://robertdevore.com/introducing-slop-stopper-a-free-content-checker-for-wordpress/,content/posts/introducing-slop-stopper-a-free-content-checker-for-wordpress.md,article,Introducing Slop Stopper: A free content checker for WordPress®,commercial investigation / product discovery,"developers, technical leaders, WordPress/WooCommerce users, and project evaluators",Introducing Slop Stopper: A free content checker for WordPress®,introducing slop stopper: a free content checker for wordpress®,The AI Content Apocalypse is Here | Meet Slop Stopper: The AI Slop Bouncer for Your Blog | Why You Need This Plugin Yesterday | Download Slop Stopper Now | Related Reading,Introducing Slop Stopper: A free content checker for WordPress®,H1: Introducing Slop Stopper: A free content checker for WordPress® | H2: The AI Content Apocalypse is Here | H2: Meet Slop Stopper: The AI Slop Bouncer for Your Blog | H2: Why You Need This Plugin Yesterday | H2: Download Slop Stopper Now | H2: Related Reading,530,2025-03-16,,first-hand narrative; outbound sources,no verified modified date,,retain; monitor search and citation performance
after,https://robertdevore.com/introducing-stats-for-wordpress/,content/posts/introducing-stats-for-wordpress.md,article,Introducing Stats for WordPress®,commercial investigation / product discovery,"developers, technical leaders, WordPress/WooCommerce users, and project evaluators",Introducing Stats for WordPress®,introducing stats for wordpress®,Why I Built Stats for WordPress® | What Stats for WordPress® Can Do | How to Get Started | Looking Ahead: Future Plans for Stats for WordPress® | Why Choose Stats for WordPress®? | Get Involved | Related Reading,Introducing Stats for WordPress®,H1: Introducing Stats for WordPress® | H2: Why I Built Stats for WordPress® | H2: What Stats for WordPress® Can Do | H2: How to Get Started | H2: Looking Ahead: Future Plans for Stats for WordPress® | H2: Why Choose Stats for WordPress®? | H2: Get Involved | H2: Related Reading,769,2024-12-01,,first-hand narrative; outbound sources,no verified modified date,,retain; monitor search and citation performance
after,https://robertdevore.com/introducing-table-block-enhancer-for-wordpress/,content/posts/introducing-table-block-enhancer-for-wordpress.md,article,Introducing Table Block Enhancer for WordPress®,informational / problem-solving,"developers, technical leaders, WordPress/WooCommerce users, and project evaluators",Introducing Table Block Enhancer for WordPress®,introducing table block enhancer for wordpress®,Why I Built Table Block Enhancer | Key Features | 🔍 Searching | 🔃 Sorting | 📄 Paging | 🎛️ Per-Block Settings | How to Use Table Block Enhancer | 1. Installation,Introducing Table Block Enhancer for WordPress®,H1: Introducing Table Block Enhancer for WordPress® | H2: Why I Built Table Block Enhancer | H2: Key Features | H3: 🔍 Searching | H3: 🔃 Sorting | H3: 📄 Paging | H3: 🎛️ Per-Block Settings | H2: How to Use Table Block Enhancer | H3: 1. Installation | H3: 2. Adding a Table | H3: 3. Configuring Table Enhancer Settings | H3: 4. Publishing and Viewing Your Enhanced Table | H2: Related Reading,596,2024-12-04,,first-hand narrative; outbound sources,no verified modified date,,retain; monitor search and citation performance
after,https://robertdevore.com/introducing-test-orders-for-woocommerce/,content/posts/introducing-test-orders-for-woocommerce.md,article,Introducing Test Orders for WooCommerce®,commercial investigation / product discovery,"developers, technical leaders, WordPress/WooCommerce users, and project evaluators",Introducing Test Orders for WooCommerce®,introducing test orders for woocommerce®,Key Features | Why Use Test Orders for WooCommerce®? | How to Use | Behind the Scenes | Who Is This For? | Get Started Today | Feedback and Support | Related Reading,Introducing Test Orders for WooCommerce®,H1: Introducing Test Orders for WooCommerce® | H2: Key Features | H2: Why Use Test Orders for WooCommerce®? | H2: How to Use | H2: Behind the Scenes | H2: Who Is This For? | H2: Get Started Today | H2: Feedback and Support | H2: Related Reading,535,2024-12-06,,code/example; first-hand narrative; outbound sources,no verified modified date,,retain; monitor search and citation performance
after,https://robertdevore.com/introducing-the-phlush-permalinks-wordpress-plugin/,content/posts/introducing-the-phlush-permalinks-wordpress-plugin.md,article,Introducing the Phlush Permalinks WordPress Plugin,commercial investigation / product discovery,"developers, technical leaders, WordPress/WooCommerce users, and project evaluators",Introducing the Phlush Permalinks WordPress Plugin,introducing the phlush permalinks wordpress plugin,Why Permalinks Matter: | Key Features of Phlush Permalinks: | How It Works | Getting Started | Looking to extend the plugin and add your own actions? | Example 1: Adding Custom Actions | Example 2: Removing Actions | Related Reading,Introducing the Phlush Permalinks WordPress Plugin,H1: Introducing the Phlush Permalinks WordPress Plugin | H2: Why Permalinks Matter: | H2: Key Features of Phlush Permalinks: | H2: How It Works | H2: Getting Started | H2: Looking to extend the plugin and add your own actions? | H3: Example 1: Adding Custom Actions | H3: Example 2: Removing Actions | H2: Related Reading,658,2024-09-05,,code/example; first-hand narrative; outbound sources,no verified modified date,,retain; monitor search and citation performance
after,https://robertdevore.com/introducing-the-prompts-library-a-playground-for-ai-creativity/,content/posts/introducing-the-prompts-library-a-playground-for-ai-creativity.md,article,Introducing the Prompts Library – A Playground for AI Creativity,commercial investigation / product discovery,"developers, technical leaders, WordPress/WooCommerce users, and project evaluators",Introducing the Prompts Library – A Playground for AI Creativity,introducing the prompts library – a playground for ai creativity,What’s Inside (So Far) | Who’s It For? | Got an Idea? I’m Taking Requests. | Related Reading,Introducing the Prompts Library – A Playground for AI Creativity,H1: Introducing the Prompts Library – A Playground for AI Creativity | H2: What’s Inside (So Far) | H2: Who’s It For? | H2: Got an Idea? I’m Taking Requests. | H2: Related Reading,380,2025-05-20,,outbound sources,no verified modified date,,retain; monitor search and citation performance
after,https://robertdevore.com/introducing-the-user-login-status-plugin-for-wordpress/,content/posts/introducing-the-user-login-status-plugin-for-wordpress.md,article,Introducing the User Login Status Plugin for WordPress,commercial investigation / product discovery,"developers, technical leaders, WordPress/WooCommerce users, and project evaluators",Introducing the User Login Status Plugin for WordPress,introducing the user login status plugin for wordpress,Key Features | 1. Monitor User Status Directly in the Admin Panel | 2. Bulk Logout Functionality | 3. Real-Time AJAX Polling | 4. Optimized for Admins | Installation and Usage | 1. Download and Install the Plugin | 2. How to Monitor User Status,Introducing the User Login Status Plugin for WordPress,H1: Introducing the User Login Status Plugin for WordPress | H2: Key Features | H3: 1. Monitor User Status Directly in the Admin Panel | H3: 2. Bulk Logout Functionality | H3: 3. Real-Time AJAX Polling | H3: 4. Optimized for Admins | H2: Installation and Usage | H3: 1. Download and Install the Plugin | H3: 2. How to Monitor User Status | H3: 3. How to Bulk Log Out Users | H2: Technical Details | H3: 1. Session Tokens | H3: 2. AJAX Polling for Real-Time Status | H3: 3. Bulk Action Handling | H3: 4. Security Considerations | H2: Roadmap for Future Releases | H3: Download the User Login Status plugin | H2: Related Reading,724,2024-09-29,,code/example; first-hand narrative; outbound sources,no verified modified date,,retain; monitor search and citation performance
after,https://robertdevore.com/introducing-vertical-gallery-product-display-for-woocommerce/,content/posts/introducing-vertical-gallery-product-display-for-woocommerce.md,article,Introducing Vertical Gallery Product Display for WooCommerce®,commercial investigation / product discovery,"developers, technical leaders, WordPress/WooCommerce users, and project evaluators",Introducing Vertical Gallery Product Display for WooCommerce®,introducing vertical gallery product display for woocommerce®,Why Build This Plugin? | How to Use Vertical Gallery Product Display | Behind the Scenes: Building a Plugin Like This | Why Free Matters | Get it on GitHub | Related Reading,Introducing Vertical Gallery Product Display for WooCommerce®,H1: Introducing Vertical Gallery Product Display for WooCommerce® | H2: Why Build This Plugin? | H2: How to Use Vertical Gallery Product Display | H2: Behind the Scenes: Building a Plugin Like This | H2: Why Free Matters | H2: Get it on GitHub | H2: Related Reading,600,2024-12-12,,first-hand narrative; outbound sources,no verified modified date,,retain; monitor search and citation performance
after,https://robertdevore.com/introducing-widget-usage-tracker-for-elementor/,content/posts/introducing-widget-usage-tracker-for-elementor.md,article,Introducing Widget Usage Tracker for Elementor,commercial investigation / product discovery,"developers, technical leaders, WordPress/WooCommerce users, and project evaluators",Introducing Widget Usage Tracker for Elementor,introducing widget usage tracker for elementor,What is Widget Usage Tracker for Elementor? | Key Features | 1. Comprehensive Tracking | 2. Detailed Insights | 3. User-Friendly Interface | 4. Automatic Updates | 5. Localization Ready | 6. Optimized Performance,Introducing Widget Usage Tracker for Elementor,H1: Introducing Widget Usage Tracker for Elementor | H2: What is Widget Usage Tracker for Elementor? | H2: Key Features | H3: 1. Comprehensive Tracking | H3: 2. Detailed Insights | H3: 3. User-Friendly Interface | H3: 4. Automatic Updates | H3: 5. Localization Ready | H3: 6. Optimized Performance | H2: Installation Guide | H3: Step-by-Step Installation | H2: How to Use Widget Usage Tracker | H3: Accessing the Tracker | H3: Viewing Widget Usage | H3: Viewing Detailed Widget Usage | H2: Uninstallation Process | H2: Future Enhancements | H2: THANK YOU! | H2: Related Reading,832,2024-11-09,,code/example; first-hand narrative; outbound sources,no verified modified date,,retain; monitor search and citation performance
after,https://robertdevore.com/invest-in-yourself/,content/posts/invest-in-yourself.md,article,Invest in Yourself,informational,"developers, technical leaders, WordPress/WooCommerce users, and project evaluators",Invest in Yourself,invest in yourself,Cash Investments | Business necessities | Business extras | Sweat Equity | Hard work pays off | Focus on the plan | One last piece of advice | Related Reading,Invest in Yourself,H1: Invest in Yourself | H2: Cash Investments | H3: Business necessities | H3: Business extras | H2: Sweat Equity | H3: Hard work pays off | H3: Focus on the plan | H3: One last piece of advice | H2: Related Reading,1097,2016-06-21,,substantive depth; first-hand narrative; outbound sources,no verified modified date,,retain; monitor search and citation performance
after,https://robertdevore.com/kevin-michael-geary-a-hidden-history-of-hate-racism-and-bigotry/,content/posts/kevin-michael-geary-a-hidden-history-of-hate-racism-and-bigotry.md,article,"Kevin Michael Geary: A Hidden History of Hate, Racism, and Bigotry",informational,"developers, technical leaders, WordPress/WooCommerce users, and project evaluators","Kevin Michael Geary: A Hidden History of Hate, Racism, and Bigotry","kevin michael geary: a hidden history of hate, racism, and bigotry",Introduction: Who is Kevin Michael Geary? | Part 1: Kevin Geary’s Early Digital Footprint | Hispanic Hate Speech by Kevin Geary | Kevin Michael Geary Mocking People with Disabilities | Racist Commentary and Stereotyping by Kevin Geary | Misogynistic Attacks by Kevin Geary | Attacking Children and Families | Kevin Geary on Race and Music,"Kevin Michael Geary: A Hidden History of Hate, Racism, and Bigotry","H1: Kevin Michael Geary: A Hidden History of Hate, Racism, and Bigotry | H2: Introduction: Who is Kevin Michael Geary? | H2: Part 1: Kevin Geary’s Early Digital Footprint | H3: Hispanic Hate Speech by Kevin Geary | H3: Kevin Michael Geary Mocking People with Disabilities | H3: Racist Commentary and Stereotyping by Kevin Geary | H3: Misogynistic Attacks by Kevin Geary | H3: Attacking Children and Families | H3: Kevin Geary on Race and Music | H3: Advocating Violence Against Women | H3: Pedophilia “Jokes” by Kevin Geary | H2: Part 2: Kevin Michael Geary’s Long Pattern of Industry-Hopping and Reputation Management | H3: Early Career: “The Money Hawk” and “Six Figure Grind” | H3: Health and Fitness Pivot: “Rebooted Body” | H3: The Web Development Pivot: “Digital Ambition” | H3: Modern Day: History Repeats | H3: This is Not Ancient History | H2: Part 3: Kevin Geary’s History is Not an Accident | H2: Related Reading",1403,2025-04-28,,substantive depth; first-hand narrative; outbound sources,no verified modified date,,retain; monitor search and citation performance
after,https://robertdevore.com/leafly-reviews-wordpress-plugin/,content/posts/leafly-reviews-wordpress-plugin.md,article,Leafly Reviews,informational,"developers, technical leaders, WordPress/WooCommerce users, and project evaluators",Leafly Reviews,leafly reviews,Leafly Reviews WordPress plugin | Download | Adding your APP ID and KEY | Widget Options | Shortcode Options | Credits & Thank-you's | Download | The road ahead,Leafly Reviews,H1: Leafly Reviews | H2: Leafly Reviews WordPress plugin | H3: Download | H3: Adding your APP ID and KEY | H3: Widget Options | H3: Shortcode Options | H2: Credits & Thank-you's | H2: Download | H2: The road ahead | H2: Related Reading,953,2015-10-15,,substantive depth; code/example; first-hand narrative; outbound sources,no verified modified date,,retain; monitor search and citation performance
after,https://robertdevore.com/leap-the-code-of-extreme-leadership/,content/posts/leap-the-code-of-extreme-leadership.md,article,LEAP: The Code of Extreme Leadership,informational,"developers, technical leaders, WordPress/WooCommerce users, and project evaluators",LEAP: The Code of Extreme Leadership,leap: the code of extreme leadership,What is LEAP? | Liberate | Execute | Agitate | Persist | Take the LEAP with me | Related Reading,LEAP: The Code of Extreme Leadership,H1: LEAP: The Code of Extreme Leadership | H2: What is LEAP? | H2: Liberate | H2: Execute | H2: Agitate | H2: Persist | H2: Take the LEAP with me | H2: Related Reading,1445,2025-04-14,,substantive depth; first-hand narrative; outbound sources,no verified modified date,,retain; monitor search and citation performance
after,https://robertdevore.com/making-up-for-lost-time/,content/posts/making-up-for-lost-time.md,article,Making up for lost time,informational,"developers, technical leaders, WordPress/WooCommerce users, and project evaluators",Making up for lost time,making up for lost time,Learning to let go | Forgiving your past | Moving forward | The road ahead | Related Reading,Making up for lost time,H1: Making up for lost time | H2: Learning to let go | H2: Forgiving your past | H2: Moving forward | H2: The road ahead | H2: Related Reading,1246,2016-03-09,,substantive depth; first-hand narrative; outbound sources,no verified modified date,,retain; monitor search and citation performance
after,https://robertdevore.com/mnml-free-minimalist-wordpress-theme/,content/posts/mnml-free-minimalist-wordpress-theme.md,article,MNML,informational,"developers, technical leaders, WordPress/WooCommerce users, and project evaluators",MNML,mnml,Demo & Download | Under the hood | Credits & Thank-you's | The road ahead | Related Reading,MNML,H1: MNML | H2: Demo & Download | H2: Under the hood | H2: Credits & Thank-you's | H2: The road ahead | H2: Related Reading,627,2015-09-02,,first-hand narrative; outbound sources,no verified modified date,,retain; monitor search and citation performance
after,https://robertdevore.com/my-brothers-keeper-sons-of-anarchy-fanfiction/,content/posts/my-brothers-keeper-sons-of-anarchy-fanfiction.md,article,My Brothers Keeper,informational,"developers, technical leaders, WordPress/WooCommerce users, and project evaluators",My Brothers Keeper,my brothers keeper,Why Sons of Anarchy? | Chapters for Authors | My Brothers Keeper | What's next? | Related Reading,My Brothers Keeper,H1: My Brothers Keeper | H2: Why Sons of Anarchy? | H2: Chapters for Authors | H2: My Brothers Keeper | H3: What's next? | H2: Related Reading,480,2017-05-31,,first-hand narrative; outbound sources,no verified modified date,,retain; monitor search and citation performance
after,https://robertdevore.com/my-development-projects/,content/posts/my-development-projects.md,article,Recent project updates,informational,"developers, technical leaders, WordPress/WooCommerce users, and project evaluators",Recent project updates,recent project updates,WP Dispensary | Clean Blog | miniQuiz | Slackedd | Leafly Reviews | What development projects are next? | Keep in touch | Related Reading,Recent project updates,H1: Recent project updates | H2: WP Dispensary | H2: Clean Blog | H2: miniQuiz | H2: Slackedd | H2: Leafly Reviews | H2: What development projects are next? | H2: Keep in touch | H2: Related Reading,846,2016-03-16,,first-hand narrative; outbound sources,no verified modified date,,retain; monitor search and citation performance
after,https://robertdevore.com/open-source-is-anarchism-in-action/,content/posts/open-source-is-anarchism-in-action.md,article,Open Source is Anarchism in Action,informational,"developers, technical leaders, WordPress/WooCommerce users, and project evaluators",Open Source is Anarchism in Action,open source is anarchism in action,And it’s working. | Shared Foundations | 1. Voluntary Cooperation | 2. Decentralized Power | 3. Transparent Accountability | 4. Ownership Without Control | Open Source Was Always Political | Why the Open Source Model Embodies Anarchist Practice,Open Source is Anarchism in Action,H1: Open Source is Anarchism in Action | H2: And it’s working. | H2: Shared Foundations | H3: 1. Voluntary Cooperation | H3: 2. Decentralized Power | H3: 3. Transparent Accountability | H3: 4. Ownership Without Control | H2: Open Source Was Always Political | H2: Why the Open Source Model Embodies Anarchist Practice | H2: Related Reading,557,2025-04-23,,first-hand narrative; outbound sources,no verified modified date,,retain; monitor search and citation performance
after,https://robertdevore.com/organized-chaos/,content/posts/organized-chaos.md,article,Organized Chaos,informational,"developers, technical leaders, WordPress/WooCommerce users, and project evaluators",Organized Chaos,organized chaos,Related Reading,Organized Chaos,H1: Organized Chaos | H2: Related Reading,669,2016-12-20,,outbound sources,no verified modified date,,retain; monitor search and citation performance
after,https://robertdevore.com/patience/,content/posts/patience.md,article,Patience,informational,"developers, technical leaders, WordPress/WooCommerce users, and project evaluators",Patience,patience,Expecting the unexpected | Finding success in patience | Related Reading,Patience,H1: Patience | H2: Expecting the unexpected | H2: Finding success in patience | H2: Related Reading,709,2016-01-21,,first-hand narrative; outbound sources,no verified modified date,,retain; monitor search and citation performance
after,https://robertdevore.com/peddle-free-wordpress-theme-for-easy-digital-downloads/,content/posts/peddle-free-wordpress-theme-for-easy-digital-downloads.md,article,Peddle,informational,"developers, technical leaders, WordPress/WooCommerce users, and project evaluators",Peddle,peddle,Demo & Download | Under the hood | Credits & Thank-you's | The road ahead | Related Reading,Peddle,H1: Peddle | H2: Demo & Download | H2: Under the hood | H2: Credits & Thank-you's | H2: The road ahead | H2: Related Reading,981,2015-09-10,,substantive depth; first-hand narrative; outbound sources,no verified modified date,,retain; monitor search and citation performance
after,https://robertdevore.com/plan-prompt-publish-a-practical-guide-to-creating-beautifully-useful-content-with-ai/,content/posts/plan-prompt-publish-a-practical-guide-to-creating-beautifully-useful-content-with-ai.md,article,Plan. Prompt. Publish. A Practical Guide to Creating Beautifully Useful Content with AI,informational / problem-solving,"developers, technical leaders, WordPress/WooCommerce users, and project evaluators",Plan. Prompt. Publish. A Practical Guide to Creating Beautifully Useful Content with AI,plan. prompt. publish. a practical guide to creating beautifully useful content with ai,Why This Guide Exists | What You’ll Learn (And When) | PLAN (Days 1-3) | PROMPT (Days 4-6) | PUBLISH (Days 7-9) | Who This Guide Is For | What You’ll Walk Away With | Want the Bundle? 🤔,Plan. Prompt. Publish. A Practical Guide to Creating Beautifully Useful Content with AI,H1: Plan. Prompt. Publish. A Practical Guide to Creating Beautifully Useful Content with AI | H2: Why This Guide Exists | H2: What You’ll Learn (And When) | H3: PLAN (Days 1-3) | H3: PROMPT (Days 4-6) | H3: PUBLISH (Days 7-9) | H2: Who This Guide Is For | H2: What You’ll Walk Away With | H2: Want the Bundle? 🤔 | H2: What’s Next | H2: Related Reading,688,2025-05-18,,first-hand narrative; outbound sources,no verified modified date,,retain; monitor search and citation performance
after,https://robertdevore.com/projects/,templates/page-projects.html,project-index,Projects,navigational / commercial investigation,"developers, technical leaders, WordPress/WooCommerce users, and project evaluators",Projects,projects,Kujo | Kujo Ecosystem | Active Systems | Strata | Snips | RepoRadar | More Built Tools,Projects,H1: Projects | H2: Kujo | H2: Kujo Ecosystem | H2: Active Systems | H3: Strata | H3: Snips | H3: RepoRadar | H2: More Built Tools,202,,,outbound sources,no visible breadcrumb,,retain; monitor search and citation performance
after,https://robertdevore.com/projects/agents-sdk/,content/projects/agents-sdk.md,project,Kujo Agents SDK,commercial investigation / adoption,"developers, technical leaders, WordPress/WooCommerce users, and project evaluators",Kujo Agents SDK,kujo agents sdk,Why Agents SDK exists | What it provides | Run the offline proof | Current boundary,Kujo Agents SDK,H1: Kujo Agents SDK | H2: Why Agents SDK exists | H2: What it provides | H2: Run the offline proof | H2: Current boundary,197,2026-07-10,,outbound sources,thin for a substantive destination; no verified modified date,,editorial review: clarify purpose and add only evidence-backed useful detail
after,https://robertdevore.com/projects/dispatch/,content/projects/dispatch.md,project,Dispatch,commercial investigation / adoption,"developers, technical leaders, WordPress/WooCommerce users, and project evaluators",Dispatch,dispatch,Why Dispatch exists | What it provides | Run a fixture workflow | Current boundary,Dispatch,H1: Dispatch | H2: Why Dispatch exists | H2: What it provides | H2: Run a fixture workflow | H2: Current boundary,191,2026-07-10,,outbound sources,thin for a substantive destination; no verified modified date,,editorial review: clarify purpose and add only evidence-backed useful detail
after,https://robertdevore.com/projects/kujo/,content/projects/kujo.md,project,Kujo,commercial investigation / adoption,"developers, technical leaders, WordPress/WooCommerce users, and project evaluators",Kujo,kujo,Why Kujo exists | What it provides | Start from source | Current boundary,Kujo,H1: Kujo | H2: Why Kujo exists | H2: What it provides | H2: Start from source | H2: Current boundary,224,2026-07-10,,outbound sources,thin for a substantive destination; no verified modified date,,editorial review: clarify purpose and add only evidence-backed useful detail
after,https://robertdevore.com/projects/lens/,content/projects/lens.md,project,Lens,commercial investigation / adoption,"developers, technical leaders, WordPress/WooCommerce users, and project evaluators",Lens,lens,Why Lens exists | What it provides | Check a local page | Current boundary,Lens,H1: Lens | H2: Why Lens exists | H2: What it provides | H2: Check a local page | H2: Current boundary,177,2026-07-10,,outbound sources,thin for a substantive destination; no verified modified date,,editorial review: clarify purpose and add only evidence-backed useful detail
after,https://robertdevore.com/projects/sitekit/,content/projects/sitekit.md,project,SiteKit,commercial investigation / adoption,"developers, technical leaders, WordPress/WooCommerce users, and project evaluators",SiteKit,sitekit,Why SiteKit exists | What it provides | Verify the source model | Current boundary,SiteKit,H1: SiteKit | H2: Why SiteKit exists | H2: What it provides | H2: Verify the source model | H2: Current boundary,206,2026-07-10,,outbound sources,thin for a substantive destination; no verified modified date,,editorial review: clarify purpose and add only evidence-backed useful detail
after,https://robertdevore.com/projects/ssg/,content/projects/ssg.md,project,Kujo SSG,commercial investigation / adoption,"developers, technical leaders, WordPress/WooCommerce users, and project evaluators",Kujo SSG,kujo ssg,Why Kujo SSG exists | What it provides | Build a site | Current boundary,Kujo SSG,H1: Kujo SSG | H2: Why Kujo SSG exists | H2: What it provides | H2: Build a site | H2: Current boundary,195,2026-07-10,,code/example; outbound sources,thin for a substantive destination; no verified modified date,,editorial review: clarify purpose and add only evidence-backed useful detail
after,https://robertdevore.com/release-notes-back-in-stock-notifications-for-woocommerce-free-v1-0-1/,content/posts/release-notes-back-in-stock-notifications-for-woocommerce-free-v1-0-1.md,article,Release Notes: Back In Stock Notifications for WooCommerce® (free) v1.0.1,commercial investigation / product discovery,"developers, technical leaders, WordPress/WooCommerce users, and project evaluators",Release Notes: Back In Stock Notifications for WooCommerce® (free) v1.0.1,release notes: back in stock notifications for woocommerce® (free) v1.0.1,Key Updates in v1.0.1 | 1. Optimized Notification Handling in bisn_notify_waitlist_on_restock | 2. Improved CSV Export with Batching in bisn_export_csv | How These Updates Benefit You | Upgrade Instructions | Related Reading,Release Notes: Back In Stock Notifications for WooCommerce® (free) v1.0.1,H1: Release Notes: Back In Stock Notifications for WooCommerce® (free) v1.0.1 | H2: Key Updates in v1.0.1 | H3: 1. Optimized Notification Handling in bisn_notify_waitlist_on_restock | H3: 2. Improved CSV Export with Batching in bisn_export_csv | H2: How These Updates Benefit You | H2: Upgrade Instructions | H2: Related Reading,455,2024-11-05,,code/example; first-hand narrative; outbound sources,no verified modified date,,retain; monitor search and citation performance
after,https://robertdevore.com/relentless/,content/posts/relentless.md,article,Relentless,informational,"developers, technical leaders, WordPress/WooCommerce users, and project evaluators",Relentless,relentless,Daily work | Weekly goals | Monthly maintenance | Physical Fitness | Key takeaway | Related Reading,Relentless,H1: Relentless | H2: Daily work | H2: Weekly goals | H2: Monthly maintenance | H2: Physical Fitness | H2: Key takeaway | H2: Related Reading,1010,2016-11-03,,substantive depth; first-hand narrative; outbound sources,no verified modified date,,retain; monitor search and citation performance
after,https://robertdevore.com/rethinking-keyword-research-in-the-age-of-ai/,content/posts/rethinking-keyword-research-in-the-age-of-ai.md,article,Rethinking Keyword Research in the Age of AI,informational,"developers, technical leaders, WordPress/WooCommerce users, and project evaluators",Rethinking Keyword Research in the Age of AI,rethinking keyword research in the age of ai,"Keywords Aren’t Strategy – They’re Clues | The Short Report? All Surface, No Soul | The Long Report? Messy, but Valuable | Real Strategy Is Messy (and That’s Okay) | Insight > Keywords Every Time | Strategy Isn’t Optional – It’s The Only Game | If You’re Just Chasing Keywords, You’re Already Behind | Related Reading",Rethinking Keyword Research in the Age of AI,"H1: Rethinking Keyword Research in the Age of AI | H2: Keywords Aren’t Strategy – They’re Clues | H2: The Short Report? All Surface, No Soul | H2: The Long Report? Messy, but Valuable | H2: Real Strategy Is Messy (and That’s Okay) | H2: Insight > Keywords Every Time | H2: Strategy Isn’t Optional – It’s The Only Game | H2: If You’re Just Chasing Keywords, You’re Already Behind | H2: Related Reading",797,2025-04-03,,first-hand narrative; outbound sources,no verified modified date,,retain; monitor search and citation performance
after,https://robertdevore.com/reusable-flask-error-handling-a-step-by-step-guide-to-modular-http-error-responses/,content/posts/reusable-flask-error-handling-a-step-by-step-guide-to-modular-http-error-responses.md,article,Reusable Flask Error Handling: A Step-by-Step Guide to Modular HTTP Error Responses,informational / problem-solving,"developers, technical leaders, WordPress/WooCommerce users, and project evaluators",Reusable Flask Error Handling: A Step-by-Step Guide to Modular HTTP Error Responses,reusable flask error handling: a step-by-step guide to modular http error responses,Step 1: Set Up the errors.py Module | Code for errors.py | Step 2: Integrate the errors.py Module | Code for app.py | Step 3: Create Error Templates | HTML Template for 404.html | Other Templates | Step 4: Testing the Error Handlers,Reusable Flask Error Handling: A Step-by-Step Guide to Modular HTTP Error Responses,H1: Reusable Flask Error Handling: A Step-by-Step Guide to Modular HTTP Error Responses | H2: Step 1: Set Up the errors.py Module | H3: Code for errors.py | H2: Step 2: Integrate the errors.py Module | H3: Code for app.py | H2: Step 3: Create Error Templates | H3: HTML Template for 404.html | H3: Other Templates | H2: Step 4: Testing the Error Handlers | H2: Step 5: Advanced Enhancements | H2: Wrapping up | H2: Related Reading,810,2025-01-02,,code/example; first-hand narrative; outbound sources,no verified modified date,,retain; monitor search and citation performance
after,https://robertdevore.com/run-a-tor-relay/,content/posts/run-a-tor-relay.md,article,Run a Tor relay,informational,"developers, technical leaders, WordPress/WooCommerce users, and project evaluators",Run a Tor relay,run a tor relay,What is a Tor relay? | Getting started with Digital Ocean | Creating your Droplet | Setting up your Tor relay | My thoughts on the process | Thank You's | Related Reading,Run a Tor relay,H1: Run a Tor relay | H2: What is a Tor relay? | H2: Getting started with Digital Ocean | H3: Creating your Droplet | H2: Setting up your Tor relay | H2: My thoughts on the process | H3: Thank You's | H2: Related Reading,1158,2015-08-15,,substantive depth; code/example; first-hand narrative; outbound sources,no verified modified date,,retain; monitor search and citation performance
after,https://robertdevore.com/say-goodbye-to-wordpress/,content/posts/say-goodbye-to-wordpress.md,article,Say Goodbye to WordPress,informational,"developers, technical leaders, WordPress/WooCommerce users, and project evaluators",Say Goodbye to WordPress,say goodbye to wordpress,🧠 Who Should Migrate? | ⚙️ WordPress vs. Stattic: A Breakdown | 🧭 Why I’m Doing This (and Why Now) | ⚠️ Why You Can’t Afford to Wait | ✅ What You Get | 🎯 Ready to Move? | Control is the Real Luxury | Related Reading,Say Goodbye to WordPress,H1: Say Goodbye to WordPress | H2: 🧠 Who Should Migrate? | H2: ⚙️ WordPress vs. Stattic: A Breakdown | H2: 🧭 Why I’m Doing This (and Why Now) | H2: ⚠️ Why You Can’t Afford to Wait | H2: ✅ What You Get | H2: 🎯 Ready to Move? | H2: Control is the Real Luxury | H2: Related Reading,884,2025-05-12,,first-hand narrative; outbound sources,no verified modified date,,retain; monitor search and citation performance
after,https://robertdevore.com/set-featured-images-programatically-wordpress/,content/posts/set-featured-images-programatically-wordpress.md,article,Set Featured Images Programmatically in WordPress,informational,"developers, technical leaders, WordPress/WooCommerce users, and project evaluators",Set Featured Images Programmatically in WordPress,set featured images programmatically in wordpress,Why set featured images programmatically? | The Code | Download the plugin from Github | Related Reading,Set Featured Images Programmatically in WordPress,H1: Set Featured Images Programmatically in WordPress | H2: Why set featured images programmatically? | H2: The Code | H2: Download the plugin from Github | H2: Related Reading,434,2018-04-03,,code/example; first-hand narrative; outbound sources,no verified modified date,,retain; monitor search and citation performance
after,https://robertdevore.com/slackedd/,content/posts/slackedd.md,article,Slackedd,informational,"developers, technical leaders, WordPress/WooCommerce users, and project evaluators",Slackedd,slackedd,Slackedd WordPress plugin | Automatic Updates from Github | Installation | Screenshots | Thank you's | Download | Contribute | Related Reading,Slackedd,H1: Slackedd | H2: Slackedd WordPress plugin | H2: Automatic Updates from Github | H2: Installation | H2: Screenshots | H2: Thank you's | H2: Download | H2: Contribute | H2: Related Reading,601,2016-02-01,,code/example; first-hand narrative; outbound sources,no verified modified date,,retain; monitor search and citation performance
after,https://robertdevore.com/stattic-v0-3-0-release-llms-txt-faster-gifs-leaner-core-and-smarter-routing/,content/posts/stattic-v0-3-0-release-llms-txt-faster-gifs-leaner-core-and-smarter-routing.md,article,Just Released: Stattic v.0.3.0,informational,"developers, technical leaders, WordPress/WooCommerce users, and project evaluators",Just Released: Stattic v.0.3.0,just released: stattic v.0.3.0,📦 llms.txt Generator | 🧹 9 Methods Deleted | ⚡ GIF Optimization (Without the Lag) | 📑 Sort by Front Matter order | 🏠 Smarter Index + Blog Routing | 🔗 Misc Fixes & Cleanup | v0.3.0 TL;DR | Related Reading,Just Released: Stattic v.0.3.0,H1: Just Released: Stattic v.0.3.0 | H2: 📦 llms.txt Generator | H2: 🧹 9 Methods Deleted | H2: ⚡ GIF Optimization (Without the Lag) | H2: 📑 Sort by Front Matter order | H2: 🏠 Smarter Index + Blog Routing | H2: 🔗 Misc Fixes & Cleanup | H2: v0.3.0 TL;DR | H2: Related Reading,417,2025-05-19,,code/example; first-hand narrative; outbound sources,no verified modified date,,retain; monitor search and citation performance
after,https://robertdevore.com/stattic-v1-0-the-worlds-fastest-python-based-static-site-generator/,content/posts/stattic-v1-0-the-worlds-fastest-python-based-static-site-generator.md,article,Stattic v1.0: The World’s Fastest Python-based Static Site Generator,commercial investigation / product discovery,"developers, technical leaders, WordPress/WooCommerce users, and project evaluators",Stattic v1.0: The World’s Fastest Python-based Static Site Generator,stattic v1.0: the world’s fastest python-based static site generator,What’s New in Stattic v1.0.0 | 🔧 Core Overhaul | 🔐 Security Upgrades | ⚡ Speed & Performance | 🎨 UX & Templates | ⚙️ Config & CLI | 🧹 Code Cleanup | Breaking Changes (Read This),Stattic v1.0: The World’s Fastest Python-based Static Site Generator,H1: Stattic v1.0: The World’s Fastest Python-based Static Site Generator | H2: What’s New in Stattic v1.0.0 | H3: 🔧 Core Overhaul | H3: 🔐 Security Upgrades | H3: ⚡ Speed & Performance | H3: 🎨 UX & Templates | H3: ⚙️ Config & CLI | H3: 🧹 Code Cleanup | H2: Breaking Changes (Read This) | H2: So what’s next? 🤔 | H2: Related Reading,635,2025-06-20,,code/example; first-hand narrative; outbound sources,no verified modified date,,retain; monitor search and citation performance
after,https://robertdevore.com/stop-gambling-with-client-trust-why-skipping-a-security-audit-is-a-risk-you-cant-afford/,content/posts/stop-gambling-with-client-trust-why-skipping-a-security-audit-is-a-risk-you-cant-afford.md,article,Stop Gambling With Client Trust: Why Skipping a Security Audit Is a Risk You Can’t Afford,informational,"developers, technical leaders, WordPress/WooCommerce users, and project evaluators",Stop Gambling With Client Trust: Why Skipping a Security Audit Is a Risk You Can’t Afford,stop gambling with client trust: why skipping a security audit is a risk you can’t afford,"Your Clients Will Blame YOU for Security Failures | A Single Breach Can Kill Your Reputation | You’re Holding Sensitive Client Data (Whether You Realize It or Not) | Your Third-Party Tools Could Be the Weak Link | If Your Agency Gets Hacked, It’s Game Over | A Security Audit Costs Less Than Cleaning Up a Breach | Clients Pay More for Agencies That Actually Give a Shit About Security | A Security Audit Gives You a Clear, Actionable Plan",Stop Gambling With Client Trust: Why Skipping a Security Audit Is a Risk You Can’t Afford,"H1: Stop Gambling With Client Trust: Why Skipping a Security Audit Is a Risk You Can’t Afford | H2: Your Clients Will Blame YOU for Security Failures | H2: A Single Breach Can Kill Your Reputation | H2: You’re Holding Sensitive Client Data (Whether You Realize It or Not) | H2: Your Third-Party Tools Could Be the Weak Link | H2: If Your Agency Gets Hacked, It’s Game Over | H2: A Security Audit Costs Less Than Cleaning Up a Breach | H2: Clients Pay More for Agencies That Actually Give a Shit About Security | H2: A Security Audit Gives You a Clear, Actionable Plan | H2: Don’t Wait Until It’s Too Late – Get a Security Audit Now | H2: Related Reading",918,2025-02-14,,substantive depth; first-hand narrative; outbound sources,no verified modified date,,retain; monitor search and citation performance
after,https://robertdevore.com/tag/,generated listing/archive,tag-archive,Tags,navigational / topic discovery,"developers, technical leaders, WordPress/WooCommerce users, and project evaluators",Tags,tags,Engineering | WordPress | WooCommerce | AI | Archive | Essays,Tags,H1: Tags | H2: Engineering | H2: WordPress | H2: WooCommerce | H2: AI | H2: Archive | H2: Essays,159,,,first-hand narrative; outbound sources,no visible breadcrumb,,retain; monitor search and citation performance
after,https://robertdevore.com/tag/ai/,content/tag/ai.md,tag-archive,AI,navigational / topic discovery,"developers, technical leaders, WordPress/WooCommerce users, and project evaluators",AI,ai,Articles,AI,H1: AI | H2: Articles,142,2025-05-27,,outbound sources,no visible breadcrumb,,retain; monitor search and citation performance
after,https://robertdevore.com/tag/archive/,content/tag/archive.md,tag-archive,Archive,navigational / topic discovery,"developers, technical leaders, WordPress/WooCommerce users, and project evaluators",Archive,archive,Articles,Archive,H1: Archive | H2: Articles,16,2016-12-20,,outbound sources,no visible breadcrumb,,retain; monitor search and citation performance
after,https://robertdevore.com/tag/engineering/,content/tag/engineering.md,tag-archive,Engineering,navigational / topic discovery,"developers, technical leaders, WordPress/WooCommerce users, and project evaluators",Engineering,engineering,Articles,Engineering,H1: Engineering | H2: Articles,86,2025-07-03,,first-hand narrative; outbound sources,no visible breadcrumb,,retain; monitor search and citation performance
after,https://robertdevore.com/tag/essays/,content/tag/essays.md,tag-archive,Essays,navigational / topic discovery,"developers, technical leaders, WordPress/WooCommerce users, and project evaluators",Essays,essays,Articles,Essays,H1: Essays | H2: Articles,8,2016-06-21,,outbound sources,no visible breadcrumb,,retain; monitor search and citation performance
after,https://robertdevore.com/tag/woocommerce/,content/tag/woocommerce.md,tag-archive,WooCommerce,navigational / topic discovery,"developers, technical leaders, WordPress/WooCommerce users, and project evaluators",WooCommerce,woocommerce,Articles,WooCommerce,H1: WooCommerce | H2: Articles,240,2025-06-18,,outbound sources,no visible breadcrumb,,retain; monitor search and citation performance
after,https://robertdevore.com/tag/wordpress/,content/tag/wordpress.md,tag-archive,WordPress,navigational / topic discovery,"developers, technical leaders, WordPress/WooCommerce users, and project evaluators",WordPress,wordpress,Articles,WordPress,H1: WordPress | H2: Articles,811,2025-06-20,,first-hand narrative; outbound sources,no visible breadcrumb,,retain; monitor search and citation performance
after,https://robertdevore.com/thank-you-wordpress/,content/posts/thank-you-wordpress.md,article,Thank You WordPress,informational,"developers, technical leaders, WordPress/WooCommerce users, and project evaluators",Thank You WordPress,thank you wordpress,WordPress saved my life | Thank you WordPress | Related Reading,Thank You WordPress,H1: Thank You WordPress | H2: WordPress saved my life | H2: Thank you WordPress | H2: Related Reading,514,2018-05-27,,first-hand narrative; outbound sources,no verified modified date,,retain; monitor search and citation performance
after,https://robertdevore.com/the-fastest-way-for-php-devs-to-learn-python/,content/posts/the-fastest-way-for-php-devs-to-learn-python.md,article,The Fastest Way for PHP Devs to Learn Python,informational,"developers, technical leaders, WordPress/WooCommerce users, and project evaluators",The Fastest Way for PHP Devs to Learn Python,the fastest way for php devs to learn python,1. Variables Are Loosely Typed and Dynamically Assigned | 2. Functions Work the Same | 3. Associative Arrays = Dictionaries | 4. Control Structures Feel Familiar | 5. Loops Are Straightforward | 6. String Concatenation Works as Expected | 7. Truthy Logic Is Nearly Identical | 8. You Can Organize Code Into Reusable Modules,The Fastest Way for PHP Devs to Learn Python,H1: The Fastest Way for PHP Devs to Learn Python | H2: 1. Variables Are Loosely Typed and Dynamically Assigned | H2: 2. Functions Work the Same | H2: 3. Associative Arrays = Dictionaries | H2: 4. Control Structures Feel Familiar | H2: 5. Loops Are Straightforward | H2: 6. String Concatenation Works as Expected | H2: 7. Truthy Logic Is Nearly Identical | H2: 8. You Can Organize Code Into Reusable Modules | H2: 9. Object-Oriented Programming Is Available (and Optional) | H2: 10. Ternary Syntax Exists and Is Readable | H2: Bonus: Jinja2 Templates Look a Lot Like PHP | H2: Continuing your Python journey | H2: Related Reading,732,2025-06-18,,code/example; first-hand narrative; outbound sources,no verified modified date,,retain; monitor search and citation performance
after,https://robertdevore.com/the-past-present-and-future-of-wp-dispensary/,content/posts/the-past-present-and-future-of-wp-dispensary.md,article,"The past, present and future of WP Dispensary",informational,"developers, technical leaders, WordPress/WooCommerce users, and project evaluators","The past, present and future of WP Dispensary","the past, present and future of wp dispensary",What’s been happening? | What’s coming next? | Related Reading,"The past, present and future of WP Dispensary","H1: The past, present and future of WP Dispensary | H2: What’s been happening? | H2: What’s coming next? | H2: Related Reading",606,2022-08-14,,first-hand narrative; outbound sources,no verified modified date,,retain; monitor search and citation performance
after,https://robertdevore.com/tools-and-workflows-for-formatting-visuals-and-citations/,content/posts/tools-and-workflows-for-formatting-visuals-and-citations.md,article,"Tools and Workflows for Formatting, Visuals, and Citations",informational,"developers, technical leaders, WordPress/WooCommerce users, and project evaluators","Tools and Workflows for Formatting, Visuals, and Citations","tools and workflows for formatting, visuals, and citations",Why This Final Layer Matters | Formatting That Doesn’t Feel Like Homework | 1. Use a Visual Hierarchy | 2. Add Section Breaks | Visuals That Actually Add Value | 1. Illustrate the Idea | 2. Caption with Purpose | 3. Compress Like a Pro,"Tools and Workflows for Formatting, Visuals, and Citations","H1: Tools and Workflows for Formatting, Visuals, and Citations | H2: Why This Final Layer Matters | H2: Formatting That Doesn’t Feel Like Homework | H3: 1. Use a Visual Hierarchy | H3: 2. Add Section Breaks | H2: Visuals That Actually Add Value | H3: 1. Illustrate the Idea | H3: 2. Caption with Purpose | H3: 3. Compress Like a Pro | H2: Citations That Build Trust (Without Killing Flow) | H3: 1. Link Inline – Not as Footnotes | H3: 2. Build a Mini Source Snippet | H3: 3. Let AI Hunt Sources (Then Verify) | H3: Your Toolbox for the Final Polish | H3: Bonus Workflow: The Final Polish Pass | H2: Mic-Drop Takeaway | H2: Related Reading",932,2025-05-26,,substantive depth; code/example; first-hand narrative; outbound sources,no verified modified date,,retain; monitor search and citation performance
after,https://robertdevore.com/twitter-marketing/,content/posts/twitter-marketing.md,article,Twitter Marketing,informational,"developers, technical leaders, WordPress/WooCommerce users, and project evaluators",Twitter Marketing,twitter marketing,"Twitter Advanced Search Tips | Using Twitter lists to funnel the noise | Utilize your bio, avatar, banner and pinned tweets effectively | Better Twitter Marketing | Related Reading",Twitter Marketing,"H1: Twitter Marketing | H2: Twitter Advanced Search Tips | H2: Using Twitter lists to funnel the noise | H2: Utilize your bio, avatar, banner and pinned tweets effectively | H2: Better Twitter Marketing | H2: Related Reading",1340,2016-08-23,,substantive depth; first-hand narrative; outbound sources,no verified modified date,,retain; monitor search and citation performance
after,https://robertdevore.com/two-years-building-wp-dispensary/,content/posts/two-years-building-wp-dispensary.md,article,WP Dispensary: 2 years after the launch,informational,"developers, technical leaders, WordPress/WooCommerce users, and project evaluators",WP Dispensary: 2 years after the launch,wp dispensary: 2 years after the launch,How it all started | What happened next | The first year | The second year | What's next? | Related Reading,WP Dispensary: 2 years after the launch,H1: WP Dispensary: 2 years after the launch | H2: How it all started | H2: What happened next | H2: The first year | H2: The second year | H2: What's next? | H2: Related Reading,1667,2017-12-11,,substantive depth; first-hand narrative; outbound sources,no verified modified date,,retain; monitor search and citation performance
after,https://robertdevore.com/use-ai-to-create-your-own-wwf-action-figure-blister-packs/,content/posts/use-ai-to-create-your-own-wwf-action-figure-blister-packs.md,article,Use AI to create your own WWF Action Figure Blister Packs,informational / problem-solving,"developers, technical leaders, WordPress/WooCommerce users, and project evaluators",Use AI to create your own WWF Action Figure Blister Packs,use ai to create your own wwf action figure blister packs,Why a JSON prompt? | Why WWF Action Figures? | Related Reading,Use AI to create your own WWF Action Figure Blister Packs,H1: Use AI to create your own WWF Action Figure Blister Packs | H2: Why a JSON prompt? | H2: Why WWF Action Figures? | H2: Related Reading,507,2025-05-13,,first-hand narrative; outbound sources,no verified modified date,,retain; monitor search and citation performance
after,https://robertdevore.com/what-makes-content-beautifully-useful/,content/posts/what-makes-content-beautifully-useful.md,article,What Makes Content Beautifully Useful?,informational,"developers, technical leaders, WordPress/WooCommerce users, and project evaluators",What Makes Content Beautifully Useful?,what makes content beautifully useful?,"What “Beautifully Useful” Actually Means | Two Versions, Same Topic – Only One Wins | The “Beautifully Useful” Filter | Toolbox for Making Content Hit Harder | Mic-Drop Takeaway | 🧠 Bonus Prompt: The “Before You Hit Publish” Test | Related Reading",What Makes Content Beautifully Useful?,"H1: What Makes Content Beautifully Useful? | H2: What “Beautifully Useful” Actually Means | H2: Two Versions, Same Topic – Only One Wins | H2: The “Beautifully Useful” Filter | H2: Toolbox for Making Content Hit Harder | H2: Mic-Drop Takeaway | H3: 🧠 Bonus Prompt: The “Before You Hit Publish” Test | H2: Related Reading",1058,2025-05-19,,substantive depth; code/example; outbound sources,no verified modified date,,retain; monitor search and citation performance
after,https://robertdevore.com/why-wordpress-plugin-developers-need-security-audits/,content/posts/why-wordpress-plugin-developers-need-security-audits.md,article,Why WordPress Plugin Developers Need Security Audits,commercial investigation / product discovery,"developers, technical leaders, WordPress/WooCommerce users, and project evaluators",Why WordPress Plugin Developers Need Security Audits,why wordpress plugin developers need security audits,"If Your Plugin Gets Hacked, Thousands of Sites Are Fucked | Hackers Actively Target WordPress® Plugins | You Are NOT a Security Expert (And That’s Okay, But Get an Audit Anyway) | A Security Audit Costs Less Than Cleaning Up a Breach | Users Trust Secure Plugins (And They Pay for Them Too) | A Security Audit Finds the Shit That Will Bite You Later | Get a Security Audit Before You Become the Next Horror Story | Related Reading",Why WordPress Plugin Developers Need Security Audits,"H1: Why WordPress Plugin Developers Need Security Audits | H2: If Your Plugin Gets Hacked, Thousands of Sites Are Fucked | H2: Hackers Actively Target WordPress® Plugins | H2: You Are NOT a Security Expert (And That’s Okay, But Get an Audit Anyway) | H2: A Security Audit Costs Less Than Cleaning Up a Breach | H2: Users Trust Secure Plugins (And They Pay for Them Too) | H2: A Security Audit Finds the Shit That Will Bite You Later | H2: Get a Security Audit Before You Become the Next Horror Story | H2: Related Reading",874,2025-02-07,,first-hand narrative; outbound sources,no verified modified date,,retain; monitor search and citation performance
after,https://robertdevore.com/woocommerce-dispensary-details-plugin/,content/posts/woocommerce-dispensary-details-plugin.md,article,Dispensary Details for WooCommerce,informational,"developers, technical leaders, WordPress/WooCommerce users, and project evaluators",Dispensary Details for WooCommerce,dispensary details for woocommerce,So what does it do? | Keep. It. Simple. Stupid. | Related Reading,Dispensary Details for WooCommerce,H1: Dispensary Details for WooCommerce | H2: So what does it do? | H2: Keep. It. Simple. Stupid. | H2: Related Reading,439,2017-10-17,,code/example; first-hand narrative; outbound sources,no verified modified date,,retain; monitor search and citation performance
after,https://robertdevore.com/wordpress-custom-post-types-code-snippets/,content/posts/wordpress-custom-post-types-code-snippets.md,article,Enhance the power of your WordPress Custom Post Types,informational,"developers, technical leaders, WordPress/WooCommerce users, and project evaluators",Enhance the power of your WordPress Custom Post Types,enhance the power of your wordpress custom post types,1. Custom API endpoints | 2. oEmbed improvements | 3. Flush rewrite rules during your plugin's activation | Additional resources | Related Reading,Enhance the power of your WordPress Custom Post Types,H1: Enhance the power of your WordPress Custom Post Types | H2: 1. Custom API endpoints | H2: 2. oEmbed improvements | H2: 3. Flush rewrite rules during your plugin's activation | H2: Additional resources | H2: Related Reading,963,2017-06-26,,substantive depth; code/example; first-hand narrative; outbound sources,no verified modified date,,retain; monitor search and citation performance
after,https://robertdevore.com/wordpress-plugin-security-is-a-joke-and-youre-the-punchline/,content/posts/wordpress-plugin-security-is-a-joke-and-youre-the-punchline.md,article,"WordPress Plugin Security Is a Joke, and You’re the Punchline",commercial investigation / product discovery,"developers, technical leaders, WordPress/WooCommerce users, and project evaluators","WordPress Plugin Security Is a Joke, and You’re the Punchline","wordpress plugin security is a joke, and you’re the punchline",Trigger Warning | The Illusion of Safety | Let’s Talk About the Real Villains | Philosophical Interlude: What Is “Secure Code”? | Code Interlude | A Historical Footnote of Failures | You Get Audited | Lesson Learned,"WordPress Plugin Security Is a Joke, and You’re the Punchline","H1: WordPress Plugin Security Is a Joke, and You’re the Punchline | H2: Trigger Warning | H2: The Illusion of Safety | H2: Let’s Talk About the Real Villains | H2: Philosophical Interlude: What Is “Secure Code”? | H2: Code Interlude | H2: A Historical Footnote of Failures | H2: You Get Audited | H2: Lesson Learned | H2: Related Reading",749,2025-05-15,,code/example; first-hand narrative; outbound sources,no verified modified date,,retain; monitor search and citation performance
after,https://robertdevore.com/wordpress-woocommerce-plugins-i-will-no-longer-maintain/,content/posts/wordpress-woocommerce-plugins-i-will-no-longer-maintain.md,article,WordPress & WooCommerce plugins I will no longer maintain,informational,"developers, technical leaders, WordPress/WooCommerce users, and project evaluators",WordPress & WooCommerce plugins I will no longer maintain,wordpress & woocommerce plugins i will no longer maintain,WordPress Plugins | WooCommerce Plugins | What’s next? | Related Reading,WordPress & WooCommerce plugins I will no longer maintain,H1: WordPress & WooCommerce plugins I will no longer maintain | H2: WordPress Plugins | H2: WooCommerce Plugins | H2: What’s next? | H2: Related Reading,517,2025-06-10,,first-hand narrative; outbound sources,no verified modified date,,retain; monitor search and citation performance
after,https://robertdevore.com/wp-dispensary-v2/,content/posts/wp-dispensary-v2.md,article,WP Dispensary v2.0 is being released on 4/20,commercial investigation / product discovery,"developers, technical leaders, WordPress/WooCommerce users, and project evaluators",WP Dispensary v2.0 is being released on 4/20,wp dispensary v2.0 is being released on 4/20,Rebuilt Settings Page | Increased control over how to display data | Easier for add-on's to add their own settings | Organized Edit Screens | Default hidden data boxes | Code Optimization & Speed Increases | Calling for beta testers | Related Reading,WP Dispensary v2.0 is being released on 4/20,H1: WP Dispensary v2.0 is being released on 4/20 | H2: Rebuilt Settings Page | H3: Increased control over how to display data | H3: Easier for add-on's to add their own settings | H2: Organized Edit Screens | H3: Default hidden data boxes | H2: Code Optimization & Speed Increases | H2: Calling for beta testers | H2: Related Reading,803,2018-04-09,,first-hand narrative; outbound sources,no verified modified date,,retain; monitor search and citation performance
after,https://robertdevore.com/wp-dispensary/,content/posts/wp-dispensary.md,article,WP Dispensary,informational,"developers, technical leaders, WordPress/WooCommerce users, and project evaluators",WP Dispensary,wp dispensary,Professional dispensary websites. | Introducing WP Dispensary | Installation is a breeze | REST API Integration | Example API usage | Download | Want to contribute to the plugin? | Related Reading,WP Dispensary,H1: WP Dispensary | H2: Professional dispensary websites. | H3: Introducing WP Dispensary | H3: Installation is a breeze | H3: REST API Integration | H3: Example API usage | H3: Download | H3: Want to contribute to the plugin? | H2: Related Reading,515,2016-01-18,,code/example; first-hand narrative; outbound sources,no verified modified date,,retain; monitor search and citation performance
after,https://robertdevore.com/wp-townhall-13-the-debate-kevin-geary-doesnt-want-you-to-see/,content/posts/wp-townhall-13-the-debate-kevin-geary-doesnt-want-you-to-see.md,article,WP Townhall 13: The Debate Kevin Geary Doesn’t Want You to See,informational,"developers, technical leaders, WordPress/WooCommerce users, and project evaluators",WP Townhall 13: The Debate Kevin Geary Doesn’t Want You to See,wp townhall 13: the debate kevin geary doesn’t want you to see,Why It Matters | Related Reading,WP Townhall 13: The Debate Kevin Geary Doesn’t Want You to See,H1: WP Townhall 13: The Debate Kevin Geary Doesn’t Want You to See | H2: Why It Matters | H2: Related Reading,427,2025-06-09,,first-hand narrative; outbound sources,no verified modified date,,retain; monitor search and citation performance
after,https://robertdevore.com/wtf-is-wordpress/,content/posts/wtf-is-wordpress.md,article,WTF is WordPress?,informational,"developers, technical leaders, WordPress/WooCommerce users, and project evaluators",WTF is WordPress?,wtf is wordpress?,"If you don’t know where you’ve come from, you don’t know where you’re going | So, what is WordPress? | Why WP Engine and why now? | What if WP Engine just does as they’re asked? | Who is responsible for WordPress’ growth? | So WTF is WordPress? | Community Vibes | Related Reading",WTF is WordPress?,"H1: WTF is WordPress? | H2: If you don’t know where you’ve come from, you don’t know where you’re going | H2: So, what is WordPress? | H2: Why WP Engine and why now? | H2: What if WP Engine just does as they’re asked? | H2: Who is responsible for WordPress’ growth? | H2: So WTF is WordPress? | H2: Community Vibes | H2: Related Reading",2102,2024-09-23,,substantive depth; first-hand narrative; outbound sources,no verified modified date,,retain; monitor search and citation performance
after,https://robertdevore.com/zero-cool-cli-a-hackers-terminal-from-1995/,content/posts/zero-cool-cli-a-hackers-terminal-from-1995.md,article,Zero Cool CLI – A Hacker’s Terminal from 1995,informational,"developers, technical leaders, WordPress/WooCommerce users, and project evaluators",Zero Cool CLI – A Hacker’s Terminal from 1995,zero cool cli – a hacker’s terminal from 1995,Meet the CLI | Why I Built It | How to Install | Educational Value | What’s Next | Built With Love (and PHP) | Try It Out | Related Reading,Zero Cool CLI – A Hacker’s Terminal from 1995,H1: Zero Cool CLI – A Hacker’s Terminal from 1995 | H2: Meet the CLI | H2: Why I Built It | H2: How to Install | H2: Educational Value | H2: What’s Next | H2: Built With Love (and PHP) | H2: Try It Out | H2: Related Reading,868,2025-07-03,,code/example; first-hand narrative; outbound sources,no verified modified date,,retain; monitor search and citation performance
