phase,source_url,destination_url,anchor_text,link_context,http_status,final_url,verification,nofollow,sponsored,ugc
baseline,https://robertdevore.com/,https://github.com/kujolang/kujo/,Source,section,200,https://github.com/kujolang/kujo/,verified,False,False,False
baseline,https://robertdevore.com/,https://github.com/robertdevore/strata/,Source,article,200,https://github.com/robertdevore/strata/,verified,False,False,False
baseline,https://robertdevore.com/,https://github.com/robertdevore/snips/,Source,article,200,https://github.com/robertdevore/snips/,verified,False,False,False
baseline,https://robertdevore.com/,https://github.com/robertdevore/reporadar/,Source,article,200,https://github.com/robertdevore/reporadar/,verified,False,False,False
baseline,https://robertdevore.com/,https://github.com/robertdevore/,GitHub,section,200,https://github.com/robertdevore/,verified,False,False,False
baseline,https://robertdevore.com/,https://x.com/deviorobert/,X,section,200,https://x.com/deviorobert,verified,False,False,False
baseline,https://robertdevore.com/,https://x.com/deviorobert/,[non-text link],navigation,200,https://x.com/deviorobert,verified,False,False,False
baseline,https://robertdevore.com/,https://github.com/robertdevore/,[non-text link],navigation,200,https://github.com/robertdevore/,verified,False,False,False
baseline,https://robertdevore.com/5-python-scripts-for-osint-and-pentesting/,https://github.com/robertdevore/pypractice/tree/main/combine-txt/,combine-txt,article,200,https://github.com/robertdevore/pypractice/tree/main/combine-txt/,verified,False,False,False
baseline,https://robertdevore.com/5-python-scripts-for-osint-and-pentesting/,https://github.com/robertdevore/pypractice/tree/main/email-scraper/,email-scraper,article,200,https://github.com/robertdevore/pypractice/tree/main/email-scraper/,verified,False,False,False
baseline,https://robertdevore.com/5-python-scripts-for-osint-and-pentesting/,https://github.com/robertdevore/pypractice/tree/main/password-cracker/,password-cracker,article,200,https://github.com/robertdevore/pypractice/tree/main/password-cracker/,verified,False,False,False
baseline,https://robertdevore.com/5-python-scripts-for-osint-and-pentesting/,https://github.com/robertdevore/pypractice/tree/main/password-cracker-2/,password-cracker-2,article,200,https://github.com/robertdevore/pypractice/tree/main/password-cracker-2/,verified,False,False,False
baseline,https://robertdevore.com/5-python-scripts-for-osint-and-pentesting/,https://github.com/robertdevore/pypractice/tree/main/regex-scanner/,regex-scanner,article,200,https://github.com/robertdevore/pypractice/tree/main/regex-scanner/,verified,False,False,False
baseline,https://robertdevore.com/5-python-scripts-for-osint-and-pentesting/,https://www.php.net/manual/en/function.eval.php,eval,article,200,https://www.php.net/manual/en/function.eval.php,verified,False,False,False
baseline,https://robertdevore.com/5-python-scripts-for-osint-and-pentesting/,https://www.php.net/manual/en/function.fopen.php,fopen,article,200,https://www.php.net/manual/en/function.fopen.php,verified,False,False,False
baseline,https://robertdevore.com/5-python-scripts-for-osint-and-pentesting/,https://www.php.net/manual/en/function.file-get-contents.php,file_get_contents,article,200,https://www.php.net/manual/en/function.file-get-contents.php,verified,False,False,False
baseline,https://robertdevore.com/5-python-scripts-for-osint-and-pentesting/,https://www.php.net/manual/en/function.extract.php,extract,article,200,https://www.php.net/manual/en/function.extract.php,verified,False,False,False
baseline,https://robertdevore.com/5-python-scripts-for-osint-and-pentesting/,https://www.php.net/manual/en/function.create-function,create_function,article,200,https://www.php.net/manual/en/function.create-function.php,verified,False,False,False
baseline,https://robertdevore.com/5-python-scripts-for-osint-and-pentesting/,https://github.com/robertdevore/pypractice/tree/main/xss-yes/,xss-yes,article,200,https://github.com/robertdevore/pypractice/tree/main/xss-yes/,verified,False,False,False
baseline,https://robertdevore.com/5-python-scripts-for-osint-and-pentesting/,https://x.com/deviorobert/,[non-text link],navigation,200,https://x.com/deviorobert,verified,False,False,False
baseline,https://robertdevore.com/5-python-scripts-for-osint-and-pentesting/,https://github.com/robertdevore/,[non-text link],navigation,200,https://github.com/robertdevore/,verified,False,False,False
baseline,https://robertdevore.com/5-questions-you-must-answer-before-writing-anything/,https://x.com/deviorobert/,[non-text link],navigation,200,https://x.com/deviorobert,verified,False,False,False
baseline,https://robertdevore.com/5-questions-you-must-answer-before-writing-anything/,https://github.com/robertdevore/,[non-text link],navigation,200,https://github.com/robertdevore/,verified,False,False,False
baseline,https://robertdevore.com/5-things-i-learned-building-my-first-gutenberg-blocks-plugin/,https://wordpress.org/gutenberg/,Gutenberg,article,200,https://wordpress.org/gutenberg/,verified,False,False,False
baseline,https://robertdevore.com/5-things-i-learned-building-my-first-gutenberg-blocks-plugin/,http://pillar.press/,Pillar.Press,article,0,,not checked,False,False,False
baseline,https://robertdevore.com/5-things-i-learned-building-my-first-gutenberg-blocks-plugin/,https://www.toddmotto.com/,Todd Motto,article,0,,not checked,False,False,False
baseline,https://robertdevore.com/5-things-i-learned-building-my-first-gutenberg-blocks-plugin/,https://github.com/html5blank/,HTML5Blank,article,404,https://github.com/html5blank/,verified,False,False,False
baseline,https://robertdevore.com/5-things-i-learned-building-my-first-gutenberg-blocks-plugin/,http://html5blank.com/,landing page,article,0,,not checked,False,False,False
baseline,https://robertdevore.com/5-things-i-learned-building-my-first-gutenberg-blocks-plugin/,https://namecheap.com/,Namecheap,article,403,https://www.namecheap.com/,blocked/indeterminate,False,False,False
baseline,https://robertdevore.com/5-things-i-learned-building-my-first-gutenberg-blocks-plugin/,https://www.wordpress.org/plugins/pillar-press-content-blocks/,custom Gutenberg blocks,article,200,https://wordpress.org/plugins/pillar-press-content-blocks/,verified,False,False,False
baseline,https://robertdevore.com/5-things-i-learned-building-my-first-gutenberg-blocks-plugin/,https://wordpress.org/gutenberg/,Gutenberg,article,200,https://wordpress.org/gutenberg/,verified,False,False,False
baseline,https://robertdevore.com/5-things-i-learned-building-my-first-gutenberg-blocks-plugin/,http://pillar.press/,Pillar Press,article,0,,not checked,False,False,False
baseline,https://robertdevore.com/5-things-i-learned-building-my-first-gutenberg-blocks-plugin/,http://pillar.press/,Pillar Press,article,0,,not checked,False,False,False
baseline,https://robertdevore.com/5-things-i-learned-building-my-first-gutenberg-blocks-plugin/,https://www.wordpress.org/plugins/pillar-press-content-blocks/,my first blocks plugin,article,200,https://wordpress.org/plugins/pillar-press-content-blocks/,verified,False,False,False
baseline,https://robertdevore.com/5-things-i-learned-building-my-first-gutenberg-blocks-plugin/,https://nodejs.org/en/download/package-manager/,install via the package manager,article,200,https://nodejs.org/en/download,verified,False,False,False
baseline,https://robertdevore.com/5-things-i-learned-building-my-first-gutenberg-blocks-plugin/,https://treehouse.github.io/installation-guides/windows/node-windows.html,install Node and NPM on Windows,article,200,https://treehouse.github.io/installation-guides/windows/node-windows.html,verified,False,False,False
baseline,https://robertdevore.com/5-things-i-learned-building-my-first-gutenberg-blocks-plugin/,https://github.com/ahmadawais/Gutenberg-Boilerplate/,Gutenberg Boilerplate,article,200,https://github.com/ahmadawais/create-guten-block,verified,False,False,False
baseline,https://robertdevore.com/5-things-i-learned-building-my-first-gutenberg-blocks-plugin/,https://github.com/ahmadawais/create-guten-block/,create-guten-block,article,200,https://github.com/ahmadawais/create-guten-block/,verified,False,False,False
baseline,https://robertdevore.com/5-things-i-learned-building-my-first-gutenberg-blocks-plugin/,https://www.github.com/pillarpress/pillar-press-content-blocks/,Github,article,404,https://github.com/pillarpress/pillar-press-content-blocks/,verified,False,False,False
baseline,https://robertdevore.com/5-things-i-learned-building-my-first-gutenberg-blocks-plugin/,https://wordpress.org/gutenberg/,Gutenberg,article,200,https://wordpress.org/gutenberg/,verified,False,False,False
baseline,https://robertdevore.com/5-things-i-learned-building-my-first-gutenberg-blocks-plugin/,https://wordpress.org/plugins/gutenberg/,Gutenberg,article,429,https://wordpress.org/plugins/gutenberg/,blocked/indeterminate,False,False,False
baseline,https://robertdevore.com/5-things-i-learned-building-my-first-gutenberg-blocks-plugin/,https://wordpress.org/plugins/gutenberg/,Gutenberg,article,429,https://wordpress.org/plugins/gutenberg/,blocked/indeterminate,False,False,False
baseline,https://robertdevore.com/5-things-i-learned-building-my-first-gutenberg-blocks-plugin/,https://wordpress.org/plugins/gutenberg/,Gutenberg v2.8,article,429,https://wordpress.org/plugins/gutenberg/,blocked/indeterminate,False,False,False
baseline,https://robertdevore.com/5-things-i-learned-building-my-first-gutenberg-blocks-plugin/,https://www.github.com/pillarpress/pillar-press-content-blocks/,Content Blocks plugin,article,404,https://github.com/pillarpress/pillar-press-content-blocks/,verified,False,False,False
baseline,https://robertdevore.com/5-things-i-learned-building-my-first-gutenberg-blocks-plugin/,https://twitter.com/hashtag/Gutenberg/?src=hash&ref_src=twsrc%5Etfw,#Gutenberg,article,200,https://x.com/hashtag/Gutenberg/?src=hash&ref_src=twsrc%5Etfw,verified,False,False,False
baseline,https://robertdevore.com/5-things-i-learned-building-my-first-gutenberg-blocks-plugin/,https://twitter.com/gziolo/status/993491209422295040/?ref_src=twsrc%5Etfw,"May 7, 2018",article,200,https://x.com/gziolo/status/993491209422295040/?ref_src=twsrc%5Etfw,verified,False,False,False
baseline,https://robertdevore.com/5-things-i-learned-building-my-first-gutenberg-blocks-plugin/,https://giphy.com/gifs/someone-gifgun-gifsquid-dnkTPFmjAxyUg/,via GIPHY,article,308,https://giphy.com/gifs/someone-gifgun-gifsquid-dnkTPFmjAxyUg/,verified,False,False,False
baseline,https://robertdevore.com/5-things-i-learned-building-my-first-gutenberg-blocks-plugin/,https://x.com/deviorobert/,[non-text link],navigation,200,https://x.com/deviorobert,verified,False,False,False
baseline,https://robertdevore.com/5-things-i-learned-building-my-first-gutenberg-blocks-plugin/,https://github.com/robertdevore/,[non-text link],navigation,200,https://github.com/robertdevore/,verified,False,False,False
baseline,https://robertdevore.com/7-days-full-time-wp-dispensary/,https://www.wpdispensary.com/cannabiz-version-1-7/,release,article,200,https://wpdispensary.com/,verified,False,False,False
baseline,https://robertdevore.com/7-days-full-time-wp-dispensary/,https://www.wpdispensary.com/new-developer-resource-center/,outline,article,200,https://wpdispensary.com/,verified,False,False,False
baseline,https://robertdevore.com/7-days-full-time-wp-dispensary/,https://www.wpdispensary.com/for-developers/,Developer Resource Center,article,200,https://wpdispensary.com/,verified,False,False,False
baseline,https://robertdevore.com/7-days-full-time-wp-dispensary/,https://www.wpdispensary.com/for-dispensaries/,[non-text link],article,200,https://wpdispensary.com/,verified,False,False,False
baseline,https://robertdevore.com/7-days-full-time-wp-dispensary/,https://www.wpdispensary.com/for-developers/,developers,article,200,https://wpdispensary.com/,verified,False,False,False
baseline,https://robertdevore.com/7-days-full-time-wp-dispensary/,https://www.wpdispensary.com/for-dispensaries/,dispensaries,article,200,https://wpdispensary.com/,verified,False,False,False
baseline,https://robertdevore.com/7-days-full-time-wp-dispensary/,https://www.wpdispensary.com/downloads/all-in-one-bundle/,All-in-one Bundle,article,200,https://wpdispensary.com/,verified,False,False,False
baseline,https://robertdevore.com/7-days-full-time-wp-dispensary/,https://www.wpdispensary.com/for-developers/,[non-text link],article,200,https://wpdispensary.com/,verified,False,False,False
baseline,https://robertdevore.com/7-days-full-time-wp-dispensary/,https://www.wpdispensary.com/downloads/all-in-one-bundle/,Setup Service,article,200,https://wpdispensary.com/,verified,False,False,False
baseline,https://robertdevore.com/7-days-full-time-wp-dispensary/,https://www.wpdispensary.com/downloads/cannabiz/,WordPress marijuana theme,article,200,https://wpdispensary.com/,verified,False,False,False
baseline,https://robertdevore.com/7-days-full-time-wp-dispensary/,https://www.wpdispensary.com/cannabiz-version-1-7/,[non-text link],article,200,https://wpdispensary.com/,verified,False,False,False
baseline,https://robertdevore.com/7-days-full-time-wp-dispensary/,https://www.wpdispensary.com/cannabiz-version-1-7/,release notes,article,200,https://wpdispensary.com/,verified,False,False,False
baseline,https://robertdevore.com/7-days-full-time-wp-dispensary/,https://wordpress.org/support/topic/no-logo-3/,bug,article,200,https://wordpress.org/support/topic/no-logo-3/,verified,False,False,False
baseline,https://robertdevore.com/7-days-full-time-wp-dispensary/,https://www.wpdispensary.com/wp-dispensary-version-1-9-6/,version 1.9.6,article,200,https://wpdispensary.com/,verified,False,False,False
baseline,https://robertdevore.com/7-days-full-time-wp-dispensary/,https://www.wpdispensary.com/downloads/styles/,Styles,article,200,https://wpdispensary.com/,verified,False,False,False
baseline,https://robertdevore.com/7-days-full-time-wp-dispensary/,https://x.com/deviorobert/,[non-text link],navigation,200,https://x.com/deviorobert,verified,False,False,False
baseline,https://robertdevore.com/7-days-full-time-wp-dispensary/,https://github.com/robertdevore/,[non-text link],navigation,200,https://github.com/robertdevore/,verified,False,False,False
baseline,https://robertdevore.com/about/,https://x.com/deviorobert/,[non-text link],navigation,200,https://x.com/deviorobert,verified,False,False,False
baseline,https://robertdevore.com/about/,https://github.com/robertdevore/,[non-text link],navigation,200,https://github.com/robertdevore/,verified,False,False,False
baseline,https://robertdevore.com/all-in-one-wp-migration-plugin-ddos-attack/,https://wordpress.org/plugins/all-in-one-wp-migration/,All In One WP Migration,article,200,https://wordpress.org/plugins/all-in-one-wp-migration/,verified,False,False,False
baseline,https://robertdevore.com/all-in-one-wp-migration-plugin-ddos-attack/,https://servmask.com/,ServMask,article,200,https://servmask.com/,verified,False,False,False
baseline,https://robertdevore.com/all-in-one-wp-migration-plugin-ddos-attack/,https://patchstack.com/,Patchstack,article,200,https://patchstack.com/,verified,False,False,False
baseline,https://robertdevore.com/all-in-one-wp-migration-plugin-ddos-attack/,https://www.exploit-db.com/exploits/50052/,this one,article,200,https://www.exploit-db.com/exploits/50052,verified,False,False,False
baseline,https://robertdevore.com/all-in-one-wp-migration-plugin-ddos-attack/,https://snicco.io/vulnerability-disclosure/malcare/site-takeover-through-stolen-api-credentials-in-combination-with-sqli-malcare-5-09/,pointed out,article,200,https://snicco.io/vulnerability-disclosure/malcare/site-takeover-through-stolen-api-credentials-in-combination-with-sqli-malcare-5-09,verified,False,False,False
baseline,https://robertdevore.com/all-in-one-wp-migration-plugin-ddos-attack/,https://patchstack.com/database/,never-ending read-SQLi vulnerabilities,article,200,https://patchstack.com/database/,verified,False,False,False
baseline,https://robertdevore.com/all-in-one-wp-migration-plugin-ddos-attack/,https://webdesigneracademy.com/my-stripe-account-was-hacked-and-stripe-said-i-have-to-repay-70k/,This recently happened with WooCommerce Stripe keys,article,200,https://webdesigneracademy.com/my-stripe-account-was-hacked-and-stripe-said-i-have-to-repay-70k/,verified,False,False,False
baseline,https://robertdevore.com/all-in-one-wp-migration-plugin-ddos-attack/,https://aboutus.godaddy.net/newsroom/company-news/news-details/2021/GoDaddy-Announces-Security-Incident-Affecting-Managed-WordPress-Service/default.aspx?fbclid=IwAR2zz6g0XEpSl5pGkNfe3GOhEXFgE-XRIyQVDFIMOvKqBs3AVfsIXHflmrg,site’s database is compromised at the hosting level,article,200,https://aboutus.godaddy.net/newsroom/company-news/news-details/2021/GoDaddy-Announces-Security-Incident-Affecting-Managed-WordPress-Service/default.aspx?fbclid=IwAR2zz6g0XEpSl5pGkNfe3GOhEXFgE-XRIyQVDFIMOvKqBs3AVfsIXHflmrg,verified,False,False,False
baseline,https://robertdevore.com/all-in-one-wp-migration-plugin-ddos-attack/,https://patchstack.com/database/vulnerability/elementor-pro/wordpress-elementor-pro-3-11-6-authenticated-arbitrary-options-change-vulnerability/,wildly exploited Elementor vulnerability,article,200,https://patchstack.com/database/wordpress/plugin/elementor-pro/vulnerability/wordpress-elementor-pro-3-11-6-authenticated-arbitrary-options-change-vulnerability,verified,False,False,False
baseline,https://robertdevore.com/all-in-one-wp-migration-plugin-ddos-attack/,https://cln.sh/Fh8xbzg7h5vpSK0y0kjT/,second largest,article,200,https://cleanshot.com/share/Fh8xbzg7h5vpSK0y0kjT,verified,False,False,False
baseline,https://robertdevore.com/all-in-one-wp-migration-plugin-ddos-attack/,https://wpengine.com/,WPEngine,article,200,https://wpengine.com/,verified,False,False,False
baseline,https://robertdevore.com/all-in-one-wp-migration-plugin-ddos-attack/,https://pagely.com/,Pagely,article,200,https://pagely.com/,verified,False,False,False
baseline,https://robertdevore.com/all-in-one-wp-migration-plugin-ddos-attack/,https://pressable.com/,Pressable,article,200,https://pressable.com/,verified,False,False,False
baseline,https://robertdevore.com/all-in-one-wp-migration-plugin-ddos-attack/,https://blogvault.com/,Blogvault,article,200,https://blogvault.net/,verified,False,False,False
baseline,https://robertdevore.com/all-in-one-wp-migration-plugin-ddos-attack/,https://x.com/deviorobert/,[non-text link],navigation,200,https://x.com/deviorobert,verified,False,False,False
baseline,https://robertdevore.com/all-in-one-wp-migration-plugin-ddos-attack/,https://github.com/robertdevore/,[non-text link],navigation,200,https://github.com/robertdevore/,verified,False,False,False
baseline,https://robertdevore.com/back-to-basics/,https://twitter.com/hashtag/NeverNotWorking/?src=hash&ref_src=twsrc%5Etfw,#NeverNotWorking,article,200,https://x.com/hashtag/NeverNotWorking/?src=hash&ref_src=twsrc%5Etfw,verified,False,False,False
baseline,https://robertdevore.com/back-to-basics/,https://twitter.com/deviorobert/status/976496147777847296/?ref_src=twsrc%5Etfw,"March 21, 2018",article,200,https://x.com/deviorobert/status/976496147777847296/?ref_src=twsrc%5Etfw,verified,False,False,False
baseline,https://robertdevore.com/back-to-basics/,https://www.codecademy.com/en/tracks/php/,PHP course,article,200,https://www.codecademy.com/catalog/language/php,verified,False,False,False
baseline,https://robertdevore.com/back-to-basics/,https://www.codecademy.com/,Codecademy,article,200,https://www.codecademy.com/,verified,False,False,False
baseline,https://robertdevore.com/back-to-basics/,https://www.wpdispensary.com/,WP Dispensary,article,200,https://wpdispensary.com/,verified,False,False,False
baseline,https://robertdevore.com/back-to-basics/,https://javascriptforwp.com/,JavaScript for WordPress,article,200,https://javascriptforwp.com/,verified,False,False,False
baseline,https://robertdevore.com/back-to-basics/,https://twitter.com/zgordon/,Zac Gordon,article,200,https://x.com/zgordon,verified,False,False,False
baseline,https://robertdevore.com/back-to-basics/,https://x.com/deviorobert/,[non-text link],navigation,200,https://x.com/deviorobert,verified,False,False,False
baseline,https://robertdevore.com/back-to-basics/,https://github.com/robertdevore/,[non-text link],navigation,200,https://github.com/robertdevore/,verified,False,False,False
baseline,https://robertdevore.com/blog/,https://x.com/deviorobert/,[non-text link],navigation,200,https://x.com/deviorobert,verified,False,False,False
baseline,https://robertdevore.com/blog/,https://github.com/robertdevore/,[non-text link],navigation,200,https://github.com/robertdevore/,verified,False,False,False
baseline,https://robertdevore.com/blog/page/10/,https://x.com/deviorobert/,[non-text link],navigation,200,https://x.com/deviorobert,verified,False,False,False
baseline,https://robertdevore.com/blog/page/10/,https://github.com/robertdevore/,[non-text link],navigation,200,https://github.com/robertdevore/,verified,False,False,False
baseline,https://robertdevore.com/blog/page/11/,https://x.com/deviorobert/,[non-text link],navigation,200,https://x.com/deviorobert,verified,False,False,False
baseline,https://robertdevore.com/blog/page/11/,https://github.com/robertdevore/,[non-text link],navigation,200,https://github.com/robertdevore/,verified,False,False,False
baseline,https://robertdevore.com/blog/page/12/,https://x.com/deviorobert/,[non-text link],navigation,200,https://x.com/deviorobert,verified,False,False,False
baseline,https://robertdevore.com/blog/page/12/,https://github.com/robertdevore/,[non-text link],navigation,200,https://github.com/robertdevore/,verified,False,False,False
baseline,https://robertdevore.com/blog/page/2/,https://x.com/deviorobert/,[non-text link],navigation,200,https://x.com/deviorobert,verified,False,False,False
baseline,https://robertdevore.com/blog/page/2/,https://github.com/robertdevore/,[non-text link],navigation,200,https://github.com/robertdevore/,verified,False,False,False
baseline,https://robertdevore.com/blog/page/3/,https://x.com/deviorobert/,[non-text link],navigation,200,https://x.com/deviorobert,verified,False,False,False
baseline,https://robertdevore.com/blog/page/3/,https://github.com/robertdevore/,[non-text link],navigation,200,https://github.com/robertdevore/,verified,False,False,False
baseline,https://robertdevore.com/blog/page/4/,https://x.com/deviorobert/,[non-text link],navigation,200,https://x.com/deviorobert,verified,False,False,False
baseline,https://robertdevore.com/blog/page/4/,https://github.com/robertdevore/,[non-text link],navigation,200,https://github.com/robertdevore/,verified,False,False,False
baseline,https://robertdevore.com/blog/page/5/,https://x.com/deviorobert/,[non-text link],navigation,200,https://x.com/deviorobert,verified,False,False,False
baseline,https://robertdevore.com/blog/page/5/,https://github.com/robertdevore/,[non-text link],navigation,200,https://github.com/robertdevore/,verified,False,False,False
baseline,https://robertdevore.com/blog/page/6/,https://x.com/deviorobert/,[non-text link],navigation,200,https://x.com/deviorobert,verified,False,False,False
baseline,https://robertdevore.com/blog/page/6/,https://github.com/robertdevore/,[non-text link],navigation,200,https://github.com/robertdevore/,verified,False,False,False
baseline,https://robertdevore.com/blog/page/7/,https://x.com/deviorobert/,[non-text link],navigation,200,https://x.com/deviorobert,verified,False,False,False
baseline,https://robertdevore.com/blog/page/7/,https://github.com/robertdevore/,[non-text link],navigation,200,https://github.com/robertdevore/,verified,False,False,False
baseline,https://robertdevore.com/blog/page/8/,https://x.com/deviorobert/,[non-text link],navigation,200,https://x.com/deviorobert,verified,False,False,False
baseline,https://robertdevore.com/blog/page/8/,https://github.com/robertdevore/,[non-text link],navigation,200,https://github.com/robertdevore/,verified,False,False,False
baseline,https://robertdevore.com/blog/page/9/,https://x.com/deviorobert/,[non-text link],navigation,200,https://x.com/deviorobert,verified,False,False,False
baseline,https://robertdevore.com/blog/page/9/,https://github.com/robertdevore/,[non-text link],navigation,200,https://github.com/robertdevore/,verified,False,False,False
baseline,https://robertdevore.com/boostbox-free-popups-that-work-pro-popups-that-convert/,https://deviodigital.com/product/boostbox-pro/,BoostBox Pro,article,0,,not checked,False,False,False
baseline,https://robertdevore.com/boostbox-free-popups-that-work-pro-popups-that-convert/,https://deviodigital.com/product/boostbox-pro/,BoostBox Pro,article,0,,not checked,False,False,False
baseline,https://robertdevore.com/boostbox-free-popups-that-work-pro-popups-that-convert/,https://deviodigital.com/product/boostbox-pro/,BoostBox Pro,article,0,,not checked,False,False,False
baseline,https://robertdevore.com/boostbox-free-popups-that-work-pro-popups-that-convert/,https://deviodigital.com/product/boostbox-pro/,BoostBox Pro,article,0,,not checked,False,False,False
baseline,https://robertdevore.com/boostbox-free-popups-that-work-pro-popups-that-convert/,https://deviodigital.com/product/boostbox-pro/,upgrade to Pro,article,0,,not checked,False,False,False
baseline,https://robertdevore.com/boostbox-free-popups-that-work-pro-popups-that-convert/,https://deviodigital.com/product/boostbox-pro/,go Pro,article,0,,not checked,False,False,False
baseline,https://robertdevore.com/boostbox-free-popups-that-work-pro-popups-that-convert/,https://x.com/deviorobert/,[non-text link],navigation,200,https://x.com/deviorobert,verified,False,False,False
baseline,https://robertdevore.com/boostbox-free-popups-that-work-pro-popups-that-convert/,https://github.com/robertdevore/,[non-text link],navigation,200,https://github.com/robertdevore/,verified,False,False,False
baseline,https://robertdevore.com/boostbox-wordpress-popup-builder-for-the-core-editor/,https://wordpress.org/plugins/boostbox/,BoostBox,article,200,https://wordpress.org/plugins/boostbox/,verified,False,False,False
baseline,https://robertdevore.com/boostbox-wordpress-popup-builder-for-the-core-editor/,https://wordpress.org/plugins/boostbox/,[non-text link],article,200,https://wordpress.org/plugins/boostbox/,verified,False,False,False
baseline,https://robertdevore.com/boostbox-wordpress-popup-builder-for-the-core-editor/,https://wordpress.org/plugins/boostbox/,BoostBox,article,200,https://wordpress.org/plugins/boostbox/,verified,False,False,False
baseline,https://robertdevore.com/boostbox-wordpress-popup-builder-for-the-core-editor/,https://twitter.com/deviorobert/status/1743037062964478228/,Twitter thread,article,200,https://x.com/deviorobert/status/1743037062964478228/,verified,False,False,False
baseline,https://robertdevore.com/boostbox-wordpress-popup-builder-for-the-core-editor/,https://wordpress.org/plugins/boostbox/,BoostBox,article,200,https://wordpress.org/plugins/boostbox/,verified,False,False,False
baseline,https://robertdevore.com/boostbox-wordpress-popup-builder-for-the-core-editor/,https://olliewp.com/,Ollie theme,article,200,https://olliewp.com/,verified,False,False,False
baseline,https://robertdevore.com/boostbox-wordpress-popup-builder-for-the-core-editor/,https://briangardner.com/,Brian Gardner,article,200,https://briangardner.com/,verified,False,False,False
baseline,https://robertdevore.com/boostbox-wordpress-popup-builder-for-the-core-editor/,https://frostwp.com/,Frost,article,200,https://frostwp.com/,verified,False,False,False
baseline,https://robertdevore.com/boostbox-wordpress-popup-builder-for-the-core-editor/,https://briangardner.com/themes/powder/,Powder theme,article,200,https://briangardner.com/powder/,verified,False,False,False
baseline,https://robertdevore.com/boostbox-wordpress-popup-builder-for-the-core-editor/,https://www.kadencewp.com/,Kadence,article,200,https://www.liquidweb.com/software/kadence/,verified,False,False,False
baseline,https://robertdevore.com/boostbox-wordpress-popup-builder-for-the-core-editor/,https://cannabiz.software/,CannaBiz Software,article,0,,not checked,False,False,False
baseline,https://robertdevore.com/boostbox-wordpress-popup-builder-for-the-core-editor/,https://www.kadencewp.com/introducing-the-innovative-kadence-design-library-revolutionizing-the-world-of-design-patterns/,design library,article,404,https://www.kadencewp.com/introducing-the-innovative-kadence-design-library-revolutionizing-the-world-of-design-patterns/,verified,False,False,False
baseline,https://robertdevore.com/boostbox-wordpress-popup-builder-for-the-core-editor/,https://wordpress.org/plugins/boostbox/,BoostBox,article,200,https://wordpress.org/plugins/boostbox/,verified,False,False,False
baseline,https://robertdevore.com/boostbox-wordpress-popup-builder-for-the-core-editor/,https://wordpress.org/themes/twentytwentyfour/,Twenty Twenty-Four,article,200,https://wordpress.org/themes/twentytwentyfour/,verified,False,False,False
baseline,https://robertdevore.com/boostbox-wordpress-popup-builder-for-the-core-editor/,https://wordpress.org/plugins/boostbox/,BoostBox WordPress Plugin,article,200,https://wordpress.org/plugins/boostbox/,verified,False,False,False
baseline,https://robertdevore.com/boostbox-wordpress-popup-builder-for-the-core-editor/,https://x.com/deviorobert/,Twitter,article,200,https://x.com/deviorobert,verified,False,False,False
baseline,https://robertdevore.com/boostbox-wordpress-popup-builder-for-the-core-editor/,https://downloads.wordpress.org/plugin/boostbox.latest-stable.zip,Download Now,article,200,https://downloads.wordpress.org/plugin/boostbox.2.2.1.zip,verified,False,False,False
baseline,https://robertdevore.com/boostbox-wordpress-popup-builder-for-the-core-editor/,https://twitter.com/deviorobert/status/1740106853277950449/,following,article,200,https://x.com/deviorobert/status/1740106853277950449/,verified,False,False,False
baseline,https://robertdevore.com/boostbox-wordpress-popup-builder-for-the-core-editor/,https://twitter.com/deviorobert/status/1701961960697319481/,along,article,200,https://x.com/deviorobert/status/1701961960697319481/,verified,False,False,False
baseline,https://robertdevore.com/boostbox-wordpress-popup-builder-for-the-core-editor/,https://twitter.com/deviorobert/status/1688538188501975040/,on,article,200,https://x.com/deviorobert/status/1688538188501975040/,verified,False,False,False
baseline,https://robertdevore.com/boostbox-wordpress-popup-builder-for-the-core-editor/,https://twitter.com/deviorobert/status/1724434588821234177/,Twitter,article,200,https://x.com/deviorobert/status/1724434588821234177/,verified,False,False,False
baseline,https://robertdevore.com/boostbox-wordpress-popup-builder-for-the-core-editor/,https://patchstack.com/database/researcher/770fb791-e511-4ce8-8c93-c3f912d443df/,Patchstack,article,200,https://patchstack.com/database/researchers/770fb791-e511-4ce8-8c93-c3f912d443df,verified,False,False,False
baseline,https://robertdevore.com/boostbox-wordpress-popup-builder-for-the-core-editor/,https://x.com/deviorobert/,[non-text link],navigation,200,https://x.com/deviorobert,verified,False,False,False
baseline,https://robertdevore.com/boostbox-wordpress-popup-builder-for-the-core-editor/,https://github.com/robertdevore/,[non-text link],navigation,200,https://github.com/robertdevore/,verified,False,False,False
baseline,https://robertdevore.com/cannabis-health-benefits/,http://alisonmyrden.com/MMM%20new/mediamedicalmarijuana2.htm,reviewed 48 long-term studies,article,0,,not checked,False,False,False
baseline,https://robertdevore.com/cannabis-health-benefits/,http://cmcr.ucsd.edu/images/pdfs/cmcr_report_feb17.pdf,publicly announced the findings,article,404,http://cmcr.ucsd.edu/images/pdfs/cmcr_report_feb17.pdf,verified,False,False,False
baseline,https://robertdevore.com/cannabis-health-benefits/,http://preventdisease.com/news/10/120310_marijuana_cuts_tumor_growth.shtml,reduce cancer growth by 50%,article,404,https://preventdisease.com/news/10/120310_marijuana_cuts_tumor_growth.shtml,verified,False,False,False
baseline,https://robertdevore.com/cannabis-health-benefits/,http://www.ncbi.nlm.nih.gov/pubmed/18025276/,according to a study,article,200,https://pubmed.ncbi.nlm.nih.gov/18025276/,verified,False,False,False
baseline,https://robertdevore.com/cannabis-health-benefits/,http://safeaccess.ca/research/cancer.htm,extensive list of studies,article,404,https://safeaccess.ca/research/cancer.htm,verified,False,False,False
baseline,https://robertdevore.com/cannabis-health-benefits/,http://www.cnn.com/2013/08/07/health/charlotte-child-medical-marijuana/,completely stop seizures,article,200,https://www.cnn.com/2013/08/07/health/charlotte-child-medical-marijuana/,verified,False,False,False
baseline,https://robertdevore.com/cannabis-health-benefits/,http://www.medicaldaily.com/cannabis-oil-helped-stop-8-year-old-forrest-smelsers-seizures-when-other-drugs-311960/,8 year old Forrest Smelser,article,404,https://www.medicaldaily.com/cannabis-oil-helped-stop-8-year-old-forrest-smelsers-seizures-when-other-drugs-311960/,verified,False,False,False
baseline,https://robertdevore.com/cannabis-health-benefits/,http://www.komonews.com/news/local/283635751.html,KOMO News,article,400,https://komonews.com/news/local/283635751.html,verified,False,False,False
baseline,https://robertdevore.com/cannabis-health-benefits/,http://www.niaaa.nih.gov/research/niaaa-intramural-program/niaaa-laboratories/laboratory-behavioral-and-genomic-neuroscience/,National Institute on Alcohol Abuse and Alcoholism,article,404,https://www.niaaa.nih.gov/research/niaaa-intramural-program/niaaa-laboratories/laboratory-behavioral-and-genomic-neuroscience/,verified,False,False,False
baseline,https://robertdevore.com/cannabis-health-benefits/,http://www.leafscience.com/2014/06/19/cannabis-treats-ptsd-symptoms-pilot-study/,confirmed,article,0,,not checked,False,False,False
baseline,https://robertdevore.com/cannabis-health-benefits/,http://www.leafscience.com/2013/11/25/5-ways-marijuana-affects-sleep/,affect sleep,article,0,,not checked,False,False,False
baseline,https://robertdevore.com/cannabis-health-benefits/,https://www.scripps.edu/news/press/2006/080906.html,2006 study,article,404,https://www.scripps.edu/news-events/news/press/2006/080906.html,verified,False,False,False
baseline,https://robertdevore.com/cannabis-health-benefits/,http://www.eurekalert.org/pub_releases/2008-08/lsuh-lrr082008.php,provides evidence,article,404,http://www.eurekalert.org/pub_releases/2008-08/lsuh-lrr082008.php,verified,False,False,False
baseline,https://robertdevore.com/cannabis-health-benefits/,http://www.jneurosci.org/cgi/content/abstract/25/8/1904/,reported that,article,403,https://www.jneurosci.org/cgi/content/abstract/25/8/1904/,blocked/indeterminate,False,False,False
baseline,https://robertdevore.com/cannabis-health-benefits/,"http://en.wikipedia.org/wiki/WIN_55,212-2/","WIN 55,212-2",article,404,"https://en.wikipedia.org/wiki/WIN_55,212-2/",verified,False,False,False
baseline,https://robertdevore.com/cannabis-health-benefits/,http://online.liebertpub.com/doi/abs/10.1089/aid.2013.0182,recent study,article,200,https://www.sagepub.com/journals/mary-ann-liebert-journals-transition-information,verified,False,False,False
baseline,https://robertdevore.com/cannabis-health-benefits/,http://www.huffingtonpost.com/2014/02/11/marijuana-hiv_n_4767901.html,marijuana stops the spread of HIV,article,200,https://www.huffpost.com/entry/marijuana-hiv_n_4767901,verified,False,False,False
baseline,https://robertdevore.com/cannabis-health-benefits/,http://theantimedia.org/boy-loses-ability-to-speak-after-chemo-cannabis-oil-brings-it-back/,9 year old autistic boy gained the ability to speak,article,200,https://2ndamendmentshirts.com/news/the-anti-media-the-homepage-of-independent-media/,verified,False,False,False
baseline,https://robertdevore.com/cannabis-health-benefits/,http://denver.cbslocal.com/2015/06/13/boy-using-cannabis-oil-id-rather-be-illegally-alive-than-legally-dead/,from hospital beds to Colorado mountaintops,article,200,https://www.cbsnews.com/colorado/news/boy-using-cannabis-oil-id-rather-be-illegally-alive-than-legally-dead/,verified,False,False,False
baseline,https://robertdevore.com/cannabis-health-benefits/,http://www.huffingtonpost.com/2013/08/09/charlotte-figi-6-year-old-marijuana-medical_n_3734283.html,the story,article,200,https://www.huffpost.com/entry/charlotte-figi-6-year-old-marijuana-medical_n_3734283,verified,False,False,False
baseline,https://robertdevore.com/cannabis-health-benefits/,https://www.youtube.com/watch/?v=vyf-ffoatHg,CNN documentary,article,200,https://www.youtube.com/watch/?v=vyf-ffoatHg,verified,False,False,False
baseline,https://robertdevore.com/cannabis-health-benefits/,http://www.cnn.com/2013/08/08/health/gupta-changed-mind-marijuana/,change his stance,article,200,https://www.cnn.com/2013/08/08/health/gupta-changed-mind-marijuana/,verified,False,False,False
baseline,https://robertdevore.com/cannabis-health-benefits/,http://www.wpdispensary.com/,WP Dispensary,article,200,https://wpdispensary.com/,verified,False,False,False
baseline,https://robertdevore.com/cannabis-health-benefits/,http://www.wpdispensary.com/wp-dispensary-version-1-4/,release notes,article,200,https://wpdispensary.com/,verified,False,False,False
baseline,https://robertdevore.com/cannabis-health-benefits/,http://www.wpdispensary.com/dispensary-coupons-wordpress-plugin/,here,article,200,https://wpdispensary.com/,verified,False,False,False
baseline,https://robertdevore.com/cannabis-health-benefits/,https://x.com/deviorobert/,[non-text link],navigation,200,https://x.com/deviorobert,verified,False,False,False
baseline,https://robertdevore.com/cannabis-health-benefits/,https://github.com/robertdevore/,[non-text link],navigation,200,https://github.com/robertdevore/,verified,False,False,False
baseline,https://robertdevore.com/cannabiz/,http://www.wpdispensary.com/,WP Dispensary,article,200,https://wpdispensary.com/,verified,False,False,False
baseline,https://robertdevore.com/cannabiz/,http://www.wpdispensary.com/downloads/cannabiz/,CannaBiz,article,200,https://wpdispensary.com/,verified,False,False,False
baseline,https://robertdevore.com/cannabiz/,https://www.wpdispensary.com/product/cannabiz/,CannaBiz page,article,200,https://wpdispensary.com/,verified,False,False,False
baseline,https://robertdevore.com/cannabiz/,https://www.wpdispensary.com/say-hello-cannabiz/,Version 1.0,article,200,https://wpdispensary.com/,verified,False,False,False
baseline,https://robertdevore.com/cannabiz/,https://www.wpdispensary.com/cannabiz-version-1-1/,Version 1.1,article,200,https://wpdispensary.com/,verified,False,False,False
baseline,https://robertdevore.com/cannabiz/,https://www.wpdispensary.com/cannabiz-version-1-2/,Version 1.2,article,200,https://wpdispensary.com/,verified,False,False,False
baseline,https://robertdevore.com/cannabiz/,https://www.wpdispensary.com/cannabiz-version-1-3/,Version 1.3,article,200,https://wpdispensary.com/,verified,False,False,False
baseline,https://robertdevore.com/cannabiz/,https://www.wpdispensary.com/cannabiz-version-1-4/,Version 1.4,article,200,https://wpdispensary.com/,verified,False,False,False
baseline,https://robertdevore.com/cannabiz/,https://www.wpdispensary.com/cannabiz-version-1-5/,Version 1.5,article,200,https://wpdispensary.com/,verified,False,False,False
baseline,https://robertdevore.com/cannabiz/,https://www.wpdispensary.com/cannabiz-version-1-6/,Version 1.6,article,200,https://wpdispensary.com/,verified,False,False,False
baseline,https://robertdevore.com/cannabiz/,https://www.wpdispensary.com/cannabiz-version-1-7/,Version 1.7,article,200,https://wpdispensary.com/,verified,False,False,False
baseline,https://robertdevore.com/cannabiz/,https://www.wpdispensary.com/cannabiz-version-1-8/,Version 1.8,article,200,https://wpdispensary.com/,verified,False,False,False
baseline,https://robertdevore.com/cannabiz/,https://www.wpdispensary.com/cannabiz-version-1-9/,Version 1.9,article,200,https://wpdispensary.com/,verified,False,False,False
baseline,https://robertdevore.com/cannabiz/,https://www.wpdispensary.com/cannabiz-version-2-0/,Version 2.0,article,200,https://wpdispensary.com/,verified,False,False,False
baseline,https://robertdevore.com/cannabiz/,https://www.wpdispensary.com/cannabiz-version-2-1/,Version 2.1,article,200,https://wpdispensary.com/,verified,False,False,False
baseline,https://robertdevore.com/cannabiz/,http://www.wpdispensary.com/dispensary-coupons-wordpress-plugin/,WP Dispensary's Coupons,article,200,https://wpdispensary.com/,verified,False,False,False
baseline,https://robertdevore.com/cannabiz/,https://www.wordpress.org/plugins/dispensary-age-verification/,age verification,article,200,https://wordpress.org/plugins/dispensary-age-verification/,verified,False,False,False
baseline,https://robertdevore.com/cannabiz/,http://www.wpdispensary.com/downloads/cannabiz/,CannaBiz theme,article,200,https://wpdispensary.com/,verified,False,False,False
baseline,https://robertdevore.com/cannabiz/,https://www.wpdispensary.com/add-ons/,add-on's,article,200,https://wpdispensary.com/,verified,False,False,False
baseline,https://robertdevore.com/cannabiz/,http://www.wpdispensary.com/documentation/,documentation,article,200,https://wpdispensary.com/,verified,False,False,False
baseline,https://robertdevore.com/cannabiz/,https://x.com/deviorobert/,[non-text link],navigation,200,https://x.com/deviorobert,verified,False,False,False
baseline,https://robertdevore.com/cannabiz/,https://github.com/robertdevore/,[non-text link],navigation,200,https://github.com/robertdevore/,verified,False,False,False
baseline,https://robertdevore.com/category/,https://x.com/deviorobert/,[non-text link],navigation,200,https://x.com/deviorobert,verified,False,False,False
baseline,https://robertdevore.com/category/,https://github.com/robertdevore/,[non-text link],navigation,200,https://github.com/robertdevore/,verified,False,False,False
baseline,https://robertdevore.com/category/ai-content-systems/,https://x.com/deviorobert/,[non-text link],navigation,200,https://x.com/deviorobert,verified,False,False,False
baseline,https://robertdevore.com/category/ai-content-systems/,https://github.com/robertdevore/,[non-text link],navigation,200,https://github.com/robertdevore/,verified,False,False,False
baseline,https://robertdevore.com/category/developer-tools/,https://x.com/deviorobert/,[non-text link],navigation,200,https://x.com/deviorobert,verified,False,False,False
baseline,https://robertdevore.com/category/developer-tools/,https://github.com/robertdevore/,[non-text link],navigation,200,https://github.com/robertdevore/,verified,False,False,False
baseline,https://robertdevore.com/category/engineering-archive/,https://x.com/deviorobert/,[non-text link],navigation,200,https://x.com/deviorobert,verified,False,False,False
baseline,https://robertdevore.com/category/engineering-archive/,https://github.com/robertdevore/,[non-text link],navigation,200,https://github.com/robertdevore/,verified,False,False,False
baseline,https://robertdevore.com/category/field-notes/,https://x.com/deviorobert/,[non-text link],navigation,200,https://x.com/deviorobert,verified,False,False,False
baseline,https://robertdevore.com/category/field-notes/,https://github.com/robertdevore/,[non-text link],navigation,200,https://github.com/robertdevore/,verified,False,False,False
baseline,https://robertdevore.com/category/wordpress-archive/,https://x.com/deviorobert/,[non-text link],navigation,200,https://x.com/deviorobert,verified,False,False,False
baseline,https://robertdevore.com/category/wordpress-archive/,https://github.com/robertdevore/,[non-text link],navigation,200,https://github.com/robertdevore/,verified,False,False,False
baseline,https://robertdevore.com/celebrating-gaad-with-img-a11y-v1-1-0/,https://accessibility.day/,Global Accessibility Awareness Day (GAAD),article,200,https://accessibility.day/,verified,False,False,False
baseline,https://robertdevore.com/celebrating-gaad-with-img-a11y-v1-1-0/,https://equalizedigital.com/gaad2025/,Equalize Digital,article,200,https://equalizedigital.com/gaad2025/,verified,False,False,False
baseline,https://robertdevore.com/celebrating-gaad-with-img-a11y-v1-1-0/,https://github.com/robertdevore/img-a11y/issues/3/,@dknauss,article,200,https://github.com/WebDevStudios/img-a11y/issues/3/,verified,False,False,False
baseline,https://robertdevore.com/celebrating-gaad-with-img-a11y-v1-1-0/,https://x.com/deviorobert/,[non-text link],navigation,200,https://x.com/deviorobert,verified,False,False,False
baseline,https://robertdevore.com/celebrating-gaad-with-img-a11y-v1-1-0/,https://github.com/robertdevore/,[non-text link],navigation,200,https://github.com/robertdevore/,verified,False,False,False
baseline,https://robertdevore.com/chapters-for-authors-wordpress-plugin/,https://www.wpdispensary.com/downloads/dispensary-top-sellers/,dozen,article,200,https://wpdispensary.com/,verified,False,False,False
baseline,https://robertdevore.com/chapters-for-authors-wordpress-plugin/,https://www.wpdispensary.com/100-free-marijuana-stock-photos/,things,article,200,https://wpdispensary.com/,verified,False,False,False
baseline,https://robertdevore.com/chapters-for-authors-wordpress-plugin/,https://wordpress.org/plugins/chapters-for-authors/,Chapters for Authors,article,200,https://wordpress.org/plugins/chapters-for-authors/,verified,False,False,False
baseline,https://robertdevore.com/chapters-for-authors-wordpress-plugin/,https://twitter.com/themotherofcode/status/780061617698533376/,read a tweet,article,200,https://x.com/themotherofcode/status/780061617698533376/,verified,False,False,False
baseline,https://robertdevore.com/chapters-for-authors-wordpress-plugin/,https://twitter.com/motherofcode/status/780061617698533376/?ref_src=twsrc%5Etfw,"September 25, 2016",article,200,https://x.com/motherofcode/status/780061617698533376/?ref_src=twsrc%5Etfw,verified,False,False,False
baseline,https://robertdevore.com/chapters-for-authors-wordpress-plugin/,https://wpbloggerpoints.com/2016/09/say-hi-to-bloggerpoints/,Bloggerpoints,article,0,,not checked,False,False,False
baseline,https://robertdevore.com/chapters-for-authors-wordpress-plugin/,http://nanowrimo.org/,NaNoWriMo,article,200,http://nanowrimo.org/,verified,False,False,False
baseline,https://robertdevore.com/chapters-for-authors-wordpress-plugin/,https://wordpress.org/plugins/chapters-for-authors/,official WordPress plugin repository,article,200,https://wordpress.org/plugins/chapters-for-authors/,verified,False,False,False
baseline,https://robertdevore.com/chapters-for-authors-wordpress-plugin/,https://github.com/deviodigital/chapters-for-authors/,from Github,article,200,https://github.com/robertdevore/chapters-for-authors,verified,False,False,False
baseline,https://robertdevore.com/chapters-for-authors-wordpress-plugin/,http://wppb.me/,WordPress Plugin Boilerplate Generator,article,308,http://wppb.me/,verified,False,False,False
baseline,https://robertdevore.com/chapters-for-authors-wordpress-plugin/,https://generatewp.com/post-type/,Post Type Generator,article,200,https://generatewp.com/post-type/,verified,False,False,False
baseline,https://robertdevore.com/chapters-for-authors-wordpress-plugin/,https://generatewp.com/generator/,GenerateWP,article,200,https://generatewp.com/generator/,verified,False,False,False
baseline,https://robertdevore.com/chapters-for-authors-wordpress-plugin/,https://github.com/deviodigital/chapters-for-authors/,on Github,article,200,https://github.com/robertdevore/chapters-for-authors,verified,False,False,False
baseline,https://robertdevore.com/chapters-for-authors-wordpress-plugin/,https://github.com/deviodigital/chapters-for-authors/issues/,open issues,article,200,https://github.com/robertdevore/chapters-for-authors/issues,verified,False,False,False
baseline,https://robertdevore.com/chapters-for-authors-wordpress-plugin/,https://x.com/deviorobert/,[non-text link],navigation,200,https://x.com/deviorobert,verified,False,False,False
baseline,https://robertdevore.com/chapters-for-authors-wordpress-plugin/,https://github.com/robertdevore/,[non-text link],navigation,200,https://github.com/robertdevore/,verified,False,False,False
baseline,https://robertdevore.com/clean-blog-free-wordpress-theme/,http://startbootstrap.com/template-overviews/clean-blog/,Clean Blog Bootstrap template,article,200,https://startbootstrap.com/template-overviews/clean-blog/,verified,False,False,False
baseline,https://robertdevore.com/clean-blog-free-wordpress-theme/,http://underscores.me/,Underscores,article,200,https://underscores.me/,verified,False,False,False
baseline,https://robertdevore.com/clean-blog-free-wordpress-theme/,http://www.deviodigital.com/demo/cleanblog/,live demo,article,0,,not checked,False,False,False
baseline,https://robertdevore.com/clean-blog-free-wordpress-theme/,http://github.com/deviodigital/cleanblog/,Github Repository,article,200,https://github.com/deviodigital/cleanblog/,verified,False,False,False
baseline,https://robertdevore.com/clean-blog-free-wordpress-theme/,http://github.com/deviodigital/cleanblog/archive/master.zip,Download,article,200,https://codeload.github.com/deviodigital/cleanblog/zip/refs/heads/master,verified,False,False,False
baseline,https://robertdevore.com/clean-blog-free-wordpress-theme/,http://startbootstrap.com/template-overviews/clean-blog/,Clean Blog template,article,200,https://startbootstrap.com/template-overviews/clean-blog/,verified,False,False,False
baseline,https://robertdevore.com/clean-blog-free-wordpress-theme/,http://www.startbootstrap.com/,Start Bootstrap,article,200,https://startbootstrap.com/,verified,False,False,False
baseline,https://robertdevore.com/clean-blog-free-wordpress-theme/,http://underscores.me/,Underscores,article,200,https://underscores.me/,verified,False,False,False
baseline,https://robertdevore.com/clean-blog-free-wordpress-theme/,http://wordpress.org/plugins/subtitles/,Subtitles plugin,article,200,https://wordpress.org/plugins/subtitles/,verified,False,False,False
baseline,https://robertdevore.com/clean-blog-free-wordpress-theme/,http://www.deviodigital.com/demo/cleanblog/,demo,article,0,,not checked,False,False,False
baseline,https://robertdevore.com/clean-blog-free-wordpress-theme/,http://github.com/tommcfarlin/theme-customizer-example/,theme customizer codes,article,200,https://github.com/tommcfarlin/theme-customizer-example/,verified,False,False,False
baseline,https://robertdevore.com/clean-blog-free-wordpress-theme/,http://www.wptest.io/,WP Test,article,200,http://wptest.io/,verified,False,False,False
baseline,https://robertdevore.com/clean-blog-free-wordpress-theme/,http://www.fontawesome.io/,Font Awesome,article,200,https://fontawesome.com/,verified,False,False,False
baseline,https://robertdevore.com/clean-blog-free-wordpress-theme/,http://fontawesome.io/icons/,icons,article,200,https://fontawesome.com/,verified,False,False,False
baseline,https://robertdevore.com/clean-blog-free-wordpress-theme/,http://bavotasan.com/2012/add-class-to-all-excerpts-in-wordpress/,code snippet,article,200,https://bavotasan.com/2012/add-class-to-all-excerpts-in-wordpress/,verified,False,False,False
baseline,https://robertdevore.com/clean-blog-free-wordpress-theme/,http://www.deviodigital.com/demo/cleanblog/,test drive,article,0,,not checked,False,False,False
baseline,https://robertdevore.com/clean-blog-free-wordpress-theme/,http://github.com/deviodigital/cleanblog/,Github Repository,article,200,https://github.com/deviodigital/cleanblog/,verified,False,False,False
baseline,https://robertdevore.com/clean-blog-free-wordpress-theme/,http://github.com/deviodigital/cleanblog/archive/master.zip,direct download,article,200,https://codeload.github.com/deviodigital/cleanblog/zip/refs/heads/master,verified,False,False,False
baseline,https://robertdevore.com/clean-blog-free-wordpress-theme/,https://x.com/deviorobert/,[non-text link],navigation,200,https://x.com/deviorobert,verified,False,False,False
baseline,https://robertdevore.com/clean-blog-free-wordpress-theme/,https://github.com/robertdevore/,[non-text link],navigation,200,https://github.com/robertdevore/,verified,False,False,False
baseline,https://robertdevore.com/complete-beginners-guide-building-a-python-url-checker-for-google-sheets/,https://python.robertdevore.com/,programming with Python,article,200,https://python.robertdevore.com/,verified,False,False,False
baseline,https://robertdevore.com/complete-beginners-guide-building-a-python-url-checker-for-google-sheets/,https://x.com/deviorobert/,[non-text link],navigation,200,https://x.com/deviorobert,verified,False,False,False
baseline,https://robertdevore.com/complete-beginners-guide-building-a-python-url-checker-for-google-sheets/,https://github.com/robertdevore/,[non-text link],navigation,200,https://github.com/robertdevore/,verified,False,False,False
baseline,https://robertdevore.com/contact/,https://x.com/deviorobert/,[non-text link],navigation,200,https://x.com/deviorobert,verified,False,False,False
baseline,https://robertdevore.com/contact/,https://github.com/robertdevore/,[non-text link],navigation,200,https://github.com/robertdevore/,verified,False,False,False
baseline,https://robertdevore.com/creating-my-own-cipher-code/,https://theanarchistlibrary.org/library/emma-goldman-anarchism-and-other-essays/,“Anarchism and other Essays” by Emma Goldman,article,200,https://theanarchistlibrary.org/library/emma-goldman-anarchism-and-other-essays/,verified,False,False,False
baseline,https://robertdevore.com/creating-my-own-cipher-code/,https://twitter.com/search/?q=%23GdI,#GdI,article,200,https://x.com/search/?q=%23GdI,verified,False,False,False
baseline,https://robertdevore.com/creating-my-own-cipher-code/,https://gist.github.com/robertdevore/8bba7aef2f98f64f05878c15753aa9f3/,found on GitHub,article,200,https://gist.github.com/robertdevore/8bba7aef2f98f64f05878c15753aa9f3/,verified,False,False,False
baseline,https://robertdevore.com/creating-my-own-cipher-code/,https://twitter.com/tumblr/?ref_src=twsrc%5Etfw,@Tumblr,article,200,https://x.com/tumblr?ref_src=twsrc%5Etfw,verified,False,False,False
baseline,https://robertdevore.com/creating-my-own-cipher-code/,https://t.co/X0sGSU0vbG/,pic.twitter.com/X0sGSU0vbG,article,404,https://t.co/X0sGSU0vbG/,verified,False,False,False
baseline,https://robertdevore.com/creating-my-own-cipher-code/,https://twitter.com/deviorobert/status/1541277175298547712/?ref_src=twsrc%5Etfw,"June 27, 2022",article,200,https://x.com/deviorobert/status/1541277175298547712/?ref_src=twsrc%5Etfw,verified,False,False,False
baseline,https://robertdevore.com/creating-my-own-cipher-code/,https://x.com/deviorobert/,[non-text link],navigation,200,https://x.com/deviorobert,verified,False,False,False
baseline,https://robertdevore.com/creating-my-own-cipher-code/,https://github.com/robertdevore/,[non-text link],navigation,200,https://github.com/robertdevore/,verified,False,False,False
baseline,https://robertdevore.com/customer-loyalty-for-woocommerce-v2/,https://x.com/search/?q=%23WooWednesday&src=typeahead_click&f=live,#WooWednesday,article,200,https://x.com/search/?q=%23WooWednesday&src=typeahead_click&f=live,verified,False,False,False
baseline,https://robertdevore.com/customer-loyalty-for-woocommerce-v2/,https://github.com/deviodigital/customer-loyalty-for-woocommerce/,Customer Loyalty for WooCommerce®,article,200,https://github.com/deviodigital/customer-loyalty-for-woocommerce/,verified,False,False,False
baseline,https://robertdevore.com/customer-loyalty-for-woocommerce-v2/,https://github.com/deviodigital/customer-loyalty-for-woocommerce/,GitHub,article,200,https://github.com/deviodigital/customer-loyalty-for-woocommerce/,verified,False,False,False
baseline,https://robertdevore.com/customer-loyalty-for-woocommerce-v2/,https://x.com/deviorobert/status/1149082455606996994/,5 years ago,article,200,https://x.com/deviorobert/status/1149082455606996994/,verified,False,False,False
baseline,https://robertdevore.com/customer-loyalty-for-woocommerce-v2/,https://github.com/deviodigital/customer-loyalty-for-woocommerce/,Customer Loyalty for WooCommerce®,article,200,https://github.com/deviodigital/customer-loyalty-for-woocommerce/,verified,False,False,False
baseline,https://robertdevore.com/customer-loyalty-for-woocommerce-v2/,https://x.com/search/?q=%23WooWednesday&src=typeahead_click&f=live,#WooWednesday,article,200,https://x.com/search/?q=%23WooWednesday&src=typeahead_click&f=live,verified,False,False,False
baseline,https://robertdevore.com/customer-loyalty-for-woocommerce-v2/,https://x.com/deviorobert/,[non-text link],navigation,200,https://x.com/deviorobert,verified,False,False,False
baseline,https://robertdevore.com/customer-loyalty-for-woocommerce-v2/,https://github.com/robertdevore/,[non-text link],navigation,200,https://github.com/robertdevore/,verified,False,False,False
baseline,https://robertdevore.com/db-version-control-wordpress-plugin/,https://github.com/robertdevore/db-version-control/,DB Version Control,article,200,https://github.com/WebDevStudios/db-version-control,verified,False,False,False
baseline,https://robertdevore.com/db-version-control-wordpress-plugin/,https://github.com/robertdevore/db-version-control/,DB Version Control,article,200,https://github.com/WebDevStudios/db-version-control,verified,False,False,False
baseline,https://robertdevore.com/db-version-control-wordpress-plugin/,https://github.com/robertdevore/db-version-control/,DB Version Control,article,200,https://github.com/WebDevStudios/db-version-control,verified,False,False,False
baseline,https://robertdevore.com/db-version-control-wordpress-plugin/,https://github.com/robertdevore/db-version-control/,DB Version Control,article,200,https://github.com/WebDevStudios/db-version-control,verified,False,False,False
baseline,https://robertdevore.com/db-version-control-wordpress-plugin/,https://x.com/deviorobert/,[non-text link],navigation,200,https://x.com/deviorobert,verified,False,False,False
baseline,https://robertdevore.com/db-version-control-wordpress-plugin/,https://github.com/robertdevore/,[non-text link],navigation,200,https://github.com/robertdevore/,verified,False,False,False
baseline,https://robertdevore.com/december-2024-a-retrospective/,https://twitter.com/deviorobert/status/1863085624028438544/,December to Remember,article,200,https://x.com/deviorobert/status/1863085624028438544/,verified,False,False,False
baseline,https://robertdevore.com/december-2024-a-retrospective/,https://bsky.app/profile/robertdevore.com/post/3lcfzkiolpk2o/,I did,article,200,https://bsky.app/profile/robertdevore.com/post/3lcfzkiolpk2o,verified,False,False,False
baseline,https://robertdevore.com/december-2024-a-retrospective/,https://twitter.com/deviorobert/status/1864874231982420302/,WordPlay v1.0.2,article,200,https://x.com/deviorobert/status/1864874231982420302/,verified,False,False,False
baseline,https://robertdevore.com/december-2024-a-retrospective/,https://twitter.com/deviorobert/status/1867430433811476632/,Maintenance Mode for WordPress® v1.0.1,article,200,https://x.com/deviorobert/status/1867430433811476632/,verified,False,False,False
baseline,https://robertdevore.com/december-2024-a-retrospective/,https://twitter.com/deviorobert/status/1867434183389254119/,Media File Versioning v1.0.1,article,200,https://x.com/deviorobert/status/1867434183389254119/,verified,False,False,False
baseline,https://robertdevore.com/december-2024-a-retrospective/,https://twitter.com/deviorobert/status/1870724574263840862/,BoostBox v2.2.0,article,200,https://x.com/deviorobert/status/1870724574263840862/,verified,False,False,False
baseline,https://robertdevore.com/december-2024-a-retrospective/,https://twitter.com/DevioDigital/status/1870725848812368238/,Age Verification v2.9.6,article,200,https://x.com/DevioDigital/status/1870725848812368238/,verified,False,False,False
baseline,https://robertdevore.com/december-2024-a-retrospective/,https://notmatt.press/,NotMatt.Press,article,0,,not checked,False,False,False
baseline,https://robertdevore.com/december-2024-a-retrospective/,https://github.com/robertdevore/poocommerce/,PooCommerce,article,404,https://github.com/robertdevore/poocommerce/,verified,False,False,False
baseline,https://robertdevore.com/december-2024-a-retrospective/,https://t.co/V4JoWQwJxh/,pic.twitter.com/V4JoWQwJxh,article,404,https://t.co/V4JoWQwJxh/,verified,False,False,False
baseline,https://robertdevore.com/december-2024-a-retrospective/,https://twitter.com/deviorobert/status/1866866508598743168/?ref_src=twsrc%5Etfw,"December 11, 2024",article,200,https://x.com/deviorobert/status/1866866508598743168/?ref_src=twsrc%5Etfw,verified,False,False,False
baseline,https://robertdevore.com/december-2024-a-retrospective/,https://github.com/notmattpress/poopayments/,PooPayments,article,404,https://github.com/notmattpress/poopayments/,verified,False,False,False
baseline,https://robertdevore.com/december-2024-a-retrospective/,https://github.com/notmattpress/restroom/,Restroom,article,200,https://github.com/notmattpress/restroom/,verified,False,False,False
baseline,https://robertdevore.com/december-2024-a-retrospective/,https://github.com/robertdevore/wp-uptime/,Website Uptime Monitor + Visualizer script,article,200,https://github.com/robertdevore/wp-uptime/,verified,False,False,False
baseline,https://robertdevore.com/december-2024-a-retrospective/,https://github.com/robertdevore/savage-scanner/,script,article,200,https://github.com/robertdevore/savage-scanner/,verified,False,False,False
baseline,https://robertdevore.com/december-2024-a-retrospective/,https://savage.robertdevore.com/,web app,article,0,,not checked,False,False,False
baseline,https://robertdevore.com/december-2024-a-retrospective/,https://github.com/getCannaBiz/,CannaBiz Software,article,200,https://github.com/getCannaBiz/,verified,False,False,False
baseline,https://robertdevore.com/december-2024-a-retrospective/,https://github.com/robertdevore/vuln-search/,script,article,200,https://github.com/robertdevore/vuln-search/,verified,False,False,False
baseline,https://robertdevore.com/december-2024-a-retrospective/,https://vuln.robertdevore.com/,web app,article,0,,not checked,False,False,False
baseline,https://robertdevore.com/december-2024-a-retrospective/,https://twitter.com/deviorobert/status/1863440598235029588/,More in Core plugin list,article,200,https://x.com/deviorobert/status/1863440598235029588/,verified,False,False,False
baseline,https://robertdevore.com/december-2024-a-retrospective/,https://twitter.com/deviorobert/status/1865989168545116603/,confirmed,article,200,https://x.com/deviorobert/status/1865989168545116603/,verified,False,False,False
baseline,https://robertdevore.com/december-2024-a-retrospective/,https://twitter.com/deviorobert/status/1863564190360682532/,cut their investment,article,200,https://x.com/deviorobert/status/1863564190360682532/,verified,False,False,False
baseline,https://robertdevore.com/december-2024-a-retrospective/,https://twitter.com/deviorobert/status/1866889640277409916/,rage quit,article,200,https://x.com/deviorobert/status/1866889640277409916/,verified,False,False,False
baseline,https://robertdevore.com/december-2024-a-retrospective/,https://twitter.com/deviorobert/status/1860882134526791946/,5 vs 1 challenge,article,200,https://x.com/deviorobert/status/1860882134526791946/,verified,False,False,False
baseline,https://robertdevore.com/december-2024-a-retrospective/,https://twitter.com/deviorobert/status/1867797380931686532/,details,article,200,https://x.com/deviorobert/status/1867797380931686532/,verified,False,False,False
baseline,https://robertdevore.com/december-2024-a-retrospective/,https://twitter.com/deviorobert/status/1869609666420023361/,asked him,article,200,https://x.com/deviorobert/status/1869609666420023361/,verified,False,False,False
baseline,https://robertdevore.com/december-2024-a-retrospective/,https://twitter.com/deviorobert/status/1872294860989899100/,blocked me,article,200,https://x.com/deviorobert/status/1872294860989899100/,verified,False,False,False
baseline,https://robertdevore.com/december-2024-a-retrospective/,https://twitter.com/deviorobert/status/1868509121617465619/,About the Money,article,200,https://x.com/deviorobert/status/1868509121617465619/,verified,False,False,False
baseline,https://robertdevore.com/december-2024-a-retrospective/,https://twitter.com/TheJeffMatson/status/1868857454987296862/,$WPDRAMA,article,200,https://x.com/TheJeffMatson/status/1868857454987296862/,verified,False,False,False
baseline,https://robertdevore.com/december-2024-a-retrospective/,https://jeffmatson.net/,Jeff Matson,article,200,https://jeffmatson.net/,verified,False,False,False
baseline,https://robertdevore.com/december-2024-a-retrospective/,https://deviodigital.com/,Devio Digital,article,0,,not checked,False,False,False
baseline,https://robertdevore.com/december-2024-a-retrospective/,https://www.deviodigital.com/product/boostbox-pro/,BoostBox Pro,article,0,,not checked,False,False,False
baseline,https://robertdevore.com/december-2024-a-retrospective/,https://www.deviodigital.com/product/affililink/,AffiliLink,article,0,,not checked,False,False,False
baseline,https://robertdevore.com/december-2024-a-retrospective/,https://www.deviodigital.com/product/waitlist-for-the-events-calendar/,Waitlist for The Events Calendar,article,0,,not checked,False,False,False
baseline,https://robertdevore.com/december-2024-a-retrospective/,https://patchstack.com/database/researcher/770fb791-e511-4ce8-8c93-c3f912d443df/,Patchstack,article,200,https://patchstack.com/database/researchers/770fb791-e511-4ce8-8c93-c3f912d443df,verified,False,False,False
baseline,https://robertdevore.com/december-2024-a-retrospective/,https://www.wordfence.com/threat-intel/vulnerabilities/researchers/robert-devore/,Wordfence,article,202,https://www.wordfence.com/threat-intel/vulnerabilities/researchers/robert-devore/,verified,False,False,False
baseline,https://robertdevore.com/december-2024-a-retrospective/,https://twitter.com/deviorobert/status/1874706269745156566/,purchased a book,article,200,https://x.com/deviorobert/status/1874706269745156566/,verified,False,False,False
baseline,https://robertdevore.com/december-2024-a-retrospective/,https://tryhackme.com/r/p/robertdevore/,TryHackMe,article,429,https://tryhackme.com/r/p/robertdevore/,blocked/indeterminate,False,False,False
baseline,https://robertdevore.com/december-2024-a-retrospective/,https://github.com/robertdevore/api-audit/,security,article,200,https://github.com/robertdevore/api-audit/,verified,False,False,False
baseline,https://robertdevore.com/december-2024-a-retrospective/,https://vuln.robertdevore.com/,focused,article,0,,not checked,False,False,False
baseline,https://robertdevore.com/december-2024-a-retrospective/,https://savage.robertdevore.com/,tools,article,0,,not checked,False,False,False
baseline,https://robertdevore.com/december-2024-a-retrospective/,https://hackerone.com/robertdevore/,bug bounty,article,200,https://hackerone.com/robertdevore/,verified,False,False,False
baseline,https://robertdevore.com/december-2024-a-retrospective/,https://stattic.site/,Stattic,article,200,https://stattic.site/,verified,False,False,False
baseline,https://robertdevore.com/december-2024-a-retrospective/,https://github.com/getstattic/stattic-admin/,Stattic Admin,article,404,https://github.com/getstattic/stattic-admin/,verified,False,False,False
baseline,https://robertdevore.com/december-2024-a-retrospective/,https://x.com/deviorobert/,[non-text link],navigation,200,https://x.com/deviorobert,verified,False,False,False
baseline,https://robertdevore.com/december-2024-a-retrospective/,https://github.com/robertdevore/,[non-text link],navigation,200,https://github.com/robertdevore/,verified,False,False,False
baseline,https://robertdevore.com/delivery-drivers-for-woocommerce/,https://www.wordpress.org/plugins/delivery-drivers-for-woocommerce/,Delivery Drivers for WooCommerce,article,200,https://wordpress.org/plugins/delivery-drivers-for-woocommerce/,verified,False,False,False
baseline,https://robertdevore.com/delivery-drivers-for-woocommerce/,https://www.wpdispensary.com/,WP Dispensary,article,200,https://wpdispensary.com/,verified,False,False,False
baseline,https://robertdevore.com/delivery-drivers-for-woocommerce/,https://www.wordpress.org/plugins/wp-dispensary/,dispensary plugin,article,200,https://wordpress.org/plugins/wp-dispensary/,verified,False,False,False
baseline,https://robertdevore.com/delivery-drivers-for-woocommerce/,https://www.statista.com/topics/1986/food-delivery-industry-in-the-us/,10% of consumers,article,302,https://www.statista.com/topics/1986/food-delivery-industry-in-the-us/,verified,False,False,False
baseline,https://robertdevore.com/delivery-drivers-for-woocommerce/,https://www.deviodigital.com/,Devio Digital,article,0,,not checked,False,False,False
baseline,https://robertdevore.com/delivery-drivers-for-woocommerce/,https://deviodigital.com/product/delivery-drivers-for-woocommerce-pro/,View DDWC Pro →,article,0,,not checked,False,False,False
baseline,https://robertdevore.com/delivery-drivers-for-woocommerce/,https://www.wordpress.org/plugins/delivery-drivers-for-woocommerce/,Delivery Drivers for WooCommerce,article,200,https://wordpress.org/plugins/delivery-drivers-for-woocommerce/,verified,False,False,False
baseline,https://robertdevore.com/delivery-drivers-for-woocommerce/,https://x.com/deviorobert/,[non-text link],navigation,200,https://x.com/deviorobert,verified,False,False,False
baseline,https://robertdevore.com/delivery-drivers-for-woocommerce/,https://github.com/robertdevore/,[non-text link],navigation,200,https://github.com/robertdevore/,verified,False,False,False
baseline,https://robertdevore.com/devio-digital/,https://github.com/deviodigital/landingpage-realestate/,couple of bootstrap,article,200,https://github.com/robertdevore/landingpage-realestate,verified,False,False,False
baseline,https://robertdevore.com/devio-digital/,https://github.com/deviodigital/landingpage-squeeze-page/,landing page templates,article,200,https://github.com/robertdevore/landingpage-squeeze-page,verified,False,False,False
baseline,https://robertdevore.com/devio-digital/,http://www.wpdispensary.com/,WP Dispensary,article,200,https://wpdispensary.com/,verified,False,False,False
baseline,https://robertdevore.com/devio-digital/,http://www.wpdispensary.com/welcome-to-wp-dispensary/,initial launch,article,200,https://wpdispensary.com/,verified,False,False,False
baseline,https://robertdevore.com/devio-digital/,http://www.wpdispensary.com/add-ons/,add-ons,article,200,https://wpdispensary.com/,verified,False,False,False
baseline,https://robertdevore.com/devio-digital/,http://www.deviodigital.com/,[non-text link],article,0,,not checked,False,False,False
baseline,https://robertdevore.com/devio-digital/,http://www.deviodigital.com/,Devio Digital,article,0,,not checked,False,False,False
baseline,https://robertdevore.com/devio-digital/,http://www.deviodigital.com/,Devio Digital,article,0,,not checked,False,False,False
baseline,https://robertdevore.com/devio-digital/,https://x.com/deviorobert/,[non-text link],navigation,200,https://x.com/deviorobert,verified,False,False,False
baseline,https://robertdevore.com/devio-digital/,https://github.com/robertdevore/,[non-text link],navigation,200,https://github.com/robertdevore/,verified,False,False,False
baseline,https://robertdevore.com/dispensary-wordpress-plugins-2017/,http://www.thecannabist.co/2016/11/14/marijuana-legalization-election-2016-tipping-point/67407/,medical and recreational marijuana laws,article,0,,not checked,False,False,False
baseline,https://robertdevore.com/dispensary-wordpress-plugins-2017/,https://wordpress.org/plugins/wordpress-seo/,Yoast SEO,article,200,https://wordpress.org/plugins/wordpress-seo/,verified,False,False,False
baseline,https://robertdevore.com/dispensary-wordpress-plugins-2017/,https://wordpress.org/plugins/wordpress-seo/,[non-text link],article,200,https://wordpress.org/plugins/wordpress-seo/,verified,False,False,False
baseline,https://robertdevore.com/dispensary-wordpress-plugins-2017/,https://wordpress.org/plugins/all-in-one-seo-pack/,All In One SEO,article,200,https://wordpress.org/plugins/all-in-one-seo-pack/,verified,False,False,False
baseline,https://robertdevore.com/dispensary-wordpress-plugins-2017/,https://wordpress.org/plugins/seo-wizard/,SEO Wizard,article,200,https://wordpress.org/plugins/seo-wizard/,verified,False,False,False
baseline,https://robertdevore.com/dispensary-wordpress-plugins-2017/,https://wordpress.org/plugins/seo-image/,SEO Images,article,200,https://wordpress.org/plugins/seo-image/,verified,False,False,False
baseline,https://robertdevore.com/dispensary-wordpress-plugins-2017/,https://wordpress.org/plugins/updraftplus/,UpdraftPlus,article,200,https://wordpress.org/plugins/updraftplus/,verified,False,False,False
baseline,https://robertdevore.com/dispensary-wordpress-plugins-2017/,https://wordpress.org/plugins/updraftplus/,[non-text link],article,200,https://wordpress.org/plugins/updraftplus/,verified,False,False,False
baseline,https://robertdevore.com/dispensary-wordpress-plugins-2017/,https://wordpress.org/plugins/wp-db-backup/,WP-DB-Backup,article,200,https://wordpress.org/plugins/wp-db-backup/,verified,False,False,False
baseline,https://robertdevore.com/dispensary-wordpress-plugins-2017/,https://wordpress.org/plugins/duplicator/,Duplicator,article,200,https://wordpress.org/plugins/duplicator/,verified,False,False,False
baseline,https://robertdevore.com/dispensary-wordpress-plugins-2017/,https://ithemes.com/purchase/backupbuddy/,BackupBuddy,article,200,https://www.liquidweb.com/software/kadence/add-ons/,verified,False,False,False
baseline,https://robertdevore.com/dispensary-wordpress-plugins-2017/,https://wordpress.org/plugins/wordfence/,Wordfence,article,200,https://wordpress.org/plugins/wordfence/,verified,False,False,False
baseline,https://robertdevore.com/dispensary-wordpress-plugins-2017/,https://wordpress.org/plugins/wordfence/,[non-text link],article,200,https://wordpress.org/plugins/wordfence/,verified,False,False,False
baseline,https://robertdevore.com/dispensary-wordpress-plugins-2017/,https://wordpress.org/plugins/sucuri-scanner/,Sucuri Security,article,200,https://wordpress.org/plugins/sucuri-scanner/,verified,False,False,False
baseline,https://robertdevore.com/dispensary-wordpress-plugins-2017/,https://wordpress.org/plugins/all-in-one-wp-security-and-firewall/,All In One WP Security & Firewall,article,200,https://wordpress.org/plugins/all-in-one-wp-security-and-firewall/,verified,False,False,False
baseline,https://robertdevore.com/dispensary-wordpress-plugins-2017/,https://wordpress.org/plugins/bulletproof-security/,BulletProof Security,article,200,https://wordpress.org/plugins/bulletproof-security/,verified,False,False,False
baseline,https://robertdevore.com/dispensary-wordpress-plugins-2017/,https://wordpress.org/plugins/wp-dispensary/,WP Dispensary,article,200,https://wordpress.org/plugins/wp-dispensary/,verified,False,False,False
baseline,https://robertdevore.com/dispensary-wordpress-plugins-2017/,https://wordpress.org/plugins/wp-dispensary/,[non-text link],article,200,https://wordpress.org/plugins/wp-dispensary/,verified,False,False,False
baseline,https://robertdevore.com/dispensary-wordpress-plugins-2017/,https://www.wpdispensary.com/product/wooconnect-for-woocommerce/,WooConnect for WooCommerce,article,200,https://wpdispensary.com/,verified,False,False,False
baseline,https://robertdevore.com/dispensary-wordpress-plugins-2017/,https://www.wpdispensary.com/product/dispensary-details-for-woocommerce/,Dispensary Details for WooCommerce,article,200,https://wpdispensary.com/,verified,False,False,False
baseline,https://robertdevore.com/dispensary-wordpress-plugins-2017/,https://www.wpdispensary.com/product/dispensary-inventory-management/,Dispensary Inventory Management,article,200,https://wpdispensary.com/,verified,False,False,False
baseline,https://robertdevore.com/dispensary-wordpress-plugins-2017/,https://www.wpdispensary.com/dispensary-age-verification/,Dispensary Age Verification,article,200,https://wpdispensary.com/,verified,False,False,False
baseline,https://robertdevore.com/dispensary-wordpress-plugins-2017/,https://www.wpdispensary.com/product/dispensary-top-sellers/,Dispensary Top Sellers,article,200,https://wpdispensary.com/,verified,False,False,False
baseline,https://robertdevore.com/dispensary-wordpress-plugins-2017/,https://www.wpdispensary.com/dispensary-coupons-wordpress-plugin/,Dispensary Coupons,article,200,https://wpdispensary.com/,verified,False,False,False
baseline,https://robertdevore.com/dispensary-wordpress-plugins-2017/,https://www.wpdispensary.com/product/dispensary-locations/,Dispensary Locations,article,200,https://wpdispensary.com/,verified,False,False,False
baseline,https://robertdevore.com/dispensary-wordpress-plugins-2017/,https://wordpress.org/plugins/mashsharer/,MashShare,article,200,https://wordpress.org/plugins/mashsharer/,verified,False,False,False
baseline,https://robertdevore.com/dispensary-wordpress-plugins-2017/,https://wordpress.org/plugins/mashsharer/,[non-text link],article,200,https://wordpress.org/plugins/mashsharer/,verified,False,False,False
baseline,https://robertdevore.com/dispensary-wordpress-plugins-2017/,https://wordpress.org/plugins/acurax-social-media-widget/,Social Media Widget by Acurax,article,200,https://wordpress.org/plugins/acurax-social-media-widget/,verified,False,False,False
baseline,https://robertdevore.com/dispensary-wordpress-plugins-2017/,https://wordpress.org/plugins/ultimate-social-media-plus/,Ultimate Social Media Plus,article,429,https://wordpress.org/plugins/ultimate-social-media-plus/,blocked/indeterminate,False,False,False
baseline,https://robertdevore.com/dispensary-wordpress-plugins-2017/,https://warfareplugins.com/,Social Warfare,article,200,https://warfareplugins.com/,verified,False,False,False
baseline,https://robertdevore.com/dispensary-wordpress-plugins-2017/,http://searchengineland.com/what-is-quality-content-251071/,creating high quality content,article,200,https://searchengineland.com/what-is-quality-content-251071,verified,False,False,False
baseline,https://robertdevore.com/dispensary-wordpress-plugins-2017/,https://www.wpdispensary.com/downloads/cannabiz/,WordPress theme,article,200,https://wpdispensary.com/,verified,False,False,False
baseline,https://robertdevore.com/dispensary-wordpress-plugins-2017/,https://x.com/deviorobert/,[non-text link],navigation,200,https://x.com/deviorobert,verified,False,False,False
baseline,https://robertdevore.com/dispensary-wordpress-plugins-2017/,https://github.com/robertdevore/,[non-text link],navigation,200,https://github.com/robertdevore/,verified,False,False,False
baseline,https://robertdevore.com/do-less-deliver-more/,https://deviodigital.com/,Devio Digital,article,0,,not checked,False,False,False
baseline,https://robertdevore.com/do-less-deliver-more/,https://x.com/deviorobert/,[non-text link],navigation,200,https://x.com/deviorobert,verified,False,False,False
baseline,https://robertdevore.com/do-less-deliver-more/,https://github.com/robertdevore/,[non-text link],navigation,200,https://github.com/robertdevore/,verified,False,False,False
baseline,https://robertdevore.com/docupress-documentation-plugin-for-wordpress/,https://www.wordpress.org/plugins/docupress/,DocuPress,article,200,https://wordpress.org/plugins/docupress/,verified,False,False,False
baseline,https://robertdevore.com/docupress-documentation-plugin-for-wordpress/,https://www.wordpress.org/plugins/,plugin repository,article,200,https://wordpress.org/plugins/,verified,False,False,False
baseline,https://robertdevore.com/docupress-documentation-plugin-for-wordpress/,https://www.wpdispensary.com/documentation/,documentation,article,200,https://wpdispensary.com/,verified,False,False,False
baseline,https://robertdevore.com/docupress-documentation-plugin-for-wordpress/,http://www.wppb.me/,wppb.me,article,308,http://www.wppb.me/,verified,False,False,False
baseline,https://robertdevore.com/docupress-documentation-plugin-for-wordpress/,https://codex.wordpress.org/Post_Types/,custom post type,article,403,https://codex.wordpress.org/Post_Types/,blocked/indeterminate,False,False,False
baseline,https://robertdevore.com/docupress-documentation-plugin-for-wordpress/,https://wordpress.org/plugins/beaver-builder-lite-version/,Beaver Builder,article,200,https://wordpress.org/plugins/beaver-builder-lite-version/,verified,False,False,False
baseline,https://robertdevore.com/docupress-documentation-plugin-for-wordpress/,https://www.wpdispensary.com/documentation/,View DocuPress Demo,article,200,https://wpdispensary.com/,verified,False,False,False
baseline,https://robertdevore.com/docupress-documentation-plugin-for-wordpress/,https://www.wordpress.org/plugins/docupress/,WordPress repository,article,200,https://wordpress.org/plugins/docupress/,verified,False,False,False
baseline,https://robertdevore.com/docupress-documentation-plugin-for-wordpress/,https://www.github.com/robertdevore/DocuPress/,Github,article,200,https://github.com/WebDevStudios/DocuPress,verified,False,False,False
baseline,https://robertdevore.com/docupress-documentation-plugin-for-wordpress/,https://x.com/deviorobert/,[non-text link],navigation,200,https://x.com/deviorobert,verified,False,False,False
baseline,https://robertdevore.com/docupress-documentation-plugin-for-wordpress/,https://github.com/robertdevore/,[non-text link],navigation,200,https://github.com/robertdevore/,verified,False,False,False
baseline,https://robertdevore.com/dont-shoot-the-messenger-choose-courage-over-convenience/,https://www.youtube.com/watch/?v=e6eHP6KWyrE,WP Townhall Debate on YouTube,article,200,https://www.youtube.com/watch/?v=e6eHP6KWyrE,verified,False,False,False
baseline,https://robertdevore.com/dont-shoot-the-messenger-choose-courage-over-convenience/,https://x.com/deviorobert/status/1914985785373155424/,shared,article,200,https://x.com/deviorobert/status/1914985785373155424/,verified,False,False,False
baseline,https://robertdevore.com/dont-shoot-the-messenger-choose-courage-over-convenience/,https://bsky.app/profile/robertdevore.com/post/3lnonsuyfts2r/,social,article,200,https://bsky.app/profile/robertdevore.com/post/3lnonsuyfts2r,verified,False,False,False
baseline,https://robertdevore.com/dont-shoot-the-messenger-choose-courage-over-convenience/,https://www.instagram.com/reel/DJAZPc9ppbR/,media,article,200,https://www.instagram.com/reel/DJAZPc9ppbR/,verified,False,False,False
baseline,https://robertdevore.com/dont-shoot-the-messenger-choose-courage-over-convenience/,https://automaticcss.com/,AutomaticCSS,article,200,https://automaticcss.com/,verified,False,False,False
baseline,https://robertdevore.com/dont-shoot-the-messenger-choose-courage-over-convenience/,https://getframes.io/,Frames,article,200,https://getframes.io/,verified,False,False,False
baseline,https://robertdevore.com/dont-shoot-the-messenger-choose-courage-over-convenience/,https://x.com/deviorobert/,[non-text link],navigation,200,https://x.com/deviorobert,verified,False,False,False
baseline,https://robertdevore.com/dont-shoot-the-messenger-choose-courage-over-convenience/,https://github.com/robertdevore/,[non-text link],navigation,200,https://github.com/robertdevore/,verified,False,False,False
baseline,https://robertdevore.com/extreme-programming-for-extreme-leaders/,https://en.wikipedia.org/wiki/Extreme_programming/,Extreme Programming,article,404,https://en.wikipedia.org/wiki/Extreme_programming/,verified,False,False,False
baseline,https://robertdevore.com/extreme-programming-for-extreme-leaders/,https://www.agilealliance.org/glossary/xp/,Extreme Programming,article,200,https://agilealliance.org/glossary/xp/,verified,False,False,False
baseline,https://robertdevore.com/extreme-programming-for-extreme-leaders/,https://x.com/deviorobert/,[non-text link],navigation,200,https://x.com/deviorobert,verified,False,False,False
baseline,https://robertdevore.com/extreme-programming-for-extreme-leaders/,https://github.com/robertdevore/,[non-text link],navigation,200,https://github.com/robertdevore/,verified,False,False,False
baseline,https://robertdevore.com/focus/,https://twitter.com/deviorobert/status/650707523570409472/?ref_src=twsrc%5Etfw,"October 4, 2015",article,200,https://x.com/deviorobert/status/650707523570409472/?ref_src=twsrc%5Etfw,verified,False,False,False
baseline,https://robertdevore.com/focus/,http://tommcfarlin.com/latest-and-greatest-technology/,the latest and greatest technologies,article,200,https://tommcfarlin.com/latest-and-greatest-technology/,verified,False,False,False
baseline,https://robertdevore.com/focus/,http://www.wordpress.org/,WordPress,article,200,https://wordpress.org/,verified,False,False,False
baseline,https://robertdevore.com/focus/,http://code.tutsplus.com/articles/20-javascript-frameworks-worth-checking-out--net-22020/,JavaScript frameworks,article,200,https://code.tutsplus.com/c/javascript,verified,False,False,False
baseline,https://robertdevore.com/focus/,https://x.com/deviorobert/,[non-text link],navigation,200,https://x.com/deviorobert,verified,False,False,False
baseline,https://robertdevore.com/focus/,https://github.com/robertdevore/,[non-text link],navigation,200,https://github.com/robertdevore/,verified,False,False,False
baseline,https://robertdevore.com/forever-forward/,https://kujolang.ai/,Kujo,article,200,https://kujolang.ai/,verified,False,False,False
baseline,https://robertdevore.com/forever-forward/,https://kujolang.ai/ecosystem/,ecosystem,article,200,https://kujolang.ai/ecosystem/,verified,False,False,False
baseline,https://robertdevore.com/forever-forward/,https://kujolang.ai/,Kujo,article,200,https://kujolang.ai/,verified,False,False,False
baseline,https://robertdevore.com/forever-forward/,https://kujolang.ai/,Kujo,article,200,https://kujolang.ai/,verified,False,False,False
baseline,https://robertdevore.com/forever-forward/,https://kujolang.ai/,Kujo,article,200,https://kujolang.ai/,verified,False,False,False
baseline,https://robertdevore.com/forever-forward/,https://kujolang.ai/,Kujo,article,200,https://kujolang.ai/,verified,False,False,False
baseline,https://robertdevore.com/forever-forward/,https://kujolang.ai/,Kujo,article,200,https://kujolang.ai/,verified,False,False,False
baseline,https://robertdevore.com/forever-forward/,https://x.com/deviorobert/,[non-text link],navigation,200,https://x.com/deviorobert,verified,False,False,False
baseline,https://robertdevore.com/forever-forward/,https://github.com/robertdevore/,[non-text link],navigation,200,https://github.com/robertdevore/,verified,False,False,False
baseline,https://robertdevore.com/going-all-in-one-year-later/,https://www.wpdispensary.com/,WP Dispensary,article,200,https://wpdispensary.com/,verified,False,False,False
baseline,https://robertdevore.com/going-all-in-one-year-later/,https://twitter.com/WPDispensary/status/1033824580207603712/,it's own cart,article,200,https://x.com/WPDispensary/status/1033824580207603712/,verified,False,False,False
baseline,https://robertdevore.com/going-all-in-one-year-later/,https://www.woocommerce.com/,WooCommerce,article,200,https://woocommerce.com/,verified,False,False,False
baseline,https://robertdevore.com/going-all-in-one-year-later/,https://www.wpdispensary.com/,WP Dispensary,article,200,https://wpdispensary.com/,verified,False,False,False
baseline,https://robertdevore.com/going-all-in-one-year-later/,https://www.wpdispensary.com/recently-switched-credit-card-payment-processing-companies/,found BlueSnap,article,200,https://wpdispensary.com/,verified,False,False,False
baseline,https://robertdevore.com/going-all-in-one-year-later/,https://easydigitaldownloads.com/,Easy Digital Downloads,article,200,https://easydigitaldownloads.com/,verified,False,False,False
baseline,https://robertdevore.com/going-all-in-one-year-later/,https://www.woocommerce.com/,WooCommerce,article,200,https://woocommerce.com/,verified,False,False,False
baseline,https://robertdevore.com/going-all-in-one-year-later/,https://github.com/robertdevore/,Github account,article,200,https://github.com/robertdevore/,verified,False,False,False
baseline,https://robertdevore.com/going-all-in-one-year-later/,https://bitbucket.org/,Bitbucket,article,200,https://bitbucket.org/,verified,False,False,False
baseline,https://robertdevore.com/going-all-in-one-year-later/,https://ww.wpdispensary.com/,WP Dispensary,article,0,,not checked,False,False,False
baseline,https://robertdevore.com/going-all-in-one-year-later/,https://www.stripe.com/,Stripe,article,200,https://stripe.com/,verified,False,False,False
baseline,https://robertdevore.com/going-all-in-one-year-later/,https://twitter.com/hashtag/freelancing/?src=hash&ref_src=twsrc%5Etfw,#freelancing,article,200,https://x.com/hashtag/freelancing/?src=hash&ref_src=twsrc%5Etfw,verified,False,False,False
baseline,https://robertdevore.com/going-all-in-one-year-later/,https://twitter.com/hashtag/clients/?src=hash&ref_src=twsrc%5Etfw,#clients,article,200,https://x.com/hashtag/clients/?src=hash&ref_src=twsrc%5Etfw,verified,False,False,False
baseline,https://robertdevore.com/going-all-in-one-year-later/,https://twitter.com/hashtag/devlife/?src=hash&ref_src=twsrc%5Etfw,#devlife,article,200,https://x.com/hashtag/devlife/?src=hash&ref_src=twsrc%5Etfw,verified,False,False,False
baseline,https://robertdevore.com/going-all-in-one-year-later/,https://t.co/JyDc05YYu8/,pic.twitter.com/JyDc05YYu8,article,404,https://t.co/JyDc05YYu8/,verified,False,False,False
baseline,https://robertdevore.com/going-all-in-one-year-later/,https://twitter.com/deviorobert/status/1044218252551958530/?ref_src=twsrc%5Etfw,"September 24, 2018",article,200,https://x.com/deviorobert/status/1044218252551958530/?ref_src=twsrc%5Etfw,verified,False,False,False
baseline,https://robertdevore.com/going-all-in-one-year-later/,https://www.wpdispensary.com/product/setup-service/,Setup Service,article,200,https://wpdispensary.com/,verified,False,False,False
baseline,https://robertdevore.com/going-all-in-one-year-later/,https://www.wordpress.org/plugins/delivery-drivers-for-woocommerce/,Delivery Drivers for WooCommerce,article,200,https://wordpress.org/plugins/delivery-drivers-for-woocommerce/,verified,False,False,False
baseline,https://robertdevore.com/going-all-in-one-year-later/,https://www.deviodigital.com/,Devio Digital,article,0,,not checked,False,False,False
baseline,https://robertdevore.com/going-all-in-one-year-later/,https://deviodigital.com/product/delivery-drivers-for-woocommerce-pro/,Delivery Drivers for WooCommerce Pro,article,0,,not checked,False,False,False
baseline,https://robertdevore.com/going-all-in-one-year-later/,https://twitter.com/deviorobert/,Twitter,article,200,https://x.com/deviorobert,verified,False,False,False
baseline,https://robertdevore.com/going-all-in-one-year-later/,https://t.co/r5oZlgxPCX/,pic.twitter.com/r5oZlgxPCX,article,404,https://t.co/r5oZlgxPCX/,verified,False,False,False
baseline,https://robertdevore.com/going-all-in-one-year-later/,https://twitter.com/deviorobert/status/1044936302213378048/?ref_src=twsrc%5Etfw,"September 26, 2018",article,200,https://x.com/deviorobert/status/1044936302213378048/?ref_src=twsrc%5Etfw,verified,False,False,False
baseline,https://robertdevore.com/going-all-in-one-year-later/,https://x.com/deviorobert/,[non-text link],navigation,200,https://x.com/deviorobert,verified,False,False,False
baseline,https://robertdevore.com/going-all-in-one-year-later/,https://github.com/robertdevore/,[non-text link],navigation,200,https://github.com/robertdevore/,verified,False,False,False
baseline,https://robertdevore.com/going-all-in-with-wp-dispensary/,https://twitter.com/WPDispensary/?ref_src=twsrc%5Etfw,@WPDispensary,article,200,https://x.com/WPDispensary?ref_src=twsrc%5Etfw,verified,False,False,False
baseline,https://robertdevore.com/going-all-in-with-wp-dispensary/,https://twitter.com/deviorobert/status/912642836759236608/?ref_src=twsrc%5Etfw,"September 26, 2017",article,200,https://x.com/deviorobert/status/912642836759236608/?ref_src=twsrc%5Etfw,verified,False,False,False
baseline,https://robertdevore.com/going-all-in-with-wp-dispensary/,https://www.wpdispensary.com/downloads/cannabiz/,theme,article,200,https://wpdispensary.com/,verified,False,False,False
baseline,https://robertdevore.com/going-all-in-with-wp-dispensary/,https://www.wpdispensary.com/dispensary-age-verification/,a,article,200,https://wpdispensary.com/,verified,False,False,False
baseline,https://robertdevore.com/going-all-in-with-wp-dispensary/,https://www.wpdispensary.com/dispensary-coupons-wordpress-plugin/,couple,article,200,https://wpdispensary.com/,verified,False,False,False
baseline,https://robertdevore.com/going-all-in-with-wp-dispensary/,https://www.wpdispensary.com/add-ons/,extensions,article,200,https://wpdispensary.com/,verified,False,False,False
baseline,https://robertdevore.com/going-all-in-with-wp-dispensary/,https://www.wordpress.org/plugins/wp-dispensary/,WP Dispensary,article,200,https://wordpress.org/plugins/wp-dispensary/,verified,False,False,False
baseline,https://robertdevore.com/going-all-in-with-wp-dispensary/,https://www.wpdispensary.com/welcome-to-wp-dispensary/,beginnings,article,200,https://wpdispensary.com/,verified,False,False,False
baseline,https://robertdevore.com/going-all-in-with-wp-dispensary/,https://twitter.com/scottbolinger/,@ScottBolinger,article,200,https://x.com/scottbolinger,verified,False,False,False
baseline,https://robertdevore.com/going-all-in-with-wp-dispensary/,https://twitter.com/FredRivett/status/912436978330869760/,lead,article,200,https://x.com/FredRivett/status/912436978330869760/,verified,False,False,False
baseline,https://robertdevore.com/going-all-in-with-wp-dispensary/,https://twitter.com/deviorobert/status/912642836759236608/,tweeting,article,200,https://x.com/deviorobert/status/912642836759236608/,verified,False,False,False
baseline,https://robertdevore.com/going-all-in-with-wp-dispensary/,https://www.twitter.com/deviorobert/,follow me,article,200,https://x.com/deviorobert,verified,False,False,False
baseline,https://robertdevore.com/going-all-in-with-wp-dispensary/,https://x.com/deviorobert/,[non-text link],navigation,200,https://x.com/deviorobert,verified,False,False,False
baseline,https://robertdevore.com/going-all-in-with-wp-dispensary/,https://github.com/robertdevore/,[non-text link],navigation,200,https://github.com/robertdevore/,verified,False,False,False
baseline,https://robertdevore.com/goodbye-wordpress-a-eulogy/,https://x.com/deviorobert/status/1840448040089395513/,memes,article,200,https://x.com/deviorobert/status/1840448040089395513/,verified,False,False,False
baseline,https://robertdevore.com/goodbye-wordpress-a-eulogy/,https://x.com/deviorobert/status/1868509121617465619/,songs,article,200,https://x.com/deviorobert/status/1868509121617465619/,verified,False,False,False
baseline,https://robertdevore.com/goodbye-wordpress-a-eulogy/,https://x.com/deviorobert/status/1916568311082394105/,Oliver,article,200,https://x.com/deviorobert/status/1916568311082394105/,verified,False,False,False
baseline,https://robertdevore.com/goodbye-wordpress-a-eulogy/,https://x.com/TacoVerdo/,Taco Verdo,article,200,https://x.com/TacoVerdo,verified,False,False,False
baseline,https://robertdevore.com/goodbye-wordpress-a-eulogy/,https://fair.pm/,FAIR,article,200,https://fair.pm/,verified,False,False,False
baseline,https://robertdevore.com/goodbye-wordpress-a-eulogy/,http://joost.blog/innovation-in-wordpress/,lack of innovation in WordPress®,article,200,https://joost.blog/innovation-in-wordpress/,verified,False,False,False
baseline,https://robertdevore.com/goodbye-wordpress-a-eulogy/,https://wordpress.org/,WordPress.org,article,200,https://wordpress.org/,verified,False,False,False
baseline,https://robertdevore.com/goodbye-wordpress-a-eulogy/,https://x.com/jdevalk/status/1931231653038329888/,source,article,200,https://x.com/jdevalk/status/1931231653038329888/,verified,False,False,False
baseline,https://robertdevore.com/goodbye-wordpress-a-eulogy/,https://x.com/SybreWaaijer/status/1881609542418509878/,took the SEO for Everyone slogan from someone else,article,200,https://x.com/SybreWaaijer/status/1881609542418509878/,verified,False,False,False
baseline,https://robertdevore.com/goodbye-wordpress-a-eulogy/,https://github.com/fairpm/mini-fair-repo/issues/3/,broken “MINI” plugin,article,200,https://github.com/fairpm/fair-beacon/issues/3/,verified,False,False,False
baseline,https://robertdevore.com/goodbye-wordpress-a-eulogy/,https://notmatt.press/,auto-forked WordPress®,article,0,,not checked,False,False,False
baseline,https://robertdevore.com/goodbye-wordpress-a-eulogy/,https://packagist.org/packages/robertdevore/wpcom-check/,stopped plugins from being used,article,200,https://packagist.org/packages/robertdevore/wpcom-check,verified,False,False,False
baseline,https://robertdevore.com/goodbye-wordpress-a-eulogy/,https://x.com/sereedmedia/,Se Reed,article,200,https://x.com/sereedmedia,verified,False,False,False
baseline,https://robertdevore.com/goodbye-wordpress-a-eulogy/,https://pluginpal.app/,Plugin Pal,article,0,,not checked,False,False,False
baseline,https://robertdevore.com/goodbye-wordpress-a-eulogy/,https://stattic.site/,Stattic,article,200,https://stattic.site/,verified,False,False,False
baseline,https://robertdevore.com/goodbye-wordpress-a-eulogy/,https://stattic.site/,Stattic,article,200,https://stattic.site/,verified,False,False,False
baseline,https://robertdevore.com/goodbye-wordpress-a-eulogy/,https://devio.chat/,Devio Chat,article,0,,not checked,False,False,False
baseline,https://robertdevore.com/goodbye-wordpress-a-eulogy/,https://x.com/deviorobert/,[non-text link],navigation,200,https://x.com/deviorobert,verified,False,False,False
baseline,https://robertdevore.com/goodbye-wordpress-a-eulogy/,https://github.com/robertdevore/,[non-text link],navigation,200,https://github.com/robertdevore/,verified,False,False,False
baseline,https://robertdevore.com/grateful-to-see-21-of-my-wordpress-plugins-live-on-at-webdevstudios/,https://webdevstudios.com/,WebDevStudios,article,200,https://webdevstudios.com/,verified,False,False,False
baseline,https://robertdevore.com/grateful-to-see-21-of-my-wordpress-plugins-live-on-at-webdevstudios/,https://bsky.app/profile/that.mitchcanter.me,Mitch Canter,article,404,https://bsky.app/profile/that.mitchcanter.me,verified,False,False,False
baseline,https://robertdevore.com/grateful-to-see-21-of-my-wordpress-plugins-live-on-at-webdevstudios/,https://x.com/williamsba/,Brad Williams,article,200,https://x.com/williamsba,verified,False,False,False
baseline,https://robertdevore.com/grateful-to-see-21-of-my-wordpress-plugins-live-on-at-webdevstudios/,https://github.com/robertdevore/slop-stopper/,Slop Stopper,article,200,https://github.com/WebDevStudios/slop-stopper,verified,False,False,False
baseline,https://robertdevore.com/grateful-to-see-21-of-my-wordpress-plugins-live-on-at-webdevstudios/,https://github.com/robertdevore/bluesky-feed-for-wordpress/,Bluesky Feed for WordPress®,article,200,https://github.com/WebDevStudios/bluesky-feed-for-wordpress,verified,False,False,False
baseline,https://robertdevore.com/grateful-to-see-21-of-my-wordpress-plugins-live-on-at-webdevstudios/,https://github.com/robertdevore/pattern-pal/,Pattern Pal,article,200,https://github.com/WebDevStudios/pattern-pal,verified,False,False,False
baseline,https://robertdevore.com/grateful-to-see-21-of-my-wordpress-plugins-live-on-at-webdevstudios/,https://github.com/robertdevore/a11y-testimonial/,A11Y Testimonial block,article,200,https://github.com/WebDevStudios/a11y-testimonial,verified,False,False,False
baseline,https://robertdevore.com/grateful-to-see-21-of-my-wordpress-plugins-live-on-at-webdevstudios/,https://github.com/robertdevore/img-a11y/,IMG A11Y,article,200,https://github.com/WebDevStudios/img-a11y,verified,False,False,False
baseline,https://robertdevore.com/grateful-to-see-21-of-my-wordpress-plugins-live-on-at-webdevstudios/,https://github.com/robertdevore/associated-taxonomies/,Associated Taxonomies,article,200,https://github.com/WebDevStudios/associated-taxonomies,verified,False,False,False
baseline,https://robertdevore.com/grateful-to-see-21-of-my-wordpress-plugins-live-on-at-webdevstudios/,https://github.com/robertdevore/broken-image-scanner/,Broken Image Scanner,article,200,https://github.com/WebDevStudios/broken-image-scanner,verified,False,False,False
baseline,https://robertdevore.com/grateful-to-see-21-of-my-wordpress-plugins-live-on-at-webdevstudios/,https://github.com/deviodigital/module-usage-finder-for-divi/,Module Usage Finder for Divi,article,200,https://github.com/WebDevStudios/module-usage-finder-for-divi,verified,False,False,False
baseline,https://robertdevore.com/grateful-to-see-21-of-my-wordpress-plugins-live-on-at-webdevstudios/,https://github.com/robertdevore/block-usage-tracker/,Block Usage Tracker,article,200,https://github.com/WebDevStudios/block-usage-tracker,verified,False,False,False
baseline,https://robertdevore.com/grateful-to-see-21-of-my-wordpress-plugins-live-on-at-webdevstudios/,https://github.com/robertdevore/widget-usage-tracker-for-elementor/,Widget Usage Tracker for Elementor,article,200,https://github.com/WebDevStudios/widget-usage-tracker-for-elementor,verified,False,False,False
baseline,https://robertdevore.com/grateful-to-see-21-of-my-wordpress-plugins-live-on-at-webdevstudios/,https://github.com/robertdevore/sort-media-by-file-size/,Sort Media by File Size,article,200,https://github.com/WebDevStudios/sort-media-by-file-size,verified,False,False,False
baseline,https://robertdevore.com/grateful-to-see-21-of-my-wordpress-plugins-live-on-at-webdevstudios/,https://github.com/deviodigital/link-attributes-for-publishers/,Link Attributes for Publishers,article,200,https://github.com/WebDevStudios/link-attributes-for-publishers,verified,False,False,False
baseline,https://robertdevore.com/grateful-to-see-21-of-my-wordpress-plugins-live-on-at-webdevstudios/,https://github.com/robertdevore/benchpress/,BenchPress,article,200,https://github.com/WebDevStudios/benchpress,verified,False,False,False
baseline,https://robertdevore.com/grateful-to-see-21-of-my-wordpress-plugins-live-on-at-webdevstudios/,https://github.com/robertdevore/site-vitals-for-wordpress/,Site Vitals for WordPress,article,200,https://github.com/WebDevStudios/site-vitals-for-wordpress,verified,False,False,False
baseline,https://robertdevore.com/grateful-to-see-21-of-my-wordpress-plugins-live-on-at-webdevstudios/,https://github.com/robertdevore/media-file-versioning/,Media File Versioning,article,200,https://github.com/WebDevStudios/media-file-versioning,verified,False,False,False
baseline,https://robertdevore.com/grateful-to-see-21-of-my-wordpress-plugins-live-on-at-webdevstudios/,https://github.com/robertdevore/delete-inactive-users/,Delete Inactive Users,article,200,https://github.com/WebDevStudios/delete-inactive-users,verified,False,False,False
baseline,https://robertdevore.com/grateful-to-see-21-of-my-wordpress-plugins-live-on-at-webdevstudios/,https://github.com/robertdevore/content-restriction-for-wordpress/,Content Restriction for WordPress,article,200,https://github.com/WebDevStudios/content-restriction-for-wordpress,verified,False,False,False
baseline,https://robertdevore.com/grateful-to-see-21-of-my-wordpress-plugins-live-on-at-webdevstudios/,https://github.com/robertdevore/db-version-control/,DB Version Control,article,200,https://github.com/WebDevStudios/db-version-control,verified,False,False,False
baseline,https://robertdevore.com/grateful-to-see-21-of-my-wordpress-plugins-live-on-at-webdevstudios/,https://github.com/deviodigital/DocuPress/,DocuPress,article,200,https://github.com/WebDevStudios/DocuPress,verified,False,False,False
baseline,https://robertdevore.com/grateful-to-see-21-of-my-wordpress-plugins-live-on-at-webdevstudios/,https://github.com/robertdevore/persistent-dismissible-notices/,Persistent Dismissible Notices,article,200,https://github.com/WebDevStudios/persistent-dismissible-notices,verified,False,False,False
baseline,https://robertdevore.com/grateful-to-see-21-of-my-wordpress-plugins-live-on-at-webdevstudios/,https://webdevstudios.com/,WebDevStudios,article,200,https://webdevstudios.com/,verified,False,False,False
baseline,https://robertdevore.com/grateful-to-see-21-of-my-wordpress-plugins-live-on-at-webdevstudios/,https://x.com/deviorobert/,[non-text link],navigation,200,https://x.com/deviorobert,verified,False,False,False
baseline,https://robertdevore.com/grateful-to-see-21-of-my-wordpress-plugins-live-on-at-webdevstudios/,https://github.com/robertdevore/,[non-text link],navigation,200,https://github.com/robertdevore/,verified,False,False,False
baseline,https://robertdevore.com/hello-2017/,https://twitter.com/deviorobert/status/793438843118682112/?ref_src=twsrc%5Etfw,"November 1, 2016",article,200,https://x.com/deviorobert/status/793438843118682112/?ref_src=twsrc%5Etfw,verified,False,False,False
baseline,https://robertdevore.com/hello-2017/,https://www.wpdispensary.com/,WP Dispensary,article,200,https://wpdispensary.com/,verified,False,False,False
baseline,https://robertdevore.com/hello-2017/,https://twitter.com/i/moments/802554892435025926/,1 year birthday,article,200,https://x.com/i/moments/802554892435025926/,verified,False,False,False
baseline,https://robertdevore.com/hello-2017/,https://www.wpdispensary.com/downloads/wooconnect-for-woocommerce/,WooConnect,article,200,https://wpdispensary.com/,verified,False,False,False
baseline,https://robertdevore.com/hello-2017/,https://x.com/deviorobert/,[non-text link],navigation,200,https://x.com/deviorobert,verified,False,False,False
baseline,https://robertdevore.com/hello-2017/,https://github.com/robertdevore/,[non-text link],navigation,200,https://github.com/robertdevore/,verified,False,False,False
baseline,https://robertdevore.com/hello-plugin-pal-your-ai-powered-plugin-generator-for-wordpress/,https://pluginpal.app/,Plugin Pal,article,0,,not checked,False,False,False
baseline,https://robertdevore.com/hello-plugin-pal-your-ai-powered-plugin-generator-for-wordpress/,https://pluginpal.app/generator/,AI tool,article,0,,not checked,False,False,False
baseline,https://robertdevore.com/hello-plugin-pal-your-ai-powered-plugin-generator-for-wordpress/,https://pluginpal.app/,Plugin Pal,article,0,,not checked,False,False,False
baseline,https://robertdevore.com/hello-plugin-pal-your-ai-powered-plugin-generator-for-wordpress/,https://pluginpal.app/,[non-text link],article,0,,not checked,False,False,False
baseline,https://robertdevore.com/hello-plugin-pal-your-ai-powered-plugin-generator-for-wordpress/,https://pluginpal.app/,Plugin Pal,article,0,,not checked,False,False,False
baseline,https://robertdevore.com/hello-plugin-pal-your-ai-powered-plugin-generator-for-wordpress/,https://flask.palletsprojects.com/en/stable/,Flask,article,200,https://flask.palletsprojects.com/en/stable/,verified,False,False,False
baseline,https://robertdevore.com/hello-plugin-pal-your-ai-powered-plugin-generator-for-wordpress/,https://www.postgresql.org/,PostgreSQL,article,200,https://www.postgresql.org/,verified,False,False,False
baseline,https://robertdevore.com/hello-plugin-pal-your-ai-powered-plugin-generator-for-wordpress/,https://tailwindcss.com/,Tailwind CSS,article,200,https://tailwindcss.com/,verified,False,False,False
baseline,https://robertdevore.com/hello-plugin-pal-your-ai-powered-plugin-generator-for-wordpress/,https://flowbite.com/,Flowbite,article,200,https://flowbite.com/,verified,False,False,False
baseline,https://robertdevore.com/hello-plugin-pal-your-ai-powered-plugin-generator-for-wordpress/,https://heroku.com/,Heroku,article,200,https://www.heroku.com/,verified,False,False,False
baseline,https://robertdevore.com/hello-plugin-pal-your-ai-powered-plugin-generator-for-wordpress/,https://pluginpal.app/,Plugin Pal,article,0,,not checked,False,False,False
baseline,https://robertdevore.com/hello-plugin-pal-your-ai-powered-plugin-generator-for-wordpress/,https://pluginpal.app/,Plugin Pal,article,0,,not checked,False,False,False
baseline,https://robertdevore.com/hello-plugin-pal-your-ai-powered-plugin-generator-for-wordpress/,https://pluginpal.app/pricing/,[non-text link],article,0,,not checked,False,False,False
baseline,https://robertdevore.com/hello-plugin-pal-your-ai-powered-plugin-generator-for-wordpress/,https://pluginpal.app/,Plugin Pal,article,0,,not checked,False,False,False
baseline,https://robertdevore.com/hello-plugin-pal-your-ai-powered-plugin-generator-for-wordpress/,https://pluginpal.app/about-plugsy/,Plugsy,article,0,,not checked,False,False,False
baseline,https://robertdevore.com/hello-plugin-pal-your-ai-powered-plugin-generator-for-wordpress/,https://pluginpal.app/,Plugin Pal,article,0,,not checked,False,False,False
baseline,https://robertdevore.com/hello-plugin-pal-your-ai-powered-plugin-generator-for-wordpress/,https://x.com/deviorobert/,Hit me up,article,200,https://x.com/deviorobert,verified,False,False,False
baseline,https://robertdevore.com/hello-plugin-pal-your-ai-powered-plugin-generator-for-wordpress/,https://x.com/deviorobert/,[non-text link],navigation,200,https://x.com/deviorobert,verified,False,False,False
baseline,https://robertdevore.com/hello-plugin-pal-your-ai-powered-plugin-generator-for-wordpress/,https://github.com/robertdevore/,[non-text link],navigation,200,https://github.com/robertdevore/,verified,False,False,False
baseline,https://robertdevore.com/honoring-jesse-petersen-with-the-revival-of-stealth-login-page/,https://www.jessepetersen.com/,Jesse Petersen,article,200,https://jessepetersen.com/,verified,False,False,False
baseline,https://robertdevore.com/honoring-jesse-petersen-with-the-revival-of-stealth-login-page/,https://github.com/robertdevore/stealth-login-page/,Stealth Login Page,article,200,https://github.com/robertdevore/stealth-login-page/,verified,False,False,False
baseline,https://robertdevore.com/honoring-jesse-petersen-with-the-revival-of-stealth-login-page/,https://github.com/robertdevore/stealth-login-page/,Stealth Login Page,article,200,https://github.com/robertdevore/stealth-login-page/,verified,False,False,False
baseline,https://robertdevore.com/honoring-jesse-petersen-with-the-revival-of-stealth-login-page/,https://github.com/robertdevore/stealth-login-page/,on GitHub,article,200,https://github.com/robertdevore/stealth-login-page/,verified,False,False,False
baseline,https://robertdevore.com/honoring-jesse-petersen-with-the-revival-of-stealth-login-page/,https://github.com/robertdevore/stealth-login-page/,GitHub,article,200,https://github.com/robertdevore/stealth-login-page/,verified,False,False,False
baseline,https://robertdevore.com/honoring-jesse-petersen-with-the-revival-of-stealth-login-page/,https://x.com/deviorobert/,[non-text link],navigation,200,https://x.com/deviorobert,verified,False,False,False
baseline,https://robertdevore.com/honoring-jesse-petersen-with-the-revival-of-stealth-login-page/,https://github.com/robertdevore/,[non-text link],navigation,200,https://github.com/robertdevore/,verified,False,False,False
baseline,https://robertdevore.com/host-your-wordpress-plugins-on-github-and-automate-plugin-packaging/,https://github.com/new/,github.com/new,article,200,https://github.com/login?return_to=https%3A%2F%2Fgithub.com%2Fnew,verified,False,False,False
baseline,https://robertdevore.com/host-your-wordpress-plugins-on-github-and-automate-plugin-packaging/,https://x.com/deviorobert/,[non-text link],navigation,200,https://x.com/deviorobert,verified,False,False,False
baseline,https://robertdevore.com/host-your-wordpress-plugins-on-github-and-automate-plugin-packaging/,https://github.com/robertdevore/,[non-text link],navigation,200,https://github.com/robertdevore/,verified,False,False,False
baseline,https://robertdevore.com/how-a-security-audit-can-save-your-e-commerce-store-from-disaster/,https://x.com/deviorobert/,[non-text link],navigation,200,https://x.com/deviorobert,verified,False,False,False
baseline,https://robertdevore.com/how-a-security-audit-can-save-your-e-commerce-store-from-disaster/,https://github.com/robertdevore/,[non-text link],navigation,200,https://github.com/robertdevore/,verified,False,False,False
baseline,https://robertdevore.com/how-hungry-are-you/,https://cannabiz.pro/,CannaBiz Software,article,0,,not checked,False,False,False
baseline,https://robertdevore.com/how-hungry-are-you/,https://wordpress.org/plugins/boostbox/,BoostBox,article,200,https://wordpress.org/plugins/boostbox/,verified,False,False,False
baseline,https://robertdevore.com/how-hungry-are-you/,https://wpdispensary.com/,WP Dispensary,article,200,https://wpdispensary.com/,verified,False,False,False
baseline,https://robertdevore.com/how-hungry-are-you/,https://x.com/deviorobert/,[non-text link],navigation,200,https://x.com/deviorobert,verified,False,False,False
baseline,https://robertdevore.com/how-hungry-are-you/,https://github.com/robertdevore/,[non-text link],navigation,200,https://github.com/robertdevore/,verified,False,False,False
baseline,https://robertdevore.com/how-i-use-textexpander-to-reuse-my-best-ai-prompts/,https://textexpander.com/,TextExpander,article,200,https://textexpander.com/,verified,False,False,False
baseline,https://robertdevore.com/how-i-use-textexpander-to-reuse-my-best-ai-prompts/,https://textexpander.com/category/elevating-work/automation/,automation,article,200,https://textexpander.com/category/elevating-work/automation,verified,False,False,False
baseline,https://robertdevore.com/how-i-use-textexpander-to-reuse-my-best-ai-prompts/,https://x.com/deviorobert/status/1881616859021414509/,ref,article,200,https://x.com/deviorobert/status/1881616859021414509/,verified,False,False,False
baseline,https://robertdevore.com/how-i-use-textexpander-to-reuse-my-best-ai-prompts/,https://textexpander.com/,TextExpander,article,200,https://textexpander.com/,verified,False,False,False
baseline,https://robertdevore.com/how-i-use-textexpander-to-reuse-my-best-ai-prompts/,https://x.com/deviorobert/,[non-text link],navigation,200,https://x.com/deviorobert,verified,False,False,False
baseline,https://robertdevore.com/how-i-use-textexpander-to-reuse-my-best-ai-prompts/,https://github.com/robertdevore/,[non-text link],navigation,200,https://github.com/robertdevore/,verified,False,False,False
baseline,https://robertdevore.com/how-to-block-website-tracking-data-in-woocommerce/,https://github.com/robertdevore/tracking-blocker-for-woocommerce/,Tracking Blocker for WooCommerce,article,200,https://github.com/robertdevore/tracking-blocker-for-woocommerce/,verified,False,False,False
baseline,https://robertdevore.com/how-to-block-website-tracking-data-in-woocommerce/,https://x.com/SybreWaaijer/,Sybre Waaijer,article,200,https://x.com/SybreWaaijer,verified,False,False,False
baseline,https://robertdevore.com/how-to-block-website-tracking-data-in-woocommerce/,https://x.com/SybreWaaijer/status/1875230654054752374/,bringing this to everyone’s attention,article,200,https://x.com/SybreWaaijer/status/1875230654054752374/,verified,False,False,False
baseline,https://robertdevore.com/how-to-block-website-tracking-data-in-woocommerce/,https://github.com/robertdevore/tracking-blocker-for-woocommerce/,Tracking Blocker for WooCommerce,article,200,https://github.com/robertdevore/tracking-blocker-for-woocommerce/,verified,False,False,False
baseline,https://robertdevore.com/how-to-block-website-tracking-data-in-woocommerce/,https://github.com/robertdevore/tracking-blocker-for-woocommerce/,GitHub repository,article,200,https://github.com/robertdevore/tracking-blocker-for-woocommerce/,verified,False,False,False
baseline,https://robertdevore.com/how-to-block-website-tracking-data-in-woocommerce/,https://github.com/robertdevore/tracking-blocker-for-woocommerce/,Tracking Blocker for WooCommerce,article,200,https://github.com/robertdevore/tracking-blocker-for-woocommerce/,verified,False,False,False
baseline,https://robertdevore.com/how-to-block-website-tracking-data-in-woocommerce/,https://x.com/deviorobert/,[non-text link],navigation,200,https://x.com/deviorobert,verified,False,False,False
baseline,https://robertdevore.com/how-to-block-website-tracking-data-in-woocommerce/,https://github.com/robertdevore/,[non-text link],navigation,200,https://github.com/robertdevore/,verified,False,False,False
baseline,https://robertdevore.com/how-to-build-a-content-engine-that-scales-with-you/,https://prompts.robertdevore.com/,consistent prompt style,article,200,https://prompts.robertdevore.com/,verified,False,False,False
baseline,https://robertdevore.com/how-to-build-a-content-engine-that-scales-with-you/,https://x.com/deviorobert/,[non-text link],navigation,200,https://x.com/deviorobert,verified,False,False,False
baseline,https://robertdevore.com/how-to-build-a-content-engine-that-scales-with-you/,https://github.com/robertdevore/,[non-text link],navigation,200,https://github.com/robertdevore/,verified,False,False,False
baseline,https://robertdevore.com/how-to-build-modular-prompts-that-save-you-hours-per-week/,https://textexpander.com/,TextExpander,article,200,https://textexpander.com/,verified,False,False,False
baseline,https://robertdevore.com/how-to-build-modular-prompts-that-save-you-hours-per-week/,https://x.com/deviorobert/,[non-text link],navigation,200,https://x.com/deviorobert,verified,False,False,False
baseline,https://robertdevore.com/how-to-build-modular-prompts-that-save-you-hours-per-week/,https://github.com/robertdevore/,[non-text link],navigation,200,https://github.com/robertdevore/,verified,False,False,False
baseline,https://robertdevore.com/how-to-customize-the-style-of-your-wordpress-login-screen/,https://www.wpdispensary.com/product/ecommerce/,eCommerce add-on,article,200,https://wpdispensary.com/,verified,False,False,False
baseline,https://robertdevore.com/how-to-customize-the-style-of-your-wordpress-login-screen/,https://www.wpdispensary.com/,WP Dispensary,article,200,https://wpdispensary.com/,verified,False,False,False
baseline,https://robertdevore.com/how-to-customize-the-style-of-your-wordpress-login-screen/,https://codex.wordpress.org/Customizing_the_Login_Form/,how to customize the login form,article,403,https://codex.wordpress.org/Customizing_the_Login_Form/,blocked/indeterminate,False,False,False
baseline,https://robertdevore.com/how-to-customize-the-style-of-your-wordpress-login-screen/,https://github.com/WordPress/WordPress/blob/master/wp-login.php,link,article,200,https://github.com/WordPress/WordPress/blob/master/wp-login.php,verified,False,False,False
baseline,https://robertdevore.com/how-to-customize-the-style-of-your-wordpress-login-screen/,https://www.wpdispensary.com/product/cannabiz/,CannaBiz theme,article,200,https://wpdispensary.com/,verified,False,False,False
baseline,https://robertdevore.com/how-to-customize-the-style-of-your-wordpress-login-screen/,https://codex.wordpress.org/Function_Reference/get_theme_mod/,get_theme_mod,article,403,https://codex.wordpress.org/Function_Reference/get_theme_mod/,blocked/indeterminate,False,False,False
baseline,https://robertdevore.com/how-to-customize-the-style-of-your-wordpress-login-screen/,https://www.wpdispensary.com/demo/wp-login.php,login screen,article,200,https://wpdispensary.com/,verified,False,False,False
baseline,https://robertdevore.com/how-to-customize-the-style-of-your-wordpress-login-screen/,https://x.com/deviorobert/,[non-text link],navigation,200,https://x.com/deviorobert,verified,False,False,False
baseline,https://robertdevore.com/how-to-customize-the-style-of-your-wordpress-login-screen/,https://github.com/robertdevore/,[non-text link],navigation,200,https://github.com/robertdevore/,verified,False,False,False
baseline,https://robertdevore.com/how-to-edit-ai-content-so-it-feels-clean-not-robotic/,https://x.com/deviorobert/,[non-text link],navigation,200,https://x.com/deviorobert,verified,False,False,False
baseline,https://robertdevore.com/how-to-edit-ai-content-so-it-feels-clean-not-robotic/,https://github.com/robertdevore/,[non-text link],navigation,200,https://github.com/robertdevore/,verified,False,False,False
baseline,https://robertdevore.com/how-to-stop-your-plugins-themes-from-being-used-on-wordpress-com-hosting/,https://packagist.org/packages/robertdevore/wpcom-check/,via Packagist,article,200,https://packagist.org/packages/robertdevore/wpcom-check,verified,False,False,False
baseline,https://robertdevore.com/how-to-stop-your-plugins-themes-from-being-used-on-wordpress-com-hosting/,https://github.com/robertdevore/wpcom-check/,GitHub repository,article,200,https://github.com/robertdevore/wpcom-check/,verified,False,False,False
baseline,https://robertdevore.com/how-to-stop-your-plugins-themes-from-being-used-on-wordpress-com-hosting/,https://x.com/deviorobert/,[non-text link],navigation,200,https://x.com/deviorobert,verified,False,False,False
baseline,https://robertdevore.com/how-to-stop-your-plugins-themes-from-being-used-on-wordpress-com-hosting/,https://github.com/robertdevore/,[non-text link],navigation,200,https://github.com/robertdevore/,verified,False,False,False
baseline,https://robertdevore.com/how-to-teach-ai-to-match-your-voice/,https://x.com/deviorobert/,[non-text link],navigation,200,https://x.com/deviorobert,verified,False,False,False
baseline,https://robertdevore.com/how-to-teach-ai-to-match-your-voice/,https://github.com/robertdevore/,[non-text link],navigation,200,https://github.com/robertdevore/,verified,False,False,False
baseline,https://robertdevore.com/how-to-use-ai-to-research-validate-ideas-and-stay-relevant/,https://x.com/deviorobert/,[non-text link],navigation,200,https://x.com/deviorobert,verified,False,False,False
baseline,https://robertdevore.com/how-to-use-ai-to-research-validate-ideas-and-stay-relevant/,https://github.com/robertdevore/,[non-text link],navigation,200,https://github.com/robertdevore/,verified,False,False,False
baseline,https://robertdevore.com/how-to-write-prompts-that-get-the-tone-structure-and-intent-right/,https://x.com/deviorobert/,[non-text link],navigation,200,https://x.com/deviorobert,verified,False,False,False
baseline,https://robertdevore.com/how-to-write-prompts-that-get-the-tone-structure-and-intent-right/,https://github.com/robertdevore/,[non-text link],navigation,200,https://github.com/robertdevore/,verified,False,False,False
baseline,https://robertdevore.com/hue-js/,https://www.github.com/deviodigital/hue.js,hue.js,article,200,https://github.com/deviodigital/hue.js,verified,False,False,False
baseline,https://robertdevore.com/hue-js/,https://twitter.com/hashtag/WPD2/?src=hash&lang=en,#WPD2,article,200,https://x.com/hashtag/WPD2/?src=hash&lang=en,verified,False,False,False
baseline,https://robertdevore.com/hue-js/,https://www.wpdispensary.com/,WP Dispensary,article,200,https://wpdispensary.com/,verified,False,False,False
baseline,https://robertdevore.com/hue-js/,https://twitter.com/deviorobert/status/974451130578145280/?ref_src=twsrc%5Etfw,"March 16, 2018",article,200,https://x.com/deviorobert/status/974451130578145280/?ref_src=twsrc%5Etfw,verified,False,False,False
baseline,https://robertdevore.com/hue-js/,https://twitter.com/MrAhmadAwais/,Ahmad Awais,article,200,https://x.com/MrAhmadAwais,verified,False,False,False
baseline,https://robertdevore.com/hue-js/,https://github.com/AhmadAwais/WP-OOP-Settings-API/,WP OOP Settings API,article,200,https://github.com/AhmadAwais/WP-OOP-Settings-API/,verified,False,False,False
baseline,https://robertdevore.com/hue-js/,https://twitter.com/hashtag/WPD2/?src=hash&lang=en,#WPD2,article,200,https://x.com/hashtag/WPD2/?src=hash&lang=en,verified,False,False,False
baseline,https://robertdevore.com/hue-js/,https://github.com/AhmadAwais/WP-OOP-Settings-API/,[non-text link],article,200,https://github.com/AhmadAwais/WP-OOP-Settings-API/,verified,False,False,False
baseline,https://robertdevore.com/hue-js/,http://automattic.github.io/Iris/,Iris,article,200,http://automattic.github.io/Iris/,verified,False,False,False
baseline,https://robertdevore.com/hue-js/,http://en.blog.wordpress.com/2012/07/11/go-ahead-add-a-splash-of-color/,Custom Colors,article,200,https://wordpress.com/blog/2012/07/11/go-ahead-add-a-splash-of-color/,verified,False,False,False
baseline,https://robertdevore.com/hue-js/,http://automattic.github.io/Iris/,Iris,article,200,http://automattic.github.io/Iris/,verified,False,False,False
baseline,https://robertdevore.com/hue-js/,https://github.com/Automattic/Iris/,Github,article,200,https://github.com/Automattic/Iris/,verified,False,False,False
baseline,https://robertdevore.com/hue-js/,https://javascriptforwp.com/parts/javascript/,Learn Javascript Deeply,article,200,https://javascriptforwp.com/courses/javascript/,verified,False,False,False
baseline,https://robertdevore.com/hue-js/,https://github.com/deviodigital/hue.js,hue.js,article,200,https://github.com/deviodigital/hue.js,verified,False,False,False
baseline,https://robertdevore.com/hue-js/,https://www.wpdispensary.com/,WP Dispensary,article,200,https://wpdispensary.com/,verified,False,False,False
baseline,https://robertdevore.com/hue-js/,https://github.com/deviodigital/hue.js,hue.js,article,200,https://github.com/deviodigital/hue.js,verified,False,False,False
baseline,https://robertdevore.com/hue-js/,https://github.com/deviodigital/hue.js,here,article,200,https://github.com/deviodigital/hue.js,verified,False,False,False
baseline,https://robertdevore.com/hue-js/,https://x.com/deviorobert/,[non-text link],navigation,200,https://x.com/deviorobert,verified,False,False,False
baseline,https://robertdevore.com/hue-js/,https://github.com/robertdevore/,[non-text link],navigation,200,https://github.com/robertdevore/,verified,False,False,False
baseline,https://robertdevore.com/i-built-a-python-stego-cipher-tool-and-you-can-have-it/,https://www.kaspersky.com/resource-center/definitions/what-is-steganography/,steganography,article,200,https://www.kaspersky.com/resource-center/definitions/what-is-steganography,verified,False,False,False
baseline,https://robertdevore.com/i-built-a-python-stego-cipher-tool-and-you-can-have-it/,https://github.com/robertdevore/stego-cipher/,Download the full Python script here (GitHub link or Gist),article,200,https://github.com/robertdevore/stego-cipher/,verified,False,False,False
baseline,https://robertdevore.com/i-built-a-python-stego-cipher-tool-and-you-can-have-it/,https://twitter.com/deviorobert/,@ me,article,200,https://x.com/deviorobert,verified,False,False,False
baseline,https://robertdevore.com/i-built-a-python-stego-cipher-tool-and-you-can-have-it/,https://x.com/deviorobert/,[non-text link],navigation,200,https://x.com/deviorobert,verified,False,False,False
baseline,https://robertdevore.com/i-built-a-python-stego-cipher-tool-and-you-can-have-it/,https://github.com/robertdevore/,[non-text link],navigation,200,https://github.com/robertdevore/,verified,False,False,False
baseline,https://robertdevore.com/i-just-launched-a-python-course-for-php-developers/,http://https/python.robertdevore.com,Python course,article,0,,not checked,False,False,False
baseline,https://robertdevore.com/i-just-launched-a-python-course-for-php-developers/,https://x.com/deviorobert/status/1919798266750697843/,social media,article,200,https://x.com/deviorobert/status/1919798266750697843/,verified,False,False,False
baseline,https://robertdevore.com/i-just-launched-a-python-course-for-php-developers/,https://x.com/deviorobert/status/1935395036989989357/,_The WordPress® Way_,article,200,https://x.com/deviorobert/status/1935395036989989357/,verified,False,False,False
baseline,https://robertdevore.com/i-just-launched-a-python-course-for-php-developers/,https://deviodigital.com/,Devio Digital,article,0,,not checked,False,False,False
baseline,https://robertdevore.com/i-just-launched-a-python-course-for-php-developers/,https://python.robertdevore.com/blog/chapter-1-beginner-python/,Chapter 1: Beginner Python,article,404,https://python.robertdevore.com/blog/chapter-1-beginner-python/,verified,False,False,False
baseline,https://robertdevore.com/i-just-launched-a-python-course-for-php-developers/,https://python.robertdevore.com/blog/python-setup-and-ides/,1.1. Python Setup & IDEs,article,404,https://python.robertdevore.com/blog/python-setup-and-ides/,verified,False,False,False
baseline,https://robertdevore.com/i-just-launched-a-python-course-for-php-developers/,https://python.robertdevore.com/blog/syntax-and-data-types/,1.2. Syntax & Data Types,article,404,https://python.robertdevore.com/blog/syntax-and-data-types/,verified,False,False,False
baseline,https://robertdevore.com/i-just-launched-a-python-course-for-php-developers/,https://python.robertdevore.com/blog/syntax-and-data-types/,"1.3. Control Flow (If, For, While)",article,404,https://python.robertdevore.com/blog/syntax-and-data-types/,verified,False,False,False
baseline,https://robertdevore.com/i-just-launched-a-python-course-for-php-developers/,https://python.robertdevore.com/blog/functions-and-modules/,1.4. Functions & Modules,article,404,https://python.robertdevore.com/blog/functions-and-modules/,verified,False,False,False
baseline,https://robertdevore.com/i-just-launched-a-python-course-for-php-developers/,https://python.robertdevore.com/blog/basic-error-handling/,1.5. Basic Error Handling,article,404,https://python.robertdevore.com/blog/basic-error-handling/,verified,False,False,False
baseline,https://robertdevore.com/i-just-launched-a-python-course-for-php-developers/,https://python.robertdevore.com/blog/chapter-2-intermediate-python/,Chapter 2: Intermediate Python,article,404,https://python.robertdevore.com/blog/chapter-2-intermediate-python/,verified,False,False,False
baseline,https://robertdevore.com/i-just-launched-a-python-course-for-php-developers/,https://python.robertdevore.com/blog/object-oriented-programming/,2.1. Object-Oriented Programming (OOP),article,404,https://python.robertdevore.com/blog/object-oriented-programming/,verified,False,False,False
baseline,https://robertdevore.com/i-just-launched-a-python-course-for-php-developers/,https://python.robertdevore.com/blog/file-io-and-data-persistence/,2.2. File I/O & Data Persistence,article,404,https://python.robertdevore.com/blog/file-io-and-data-persistence/,verified,False,False,False
baseline,https://robertdevore.com/i-just-launched-a-python-course-for-php-developers/,https://python.robertdevore.com/blog/virtual-environments-and-package-management/,2.3. Virtual Environments & Package Management,article,404,https://python.robertdevore.com/blog/virtual-environments-and-package-management/,verified,False,False,False
baseline,https://robertdevore.com/i-just-launched-a-python-course-for-php-developers/,https://python.robertdevore.com/blog/exceptions-and-robust-error-handling/,2.4. Exceptions & Robust Error Handling,article,404,https://python.robertdevore.com/blog/exceptions-and-robust-error-handling/,verified,False,False,False
baseline,https://robertdevore.com/i-just-launched-a-python-course-for-php-developers/,https://python.robertdevore.com/blog/introduction-to-testing/,2.5. Introduction to Testing,article,404,https://python.robertdevore.com/blog/introduction-to-testing/,verified,False,False,False
baseline,https://robertdevore.com/i-just-launched-a-python-course-for-php-developers/,https://python.robertdevore.com/blog/chapter-3-advanced-python/,Chapter 3. Advanced Python,article,404,https://python.robertdevore.com/blog/chapter-3-advanced-python/,verified,False,False,False
baseline,https://robertdevore.com/i-just-launched-a-python-course-for-php-developers/,https://python.robertdevore.com/blog/advanced-data-structures-and-algorithms/,3.1. Advanced Data Structures & Algorithms,article,404,https://python.robertdevore.com/blog/advanced-data-structures-and-algorithms/,verified,False,False,False
baseline,https://robertdevore.com/i-just-launched-a-python-course-for-php-developers/,https://python.robertdevore.com/blog/generators-decorators-and-context-managers/,"3.2. Generators, Decorators and Context Managers",article,404,https://python.robertdevore.com/blog/generators-decorators-and-context-managers/,verified,False,False,False
baseline,https://robertdevore.com/i-just-launched-a-python-course-for-php-developers/,https://python.robertdevore.com/blog/concurrency-and-parallelism/,3.3. Concurrency & Parallelism,article,404,https://python.robertdevore.com/blog/concurrency-and-parallelism/,verified,False,False,False
baseline,https://robertdevore.com/i-just-launched-a-python-course-for-php-developers/,https://python.robertdevore.com/blog/building-and-consuming-apis/,3.4. Building and Consuming APIs,article,404,https://python.robertdevore.com/blog/building-and-consuming-apis/,verified,False,False,False
baseline,https://robertdevore.com/i-just-launched-a-python-course-for-php-developers/,https://python.robertdevore.com/blog/packaging-distribution-and-best-practices/,"3.5. Packaging, Distribution, and Best Practices",article,404,https://python.robertdevore.com/blog/packaging-distribution-and-best-practices/,verified,False,False,False
baseline,https://robertdevore.com/i-just-launched-a-python-course-for-php-developers/,https://stattic.site/,Stattic,article,200,https://stattic.site/,verified,False,False,False
baseline,https://robertdevore.com/i-just-launched-a-python-course-for-php-developers/,https://python.robertdevore.com/,Start the Course Here,article,200,https://python.robertdevore.com/,verified,False,False,False
baseline,https://robertdevore.com/i-just-launched-a-python-course-for-php-developers/,https://x.com/deviorobert/,[non-text link],navigation,200,https://x.com/deviorobert,verified,False,False,False
baseline,https://robertdevore.com/i-just-launched-a-python-course-for-php-developers/,https://github.com/robertdevore/,[non-text link],navigation,200,https://github.com/robertdevore/,verified,False,False,False
baseline,https://robertdevore.com/im-freelancing-again/,https://boostboxpopups.com/,BoostBox,article,0,,not checked,False,False,False
baseline,https://robertdevore.com/im-freelancing-again/,https://intellipress.ai/,IntelliPress AI,article,200,https://intellipress.ai/,verified,False,False,False
baseline,https://robertdevore.com/im-freelancing-again/,https://pluginpal.app/,Plugin Pal,article,0,,not checked,False,False,False
baseline,https://robertdevore.com/im-freelancing-again/,https://patchstack.com/database/wordpress/plugin/royal-elementor-addons/vulnerability/wordpress-royal-elementor-addons-and-templates-plugin-1-3-987-cross-site-scripting-xss-vulnerability/,WordPress Royal Elementor Addons Plugin <= 1.3.987 is vulnerable to Cross Site Scripting (XSS),article,200,https://patchstack.com/database/wordpress/plugin/royal-elementor-addons/vulnerability/wordpress-royal-elementor-addons-and-templates-plugin-1-3-987-cross-site-scripting-xss-vulnerability/,verified,False,False,False
baseline,https://robertdevore.com/im-freelancing-again/,https://patchstack.com/database/wordpress/plugin/happy-elementor-addons/vulnerability/wordpress-happy-addons-for-elementor-plugin-3-12-0-cross-site-scripting-xss-vulnerability/,WordPress Happy Addons for Elementor Plugin <= 3.12.0 is vulnerable to Cross Site Scripting (XSS),article,200,https://patchstack.com/database/wordpress/plugin/happy-elementor-addons/vulnerability/wordpress-happy-addons-for-elementor-plugin-3-12-0-cross-site-scripting-xss-vulnerability/,verified,False,False,False
baseline,https://robertdevore.com/im-freelancing-again/,https://www.wordfence.com/threat-intel/vulnerabilities/wordpress-plugins/essential-addons-for-elementor-lite/essential-addons-for-elementor-best-elementor-templates-widgets-kits-woocommerce-builders-603-authenticated-contributor-stored-cross-site-scripting-via-fancy-text-widget/,"Essential Addons for Elementor — Best Elementor Templates, Widgets, Kits & WooCommerce Builders <= 6.0.3 – Authenticated (Contributor+) Stored Cross-Site Scripting via Fancy Text Widget",article,202,https://www.wordfence.com/threat-intel/vulnerabilities/wordpress-plugins/essential-addons-for-elementor-lite/essential-addons-for-elementor-best-elementor-templates-widgets-kits-woocommerce-builders-603-authenticated-contributor-stored-cross-site-scripting-via-fancy-text-widget/,verified,False,False,False
baseline,https://robertdevore.com/im-freelancing-again/,https://www.wordfence.com/threat-intel/vulnerabilities/wordpress-plugins/easy-fancybox/firelight-lightbox-233-authenticated-author-stored-cross-site-scripting/,Firelight Lightbox <= 2.3.3 – Authenticated (Author+) Stored Cross-Site Scripting,article,202,https://www.wordfence.com/threat-intel/vulnerabilities/wordpress-plugins/easy-fancybox/firelight-lightbox-233-authenticated-author-stored-cross-site-scripting/,verified,False,False,False
baseline,https://robertdevore.com/im-freelancing-again/,https://gtmetrix.com/reports/wwf.robertdevore.com/ZigvLNUb/,GTMetrix – robertdevore.com,article,403,https://gtmetrix.com/reports/wwf.robertdevore.com/ZigvLNUb/,blocked/indeterminate,False,False,False
baseline,https://robertdevore.com/im-freelancing-again/,https://gtmetrix.com/reports/pluginpal.app/E2snfYY5/,GTMetrix – pluginpal.app,article,403,https://gtmetrix.com/reports/pluginpal.app/E2snfYY5/,blocked/indeterminate,False,False,False
baseline,https://robertdevore.com/im-freelancing-again/,https://gtmetrix.com/reports/intelli.press/aAlWT0Pe/,GTMetrix – intelli.press,article,403,https://gtmetrix.com/reports/intelli.press/aAlWT0Pe/,blocked/indeterminate,False,False,False
baseline,https://robertdevore.com/im-freelancing-again/,https://gtmetrix.com/reports/deviodigital.com/w4ATjHNe/,GTMetrix – deviodigital.com,article,403,https://gtmetrix.com/reports/deviodigital.com/w4ATjHNe/,blocked/indeterminate,False,False,False
baseline,https://robertdevore.com/im-freelancing-again/,https://stattic.site/,Stattic,article,200,https://stattic.site/,verified,False,False,False
baseline,https://robertdevore.com/im-freelancing-again/,https://x.com/deviorobert/,[non-text link],navigation,200,https://x.com/deviorobert,verified,False,False,False
baseline,https://robertdevore.com/im-freelancing-again/,https://github.com/robertdevore/,[non-text link],navigation,200,https://github.com/robertdevore/,verified,False,False,False
baseline,https://robertdevore.com/improve-cls-scores-by-dynamically-setting-image-width-and-height/,https://support.google.com/webmasters/answer/9205520/?hl=en,Core Web Vitals,article,404,https://support.google.com/webmasters/answer/9205520/?hl=en,verified,False,False,False
baseline,https://robertdevore.com/improve-cls-scores-by-dynamically-setting-image-width-and-height/,https://developer.wordpress.org/reference/functions/wp_get_attachment_image_src/,wp_get_attachment_image_src,article,200,https://developer.wordpress.org/reference/functions/wp_get_attachment_image_src/,verified,False,False,False
baseline,https://robertdevore.com/improve-cls-scores-by-dynamically-setting-image-width-and-height/,https://twitter.com/deviorobert/,tweet me,article,200,https://x.com/deviorobert,verified,False,False,False
baseline,https://robertdevore.com/improve-cls-scores-by-dynamically-setting-image-width-and-height/,https://x.com/deviorobert/,[non-text link],navigation,200,https://x.com/deviorobert,verified,False,False,False
baseline,https://robertdevore.com/improve-cls-scores-by-dynamically-setting-image-width-and-height/,https://github.com/robertdevore/,[non-text link],navigation,200,https://github.com/robertdevore/,verified,False,False,False
baseline,https://robertdevore.com/intellipress-the-smart-af-ai-assistant-for-wordpress/,https://intellipress.robertdevore.com/,IntelliPress,article,521,https://intellipress.robertdevore.com/,verified,False,False,False
baseline,https://robertdevore.com/intellipress-the-smart-af-ai-assistant-for-wordpress/,https://intellipress.robertdevore.com/,IntelliPress,article,521,https://intellipress.robertdevore.com/,verified,False,False,False
baseline,https://robertdevore.com/intellipress-the-smart-af-ai-assistant-for-wordpress/,https://intellipress.robertdevore.com/,Get IntelliPress Now,article,521,https://intellipress.robertdevore.com/,verified,False,False,False
baseline,https://robertdevore.com/intellipress-the-smart-af-ai-assistant-for-wordpress/,https://x.com/deviorobert/,[non-text link],navigation,200,https://x.com/deviorobert,verified,False,False,False
baseline,https://robertdevore.com/intellipress-the-smart-af-ai-assistant-for-wordpress/,https://github.com/robertdevore/,[non-text link],navigation,200,https://github.com/robertdevore/,verified,False,False,False
baseline,https://robertdevore.com/introducing-an-experimental-new-plugin-email-designer-for-woocommerce/,https://developer.woocommerce.com/2025/01/22/woocommerce-9-7-pre-release-updates/,recently improved,article,200,https://developer.woocommerce.com/2025/01/22/woocommerce-9-7-pre-release-updates/,verified,False,False,False
baseline,https://robertdevore.com/introducing-an-experimental-new-plugin-email-designer-for-woocommerce/,https://github.com/woocommerce/woocommerce/discussions/52897/,had hoped,article,200,https://github.com/woocommerce/woocommerce/discussions/52897/,verified,False,False,False
baseline,https://robertdevore.com/introducing-an-experimental-new-plugin-email-designer-for-woocommerce/,https://github.com/robertdevore/email-designer-for-woocommerce/,Email Designer for WooCommerce®,article,200,https://github.com/robertdevore/email-designer-for-woocommerce/,verified,False,False,False
baseline,https://robertdevore.com/introducing-an-experimental-new-plugin-email-designer-for-woocommerce/,https://developer.woocommerce.com/docs/blocks-reference/,mentioned on this page,article,200,https://developer.woocommerce.com/docs/block-development/reference/block-references/,verified,False,False,False
baseline,https://robertdevore.com/introducing-an-experimental-new-plugin-email-designer-for-woocommerce/,https://github.com/woocommerce/woocommerce/discussions/52897/,WooCommerce GitHub Discussion,article,200,https://github.com/woocommerce/woocommerce/discussions/52897/,verified,False,False,False
baseline,https://robertdevore.com/introducing-an-experimental-new-plugin-email-designer-for-woocommerce/,https://deviodigital.com/,Devio Digital,article,0,,not checked,False,False,False
baseline,https://robertdevore.com/introducing-an-experimental-new-plugin-email-designer-for-woocommerce/,https://x.com/deviorobert/,Twitter/X,article,200,https://x.com/deviorobert,verified,False,False,False
baseline,https://robertdevore.com/introducing-an-experimental-new-plugin-email-designer-for-woocommerce/,https://x.com/deviorobert/,[non-text link],navigation,200,https://x.com/deviorobert,verified,False,False,False
baseline,https://robertdevore.com/introducing-an-experimental-new-plugin-email-designer-for-woocommerce/,https://github.com/robertdevore/,[non-text link],navigation,200,https://github.com/robertdevore/,verified,False,False,False
baseline,https://robertdevore.com/introducing-associated-taxonomies-for-wordpress/,https://github.com/robertdevore/associated-taxonomies/,Associated Taxonomies,article,200,https://github.com/WebDevStudios/associated-taxonomies,verified,False,False,False
baseline,https://robertdevore.com/introducing-associated-taxonomies-for-wordpress/,https://github.com/robertdevore/associated-taxonomies/,Download the plugin,article,200,https://github.com/WebDevStudios/associated-taxonomies,verified,False,False,False
baseline,https://robertdevore.com/introducing-associated-taxonomies-for-wordpress/,https://github.com/robertdevore/associated-taxonomies/,GitHub,article,200,https://github.com/WebDevStudios/associated-taxonomies,verified,False,False,False
baseline,https://robertdevore.com/introducing-associated-taxonomies-for-wordpress/,https://x.com/deviorobert/,[non-text link],navigation,200,https://x.com/deviorobert,verified,False,False,False
baseline,https://robertdevore.com/introducing-associated-taxonomies-for-wordpress/,https://github.com/robertdevore/,[non-text link],navigation,200,https://github.com/robertdevore/,verified,False,False,False
baseline,https://robertdevore.com/introducing-automattic-css-an-open-source-css-utility-framework/,https://github.com/robertdevore/automattic-css/,automattic.css,article,200,https://github.com/robertdevore/automattic-css/,verified,False,False,False
baseline,https://robertdevore.com/introducing-automattic-css-an-open-source-css-utility-framework/,https://github.com/robertdevore/automattic-css/,automattic.css,article,200,https://github.com/robertdevore/automattic-css/,verified,False,False,False
baseline,https://robertdevore.com/introducing-automattic-css-an-open-source-css-utility-framework/,https://www.youtube.com/watch/?v=e6eHP6KWyrE,lively debate,article,200,https://www.youtube.com/watch/?v=e6eHP6KWyrE,verified,False,False,False
baseline,https://robertdevore.com/introducing-automattic-css-an-open-source-css-utility-framework/,https://moneyman.robertdevore.com/,[non-text link],article,200,https://moneyman.robertdevore.com/,verified,False,False,False
baseline,https://robertdevore.com/introducing-automattic-css-an-open-source-css-utility-framework/,https://moneyman.robertdevore.com/,live demo,article,200,https://moneyman.robertdevore.com/,verified,False,False,False
baseline,https://robertdevore.com/introducing-automattic-css-an-open-source-css-utility-framework/,https://github.com/robertdevore/automattic-css/,automattic.css,article,200,https://github.com/robertdevore/automattic-css/,verified,False,False,False
baseline,https://robertdevore.com/introducing-automattic-css-an-open-source-css-utility-framework/,https://github.com/robertdevore/automattic-css/,here,article,200,https://github.com/robertdevore/automattic-css/,verified,False,False,False
baseline,https://robertdevore.com/introducing-automattic-css-an-open-source-css-utility-framework/,https://github.com/robertdevore/automattic-css/,automattic.css,article,200,https://github.com/robertdevore/automattic-css/,verified,False,False,False
baseline,https://robertdevore.com/introducing-automattic-css-an-open-source-css-utility-framework/,https://x.com/deviorobert/,[non-text link],navigation,200,https://x.com/deviorobert,verified,False,False,False
baseline,https://robertdevore.com/introducing-automattic-css-an-open-source-css-utility-framework/,https://github.com/robertdevore/,[non-text link],navigation,200,https://github.com/robertdevore/,verified,False,False,False
baseline,https://robertdevore.com/introducing-back-in-stock-notifications-for-woocommerce/,https://github.com/robertdevore/back-in-stock-notifications/,Back In Stock Notifications,article,200,https://github.com/robertdevore/back-in-stock-notifications/,verified,False,False,False
baseline,https://robertdevore.com/introducing-back-in-stock-notifications-for-woocommerce/,https://github.com/robertdevore/back-in-stock-notifications/,Back In Stock Notifications,article,200,https://github.com/robertdevore/back-in-stock-notifications/,verified,False,False,False
baseline,https://robertdevore.com/introducing-back-in-stock-notifications-for-woocommerce/,https://github.com/YahnisElsts/plugin-update-checker/,Plugin Update Checker,article,200,https://github.com/YahnisElsts/plugin-update-checker/,verified,False,False,False
baseline,https://robertdevore.com/introducing-back-in-stock-notifications-for-woocommerce/,https://github.com/robertdevore/back-in-stock-notifications/,from GitHub,article,200,https://github.com/robertdevore/back-in-stock-notifications/,verified,False,False,False
baseline,https://robertdevore.com/introducing-back-in-stock-notifications-for-woocommerce/,https://x.com/deviorobert/,[non-text link],navigation,200,https://x.com/deviorobert,verified,False,False,False
baseline,https://robertdevore.com/introducing-back-in-stock-notifications-for-woocommerce/,https://github.com/robertdevore/,[non-text link],navigation,200,https://github.com/robertdevore/,verified,False,False,False
baseline,https://robertdevore.com/introducing-barcodes-for-woocommerce-free/,https://github.com/robertdevore/barcodes-for-woocommerce/,Barcodes for WooCommerce®,article,200,https://github.com/robertdevore/barcodes-for-woocommerce/,verified,False,False,False
baseline,https://robertdevore.com/introducing-barcodes-for-woocommerce-free/,https://woocommerce.com/feature-request/woocommerce-order-barcodes-scanning-directly-to-your-product/,source,article,200,https://woocommerce.com/feature-request/woocommerce-order-barcodes-scanning-directly-to-your-product/,verified,False,False,False
baseline,https://robertdevore.com/introducing-barcodes-for-woocommerce-free/,https://github.com/robertdevore/barcodes-for-woocommerce/,GitHub repository,article,200,https://github.com/robertdevore/barcodes-for-woocommerce/,verified,False,False,False
baseline,https://robertdevore.com/introducing-barcodes-for-woocommerce-free/,https://github.com/robertdevore/barcodes-for-woocommerce/,GitHub,article,200,https://github.com/robertdevore/barcodes-for-woocommerce/,verified,False,False,False
baseline,https://robertdevore.com/introducing-barcodes-for-woocommerce-free/,https://github.com/robertdevore/barcodes-for-woocommerce/,Download the plugin from GitHub,article,200,https://github.com/robertdevore/barcodes-for-woocommerce/,verified,False,False,False
baseline,https://robertdevore.com/introducing-barcodes-for-woocommerce-free/,https://x.com/deviorobert/,[non-text link],navigation,200,https://x.com/deviorobert,verified,False,False,False
baseline,https://robertdevore.com/introducing-barcodes-for-woocommerce-free/,https://github.com/robertdevore/,[non-text link],navigation,200,https://github.com/robertdevore/,verified,False,False,False
baseline,https://robertdevore.com/introducing-benchpress/,https://github.com/robertdevore/benchpress/,BenchPress,article,200,https://github.com/WebDevStudios/benchpress,verified,False,False,False
baseline,https://robertdevore.com/introducing-benchpress/,https://github.com/robertdevore/benchpress/,GitHub repository,article,200,https://github.com/WebDevStudios/benchpress,verified,False,False,False
baseline,https://robertdevore.com/introducing-benchpress/,https://github.com/robertdevore/benchpress/,Download BenchPress today,article,200,https://github.com/WebDevStudios/benchpress,verified,False,False,False
baseline,https://robertdevore.com/introducing-benchpress/,https://github.com/robertdevore/benchpress/,GitHub,article,200,https://github.com/WebDevStudios/benchpress,verified,False,False,False
baseline,https://robertdevore.com/introducing-benchpress/,https://x.com/deviorobert/,[non-text link],navigation,200,https://x.com/deviorobert,verified,False,False,False
baseline,https://robertdevore.com/introducing-benchpress/,https://github.com/robertdevore/,[non-text link],navigation,200,https://github.com/robertdevore/,verified,False,False,False
baseline,https://robertdevore.com/introducing-block-ai-crawlers-for-wordpress/,https://github.com/robertdevore/block-ai-crawlers/,Block AI Crawlers,article,200,https://github.com/robertdevore/block-ai-crawlers/,verified,False,False,False
baseline,https://robertdevore.com/introducing-block-ai-crawlers-for-wordpress/,https://core.trac.wordpress.org/ticket/60805/,Trac,article,403,https://core.trac.wordpress.org/ticket/60805/,blocked/indeterminate,False,False,False
baseline,https://robertdevore.com/introducing-block-ai-crawlers-for-wordpress/,https://github.com/robertdevore/block-ai-crawlers/,Block AI Crawlers,article,200,https://github.com/robertdevore/block-ai-crawlers/,verified,False,False,False
baseline,https://robertdevore.com/introducing-block-ai-crawlers-for-wordpress/,https://github.com/robertdevore/block-ai-crawlers/,Block AI Crawlers,article,200,https://github.com/robertdevore/block-ai-crawlers/,verified,False,False,False
baseline,https://robertdevore.com/introducing-block-ai-crawlers-for-wordpress/,https://github.com/YahnisElsts/plugin-update-checker/,Plugin Update Checker,article,200,https://github.com/YahnisElsts/plugin-update-checker/,verified,False,False,False
baseline,https://robertdevore.com/introducing-block-ai-crawlers-for-wordpress/,https://github.com/robertdevore/block-ai-crawlers/,Download the plugin,article,200,https://github.com/robertdevore/block-ai-crawlers/,verified,False,False,False
baseline,https://robertdevore.com/introducing-block-ai-crawlers-for-wordpress/,https://github.com/robertdevore/block-ai-crawlers/,GitHub repository,article,200,https://github.com/robertdevore/block-ai-crawlers/,verified,False,False,False
baseline,https://robertdevore.com/introducing-block-ai-crawlers-for-wordpress/,https://github.com/robertdevore/block-ai-crawlers/,Block AI Crawlers,article,200,https://github.com/robertdevore/block-ai-crawlers/,verified,False,False,False
baseline,https://robertdevore.com/introducing-block-ai-crawlers-for-wordpress/,https://x.com/deviorobert/,[non-text link],navigation,200,https://x.com/deviorobert,verified,False,False,False
baseline,https://robertdevore.com/introducing-block-ai-crawlers-for-wordpress/,https://github.com/robertdevore/,[non-text link],navigation,200,https://github.com/robertdevore/,verified,False,False,False
baseline,https://robertdevore.com/introducing-bluesky-feed-for-wordpress/,https://github.com/robertdevore/bluesky-feed-for-wordpress/,Bluesky Feed for WordPress®,article,200,https://github.com/WebDevStudios/bluesky-feed-for-wordpress,verified,False,False,False
baseline,https://robertdevore.com/introducing-bluesky-feed-for-wordpress/,https://github.com/robertdevore/bluesky-feed-for-wordpress/,Bluesky Feed for WordPress®,article,200,https://github.com/WebDevStudios/bluesky-feed-for-wordpress,verified,False,False,False
baseline,https://robertdevore.com/introducing-bluesky-feed-for-wordpress/,https://github.com/robertdevore/bluesky-feed-for-wordpress/,GitHub repository,article,200,https://github.com/WebDevStudios/bluesky-feed-for-wordpress,verified,False,False,False
baseline,https://robertdevore.com/introducing-bluesky-feed-for-wordpress/,https://github.com/robertdevore/bluesky-feed-for-wordpress/,GitHub repository,article,200,https://github.com/WebDevStudios/bluesky-feed-for-wordpress,verified,False,False,False
baseline,https://robertdevore.com/introducing-bluesky-feed-for-wordpress/,https://x.com/deviorobert/,[non-text link],navigation,200,https://x.com/deviorobert,verified,False,False,False
baseline,https://robertdevore.com/introducing-bluesky-feed-for-wordpress/,https://github.com/robertdevore/,[non-text link],navigation,200,https://github.com/robertdevore/,verified,False,False,False
baseline,https://robertdevore.com/introducing-brands-for-woocommerce-free/,https://developer.woocommerce.com/2024/11/11/woocommerce-9-4-supercharging-the-product-collection-block-more/,officially added,article,200,https://developer.woocommerce.com/2024/11/11/woocommerce-9-4-supercharging-the-product-collection-block-more/,verified,False,False,False
baseline,https://robertdevore.com/introducing-brands-for-woocommerce-free/,https://github.com/robertdevore/brands-for-woocommerce/,Brands for WooCommerce®,article,200,https://github.com/robertdevore/brands-for-woocommerce/,verified,False,False,False
baseline,https://robertdevore.com/introducing-brands-for-woocommerce-free/,https://github.com/robertdevore/brands-for-woocommerce/,Brands for WooCommerce®,article,200,https://github.com/robertdevore/brands-for-woocommerce/,verified,False,False,False
baseline,https://robertdevore.com/introducing-brands-for-woocommerce-free/,https://github.com/robertdevore/brands-for-woocommerce/,GitHub repository,article,200,https://github.com/robertdevore/brands-for-woocommerce/,verified,False,False,False
baseline,https://robertdevore.com/introducing-brands-for-woocommerce-free/,https://github.com/robertdevore/brands-for-woocommerce/,GitHub repository,article,200,https://github.com/robertdevore/brands-for-woocommerce/,verified,False,False,False
baseline,https://robertdevore.com/introducing-brands-for-woocommerce-free/,https://twitter.com/deviorobert/status/1857099894701301990/,December to Remember,article,200,https://x.com/deviorobert/status/1857099894701301990/,verified,False,False,False
baseline,https://robertdevore.com/introducing-brands-for-woocommerce-free/,https://x.com/deviorobert/,[non-text link],navigation,200,https://x.com/deviorobert,verified,False,False,False
baseline,https://robertdevore.com/introducing-brands-for-woocommerce-free/,https://github.com/robertdevore/,[non-text link],navigation,200,https://github.com/robertdevore/,verified,False,False,False
baseline,https://robertdevore.com/introducing-broken-image-scanner/,https://github.com/robertdevore/broken-image-scanner/,Broken Image Scanner,article,200,https://github.com/WebDevStudios/broken-image-scanner,verified,False,False,False
baseline,https://robertdevore.com/introducing-broken-image-scanner/,https://github.com/robertdevore/broken-image-scanner/,Broken Image Scanner,article,200,https://github.com/WebDevStudios/broken-image-scanner,verified,False,False,False
baseline,https://robertdevore.com/introducing-broken-image-scanner/,https://github.com/robertdevore/broken-image-scanner/,Broken Image Scanner,article,200,https://github.com/WebDevStudios/broken-image-scanner,verified,False,False,False
baseline,https://robertdevore.com/introducing-broken-image-scanner/,https://x.com/deviorobert/,[non-text link],navigation,200,https://x.com/deviorobert,verified,False,False,False
baseline,https://robertdevore.com/introducing-broken-image-scanner/,https://github.com/robertdevore/,[non-text link],navigation,200,https://github.com/robertdevore/,verified,False,False,False
baseline,https://robertdevore.com/introducing-bulk-stock-management-for-woocommerce-free/,https://github.com/robertdevore/bulk-stock-management-for-woocommerce/,Bulk Stock Management for WooCommerce®,article,200,https://github.com/robertdevore/bulk-stock-management-for-woocommerce/,verified,False,False,False
baseline,https://robertdevore.com/introducing-bulk-stock-management-for-woocommerce-free/,https://github.com/robertdevore/bulk-stock-management-for-woocommerce/,Get it on GitHub,article,200,https://github.com/robertdevore/bulk-stock-management-for-woocommerce/,verified,False,False,False
baseline,https://robertdevore.com/introducing-bulk-stock-management-for-woocommerce-free/,https://github.com/robertdevore/bulk-stock-management-for-woocommerce/issues/,submit an issue on GitHub,article,200,https://github.com/robertdevore/bulk-stock-management-for-woocommerce/issues/,verified,False,False,False
baseline,https://robertdevore.com/introducing-bulk-stock-management-for-woocommerce-free/,https://twitter.com/deviorobert/,Twitter,article,200,https://x.com/deviorobert,verified,False,False,False
baseline,https://robertdevore.com/introducing-bulk-stock-management-for-woocommerce-free/,https://github.com/robertdevore/bulk-stock-management-for-woocommerce/,Bulk Stock Management for WooCommerce®,article,200,https://github.com/robertdevore/bulk-stock-management-for-woocommerce/,verified,False,False,False
baseline,https://robertdevore.com/introducing-bulk-stock-management-for-woocommerce-free/,https://x.com/deviorobert/,[non-text link],navigation,200,https://x.com/deviorobert,verified,False,False,False
baseline,https://robertdevore.com/introducing-bulk-stock-management-for-woocommerce-free/,https://github.com/robertdevore/,[non-text link],navigation,200,https://github.com/robertdevore/,verified,False,False,False
baseline,https://robertdevore.com/introducing-content-restriction-for-wordpress/,https://github.com/robertdevore/content-restriction-for-wordpress/,Content Restriction for WordPress®,article,200,https://github.com/WebDevStudios/content-restriction-for-wordpress,verified,False,False,False
baseline,https://robertdevore.com/introducing-content-restriction-for-wordpress/,https://github.com/robertdevore/content-restriction-for-wordpress/,GitHub repository,article,200,https://github.com/WebDevStudios/content-restriction-for-wordpress,verified,False,False,False
baseline,https://robertdevore.com/introducing-content-restriction-for-wordpress/,https://github.com/robertdevore/content-restriction-for-wordpress/,GitHub repository,article,200,https://github.com/WebDevStudios/content-restriction-for-wordpress,verified,False,False,False
baseline,https://robertdevore.com/introducing-content-restriction-for-wordpress/,https://github.com/robertdevore/content-restriction-for-wordpress/,Download Content Restriction for WordPress® Now,article,200,https://github.com/WebDevStudios/content-restriction-for-wordpress,verified,False,False,False
baseline,https://robertdevore.com/introducing-content-restriction-for-wordpress/,https://x.com/deviorobert/,[non-text link],navigation,200,https://x.com/deviorobert,verified,False,False,False
baseline,https://robertdevore.com/introducing-content-restriction-for-wordpress/,https://github.com/robertdevore/,[non-text link],navigation,200,https://github.com/robertdevore/,verified,False,False,False
baseline,https://robertdevore.com/introducing-delete-inactive-users/,https://github.com/robertdevore/delete-inactive-users/,Delete Inactive Users,article,200,https://github.com/WebDevStudios/delete-inactive-users,verified,False,False,False
baseline,https://robertdevore.com/introducing-delete-inactive-users/,https://github.com/robertdevore/delete-inactive-users/,Delete Inactive Users,article,200,https://github.com/WebDevStudios/delete-inactive-users,verified,False,False,False
baseline,https://robertdevore.com/introducing-delete-inactive-users/,https://github.com/robertdevore/delete-inactive-users/,Delete Inactive Users,article,200,https://github.com/WebDevStudios/delete-inactive-users,verified,False,False,False
baseline,https://robertdevore.com/introducing-delete-inactive-users/,https://github.com/robertdevore/delete-inactive-users/,GitHub repository,article,200,https://github.com/WebDevStudios/delete-inactive-users,verified,False,False,False
baseline,https://robertdevore.com/introducing-delete-inactive-users/,https://x.com/deviorobert/,[non-text link],navigation,200,https://x.com/deviorobert,verified,False,False,False
baseline,https://robertdevore.com/introducing-delete-inactive-users/,https://github.com/robertdevore/,[non-text link],navigation,200,https://github.com/robertdevore/,verified,False,False,False
baseline,https://robertdevore.com/introducing-digg-this-a-social-sharing-plugin-for-wordpress/,https://github.com/robertdevore/digg-this/,Digg This,article,200,https://github.com/robertdevore/digg-this/,verified,False,False,False
baseline,https://robertdevore.com/introducing-digg-this-a-social-sharing-plugin-for-wordpress/,https://tabler.io/icons/,Tabler,article,200,https://tabler.io/icons/,verified,False,False,False
baseline,https://robertdevore.com/introducing-digg-this-a-social-sharing-plugin-for-wordpress/,https://twitter.com/CristianRaiber/status/1887534734135152701/?ref_src=twsrc%5Etfw,"February 6, 2025",article,200,https://x.com/CristianRaiber/status/1887534734135152701/?ref_src=twsrc%5Etfw,verified,False,False,False
baseline,https://robertdevore.com/introducing-digg-this-a-social-sharing-plugin-for-wordpress/,https://github.com/robertdevore/digg-this/,Digg This,article,200,https://github.com/robertdevore/digg-this/,verified,False,False,False
baseline,https://robertdevore.com/introducing-digg-this-a-social-sharing-plugin-for-wordpress/,https://github.com/robertdevore/digg-this/,Digg This,article,200,https://github.com/robertdevore/digg-this/,verified,False,False,False
baseline,https://robertdevore.com/introducing-digg-this-a-social-sharing-plugin-for-wordpress/,https://github.com/robertdevore/digg-this/,GitHub,article,200,https://github.com/robertdevore/digg-this/,verified,False,False,False
baseline,https://robertdevore.com/introducing-digg-this-a-social-sharing-plugin-for-wordpress/,https://github.com/robertdevore/digg-this/,Digg This,article,200,https://github.com/robertdevore/digg-this/,verified,False,False,False
baseline,https://robertdevore.com/introducing-digg-this-a-social-sharing-plugin-for-wordpress/,https://x.com/deviorobert/,[non-text link],navigation,200,https://x.com/deviorobert,verified,False,False,False
baseline,https://robertdevore.com/introducing-digg-this-a-social-sharing-plugin-for-wordpress/,https://github.com/robertdevore/,[non-text link],navigation,200,https://github.com/robertdevore/,verified,False,False,False
baseline,https://robertdevore.com/introducing-dispensary-details-for-woocommerce/,https://github.com/getCannaBiz/,CannaBiz Software,article,200,https://github.com/getCannaBiz/,verified,False,False,False
baseline,https://robertdevore.com/introducing-dispensary-details-for-woocommerce/,https://x.com/deviorobert/,[non-text link],navigation,200,https://x.com/deviorobert,verified,False,False,False
baseline,https://robertdevore.com/introducing-dispensary-details-for-woocommerce/,https://github.com/robertdevore/,[non-text link],navigation,200,https://github.com/robertdevore/,verified,False,False,False
baseline,https://robertdevore.com/introducing-gallery-modals-enhance-your-wordpress-galleries-with-stunning-popups/,https://github.com/robertdevore/gallery-modals/,Gallery Modals,article,200,https://github.com/robertdevore/gallery-modals/,verified,False,False,False
baseline,https://robertdevore.com/introducing-gallery-modals-enhance-your-wordpress-galleries-with-stunning-popups/,https://github.com/robertdevore/gallery-modals/,GitHub repository,article,200,https://github.com/robertdevore/gallery-modals/,verified,False,False,False
baseline,https://robertdevore.com/introducing-gallery-modals-enhance-your-wordpress-galleries-with-stunning-popups/,https://github.com/robertdevore/gallery-modals/,Gallery Modals,article,200,https://github.com/robertdevore/gallery-modals/,verified,False,False,False
baseline,https://robertdevore.com/introducing-gallery-modals-enhance-your-wordpress-galleries-with-stunning-popups/,https://x.com/deviorobert/,[non-text link],navigation,200,https://x.com/deviorobert,verified,False,False,False
baseline,https://robertdevore.com/introducing-gallery-modals-enhance-your-wordpress-galleries-with-stunning-popups/,https://github.com/robertdevore/,[non-text link],navigation,200,https://github.com/robertdevore/,verified,False,False,False
baseline,https://robertdevore.com/introducing-gift-cards-for-woocommerce-free/,https://github.com/robertdevore/gift-cards-for-woocommerce/,Gift Cards for WooCommerce®,article,200,https://github.com/robertdevore/gift-cards-for-woocommerce/,verified,False,False,False
baseline,https://robertdevore.com/introducing-gift-cards-for-woocommerce-free/,https://github.com/robertdevore/gift-cards-for-woocommerce/,Gift Cards for WooCommerce®,article,200,https://github.com/robertdevore/gift-cards-for-woocommerce/,verified,False,False,False
baseline,https://robertdevore.com/introducing-gift-cards-for-woocommerce-free/,https://github.com/robertdevore/gift-cards-for-woocommerce/,GitHub repository,article,200,https://github.com/robertdevore/gift-cards-for-woocommerce/,verified,False,False,False
baseline,https://robertdevore.com/introducing-gift-cards-for-woocommerce-free/,https://github.com/robertdevore/gift-cards-for-woocommerce/issues/,GitHub repository,article,200,https://github.com/robertdevore/gift-cards-for-woocommerce/issues/,verified,False,False,False
baseline,https://robertdevore.com/introducing-gift-cards-for-woocommerce-free/,https://x.com/deviorobert/,[non-text link],navigation,200,https://x.com/deviorobert,verified,False,False,False
baseline,https://robertdevore.com/introducing-gift-cards-for-woocommerce-free/,https://github.com/robertdevore/,[non-text link],navigation,200,https://github.com/robertdevore/,verified,False,False,False
baseline,https://robertdevore.com/introducing-hpos-compatibility-scanner-for-woocommerce-free/,https://github.com/robertdevore/hpos-compatibility-scanner/,HPOS Compatibility Scanner,article,200,https://github.com/dustinparker/hpos-compatibility-scanner,verified,False,False,False
baseline,https://robertdevore.com/introducing-hpos-compatibility-scanner-for-woocommerce-free/,https://github.com/robertdevore/hpos-compatibility-scanner/,HPOS Compatibility Scanner,article,200,https://github.com/dustinparker/hpos-compatibility-scanner,verified,False,False,False
baseline,https://robertdevore.com/introducing-hpos-compatibility-scanner-for-woocommerce-free/,https://github.com/robertdevore/hpos-compatibility-scanner/,HPOS Compatibility Scanner,article,200,https://github.com/dustinparker/hpos-compatibility-scanner,verified,False,False,False
baseline,https://robertdevore.com/introducing-hpos-compatibility-scanner-for-woocommerce-free/,https://github.com/robertdevore/hpos-compatibility-scanner/,GitHub,article,200,https://github.com/dustinparker/hpos-compatibility-scanner,verified,False,False,False
baseline,https://robertdevore.com/introducing-hpos-compatibility-scanner-for-woocommerce-free/,https://x.com/deviorobert/,[non-text link],navigation,200,https://x.com/deviorobert,verified,False,False,False
baseline,https://robertdevore.com/introducing-hpos-compatibility-scanner-for-woocommerce-free/,https://github.com/robertdevore/,[non-text link],navigation,200,https://github.com/robertdevore/,verified,False,False,False
baseline,https://robertdevore.com/introducing-img-a11y/,https://github.com/robertdevore/img-a11y/,IMG A11Y,article,200,https://github.com/WebDevStudios/img-a11y,verified,False,False,False
baseline,https://robertdevore.com/introducing-img-a11y/,https://github.com/robertdevore/img-a11y/,IMG A11Y GitHub repository,article,200,https://github.com/WebDevStudios/img-a11y,verified,False,False,False
baseline,https://robertdevore.com/introducing-img-a11y/,https://x.com/deviorobert/,[non-text link],navigation,200,https://x.com/deviorobert,verified,False,False,False
baseline,https://robertdevore.com/introducing-img-a11y/,https://github.com/robertdevore/,[non-text link],navigation,200,https://github.com/robertdevore/,verified,False,False,False
baseline,https://robertdevore.com/introducing-intellipress-the-smart-ai-assistant-for-wordpress/,https://intellipress.robertdevore.com/,IntelliPress,article,521,https://intellipress.robertdevore.com/,verified,False,False,False
baseline,https://robertdevore.com/introducing-intellipress-the-smart-ai-assistant-for-wordpress/,https://openai.com/product/,OpenAI API,article,403,https://openai.com/product/,blocked/indeterminate,False,False,False
baseline,https://robertdevore.com/introducing-intellipress-the-smart-ai-assistant-for-wordpress/,https://pexels.com/,Pexels,article,403,https://www.pexels.com/,blocked/indeterminate,False,False,False
baseline,https://robertdevore.com/introducing-intellipress-the-smart-ai-assistant-for-wordpress/,http://chat.openai.com/,ChatGPT,article,308,http://chat.openai.com/,verified,False,False,False
baseline,https://robertdevore.com/introducing-intellipress-the-smart-ai-assistant-for-wordpress/,https://t.co/sdWoxxy83t/,pic.twitter.com/sdWoxxy83t,article,404,https://t.co/sdWoxxy83t/,verified,False,False,False
baseline,https://robertdevore.com/introducing-intellipress-the-smart-ai-assistant-for-wordpress/,https://twitter.com/deviorobert/status/1656120430581694464/?ref_src=twsrc%5Etfw,"May 10, 2023",article,200,https://x.com/deviorobert/status/1656120430581694464/?ref_src=twsrc%5Etfw,verified,False,False,False
baseline,https://robertdevore.com/introducing-intellipress-the-smart-ai-assistant-for-wordpress/,https://www.wpdispensary.com/,WP Dispensary,article,200,https://wpdispensary.com/,verified,False,False,False
baseline,https://robertdevore.com/introducing-intellipress-the-smart-ai-assistant-for-wordpress/,https://intellipress.robertdevore.com/,IntelliPress,article,521,https://intellipress.robertdevore.com/,verified,False,False,False
baseline,https://robertdevore.com/introducing-intellipress-the-smart-ai-assistant-for-wordpress/,https://x.com/deviorobert/,[non-text link],navigation,200,https://x.com/deviorobert,verified,False,False,False
baseline,https://robertdevore.com/introducing-intellipress-the-smart-ai-assistant-for-wordpress/,https://github.com/robertdevore/,[non-text link],navigation,200,https://github.com/robertdevore/,verified,False,False,False
baseline,https://robertdevore.com/introducing-maintenance-mode-for-wordpress/,https://github.com/robertdevore/maintenance-mode-for-wordpress/,Maintenance Mode for WordPress®,article,200,https://github.com/robertdevore/maintenance-mode-for-wordpress/,verified,False,False,False
baseline,https://robertdevore.com/introducing-maintenance-mode-for-wordpress/,https://github.com/robertdevore/maintenance-mode-for-wordpress/,Maintenance Mode for WordPress®,article,200,https://github.com/robertdevore/maintenance-mode-for-wordpress/,verified,False,False,False
baseline,https://robertdevore.com/introducing-maintenance-mode-for-wordpress/,https://github.com/robertdevore/maintenance-mode-for-wordpress/,Maintenance Mode for WordPress®,article,200,https://github.com/robertdevore/maintenance-mode-for-wordpress/,verified,False,False,False
baseline,https://robertdevore.com/introducing-maintenance-mode-for-wordpress/,https://intellipress.robertdevore.com/,IntelliPress,article,521,https://intellipress.robertdevore.com/,verified,False,False,False
baseline,https://robertdevore.com/introducing-maintenance-mode-for-wordpress/,https://intellipress.robertdevore.com/,[non-text link],article,521,https://intellipress.robertdevore.com/,verified,False,False,False
baseline,https://robertdevore.com/introducing-maintenance-mode-for-wordpress/,https://github.com/robertdevore/maintenance-mode-for-wordpress/,GitHub,article,200,https://github.com/robertdevore/maintenance-mode-for-wordpress/,verified,False,False,False
baseline,https://robertdevore.com/introducing-maintenance-mode-for-wordpress/,https://github.com/robertdevore/maintenance-mode-for-wordpress/,Maintenance Mode for WordPress®,article,200,https://github.com/robertdevore/maintenance-mode-for-wordpress/,verified,False,False,False
baseline,https://robertdevore.com/introducing-maintenance-mode-for-wordpress/,https://github.com/robertdevore/maintenance-mode-for-wordpress/,Try it out,article,200,https://github.com/robertdevore/maintenance-mode-for-wordpress/,verified,False,False,False
baseline,https://robertdevore.com/introducing-maintenance-mode-for-wordpress/,https://x.com/deviorobert/,[non-text link],navigation,200,https://x.com/deviorobert,verified,False,False,False
baseline,https://robertdevore.com/introducing-maintenance-mode-for-wordpress/,https://github.com/robertdevore/,[non-text link],navigation,200,https://github.com/robertdevore/,verified,False,False,False
baseline,https://robertdevore.com/introducing-markdown-comments-for-wordpress/,https://stattic.site/,Stattic,article,200,https://stattic.site/,verified,False,False,False
baseline,https://robertdevore.com/introducing-markdown-comments-for-wordpress/,https://example.com/,This works,article,200,https://example.com/,verified,False,False,False
baseline,https://robertdevore.com/introducing-markdown-comments-for-wordpress/,https://github.com/robertdevore/markdown-comments-for-wordpress/,Download the plugin from the Projects page,article,200,https://github.com/robertdevore/markdown-comments-for-wordpress/,verified,False,False,False
baseline,https://robertdevore.com/introducing-markdown-comments-for-wordpress/,https://x.com/deviorobert/,[non-text link],navigation,200,https://x.com/deviorobert,verified,False,False,False
baseline,https://robertdevore.com/introducing-markdown-comments-for-wordpress/,https://github.com/robertdevore/,[non-text link],navigation,200,https://github.com/robertdevore/,verified,False,False,False
baseline,https://robertdevore.com/introducing-markdown-exporter-for-wordpress/,https://github.com/robertdevore/markdown-exporter-for-wordpress/,Markdown Exporter for WordPress®,article,200,https://github.com/robertdevore/markdown-exporter-for-wordpress/,verified,False,False,False
baseline,https://robertdevore.com/introducing-markdown-exporter-for-wordpress/,https://x.com/thekevingeary/status/1856073318463590835/,on Twitter,article,200,https://x.com/thekevingeary/status/1856073318463590835/,verified,False,False,False
baseline,https://robertdevore.com/introducing-markdown-exporter-for-wordpress/,https://github.com/robertdevore/markdown-exporter-for-wordpress/,Markdown Exporter for WordPress®,article,200,https://github.com/robertdevore/markdown-exporter-for-wordpress/,verified,False,False,False
baseline,https://robertdevore.com/introducing-markdown-exporter-for-wordpress/,https://stattic.site/,Stattic,article,200,https://stattic.site/,verified,False,False,False
baseline,https://robertdevore.com/introducing-markdown-exporter-for-wordpress/,https://github.com/robertdevore/markdown-exporter-for-wordpress/,GitHub repository,article,200,https://github.com/robertdevore/markdown-exporter-for-wordpress/,verified,False,False,False
baseline,https://robertdevore.com/introducing-markdown-exporter-for-wordpress/,https://github.com/getstattic/stattic/,Stattic,article,200,https://github.com/getstattic/stattic/,verified,False,False,False
baseline,https://robertdevore.com/introducing-markdown-exporter-for-wordpress/,https://github.com/getstattic/autoStattic/,Python script,article,200,https://github.com/getstattic/autoStattic/,verified,False,False,False
baseline,https://robertdevore.com/introducing-markdown-exporter-for-wordpress/,https://github.com/robertdevore/markdown-exporter-for-wordpress/issues/,GitHub repository,article,200,https://github.com/robertdevore/markdown-exporter-for-wordpress/issues/,verified,False,False,False
baseline,https://robertdevore.com/introducing-markdown-exporter-for-wordpress/,https://stattic.site/,stattic.site,article,200,https://stattic.site/,verified,False,False,False
baseline,https://robertdevore.com/introducing-markdown-exporter-for-wordpress/,https://github.com/getstattic/stattic/,GitHub repository,article,200,https://github.com/getstattic/stattic/,verified,False,False,False
baseline,https://robertdevore.com/introducing-markdown-exporter-for-wordpress/,https://x.com/deviorobert/,[non-text link],navigation,200,https://x.com/deviorobert,verified,False,False,False
baseline,https://robertdevore.com/introducing-markdown-exporter-for-wordpress/,https://github.com/robertdevore/,[non-text link],navigation,200,https://github.com/robertdevore/,verified,False,False,False
baseline,https://robertdevore.com/introducing-media-copyright-scanner/,https://github.com/robertdevore/media-copyright-scanner/,Media Copyright Scanner,article,200,https://github.com/robertdevore/media-copyright-scanner/,verified,False,False,False
baseline,https://robertdevore.com/introducing-media-copyright-scanner/,https://github.com/robertdevore/media-copyright-scanner/,Media Copyright Scanner,article,200,https://github.com/robertdevore/media-copyright-scanner/,verified,False,False,False
baseline,https://robertdevore.com/introducing-media-copyright-scanner/,https://github.com/robertdevore/media-copyright-scanner/,GitHub repository,article,200,https://github.com/robertdevore/media-copyright-scanner/,verified,False,False,False
baseline,https://robertdevore.com/introducing-media-copyright-scanner/,https://github.com/robertdevore/media-copyright-scanner/,from GitHub,article,200,https://github.com/robertdevore/media-copyright-scanner/,verified,False,False,False
baseline,https://robertdevore.com/introducing-media-copyright-scanner/,https://x.com/deviorobert/,[non-text link],navigation,200,https://x.com/deviorobert,verified,False,False,False
baseline,https://robertdevore.com/introducing-media-copyright-scanner/,https://github.com/robertdevore/,[non-text link],navigation,200,https://github.com/robertdevore/,verified,False,False,False
baseline,https://robertdevore.com/introducing-media-file-versioning-for-wordpress/,https://github.com/robertdevore/media-file-versioning/,Media File Versioning,article,200,https://github.com/WebDevStudios/media-file-versioning,verified,False,False,False
baseline,https://robertdevore.com/introducing-media-file-versioning-for-wordpress/,https://github.com/robertdevore/media-file-versioning/,Media File Versioning,article,200,https://github.com/WebDevStudios/media-file-versioning,verified,False,False,False
baseline,https://robertdevore.com/introducing-media-file-versioning-for-wordpress/,https://github.com/robertdevore/media-file-versioning/,Media File Versioning,article,200,https://github.com/WebDevStudios/media-file-versioning,verified,False,False,False
baseline,https://robertdevore.com/introducing-media-file-versioning-for-wordpress/,https://github.com/robertdevore/media-file-versioning/,Download Media File Versioning,article,200,https://github.com/WebDevStudios/media-file-versioning,verified,False,False,False
baseline,https://robertdevore.com/introducing-media-file-versioning-for-wordpress/,https://x.com/deviorobert/,[non-text link],navigation,200,https://x.com/deviorobert,verified,False,False,False
baseline,https://robertdevore.com/introducing-media-file-versioning-for-wordpress/,https://github.com/robertdevore/,[non-text link],navigation,200,https://github.com/robertdevore/,verified,False,False,False
baseline,https://robertdevore.com/introducing-metadata-import-export-for-yoast-seo/,https://yoast.com/,Yoast SEO,article,200,https://yoast.com/,verified,False,False,False
baseline,https://robertdevore.com/introducing-metadata-import-export-for-yoast-seo/,https://github.com/robertdevore/metadata-import-export-for-yoast/,Metadata Import/Export for Yoast,article,200,https://github.com/robertdevore/metadata-import-export-for-yoast/,verified,False,False,False
baseline,https://robertdevore.com/introducing-metadata-import-export-for-yoast-seo/,https://github.com/robertdevore/metadata-import-export-for-yoast/,GitHub repository,article,200,https://github.com/robertdevore/metadata-import-export-for-yoast/,verified,False,False,False
baseline,https://robertdevore.com/introducing-metadata-import-export-for-yoast-seo/,https://github.com/robertdevore/metadata-import-export-for-yoast/issues/,GitHub repository,article,200,https://github.com/robertdevore/metadata-import-export-for-yoast/issues/,verified,False,False,False
baseline,https://robertdevore.com/introducing-metadata-import-export-for-yoast-seo/,https://x.com/deviorobert/,[non-text link],navigation,200,https://x.com/deviorobert,verified,False,False,False
baseline,https://robertdevore.com/introducing-metadata-import-export-for-yoast-seo/,https://github.com/robertdevore/,[non-text link],navigation,200,https://github.com/robertdevore/,verified,False,False,False
baseline,https://robertdevore.com/introducing-module-usage-tracker-for-wp-bakery/,https://github.com/robertdevore/module-usage-tracker-for-wp-bakery/,Module Usage Tracker for WP Bakery,article,200,https://github.com/robertdevore/module-usage-tracker-for-wp-bakery/,verified,False,False,False
baseline,https://robertdevore.com/introducing-module-usage-tracker-for-wp-bakery/,https://wpbakery.com/,WP Bakery,article,200,https://wpbakery.com/,verified,False,False,False
baseline,https://robertdevore.com/introducing-module-usage-tracker-for-wp-bakery/,https://github.com/robertdevore/module-usage-tracker-for-wp-bakery/,The Module Usage Tracker for WP Bakery,article,200,https://github.com/robertdevore/module-usage-tracker-for-wp-bakery/,verified,False,False,False
baseline,https://robertdevore.com/introducing-module-usage-tracker-for-wp-bakery/,https://github.com/robertdevore/module-usage-tracker-for-wp-bakery/,Module Usage Tracker for WP Bakery GitHubpage,article,200,https://github.com/robertdevore/module-usage-tracker-for-wp-bakery/,verified,False,False,False
baseline,https://robertdevore.com/introducing-module-usage-tracker-for-wp-bakery/,https://x.com/deviorobert/,[non-text link],navigation,200,https://x.com/deviorobert,verified,False,False,False
baseline,https://robertdevore.com/introducing-module-usage-tracker-for-wp-bakery/,https://github.com/robertdevore/,[non-text link],navigation,200,https://github.com/robertdevore/,verified,False,False,False
baseline,https://robertdevore.com/introducing-pattern-pal-ai-powered-patterns-for-wordpress/,https://github.com/robertdevore/pattern-pal/,Pattern Pal,article,200,https://github.com/WebDevStudios/pattern-pal,verified,False,False,False
baseline,https://robertdevore.com/introducing-pattern-pal-ai-powered-patterns-for-wordpress/,https://github.com/robertdevore/pattern-pal/,Pattern Pal,article,200,https://github.com/WebDevStudios/pattern-pal,verified,False,False,False
baseline,https://robertdevore.com/introducing-pattern-pal-ai-powered-patterns-for-wordpress/,https://github.com/robertdevore/pattern-pal/,Pattern Pal,article,200,https://github.com/WebDevStudios/pattern-pal,verified,False,False,False
baseline,https://robertdevore.com/introducing-pattern-pal-ai-powered-patterns-for-wordpress/,https://github.com/robertdevore/pattern-pal/,Pattern Pal,article,200,https://github.com/WebDevStudios/pattern-pal,verified,False,False,False
baseline,https://robertdevore.com/introducing-pattern-pal-ai-powered-patterns-for-wordpress/,https://github.com/robertdevore/pattern-pal/,GitHub,article,200,https://github.com/WebDevStudios/pattern-pal,verified,False,False,False
baseline,https://robertdevore.com/introducing-pattern-pal-ai-powered-patterns-for-wordpress/,https://github.com/robertdevore/pattern-pal/,Pattern Pal,article,200,https://github.com/WebDevStudios/pattern-pal,verified,False,False,False
baseline,https://robertdevore.com/introducing-pattern-pal-ai-powered-patterns-for-wordpress/,https://x.com/deviorobert/,[non-text link],navigation,200,https://x.com/deviorobert,verified,False,False,False
baseline,https://robertdevore.com/introducing-pattern-pal-ai-powered-patterns-for-wordpress/,https://github.com/robertdevore/,[non-text link],navigation,200,https://github.com/robertdevore/,verified,False,False,False
baseline,https://robertdevore.com/introducing-persistent-dismissible-notices/,https://github.com/robertdevore/persistent-dismissible-notices/,Persistent Dismissible Notices,article,200,https://github.com/WebDevStudios/persistent-dismissible-notices,verified,False,False,False
baseline,https://robertdevore.com/introducing-persistent-dismissible-notices/,https://github.com/robertdevore/persistent-dismissible-notices/,Persistent Dismissible Notices,article,200,https://github.com/WebDevStudios/persistent-dismissible-notices,verified,False,False,False
baseline,https://robertdevore.com/introducing-persistent-dismissible-notices/,https://github.com/robertdevore/persistent-dismissible-notices/,Download the plugin,article,200,https://github.com/WebDevStudios/persistent-dismissible-notices,verified,False,False,False
baseline,https://robertdevore.com/introducing-persistent-dismissible-notices/,https://github.com/robertdevore/persistent-dismissible-notices/issues/,GitHub issues,article,200,https://github.com/WebDevStudios/persistent-dismissible-notices/issues,verified,False,False,False
baseline,https://robertdevore.com/introducing-persistent-dismissible-notices/,https://github.com/robertdevore/persistent-dismissible-notices/,Download Persistent Dismissible Notices,article,200,https://github.com/WebDevStudios/persistent-dismissible-notices,verified,False,False,False
baseline,https://robertdevore.com/introducing-persistent-dismissible-notices/,https://x.com/deviorobert/,[non-text link],navigation,200,https://x.com/deviorobert,verified,False,False,False
baseline,https://robertdevore.com/introducing-persistent-dismissible-notices/,https://github.com/robertdevore/,[non-text link],navigation,200,https://github.com/robertdevore/,verified,False,False,False
baseline,https://robertdevore.com/introducing-projects-for-wordpress-a-better-way-to-showcase-your-work/,https://www.404media.co/tumblr-and-wordpress-to-sell-users-data-to-train-ai-tools/,selling data to OpenAI,article,200,https://www.404media.co/tumblr-and-wordpress-to-sell-users-data-to-train-ai-tools/,verified,False,False,False
baseline,https://robertdevore.com/introducing-projects-for-wordpress-a-better-way-to-showcase-your-work/,https://github.com/robertdevore/projects-for-wordpress/,GitHub,article,200,https://github.com/robertdevore/projects-for-wordpress/,verified,False,False,False
baseline,https://robertdevore.com/introducing-projects-for-wordpress-a-better-way-to-showcase-your-work/,https://x.com/deviorobert/,[non-text link],navigation,200,https://x.com/deviorobert,verified,False,False,False
baseline,https://robertdevore.com/introducing-projects-for-wordpress-a-better-way-to-showcase-your-work/,https://github.com/robertdevore/,[non-text link],navigation,200,https://github.com/robertdevore/,verified,False,False,False
baseline,https://robertdevore.com/introducing-purchase-orders-for-woocommerce-free/,https://twitter.com/deviorobert/status/1854107085786747313/,#WooWednesday,article,200,https://x.com/deviorobert/status/1854107085786747313/,verified,False,False,False
baseline,https://robertdevore.com/introducing-purchase-orders-for-woocommerce-free/,https://github.com/robertdevore/purchase-orders-for-woocommerce/,Purchase Orders for WooCommerce®,article,200,https://github.com/robertdevore/purchase-orders-for-woocommerce/,verified,False,False,False
baseline,https://robertdevore.com/introducing-purchase-orders-for-woocommerce-free/,https://github.com/robertdevore/purchase-orders-for-woocommerce/,Download the plugin from GitHub,article,200,https://github.com/robertdevore/purchase-orders-for-woocommerce/,verified,False,False,False
baseline,https://robertdevore.com/introducing-purchase-orders-for-woocommerce-free/,https://github.com/robertdevore/purchase-orders-for-woocommerce/,Purchase Orders for WooCommerce®,article,200,https://github.com/robertdevore/purchase-orders-for-woocommerce/,verified,False,False,False
baseline,https://robertdevore.com/introducing-purchase-orders-for-woocommerce-free/,https://github.com/robertdevore/purchase-orders-for-woocommerce/,Purchase Orders for WooCommerce®,article,200,https://github.com/robertdevore/purchase-orders-for-woocommerce/,verified,False,False,False
baseline,https://robertdevore.com/introducing-purchase-orders-for-woocommerce-free/,https://x.com/deviorobert/,[non-text link],navigation,200,https://x.com/deviorobert,verified,False,False,False
baseline,https://robertdevore.com/introducing-purchase-orders-for-woocommerce-free/,https://github.com/robertdevore/,[non-text link],navigation,200,https://github.com/robertdevore/,verified,False,False,False
baseline,https://robertdevore.com/introducing-seo-for-wordpress/,https://github.com/robertdevore/seo-for-wordpress/,SEO for WordPress®,article,200,https://github.com/robertdevore/seo-for-wordpress/,verified,False,False,False
baseline,https://robertdevore.com/introducing-seo-for-wordpress/,https://github.com/robertdevore/seo-for-wordpress/,SEO for WordPress®,article,200,https://github.com/robertdevore/seo-for-wordpress/,verified,False,False,False
baseline,https://robertdevore.com/introducing-seo-for-wordpress/,https://github.com/robertdevore/seo-for-wordpress/,SEO for WordPress®,article,200,https://github.com/robertdevore/seo-for-wordpress/,verified,False,False,False
baseline,https://robertdevore.com/introducing-seo-for-wordpress/,https://github.com/robertdevore/seo-for-wordpress/,SEO for WordPress®,article,200,https://github.com/robertdevore/seo-for-wordpress/,verified,False,False,False
baseline,https://robertdevore.com/introducing-seo-for-wordpress/,https://github.com/robertdevore/seo-for-wordpress/,GitHub repository,article,200,https://github.com/robertdevore/seo-for-wordpress/,verified,False,False,False
baseline,https://robertdevore.com/introducing-seo-for-wordpress/,https://github.com/robertdevore/seo-for-wordpress/,SEO for WordPress®,article,200,https://github.com/robertdevore/seo-for-wordpress/,verified,False,False,False
baseline,https://robertdevore.com/introducing-seo-for-wordpress/,https://twitter.com/deviorobert/,Twitter,article,200,https://x.com/deviorobert,verified,False,False,False
baseline,https://robertdevore.com/introducing-seo-for-wordpress/,https://github.com/robertdevore/seo-for-wordpress/,SEO for WordPress®,article,200,https://github.com/robertdevore/seo-for-wordpress/,verified,False,False,False
baseline,https://robertdevore.com/introducing-seo-for-wordpress/,https://x.com/deviorobert/,[non-text link],navigation,200,https://x.com/deviorobert,verified,False,False,False
baseline,https://robertdevore.com/introducing-seo-for-wordpress/,https://github.com/robertdevore/,[non-text link],navigation,200,https://github.com/robertdevore/,verified,False,False,False
baseline,https://robertdevore.com/introducing-shipping-multiple-addresses-for-woocommerce-free/,https://github.com/robertdevore/shipping-multiple-addresses-for-woocommerce/,Shipping Multiple Addresses for WooCommerce®,article,200,https://github.com/robertdevore/shipping-multiple-addresses-for-woocommerce/,verified,False,False,False
baseline,https://robertdevore.com/introducing-shipping-multiple-addresses-for-woocommerce-free/,https://github.com/robertdevore/shipping-multiple-addresses-for-woocommerce/,Shipping Multiple Addresses for WooCommerce®,article,200,https://github.com/robertdevore/shipping-multiple-addresses-for-woocommerce/,verified,False,False,False
baseline,https://robertdevore.com/introducing-shipping-multiple-addresses-for-woocommerce-free/,https://github.com/robertdevore/shipping-multiple-addresses-for-woocommerce/,Shipping Multiple Addresses for WooCommerce®,article,200,https://github.com/robertdevore/shipping-multiple-addresses-for-woocommerce/,verified,False,False,False
baseline,https://robertdevore.com/introducing-shipping-multiple-addresses-for-woocommerce-free/,https://github.com/robertdevore/shipping-multiple-addresses-for-woocommerce/,GitHub repository,article,200,https://github.com/robertdevore/shipping-multiple-addresses-for-woocommerce/,verified,False,False,False
baseline,https://robertdevore.com/introducing-shipping-multiple-addresses-for-woocommerce-free/,https://x.com/hashtag/WooWednesday/,#WooWednesday,article,200,https://x.com/hashtag/WooWednesday/,verified,False,False,False
baseline,https://robertdevore.com/introducing-shipping-multiple-addresses-for-woocommerce-free/,https://github.com/robertdevore/shipping-multiple-addresses-for-woocommerce/,Shipping Multiple Addresses for WooCommerce®,article,200,https://github.com/robertdevore/shipping-multiple-addresses-for-woocommerce/,verified,False,False,False
baseline,https://robertdevore.com/introducing-shipping-multiple-addresses-for-woocommerce-free/,https://x.com/deviorobert/,[non-text link],navigation,200,https://x.com/deviorobert,verified,False,False,False
baseline,https://robertdevore.com/introducing-shipping-multiple-addresses-for-woocommerce-free/,https://github.com/robertdevore/,[non-text link],navigation,200,https://github.com/robertdevore/,verified,False,False,False
baseline,https://robertdevore.com/introducing-site-vitals-for-wordpress/,https://github.com/robertdevore/site-vitals-for-wordpress/,Site Vitals for WordPress®,article,200,https://github.com/WebDevStudios/site-vitals-for-wordpress,verified,False,False,False
baseline,https://robertdevore.com/introducing-site-vitals-for-wordpress/,https://github.com/robertdevore/site-vitals-for-wordpress/,GitHub,article,200,https://github.com/WebDevStudios/site-vitals-for-wordpress,verified,False,False,False
baseline,https://robertdevore.com/introducing-site-vitals-for-wordpress/,https://github.com/robertdevore/site-vitals-for-wordpress/,GitHub repository,article,200,https://github.com/WebDevStudios/site-vitals-for-wordpress,verified,False,False,False
baseline,https://robertdevore.com/introducing-site-vitals-for-wordpress/,https://github.com/robertdevore/site-vitals-for-wordpress/,Site Vitals for WordPress®,article,200,https://github.com/WebDevStudios/site-vitals-for-wordpress,verified,False,False,False
baseline,https://robertdevore.com/introducing-site-vitals-for-wordpress/,https://x.com/deviorobert/,[non-text link],navigation,200,https://x.com/deviorobert,verified,False,False,False
baseline,https://robertdevore.com/introducing-site-vitals-for-wordpress/,https://github.com/robertdevore/,[non-text link],navigation,200,https://github.com/robertdevore/,verified,False,False,False
baseline,https://robertdevore.com/introducing-slop-stopper-a-free-content-checker-for-wordpress/,https://x.com/deviorobert/,[non-text link],navigation,200,https://x.com/deviorobert,verified,False,False,False
baseline,https://robertdevore.com/introducing-slop-stopper-a-free-content-checker-for-wordpress/,https://github.com/robertdevore/,[non-text link],navigation,200,https://github.com/robertdevore/,verified,False,False,False
baseline,https://robertdevore.com/introducing-stats-for-wordpress/,https://misophoniafoundation.com/freemium-to-extortion-how-jetpacks-policy-change-hurts-nonprofits-like-ours/,changed its usage restrictions,article,404,https://misophoniafoundation.com/freemium-to-extortion-how-jetpacks-policy-change-hurts-nonprofits-like-ours/,verified,False,False,False
baseline,https://robertdevore.com/introducing-stats-for-wordpress/,https://github.com/robertdevore/stats-for-wordpress/,Stats for WordPress®,article,200,https://github.com/robertdevore/stats-for-wordpress/,verified,False,False,False
baseline,https://robertdevore.com/introducing-stats-for-wordpress/,https://github.com/robertdevore/stats-for-wordpress/,Stats for WordPress®,article,200,https://github.com/robertdevore/stats-for-wordpress/,verified,False,False,False
baseline,https://robertdevore.com/introducing-stats-for-wordpress/,https://github.com/robertdevore/stats-for-wordpress/,Stats for WordPress® GitHub page,article,200,https://github.com/robertdevore/stats-for-wordpress/,verified,False,False,False
baseline,https://robertdevore.com/introducing-stats-for-wordpress/,https://github.com/robertdevore/stats-for-wordpress/,GitHub repository,article,200,https://github.com/robertdevore/stats-for-wordpress/,verified,False,False,False
baseline,https://robertdevore.com/introducing-stats-for-wordpress/,https://x.com/deviorobert/,Twitter,article,200,https://x.com/deviorobert,verified,False,False,False
baseline,https://robertdevore.com/introducing-stats-for-wordpress/,https://bsky.app/profile/robertdevore.com,Bluesky,article,404,https://bsky.app/profile/robertdevore.com,verified,False,False,False
baseline,https://robertdevore.com/introducing-stats-for-wordpress/,https://x.com/deviorobert/,[non-text link],navigation,200,https://x.com/deviorobert,verified,False,False,False
baseline,https://robertdevore.com/introducing-stats-for-wordpress/,https://github.com/robertdevore/,[non-text link],navigation,200,https://github.com/robertdevore/,verified,False,False,False
baseline,https://robertdevore.com/introducing-table-block-enhancer-for-wordpress/,https://github.com/robertdevore/table-block-enhancer/,Table Block Enhancer,article,200,https://github.com/robertdevore/table-block-enhancer/,verified,False,False,False
baseline,https://robertdevore.com/introducing-table-block-enhancer-for-wordpress/,https://github.com/WordPress/gutenberg/issues/39398/,source,article,200,https://github.com/WordPress/gutenberg/issues/39398/,verified,False,False,False
baseline,https://robertdevore.com/introducing-table-block-enhancer-for-wordpress/,https://github.com/robertdevore/table-block-enhancer/,Table Block Enhancer,article,200,https://github.com/robertdevore/table-block-enhancer/,verified,False,False,False
baseline,https://robertdevore.com/introducing-table-block-enhancer-for-wordpress/,https://github.com/robertdevore/table-block-enhancer/,GitHub repository,article,200,https://github.com/robertdevore/table-block-enhancer/,verified,False,False,False
baseline,https://robertdevore.com/introducing-table-block-enhancer-for-wordpress/,https://twitter.com/deviorobert/status/1863085624028438544/,December to Remember,article,200,https://x.com/deviorobert/status/1863085624028438544/,verified,False,False,False
baseline,https://robertdevore.com/introducing-table-block-enhancer-for-wordpress/,https://github.com/robertdevore/table-block-enhancer/,download the plugin,article,200,https://github.com/robertdevore/table-block-enhancer/,verified,False,False,False
baseline,https://robertdevore.com/introducing-table-block-enhancer-for-wordpress/,https://x.com/deviorobert/,[non-text link],navigation,200,https://x.com/deviorobert,verified,False,False,False
baseline,https://robertdevore.com/introducing-table-block-enhancer-for-wordpress/,https://github.com/robertdevore/,[non-text link],navigation,200,https://github.com/robertdevore/,verified,False,False,False
baseline,https://robertdevore.com/introducing-test-orders-for-woocommerce/,https://github.com/robertdevore/test-orders-for-woocommerce/,Test Orders for WooCommerce®,article,200,https://github.com/robertdevore/test-orders-for-woocommerce/,verified,False,False,False
baseline,https://robertdevore.com/introducing-test-orders-for-woocommerce/,https://x.com/deviorobert/status/1863085624028438544/,December to Remember,article,200,https://x.com/deviorobert/status/1863085624028438544/,verified,False,False,False
baseline,https://robertdevore.com/introducing-test-orders-for-woocommerce/,https://github.com/robertdevore/test-orders-for-woocommerce/,Test Orders for WooCommerce®,article,200,https://github.com/robertdevore/test-orders-for-woocommerce/,verified,False,False,False
baseline,https://robertdevore.com/introducing-test-orders-for-woocommerce/,https://github.com/robertdevore/test-orders-for-woocommerce/,GitHub repository,article,200,https://github.com/robertdevore/test-orders-for-woocommerce/,verified,False,False,False
baseline,https://robertdevore.com/introducing-test-orders-for-woocommerce/,https://github.com/robertdevore/test-orders-for-woocommerce/,GitHub repository,article,200,https://github.com/robertdevore/test-orders-for-woocommerce/,verified,False,False,False
baseline,https://robertdevore.com/introducing-test-orders-for-woocommerce/,https://github.com/robertdevore/test-orders-for-woocommerce/issues/,GitHub,article,200,https://github.com/robertdevore/test-orders-for-woocommerce/issues/,verified,False,False,False
baseline,https://robertdevore.com/introducing-test-orders-for-woocommerce/,https://x.com/deviorobert/,[non-text link],navigation,200,https://x.com/deviorobert,verified,False,False,False
baseline,https://robertdevore.com/introducing-test-orders-for-woocommerce/,https://github.com/robertdevore/,[non-text link],navigation,200,https://github.com/robertdevore/,verified,False,False,False
baseline,https://robertdevore.com/introducing-the-phlush-permalinks-wordpress-plugin/,https://wordpress.org/plugins/phlush-permalinks/,WordPress directory,article,200,https://wordpress.org/plugins/phlush-permalinks/,verified,False,False,False
baseline,https://robertdevore.com/introducing-the-phlush-permalinks-wordpress-plugin/,https://wordpress.org/plugins/phlush-permalinks/,Download from WordPress,article,200,https://wordpress.org/plugins/phlush-permalinks/,verified,False,False,False
baseline,https://robertdevore.com/introducing-the-phlush-permalinks-wordpress-plugin/,https://x.com/deviorobert/,[non-text link],navigation,200,https://x.com/deviorobert,verified,False,False,False
baseline,https://robertdevore.com/introducing-the-phlush-permalinks-wordpress-plugin/,https://github.com/robertdevore/,[non-text link],navigation,200,https://github.com/robertdevore/,verified,False,False,False
baseline,https://robertdevore.com/introducing-the-prompts-library-a-playground-for-ai-creativity/,https://prompts.robertdevore.com/,Prompts Library,article,200,https://prompts.robertdevore.com/,verified,False,False,False
baseline,https://robertdevore.com/introducing-the-prompts-library-a-playground-for-ai-creativity/,https://prompts.robertdevore.com/blog/glowing-neon-icon-json-prompt/,🔒 Glowing Neon Lock,article,200,https://prompts.robertdevore.com/blog/glowing-neon-icon-json-prompt/,verified,False,False,False
baseline,https://robertdevore.com/introducing-the-prompts-library-a-playground-for-ai-creativity/,https://prompts.robertdevore.com/blog/isometric-3d-icon-json-prompt-for-ai-generated-designs/,📐 Isometric 3D Icons,article,200,https://prompts.robertdevore.com/blog/isometric-3d-icon-json-prompt-for-ai-generated-designs/,verified,False,False,False
baseline,https://robertdevore.com/introducing-the-prompts-library-a-playground-for-ai-creativity/,https://prompts.robertdevore.com/blog/top-secret-military-patches-json-prompt/,🎖️ Military Patch Generator,article,200,https://prompts.robertdevore.com/blog/top-secret-military-patches-json-prompt/,verified,False,False,False
baseline,https://robertdevore.com/introducing-the-prompts-library-a-playground-for-ai-creativity/,https://prompts.robertdevore.com/blog/metallic-sci-fi-hud/,💻 Metallic Sci-Fi HUD,article,200,https://prompts.robertdevore.com/blog/metallic-sci-fi-hud/,verified,False,False,False
baseline,https://robertdevore.com/introducing-the-prompts-library-a-playground-for-ai-creativity/,https://prompts.robertdevore.com/blog/youtube-thumbnail-generation-with-ai-json-prompts/,📺 YouTube Thumbnail Prompts,article,200,https://prompts.robertdevore.com/blog/youtube-thumbnail-generation-with-ai-json-prompts/,verified,False,False,False
baseline,https://robertdevore.com/introducing-the-prompts-library-a-playground-for-ai-creativity/,https://prompts.robertdevore.com/blog/simpsons-character-json-prompts-for-ai-generation/,🟡 Simpsons Characters,article,200,https://prompts.robertdevore.com/blog/simpsons-character-json-prompts-for-ai-generation/,verified,False,False,False
baseline,https://robertdevore.com/introducing-the-prompts-library-a-playground-for-ai-creativity/,https://prompts.robertdevore.com/blog/wwf-action-figure-blister-pack-json-prompt/,💥 WWF Action Figure Blister Packs,article,200,https://prompts.robertdevore.com/blog/wwf-action-figure-blister-pack-json-prompt/,verified,False,False,False
baseline,https://robertdevore.com/introducing-the-prompts-library-a-playground-for-ai-creativity/,https://prompts.robertdevore.com/,prompts.robertdevore.com,article,200,https://prompts.robertdevore.com/,verified,False,False,False
baseline,https://robertdevore.com/introducing-the-prompts-library-a-playground-for-ai-creativity/,https://x.com/deviorobert/,[non-text link],navigation,200,https://x.com/deviorobert,verified,False,False,False
baseline,https://robertdevore.com/introducing-the-prompts-library-a-playground-for-ai-creativity/,https://github.com/robertdevore/,[non-text link],navigation,200,https://github.com/robertdevore/,verified,False,False,False
baseline,https://robertdevore.com/introducing-the-user-login-status-plugin-for-wordpress/,https://github.com/robertdevore/user-login-status/,GitHub page,article,200,https://github.com/robertdevore/user-login-status/,verified,False,False,False
baseline,https://robertdevore.com/introducing-the-user-login-status-plugin-for-wordpress/,https://github.com/robertdevore/user-login-status/,View on GitHub,article,200,https://github.com/robertdevore/user-login-status/,verified,False,False,False
baseline,https://robertdevore.com/introducing-the-user-login-status-plugin-for-wordpress/,https://x.com/deviorobert/,[non-text link],navigation,200,https://x.com/deviorobert,verified,False,False,False
baseline,https://robertdevore.com/introducing-the-user-login-status-plugin-for-wordpress/,https://github.com/robertdevore/,[non-text link],navigation,200,https://github.com/robertdevore/,verified,False,False,False
baseline,https://robertdevore.com/introducing-vertical-gallery-product-display-for-woocommerce/,https://github.com/robertdevore/vertical-gallery-product-display/,Vertical Gallery Product Display for WooCommerce®,article,200,https://github.com/robertdevore/vertical-gallery-product-display/,verified,False,False,False
baseline,https://robertdevore.com/introducing-vertical-gallery-product-display-for-woocommerce/,https://github.com/robertdevore/vertical-gallery-product-display/,GitHub,article,200,https://github.com/robertdevore/vertical-gallery-product-display/,verified,False,False,False
baseline,https://robertdevore.com/introducing-vertical-gallery-product-display-for-woocommerce/,https://github.com/robertdevore/vertical-gallery-product-display/,GitHub,article,200,https://github.com/robertdevore/vertical-gallery-product-display/,verified,False,False,False
baseline,https://robertdevore.com/introducing-vertical-gallery-product-display-for-woocommerce/,https://x.com/deviorobert/,[non-text link],navigation,200,https://x.com/deviorobert,verified,False,False,False
baseline,https://robertdevore.com/introducing-vertical-gallery-product-display-for-woocommerce/,https://github.com/robertdevore/,[non-text link],navigation,200,https://github.com/robertdevore/,verified,False,False,False
baseline,https://robertdevore.com/introducing-widget-usage-tracker-for-elementor/,https://github.com/robertdevore/widget-usage-tracker-for-elementor/,Widget Usage Tracker for Elementor,article,200,https://github.com/WebDevStudios/widget-usage-tracker-for-elementor,verified,False,False,False
baseline,https://robertdevore.com/introducing-widget-usage-tracker-for-elementor/,https://github.com/robertdevore/widget-usage-tracker-for-elementor/,GitHub repository,article,200,https://github.com/WebDevStudios/widget-usage-tracker-for-elementor,verified,False,False,False
baseline,https://robertdevore.com/introducing-widget-usage-tracker-for-elementor/,https://github.com/robertdevore/widget-usage-tracker-for-elementor/,Widget Usage Tracker for Elementor,article,200,https://github.com/WebDevStudios/widget-usage-tracker-for-elementor,verified,False,False,False
baseline,https://robertdevore.com/introducing-widget-usage-tracker-for-elementor/,https://github.com/robertdevore/widget-usage-tracker-for-elementor/issues/,issue,article,200,https://github.com/WebDevStudios/widget-usage-tracker-for-elementor/issues,verified,False,False,False
baseline,https://robertdevore.com/introducing-widget-usage-tracker-for-elementor/,https://x.com/deviorobert/,[non-text link],navigation,200,https://x.com/deviorobert,verified,False,False,False
baseline,https://robertdevore.com/introducing-widget-usage-tracker-for-elementor/,https://github.com/robertdevore/,[non-text link],navigation,200,https://github.com/robertdevore/,verified,False,False,False
baseline,https://robertdevore.com/invest-in-yourself/,http://www.twitter.com/garyvee/,guy,article,520,http://www.twitter.com/garyvee/,verified,False,False,False
baseline,https://robertdevore.com/invest-in-yourself/,http://www.wpsitecare.com/performance-of-7-top-wordpress-hosting-companies-compared/,hosting provider,article,200,https://sitecare.com/best-wordpress-hosting/,verified,False,False,False
baseline,https://robertdevore.com/invest-in-yourself/,https://piwik.org/,analytics,article,200,https://matomo.org/,verified,False,False,False
baseline,https://robertdevore.com/invest-in-yourself/,https://www.woopra.com/blog/2014/01/23/the-7-best-marketing-automation-tools/,marketing automation tools,article,200,https://www.woopra.com/blog/the-7-best-marketing-automation-tools,verified,False,False,False
baseline,https://robertdevore.com/invest-in-yourself/,http://www.thesimpledollar.com/best-accounting-software/,accounting software,article,404,https://www.thesimpledollar.com/best-accounting-software/,verified,False,False,False
baseline,https://robertdevore.com/invest-in-yourself/,https://www.moo.com/us/products/business-cards.html,business cards,article,200,https://www.moo.com/us/business-cards,verified,False,False,False
baseline,https://robertdevore.com/invest-in-yourself/,http://www.activistpost.com/wp-content/uploads/2015/12/kush-gods1.jpg,Kush Gods,article,404,https://www.activistpost.com/404.shtml,verified,False,False,False
baseline,https://robertdevore.com/invest-in-yourself/,https://en.wikipedia.org/wiki/Sweat_equity/,sweat equity,article,404,https://en.wikipedia.org/wiki/Sweat_equity/,verified,False,False,False
baseline,https://robertdevore.com/invest-in-yourself/,http://www.wpdispensary.com/,WP Dispensary,article,200,https://wpdispensary.com/,verified,False,False,False
baseline,https://robertdevore.com/invest-in-yourself/,https://twitter.com/deviorobert/status/734743180982128640/?ref_src=twsrc%5Etfw,"May 23, 2016",article,200,https://x.com/deviorobert/status/734743180982128640/?ref_src=twsrc%5Etfw,verified,False,False,False
baseline,https://robertdevore.com/invest-in-yourself/,https://x.com/deviorobert/,[non-text link],navigation,200,https://x.com/deviorobert,verified,False,False,False
baseline,https://robertdevore.com/invest-in-yourself/,https://github.com/robertdevore/,[non-text link],navigation,200,https://github.com/robertdevore/,verified,False,False,False
baseline,https://robertdevore.com/kevin-michael-geary-a-hidden-history-of-hate-racism-and-bigotry/,https://automaticcss.com/,AutomaticCSS,article,200,https://automaticcss.com/,verified,False,False,False
baseline,https://robertdevore.com/kevin-michael-geary-a-hidden-history-of-hate-racism-and-bigotry/,https://geary.co/,Kevin Geary,article,200,https://geary.co/,verified,False,False,False
baseline,https://robertdevore.com/kevin-michael-geary-a-hidden-history-of-hate-racism-and-bigotry/,https://problogger.com/how-not-to-promote-your-blog-top-10-broken-blog-promotion-strategies/comment-page-3/,Guest post linking back to his blog on ProBlogger,article,200,https://problogger.com/how-not-to-promote-your-blog-top-10-broken-blog-promotion-strategies/comment-page-3/,verified,False,False,False
baseline,https://robertdevore.com/kevin-michael-geary-a-hidden-history-of-hate-racism-and-bigotry/,https://web.archive.org/web/20090620091854/http:/www.thisisbrokenblog.com/cinco-de-mayo-celebrations-in-the-united-states/,Archived Source,article,200,https://web.archive.org/web/20090620091854/http:/www.thisisbrokenblog.com/cinco-de-mayo-celebrations-in-the-united-states/,verified,False,False,False
baseline,https://robertdevore.com/kevin-michael-geary-a-hidden-history-of-hate-racism-and-bigotry/,https://web.archive.org/web/20090620091854/http:/www.thisisbrokenblog.com/cinco-de-mayo-celebrations-in-the-united-states/,Archived Source,article,200,https://web.archive.org/web/20090620091854/http:/www.thisisbrokenblog.com/cinco-de-mayo-celebrations-in-the-united-states/,verified,False,False,False
baseline,https://robertdevore.com/kevin-michael-geary-a-hidden-history-of-hate-racism-and-bigotry/,https://web.archive.org/web/20090616005124/http:/www.thisisbrokenblog.com/3-year-old-rapper-performs-on-stage/,Archived Source,article,200,https://web.archive.org/web/20090616005124/http:/www.thisisbrokenblog.com/3-year-old-rapper-performs-on-stage/,verified,False,False,False
baseline,https://robertdevore.com/kevin-michael-geary-a-hidden-history-of-hate-racism-and-bigotry/,https://web.archive.org/web/20090618113526/http:/www.thisisbrokenblog.com/all-of-the-boys-and-all-of-the-girls-are-begging-to-if-u-seek-amy-broken-britney-spears-line/,Archived Source,article,200,https://web.archive.org/web/20090719025821/http://www.thisisbrokenblog.com/all-of-the-boys-and-all-of-the-girls-are-begging-to-if-u-seek-amy-broken-britney-spears-line,verified,False,False,False
baseline,https://robertdevore.com/kevin-michael-geary-a-hidden-history-of-hate-racism-and-bigotry/,https://web.archive.org/web/20090430103348/http:/www.thisisbrokenblog.com/rapper-nas-releases-new-song-whining-about-fox-news/,Archived Source,article,200,https://web.archive.org/web/20090430103348/http:/www.thisisbrokenblog.com/rapper-nas-releases-new-song-whining-about-fox-news/,verified,False,False,False
baseline,https://robertdevore.com/kevin-michael-geary-a-hidden-history-of-hate-racism-and-bigotry/,https://web.archive.org/web/20090623041443/http:/www.thisisbrokenblog.com/my-fiance-is-a-killer-in-bed/,Archived Source,article,200,https://web.archive.org/web/20090623041443/http:/www.thisisbrokenblog.com/my-fiance-is-a-killer-in-bed/,verified,False,False,False
baseline,https://robertdevore.com/kevin-michael-geary-a-hidden-history-of-hate-racism-and-bigotry/,https://web.archive.org/web/20090615060501/http:/www.thisisbrokenblog.com/larry-king-levi-johnston-interview/,Archived Source,article,200,https://web.archive.org/web/20090615060501/http:/www.thisisbrokenblog.com/larry-king-levi-johnston-interview/,verified,False,False,False
baseline,https://robertdevore.com/kevin-michael-geary-a-hidden-history-of-hate-racism-and-bigotry/,https://x.com/deviorobert/status/1912310724652597522/,source,article,200,https://x.com/deviorobert/status/1912310724652597522/,verified,False,False,False
baseline,https://robertdevore.com/kevin-michael-geary-a-hidden-history-of-hate-racism-and-bigotry/,https://x.com/deviorobert/status/1912324642053685455/,source,article,200,https://x.com/deviorobert/status/1912324642053685455/,verified,False,False,False
baseline,https://robertdevore.com/kevin-michael-geary-a-hidden-history-of-hate-racism-and-bigotry/,https://x.com/deviorobert/status/1912634135853547789/,source,article,200,https://x.com/deviorobert/status/1912634135853547789/,verified,False,False,False
baseline,https://robertdevore.com/kevin-michael-geary-a-hidden-history-of-hate-racism-and-bigotry/,https://x.com/deviorobert/status/1916212438904549384/,Deleted our public debate video,article,200,https://x.com/deviorobert/status/1916212438904549384/,verified,False,False,False
baseline,https://robertdevore.com/kevin-michael-geary-a-hidden-history-of-hate-racism-and-bigotry/,https://x.com/deviorobert/status/1915921353590423868/,source,article,200,https://x.com/deviorobert/status/1915921353590423868/,verified,False,False,False
baseline,https://robertdevore.com/kevin-michael-geary-a-hidden-history-of-hate-racism-and-bigotry/,https://x.com/remkusdevries/,Remkus de Vries,article,200,https://x.com/remkusdevries,verified,False,False,False
baseline,https://robertdevore.com/kevin-michael-geary-a-hidden-history-of-hate-racism-and-bigotry/,https://x.com/deviorobert/status/1916091289805709371/,source,article,200,https://x.com/deviorobert/status/1916091289805709371/,verified,False,False,False
baseline,https://robertdevore.com/kevin-michael-geary-a-hidden-history-of-hate-racism-and-bigotry/,https://x.com/deviorobert/status/1915937168557531165/,source,article,200,https://x.com/deviorobert/status/1915937168557531165/,verified,False,False,False
baseline,https://robertdevore.com/kevin-michael-geary-a-hidden-history-of-hate-racism-and-bigotry/,https://x.com/deviorobert/status/1915926361547420141/,source,article,200,https://x.com/deviorobert/status/1915926361547420141/,verified,False,False,False
baseline,https://robertdevore.com/kevin-michael-geary-a-hidden-history-of-hate-racism-and-bigotry/,https://x.com/deviorobert/status/1915924072824795349/,source,article,200,https://x.com/deviorobert/status/1915924072824795349/,verified,False,False,False
baseline,https://robertdevore.com/kevin-michael-geary-a-hidden-history-of-hate-racism-and-bigotry/,https://www.reddit.com/r/Wordpress/comments/1f9bs1h/comment/mbalqx3/?utm_source=share&utm_medium=web3x&utm_name=web3xcss&utm_term=1&utm_content=share_button,Reddit commentary,article,200,https://www.reddit.com/r/Wordpress/comments/1f9bs1h/comment/mbalqx3/?utm_source=share&utm_medium=web3x&utm_name=web3xcss&utm_term=1&utm_content=share_button,verified,False,False,False
baseline,https://robertdevore.com/kevin-michael-geary-a-hidden-history-of-hate-racism-and-bigotry/,https://x.com/deviorobert/,[non-text link],navigation,200,https://x.com/deviorobert,verified,False,False,False
baseline,https://robertdevore.com/kevin-michael-geary-a-hidden-history-of-hate-racism-and-bigotry/,https://github.com/robertdevore/,[non-text link],navigation,200,https://github.com/robertdevore/,verified,False,False,False
baseline,https://robertdevore.com/leafly-reviews-wordpress-plugin/,http://developer.leafly.com/,Leafly Developer,article,404,https://developer.leafly.com/,verified,False,False,False
baseline,https://robertdevore.com/leafly-reviews-wordpress-plugin/,http://developer.leafly.com/,Leafly Developer Center,article,404,https://developer.leafly.com/,verified,False,False,False
baseline,https://robertdevore.com/leafly-reviews-wordpress-plugin/,http://wppb.me/,WordPress Plugin Boilerplate,article,308,http://wppb.me/,verified,False,False,False
baseline,https://robertdevore.com/leafly-reviews-wordpress-plugin/,http://github.com/gilbitron/PHP-SimpleCache/,PHP SimpleCache,article,200,https://github.com/gilbitron/PHP-SimpleCache/,verified,False,False,False
baseline,https://robertdevore.com/leafly-reviews-wordpress-plugin/,http://www.fontawesome.io/,Font Awesome,article,200,https://fontawesome.com/,verified,False,False,False
baseline,https://robertdevore.com/leafly-reviews-wordpress-plugin/,http://wordpress.org/plugins/leafly-reviews/,official WordPress plugin repository,article,200,https://wordpress.org/plugins/leafly-reviews/,verified,False,False,False
baseline,https://robertdevore.com/leafly-reviews-wordpress-plugin/,http://github.com/deviodigital/leafly-reviews-wordpress-plugin/,Github repository,article,200,https://github.com/robertdevore/leafly-reviews-wordpress-plugin,verified,False,False,False
baseline,https://robertdevore.com/leafly-reviews-wordpress-plugin/,https://x.com/deviorobert/,[non-text link],navigation,200,https://x.com/deviorobert,verified,False,False,False
baseline,https://robertdevore.com/leafly-reviews-wordpress-plugin/,https://github.com/robertdevore/,[non-text link],navigation,200,https://github.com/robertdevore/,verified,False,False,False
baseline,https://robertdevore.com/leap-the-code-of-extreme-leadership/,https://www.stevefarber.com/what-is-extreme-leadership/,Steve Farber,article,200,https://www.stevefarber.com/what-is-extreme-leadership/,verified,False,False,False
baseline,https://robertdevore.com/leap-the-code-of-extreme-leadership/,https://x.com/deviorobert/,[non-text link],navigation,200,https://x.com/deviorobert,verified,False,False,False
baseline,https://robertdevore.com/leap-the-code-of-extreme-leadership/,https://github.com/robertdevore/,[non-text link],navigation,200,https://github.com/robertdevore/,verified,False,False,False
baseline,https://robertdevore.com/making-up-for-lost-time/,https://x.com/deviorobert/,[non-text link],navigation,200,https://x.com/deviorobert,verified,False,False,False
baseline,https://robertdevore.com/making-up-for-lost-time/,https://github.com/robertdevore/,[non-text link],navigation,200,https://github.com/robertdevore/,verified,False,False,False
baseline,https://robertdevore.com/mnml-free-minimalist-wordpress-theme/,http://www.underscores.me/,Underscores,article,200,https://underscores.me/,verified,False,False,False
baseline,https://robertdevore.com/mnml-free-minimalist-wordpress-theme/,http://www.deviodigital.com/demo/mnml/,live demo,article,0,,not checked,False,False,False
baseline,https://robertdevore.com/mnml-free-minimalist-wordpress-theme/,http://github.com/deviodigital/mnml/,Github Repository,article,200,https://github.com/robertdevore/mnml,verified,False,False,False
baseline,https://robertdevore.com/mnml-free-minimalist-wordpress-theme/,http://github.com/deviodigital/mnml/archive/master.zip,Download,article,200,https://codeload.github.com/robertdevore/mnml/zip/refs/heads/master,verified,False,False,False
baseline,https://robertdevore.com/mnml-free-minimalist-wordpress-theme/,http://underscores.me/,Underscores,article,200,https://underscores.me/,verified,False,False,False
baseline,https://robertdevore.com/mnml-free-minimalist-wordpress-theme/,http://www.getbootstrap.com/,Bootstrap,article,200,https://getbootstrap.com/,verified,False,False,False
baseline,https://robertdevore.com/mnml-free-minimalist-wordpress-theme/,http://www.fontawesome.io/,Font Awesome,article,200,https://fontawesome.com/,verified,False,False,False
baseline,https://robertdevore.com/mnml-free-minimalist-wordpress-theme/,http://www.deviodigital.com/demo/mnml/,test drive,article,0,,not checked,False,False,False
baseline,https://robertdevore.com/mnml-free-minimalist-wordpress-theme/,http://github.com/deviodigital/mnml/,Github Repository,article,200,https://github.com/robertdevore/mnml,verified,False,False,False
baseline,https://robertdevore.com/mnml-free-minimalist-wordpress-theme/,http://github.com/deviodigital/mnml/archive/master.zip,direct download,article,200,https://codeload.github.com/robertdevore/mnml/zip/refs/heads/master,verified,False,False,False
baseline,https://robertdevore.com/mnml-free-minimalist-wordpress-theme/,https://x.com/deviorobert/,[non-text link],navigation,200,https://x.com/deviorobert,verified,False,False,False
baseline,https://robertdevore.com/mnml-free-minimalist-wordpress-theme/,https://github.com/robertdevore/,[non-text link],navigation,200,https://github.com/robertdevore/,verified,False,False,False
baseline,https://robertdevore.com/my-brothers-keeper-sons-of-anarchy-fanfiction/,http://www.nanowrimo.org/,NaNoWriMo,article,200,http://www.nanowrimo.org/,verified,False,False,False
baseline,https://robertdevore.com/my-brothers-keeper-sons-of-anarchy-fanfiction/,https://www.wpdispensary.com/,WP Dispensary,article,200,https://wpdispensary.com/,verified,False,False,False
baseline,https://robertdevore.com/my-brothers-keeper-sons-of-anarchy-fanfiction/,https://www.twitter.com/deviorobert/,@deviorobert,article,200,https://x.com/deviorobert,verified,False,False,False
baseline,https://robertdevore.com/my-brothers-keeper-sons-of-anarchy-fanfiction/,https://x.com/deviorobert/,[non-text link],navigation,200,https://x.com/deviorobert,verified,False,False,False
baseline,https://robertdevore.com/my-brothers-keeper-sons-of-anarchy-fanfiction/,https://github.com/robertdevore/,[non-text link],navigation,200,https://github.com/robertdevore/,verified,False,False,False
baseline,https://robertdevore.com/my-development-projects/,http://www.wpdispensary.com/welcome-to-wp-dispensary/,started,article,200,https://wpdispensary.com/,verified,False,False,False
baseline,https://robertdevore.com/my-development-projects/,http://www.wpdispensary.com/wp-dispensary-version-1-2/,1.2,article,200,https://wpdispensary.com/,verified,False,False,False
baseline,https://robertdevore.com/my-development-projects/,http://www.wpdispensary.com/wp-dispensary-version-1-3/,1.3,article,200,https://wpdispensary.com/,verified,False,False,False
baseline,https://robertdevore.com/my-development-projects/,https://github.com/deviodigital/dispensary-display-wordpress-theme/,Dispensary Display,article,200,https://github.com/robertdevore/dispensary-display-wordpress-theme,verified,False,False,False
baseline,https://robertdevore.com/my-development-projects/,https://github.com/deviodigital/cleanblog/,Github repository,article,200,https://github.com/deviodigital/cleanblog/,verified,False,False,False
baseline,https://robertdevore.com/my-development-projects/,https://github.com/deviodigital/miniQuiz/,miniQuiz,article,200,https://github.com/deviodigital/miniQuiz/,verified,False,False,False
baseline,https://robertdevore.com/my-development-projects/,http://odhyan.com/blog/2014/12/building-a-simple-quiz-app-using-angularjs/,QuizApp,article,200,https://odhyan.com/blog/2014/12/building-a-simple-quiz-app-using-angularjs/,verified,False,False,False
baseline,https://robertdevore.com/my-development-projects/,http://www.easydigitaldownloads.com/,Easy Digital Downloads,article,200,https://www.easydigitaldownloads.com/,verified,False,False,False
baseline,https://robertdevore.com/my-development-projects/,https://github.com/deviodigital/leafly-specials-wordpress-plugin/,Leafly Specials,article,200,https://github.com/robertdevore/leafly-specials-wordpress-plugin,verified,False,False,False
baseline,https://robertdevore.com/my-development-projects/,https://github.com/deviodigital/dispensary-coupons/,Github,article,200,https://github.com/getCannaBiz/cannabiz-coupons,verified,False,False,False
baseline,https://robertdevore.com/my-development-projects/,https://github.com/deviodigital/dispensary-coupons/,Dispensary Coupons,article,200,https://github.com/getCannaBiz/cannabiz-coupons,verified,False,False,False
baseline,https://robertdevore.com/my-development-projects/,http://www.wpdispensary.com/25-free-marijuana-stock-photos/,free marijuana stock photography,article,200,https://wpdispensary.com/,verified,False,False,False
baseline,https://robertdevore.com/my-development-projects/,http://www.twitter.com/deviodigital/,@DevioDigital,article,520,http://www.twitter.com/deviodigital/,verified,False,False,False
baseline,https://robertdevore.com/my-development-projects/,http://www.twitter.com/deviorobert/,Twitter,article,520,http://www.twitter.com/deviorobert/,verified,False,False,False
baseline,https://robertdevore.com/my-development-projects/,http://www.instagram.com/deviorobert/,Instagram,article,200,https://www.instagram.com/deviorobert/,verified,False,False,False
baseline,https://robertdevore.com/my-development-projects/,https://www.github.com/robertdevore/,Github,article,200,https://github.com/robertdevore/,verified,False,False,False
baseline,https://robertdevore.com/my-development-projects/,https://x.com/deviorobert/,[non-text link],navigation,200,https://x.com/deviorobert,verified,False,False,False
baseline,https://robertdevore.com/my-development-projects/,https://github.com/robertdevore/,[non-text link],navigation,200,https://github.com/robertdevore/,verified,False,False,False
baseline,https://robertdevore.com/open-source-is-anarchism-in-action/,https://x.com/deviorobert/,[non-text link],navigation,200,https://x.com/deviorobert,verified,False,False,False
baseline,https://robertdevore.com/open-source-is-anarchism-in-action/,https://github.com/robertdevore/,[non-text link],navigation,200,https://github.com/robertdevore/,verified,False,False,False
baseline,https://robertdevore.com/organized-chaos/,http://edlatimore.com/hard-work-beats-talent/,hard work beats talent,article,200,https://edlatimore.com/hard-work-beats-talent,verified,False,False,False
baseline,https://robertdevore.com/organized-chaos/,http://www.barbrothersgroningen.com/calisthenics-workout-plan/,calisthenic workouts,article,200,http://www.barbrothersgroningen.com/calisthenics-workout-plan/,verified,False,False,False
baseline,https://robertdevore.com/organized-chaos/,http://highexistence.com/how-to-escape-the-rat-race-and-live-a-radically-free-life/,escape the rat race,article,200,https://www.highexistence.com/how-to-escape-the-rat-race-and-live-a-radically-free-life/,verified,False,False,False
baseline,https://robertdevore.com/organized-chaos/,http://www.lifehack.org/articles/lifestyle/10-benefits-reading-why-you-should-read-everyday.html,reading daily,article,200,https://www.lifehack.org/articles/lifestyle/10-benefits-reading-why-you-should-read-everyday.html,verified,False,False,False
baseline,https://robertdevore.com/organized-chaos/,http://www.forbes.com/sites/erikaandersen/2012/11/05/how-to-use-adversity-to-transform-your-life/,use adversity,article,200,https://www.forbes.com/sites/erikaandersen/2012/11/05/how-to-use-adversity-to-transform-your-life/,verified,False,False,False
baseline,https://robertdevore.com/organized-chaos/,https://x.com/deviorobert/,[non-text link],navigation,200,https://x.com/deviorobert,verified,False,False,False
baseline,https://robertdevore.com/organized-chaos/,https://github.com/robertdevore/,[non-text link],navigation,200,https://github.com/robertdevore/,verified,False,False,False
baseline,https://robertdevore.com/page/10/,https://github.com/kujolang/kujo/,Source,section,200,https://github.com/kujolang/kujo/,verified,False,False,False
baseline,https://robertdevore.com/page/10/,https://github.com/robertdevore/strata/,Source,article,200,https://github.com/robertdevore/strata/,verified,False,False,False
baseline,https://robertdevore.com/page/10/,https://github.com/robertdevore/snips/,Source,article,200,https://github.com/robertdevore/snips/,verified,False,False,False
baseline,https://robertdevore.com/page/10/,https://github.com/robertdevore/reporadar/,Source,article,200,https://github.com/robertdevore/reporadar/,verified,False,False,False
baseline,https://robertdevore.com/page/10/,https://github.com/robertdevore/,GitHub,section,200,https://github.com/robertdevore/,verified,False,False,False
baseline,https://robertdevore.com/page/10/,https://x.com/deviorobert/,X,section,200,https://x.com/deviorobert,verified,False,False,False
baseline,https://robertdevore.com/page/10/,https://x.com/deviorobert/,[non-text link],navigation,200,https://x.com/deviorobert,verified,False,False,False
baseline,https://robertdevore.com/page/10/,https://github.com/robertdevore/,[non-text link],navigation,200,https://github.com/robertdevore/,verified,False,False,False
baseline,https://robertdevore.com/page/11/,https://github.com/kujolang/kujo/,Source,section,200,https://github.com/kujolang/kujo/,verified,False,False,False
baseline,https://robertdevore.com/page/11/,https://github.com/robertdevore/strata/,Source,article,200,https://github.com/robertdevore/strata/,verified,False,False,False
baseline,https://robertdevore.com/page/11/,https://github.com/robertdevore/snips/,Source,article,200,https://github.com/robertdevore/snips/,verified,False,False,False
baseline,https://robertdevore.com/page/11/,https://github.com/robertdevore/reporadar/,Source,article,200,https://github.com/robertdevore/reporadar/,verified,False,False,False
baseline,https://robertdevore.com/page/11/,https://github.com/robertdevore/,GitHub,section,200,https://github.com/robertdevore/,verified,False,False,False
baseline,https://robertdevore.com/page/11/,https://x.com/deviorobert/,X,section,200,https://x.com/deviorobert,verified,False,False,False
baseline,https://robertdevore.com/page/11/,https://x.com/deviorobert/,[non-text link],navigation,200,https://x.com/deviorobert,verified,False,False,False
baseline,https://robertdevore.com/page/11/,https://github.com/robertdevore/,[non-text link],navigation,200,https://github.com/robertdevore/,verified,False,False,False
baseline,https://robertdevore.com/page/12/,https://github.com/kujolang/kujo/,Source,section,200,https://github.com/kujolang/kujo/,verified,False,False,False
baseline,https://robertdevore.com/page/12/,https://github.com/robertdevore/strata/,Source,article,200,https://github.com/robertdevore/strata/,verified,False,False,False
baseline,https://robertdevore.com/page/12/,https://github.com/robertdevore/snips/,Source,article,200,https://github.com/robertdevore/snips/,verified,False,False,False
baseline,https://robertdevore.com/page/12/,https://github.com/robertdevore/reporadar/,Source,article,200,https://github.com/robertdevore/reporadar/,verified,False,False,False
baseline,https://robertdevore.com/page/12/,https://github.com/robertdevore/,GitHub,section,200,https://github.com/robertdevore/,verified,False,False,False
baseline,https://robertdevore.com/page/12/,https://x.com/deviorobert/,X,section,200,https://x.com/deviorobert,verified,False,False,False
baseline,https://robertdevore.com/page/12/,https://x.com/deviorobert/,[non-text link],navigation,200,https://x.com/deviorobert,verified,False,False,False
baseline,https://robertdevore.com/page/12/,https://github.com/robertdevore/,[non-text link],navigation,200,https://github.com/robertdevore/,verified,False,False,False
baseline,https://robertdevore.com/page/2/,https://github.com/kujolang/kujo/,Source,section,200,https://github.com/kujolang/kujo/,verified,False,False,False
baseline,https://robertdevore.com/page/2/,https://github.com/robertdevore/strata/,Source,article,200,https://github.com/robertdevore/strata/,verified,False,False,False
baseline,https://robertdevore.com/page/2/,https://github.com/robertdevore/snips/,Source,article,200,https://github.com/robertdevore/snips/,verified,False,False,False
baseline,https://robertdevore.com/page/2/,https://github.com/robertdevore/reporadar/,Source,article,200,https://github.com/robertdevore/reporadar/,verified,False,False,False
baseline,https://robertdevore.com/page/2/,https://github.com/robertdevore/,GitHub,section,200,https://github.com/robertdevore/,verified,False,False,False
baseline,https://robertdevore.com/page/2/,https://x.com/deviorobert/,X,section,200,https://x.com/deviorobert,verified,False,False,False
baseline,https://robertdevore.com/page/2/,https://x.com/deviorobert/,[non-text link],navigation,200,https://x.com/deviorobert,verified,False,False,False
baseline,https://robertdevore.com/page/2/,https://github.com/robertdevore/,[non-text link],navigation,200,https://github.com/robertdevore/,verified,False,False,False
baseline,https://robertdevore.com/page/3/,https://github.com/kujolang/kujo/,Source,section,200,https://github.com/kujolang/kujo/,verified,False,False,False
baseline,https://robertdevore.com/page/3/,https://github.com/robertdevore/strata/,Source,article,200,https://github.com/robertdevore/strata/,verified,False,False,False
baseline,https://robertdevore.com/page/3/,https://github.com/robertdevore/snips/,Source,article,200,https://github.com/robertdevore/snips/,verified,False,False,False
baseline,https://robertdevore.com/page/3/,https://github.com/robertdevore/reporadar/,Source,article,200,https://github.com/robertdevore/reporadar/,verified,False,False,False
baseline,https://robertdevore.com/page/3/,https://github.com/robertdevore/,GitHub,section,200,https://github.com/robertdevore/,verified,False,False,False
baseline,https://robertdevore.com/page/3/,https://x.com/deviorobert/,X,section,200,https://x.com/deviorobert,verified,False,False,False
baseline,https://robertdevore.com/page/3/,https://x.com/deviorobert/,[non-text link],navigation,200,https://x.com/deviorobert,verified,False,False,False
baseline,https://robertdevore.com/page/3/,https://github.com/robertdevore/,[non-text link],navigation,200,https://github.com/robertdevore/,verified,False,False,False
baseline,https://robertdevore.com/page/4/,https://github.com/kujolang/kujo/,Source,section,200,https://github.com/kujolang/kujo/,verified,False,False,False
baseline,https://robertdevore.com/page/4/,https://github.com/robertdevore/strata/,Source,article,200,https://github.com/robertdevore/strata/,verified,False,False,False
baseline,https://robertdevore.com/page/4/,https://github.com/robertdevore/snips/,Source,article,200,https://github.com/robertdevore/snips/,verified,False,False,False
baseline,https://robertdevore.com/page/4/,https://github.com/robertdevore/reporadar/,Source,article,200,https://github.com/robertdevore/reporadar/,verified,False,False,False
baseline,https://robertdevore.com/page/4/,https://github.com/robertdevore/,GitHub,section,200,https://github.com/robertdevore/,verified,False,False,False
baseline,https://robertdevore.com/page/4/,https://x.com/deviorobert/,X,section,200,https://x.com/deviorobert,verified,False,False,False
baseline,https://robertdevore.com/page/4/,https://x.com/deviorobert/,[non-text link],navigation,200,https://x.com/deviorobert,verified,False,False,False
baseline,https://robertdevore.com/page/4/,https://github.com/robertdevore/,[non-text link],navigation,200,https://github.com/robertdevore/,verified,False,False,False
baseline,https://robertdevore.com/page/5/,https://github.com/kujolang/kujo/,Source,section,200,https://github.com/kujolang/kujo/,verified,False,False,False
baseline,https://robertdevore.com/page/5/,https://github.com/robertdevore/strata/,Source,article,200,https://github.com/robertdevore/strata/,verified,False,False,False
baseline,https://robertdevore.com/page/5/,https://github.com/robertdevore/snips/,Source,article,200,https://github.com/robertdevore/snips/,verified,False,False,False
baseline,https://robertdevore.com/page/5/,https://github.com/robertdevore/reporadar/,Source,article,200,https://github.com/robertdevore/reporadar/,verified,False,False,False
baseline,https://robertdevore.com/page/5/,https://github.com/robertdevore/,GitHub,section,200,https://github.com/robertdevore/,verified,False,False,False
baseline,https://robertdevore.com/page/5/,https://x.com/deviorobert/,X,section,200,https://x.com/deviorobert,verified,False,False,False
baseline,https://robertdevore.com/page/5/,https://x.com/deviorobert/,[non-text link],navigation,200,https://x.com/deviorobert,verified,False,False,False
baseline,https://robertdevore.com/page/5/,https://github.com/robertdevore/,[non-text link],navigation,200,https://github.com/robertdevore/,verified,False,False,False
baseline,https://robertdevore.com/page/6/,https://github.com/kujolang/kujo/,Source,section,200,https://github.com/kujolang/kujo/,verified,False,False,False
baseline,https://robertdevore.com/page/6/,https://github.com/robertdevore/strata/,Source,article,200,https://github.com/robertdevore/strata/,verified,False,False,False
baseline,https://robertdevore.com/page/6/,https://github.com/robertdevore/snips/,Source,article,200,https://github.com/robertdevore/snips/,verified,False,False,False
baseline,https://robertdevore.com/page/6/,https://github.com/robertdevore/reporadar/,Source,article,200,https://github.com/robertdevore/reporadar/,verified,False,False,False
baseline,https://robertdevore.com/page/6/,https://github.com/robertdevore/,GitHub,section,200,https://github.com/robertdevore/,verified,False,False,False
baseline,https://robertdevore.com/page/6/,https://x.com/deviorobert/,X,section,200,https://x.com/deviorobert,verified,False,False,False
baseline,https://robertdevore.com/page/6/,https://x.com/deviorobert/,[non-text link],navigation,200,https://x.com/deviorobert,verified,False,False,False
baseline,https://robertdevore.com/page/6/,https://github.com/robertdevore/,[non-text link],navigation,200,https://github.com/robertdevore/,verified,False,False,False
baseline,https://robertdevore.com/page/7/,https://github.com/kujolang/kujo/,Source,section,200,https://github.com/kujolang/kujo/,verified,False,False,False
baseline,https://robertdevore.com/page/7/,https://github.com/robertdevore/strata/,Source,article,200,https://github.com/robertdevore/strata/,verified,False,False,False
baseline,https://robertdevore.com/page/7/,https://github.com/robertdevore/snips/,Source,article,200,https://github.com/robertdevore/snips/,verified,False,False,False
baseline,https://robertdevore.com/page/7/,https://github.com/robertdevore/reporadar/,Source,article,200,https://github.com/robertdevore/reporadar/,verified,False,False,False
baseline,https://robertdevore.com/page/7/,https://github.com/robertdevore/,GitHub,section,200,https://github.com/robertdevore/,verified,False,False,False
baseline,https://robertdevore.com/page/7/,https://x.com/deviorobert/,X,section,200,https://x.com/deviorobert,verified,False,False,False
baseline,https://robertdevore.com/page/7/,https://x.com/deviorobert/,[non-text link],navigation,200,https://x.com/deviorobert,verified,False,False,False
baseline,https://robertdevore.com/page/7/,https://github.com/robertdevore/,[non-text link],navigation,200,https://github.com/robertdevore/,verified,False,False,False
baseline,https://robertdevore.com/page/8/,https://github.com/kujolang/kujo/,Source,section,200,https://github.com/kujolang/kujo/,verified,False,False,False
baseline,https://robertdevore.com/page/8/,https://github.com/robertdevore/strata/,Source,article,200,https://github.com/robertdevore/strata/,verified,False,False,False
baseline,https://robertdevore.com/page/8/,https://github.com/robertdevore/snips/,Source,article,200,https://github.com/robertdevore/snips/,verified,False,False,False
baseline,https://robertdevore.com/page/8/,https://github.com/robertdevore/reporadar/,Source,article,200,https://github.com/robertdevore/reporadar/,verified,False,False,False
baseline,https://robertdevore.com/page/8/,https://github.com/robertdevore/,GitHub,section,200,https://github.com/robertdevore/,verified,False,False,False
baseline,https://robertdevore.com/page/8/,https://x.com/deviorobert/,X,section,200,https://x.com/deviorobert,verified,False,False,False
baseline,https://robertdevore.com/page/8/,https://x.com/deviorobert/,[non-text link],navigation,200,https://x.com/deviorobert,verified,False,False,False
baseline,https://robertdevore.com/page/8/,https://github.com/robertdevore/,[non-text link],navigation,200,https://github.com/robertdevore/,verified,False,False,False
baseline,https://robertdevore.com/page/9/,https://github.com/kujolang/kujo/,Source,section,200,https://github.com/kujolang/kujo/,verified,False,False,False
baseline,https://robertdevore.com/page/9/,https://github.com/robertdevore/strata/,Source,article,200,https://github.com/robertdevore/strata/,verified,False,False,False
baseline,https://robertdevore.com/page/9/,https://github.com/robertdevore/snips/,Source,article,200,https://github.com/robertdevore/snips/,verified,False,False,False
baseline,https://robertdevore.com/page/9/,https://github.com/robertdevore/reporadar/,Source,article,200,https://github.com/robertdevore/reporadar/,verified,False,False,False
baseline,https://robertdevore.com/page/9/,https://github.com/robertdevore/,GitHub,section,200,https://github.com/robertdevore/,verified,False,False,False
baseline,https://robertdevore.com/page/9/,https://x.com/deviorobert/,X,section,200,https://x.com/deviorobert,verified,False,False,False
baseline,https://robertdevore.com/page/9/,https://x.com/deviorobert/,[non-text link],navigation,200,https://x.com/deviorobert,verified,False,False,False
baseline,https://robertdevore.com/page/9/,https://github.com/robertdevore/,[non-text link],navigation,200,https://github.com/robertdevore/,verified,False,False,False
baseline,https://robertdevore.com/patience/,http://www.wpdispensary.com/wp-dispensary-version-1-1/,version 1.1,article,200,https://wpdispensary.com/,verified,False,False,False
baseline,https://robertdevore.com/patience/,https://x.com/deviorobert/,[non-text link],navigation,200,https://x.com/deviorobert,verified,False,False,False
baseline,https://robertdevore.com/patience/,https://github.com/robertdevore/,[non-text link],navigation,200,https://github.com/robertdevore/,verified,False,False,False
baseline,https://robertdevore.com/peddle-free-wordpress-theme-for-easy-digital-downloads/,http://www.easydigitaldownloads.com/,Easy Digital Downloads,article,200,https://www.easydigitaldownloads.com/,verified,False,False,False
baseline,https://robertdevore.com/peddle-free-wordpress-theme-for-easy-digital-downloads/,http://dictionary.reference.com/browse/peddle/,Dictionary,article,0,,not checked,False,False,False
baseline,https://robertdevore.com/peddle-free-wordpress-theme-for-easy-digital-downloads/,http://www.deviodigital.com/demo/peddle/,live demo,article,0,,not checked,False,False,False
baseline,https://robertdevore.com/peddle-free-wordpress-theme-for-easy-digital-downloads/,http://github.com/deviodigital/peddle/,Github Repository,article,200,https://github.com/robertdevore/peddle,verified,False,False,False
baseline,https://robertdevore.com/peddle-free-wordpress-theme-for-easy-digital-downloads/,http://github.com/deviodigital/peddle/archive/master.zip,Download,article,200,https://codeload.github.com/robertdevore/peddle/zip/refs/heads/master,verified,False,False,False
baseline,https://robertdevore.com/peddle-free-wordpress-theme-for-easy-digital-downloads/,http://www.deviodigital.com/demo/peddle/,theme demo,article,0,,not checked,False,False,False
baseline,https://robertdevore.com/peddle-free-wordpress-theme-for-easy-digital-downloads/,http://underscores.me/,Underscores,article,200,https://underscores.me/,verified,False,False,False
baseline,https://robertdevore.com/peddle-free-wordpress-theme-for-easy-digital-downloads/,http://www.getbootstrap.com/,Bootstrap,article,200,https://getbootstrap.com/,verified,False,False,False
baseline,https://robertdevore.com/peddle-free-wordpress-theme-for-easy-digital-downloads/,http://www.easydigitaldownloads.com/,Easy Digital Downloads,article,200,https://www.easydigitaldownloads.com/,verified,False,False,False
baseline,https://robertdevore.com/peddle-free-wordpress-theme-for-easy-digital-downloads/,http://www.fontawesome.io/,Font Awesome,article,200,https://fontawesome.com/,verified,False,False,False
baseline,https://robertdevore.com/peddle-free-wordpress-theme-for-easy-digital-downloads/,http://buildwpyourself.com/integrate-wordpress-themes-with-easy-digital-downloads/,Sean Davis' tutorial for integrating EDD into a WordPress theme,article,404,http://buildwpyourself.com/integrate-wordpress-themes-with-easy-digital-downloads/,verified,False,False,False
baseline,https://robertdevore.com/peddle-free-wordpress-theme-for-easy-digital-downloads/,http://github.com/deviodigital/peddle/,Github repository,article,200,https://github.com/robertdevore/peddle,verified,False,False,False
baseline,https://robertdevore.com/peddle-free-wordpress-theme-for-easy-digital-downloads/,http://www.deviodigital.com/demo/peddle/,test drive,article,0,,not checked,False,False,False
baseline,https://robertdevore.com/peddle-free-wordpress-theme-for-easy-digital-downloads/,http://github.com/deviodigital/peddle/,Github Repository,article,200,https://github.com/robertdevore/peddle,verified,False,False,False
baseline,https://robertdevore.com/peddle-free-wordpress-theme-for-easy-digital-downloads/,http://github.com/deviodigital/peddle/archive/master.zip,direct download,article,200,https://codeload.github.com/robertdevore/peddle/zip/refs/heads/master,verified,False,False,False
baseline,https://robertdevore.com/peddle-free-wordpress-theme-for-easy-digital-downloads/,https://x.com/deviorobert/,[non-text link],navigation,200,https://x.com/deviorobert,verified,False,False,False
baseline,https://robertdevore.com/peddle-free-wordpress-theme-for-easy-digital-downloads/,https://github.com/robertdevore/,[non-text link],navigation,200,https://github.com/robertdevore/,verified,False,False,False
baseline,https://robertdevore.com/plan-prompt-publish-a-practical-guide-to-creating-beautifully-useful-content-with-ai/,https://x.com/deviorobert/,[non-text link],navigation,200,https://x.com/deviorobert,verified,False,False,False
baseline,https://robertdevore.com/plan-prompt-publish-a-practical-guide-to-creating-beautifully-useful-content-with-ai/,https://github.com/robertdevore/,[non-text link],navigation,200,https://github.com/robertdevore/,verified,False,False,False
baseline,https://robertdevore.com/projects/,https://github.com/kujolang/kujo/,Source,section,200,https://github.com/kujolang/kujo/,verified,False,False,False
baseline,https://robertdevore.com/projects/,https://github.com/robertdevore/strata/,Source,article,200,https://github.com/robertdevore/strata/,verified,False,False,False
baseline,https://robertdevore.com/projects/,https://github.com/robertdevore/snips/,Source,article,200,https://github.com/robertdevore/snips/,verified,False,False,False
baseline,https://robertdevore.com/projects/,https://github.com/robertdevore/reporadar/,Source,article,200,https://github.com/robertdevore/reporadar/,verified,False,False,False
baseline,https://robertdevore.com/projects/,https://github.com/robertdevore/snips/,Snips,section,200,https://github.com/robertdevore/snips/,verified,False,False,False
baseline,https://robertdevore.com/projects/,https://github.com/robertdevore/paperclip-goal-issues/,Paperclip Goal Issues,section,200,https://github.com/robertdevore/paperclip-goal-issues/,verified,False,False,False
baseline,https://robertdevore.com/projects/,https://github.com/robertdevore/paperclip-starred-issues/,Paperclip Starred Issues,section,200,https://github.com/robertdevore/paperclip-starred-issues/,verified,False,False,False
baseline,https://robertdevore.com/projects/,https://github.com/robertdevore/holy-sheet/,HolySheet,section,200,https://github.com/robertdevore/holy-sheet/,verified,False,False,False
baseline,https://robertdevore.com/projects/,https://github.com/robertdevore/working-well-with-ai/,Working Well with AI,section,200,https://github.com/robertdevore/working-well-with-ai/,verified,False,False,False
baseline,https://robertdevore.com/projects/,https://github.com/robertdevore/totalrecall/,TotalRecall,section,200,https://github.com/robertdevore/totalrecall/,verified,False,False,False
baseline,https://robertdevore.com/projects/,https://www.npmjs.com/package/scramble-decode/,Scramble Decode,section,403,https://www.npmjs.com/package/scramble-decode/,blocked/indeterminate,False,False,False
baseline,https://robertdevore.com/projects/,https://github.com/robertdevore/yard/,Yard,section,200,https://github.com/robertdevore/yard/,verified,False,False,False
baseline,https://robertdevore.com/projects/,https://github.com/robertdevore/ward/,Ward,section,404,https://github.com/robertdevore/ward/,verified,False,False,False
baseline,https://robertdevore.com/projects/,https://github.com/robertdevore/signalbox/,SignalBox,section,200,https://github.com/robertdevore/signalbox/,verified,False,False,False
baseline,https://robertdevore.com/projects/,https://github.com/robertdevore/treasure-trail/,TreasureTrail,section,200,https://github.com/robertdevore/treasure-trail/,verified,False,False,False
baseline,https://robertdevore.com/projects/,https://github.com/robertdevore/lowkey-rss/,LowkeyRSS,section,200,https://github.com/robertdevore/lowkey-rss/,verified,False,False,False
baseline,https://robertdevore.com/projects/,https://github.com/robertdevore/laravel-cms/,LaravelCMS,section,404,https://github.com/robertdevore/laravel-cms/,verified,False,False,False
baseline,https://robertdevore.com/projects/,https://github.com/robertdevore/cipher-studies/,Cipher Studies,section,404,https://github.com/robertdevore/cipher-studies/,verified,False,False,False
baseline,https://robertdevore.com/projects/,https://github.com/robertdevore/writing-style-analyzer/,Writing Style Analyzer,section,404,https://github.com/robertdevore/writing-style-analyzer/,verified,False,False,False
baseline,https://robertdevore.com/projects/,https://github.com/robertdevore/phrase-fingerprints/,Phrase Fingerpints,section,200,https://github.com/robertdevore/phrase-fingerprints/,verified,False,False,False
baseline,https://robertdevore.com/projects/,https://github.com/robertdevore/savage-scanner/,Savage Scanner,section,200,https://github.com/robertdevore/savage-scanner/,verified,False,False,False
baseline,https://robertdevore.com/projects/,https://github.com/robertdevore/vuln-search/,Vuln Search,section,200,https://github.com/robertdevore/vuln-search/,verified,False,False,False
baseline,https://robertdevore.com/projects/,https://github.com/robertdevore/sub-scanner/,Sub Scanner,section,200,https://github.com/robertdevore/sub-scanner/,verified,False,False,False
baseline,https://robertdevore.com/projects/,https://github.com/robertdevore/diff-digger/,Diff Digger,section,200,https://github.com/robertdevore/diff-digger/,verified,False,False,False
baseline,https://robertdevore.com/projects/,https://github.com/robertdevore/stego-cipher/,Stego Cipher,section,200,https://github.com/robertdevore/stego-cipher/,verified,False,False,False
baseline,https://robertdevore.com/projects/,https://github.com/robertdevore/vs-code-focus-mode/,VS Code Focus Mode,section,404,https://github.com/robertdevore/vs-code-focus-mode/,verified,False,False,False
baseline,https://robertdevore.com/projects/,https://github.com/robertdevore/rsvp-reader/,RSVP Reader,section,404,https://github.com/robertdevore/rsvp-reader/,verified,False,False,False
baseline,https://robertdevore.com/projects/,https://github.com/robertdevore/console-copy/,Console Copy,section,200,https://github.com/robertdevore/console-copy/,verified,False,False,False
baseline,https://robertdevore.com/projects/,https://prompts.robertdevore.com/,Prompts Library,section,200,https://prompts.robertdevore.com/,verified,False,False,False
baseline,https://robertdevore.com/projects/,https://github.com/robertdevore/api-audit/,API Audit,section,200,https://github.com/robertdevore/api-audit/,verified,False,False,False
baseline,https://robertdevore.com/projects/,https://python.robertdevore.com/,Learn Python,section,200,https://python.robertdevore.com/,verified,False,False,False
baseline,https://robertdevore.com/projects/,https://x.com/deviorobert/,[non-text link],navigation,200,https://x.com/deviorobert,verified,False,False,False
baseline,https://robertdevore.com/projects/,https://github.com/robertdevore/,[non-text link],navigation,200,https://github.com/robertdevore/,verified,False,False,False
baseline,https://robertdevore.com/projects/agents-sdk/,https://github.com/kujolang/agents-sdk/,Explore Kujo Agents SDK on GitHub ↗,main,200,https://github.com/kujolang/agents-sdk/,verified,False,False,False
baseline,https://robertdevore.com/projects/agents-sdk/,https://x.com/deviorobert/,[non-text link],navigation,200,https://x.com/deviorobert,verified,False,False,False
baseline,https://robertdevore.com/projects/agents-sdk/,https://github.com/robertdevore/,[non-text link],navigation,200,https://github.com/robertdevore/,verified,False,False,False
baseline,https://robertdevore.com/projects/dispatch/,https://github.com/kujolang/dispatch/,Explore Dispatch on GitHub ↗,main,200,https://github.com/kujolang/dispatch/,verified,False,False,False
baseline,https://robertdevore.com/projects/dispatch/,https://x.com/deviorobert/,[non-text link],navigation,200,https://x.com/deviorobert,verified,False,False,False
baseline,https://robertdevore.com/projects/dispatch/,https://github.com/robertdevore/,[non-text link],navigation,200,https://github.com/robertdevore/,verified,False,False,False
baseline,https://robertdevore.com/projects/kujo/,https://kujolang.ai/,Kujo,main,200,https://kujolang.ai/,verified,False,False,False
baseline,https://robertdevore.com/projects/kujo/,https://github.com/kujolang/kujo/,Explore the Kujo repository on GitHub ↗,main,200,https://github.com/kujolang/kujo/,verified,False,False,False
baseline,https://robertdevore.com/projects/kujo/,https://x.com/deviorobert/,[non-text link],navigation,200,https://x.com/deviorobert,verified,False,False,False
baseline,https://robertdevore.com/projects/kujo/,https://github.com/robertdevore/,[non-text link],navigation,200,https://github.com/robertdevore/,verified,False,False,False
baseline,https://robertdevore.com/projects/lens/,https://github.com/kujolang/lens/,Explore Lens on GitHub ↗,main,200,https://github.com/kujolang/lens/,verified,False,False,False
baseline,https://robertdevore.com/projects/lens/,https://x.com/deviorobert/,[non-text link],navigation,200,https://x.com/deviorobert,verified,False,False,False
baseline,https://robertdevore.com/projects/lens/,https://github.com/robertdevore/,[non-text link],navigation,200,https://github.com/robertdevore/,verified,False,False,False
baseline,https://robertdevore.com/projects/sitekit/,https://github.com/kujolang/site-kit/,Explore SiteKit on GitHub ↗,main,200,https://github.com/kujolang/site-kit/,verified,False,False,False
baseline,https://robertdevore.com/projects/sitekit/,https://x.com/deviorobert/,[non-text link],navigation,200,https://x.com/deviorobert,verified,False,False,False
baseline,https://robertdevore.com/projects/sitekit/,https://github.com/robertdevore/,[non-text link],navigation,200,https://github.com/robertdevore/,verified,False,False,False
baseline,https://robertdevore.com/projects/ssg/,https://github.com/kujolang/ssg/,Explore Kujo SSG on GitHub ↗,main,200,https://github.com/kujolang/ssg/,verified,False,False,False
baseline,https://robertdevore.com/projects/ssg/,https://x.com/deviorobert/,[non-text link],navigation,200,https://x.com/deviorobert,verified,False,False,False
baseline,https://robertdevore.com/projects/ssg/,https://github.com/robertdevore/,[non-text link],navigation,200,https://github.com/robertdevore/,verified,False,False,False
baseline,https://robertdevore.com/release-notes-back-in-stock-notifications-for-woocommerce-free-v1-0-1/,https://github.com/robertdevore/back-in-stock-notifications/,GitHub repository,article,200,https://github.com/robertdevore/back-in-stock-notifications/,verified,False,False,False
baseline,https://robertdevore.com/release-notes-back-in-stock-notifications-for-woocommerce-free-v1-0-1/,https://x.com/deviorobert/,[non-text link],navigation,200,https://x.com/deviorobert,verified,False,False,False
baseline,https://robertdevore.com/release-notes-back-in-stock-notifications-for-woocommerce-free-v1-0-1/,https://github.com/robertdevore/,[non-text link],navigation,200,https://github.com/robertdevore/,verified,False,False,False
baseline,https://robertdevore.com/relentless/,https://therisetothetop.com/davids-blog/myth-of-overnight-success/,overnight success,article,404,https://therisetothetop.com/davids-blog/myth-of-overnight-success/,verified,False,False,False
baseline,https://robertdevore.com/relentless/,https://www.wpdispensary.com/,WP Dispensary,article,200,https://wpdispensary.com/,verified,False,False,False
baseline,https://robertdevore.com/relentless/,https://twitter.com/deviorobert/status/734743180982128640/?ref_src=twsrc%5Etfw,"May 23, 2016",article,200,https://x.com/deviorobert/status/734743180982128640/?ref_src=twsrc%5Etfw,verified,False,False,False
baseline,https://robertdevore.com/relentless/,https://twitter.com/hashtag/WPDWednesdays/?src=hash&ref_src=twsrc%5Etfw,#WPDWednesdays,article,200,https://x.com/hashtag/WPDWednesdays/?src=hash&ref_src=twsrc%5Etfw,verified,False,False,False
baseline,https://robertdevore.com/relentless/,https://twitter.com/DevioDigital/status/793845559828189184/?ref_src=twsrc%5Etfw,"November 2, 2016",article,200,https://x.com/DevioDigital/status/793845559828189184/?ref_src=twsrc%5Etfw,verified,False,False,False
baseline,https://robertdevore.com/relentless/,https://www.wpdispensary.com/,WP Dispensary,article,200,https://wpdispensary.com/,verified,False,False,False
baseline,https://robertdevore.com/relentless/,https://twitter.com/hashtag/WPDWednesdays/?src=hash,#WPDWednesdays,article,200,https://x.com/hashtag/WPDWednesdays/?src=hash,verified,False,False,False
baseline,https://robertdevore.com/relentless/,https://twitter.com/hashtag/KeepGoingYouGotThis/?src=hash&ref_src=twsrc%5Etfw,#KeepGoingYouGotThis,article,200,https://x.com/hashtag/KeepGoingYouGotThis/?src=hash&ref_src=twsrc%5Etfw,verified,False,False,False
baseline,https://robertdevore.com/relentless/,https://twitter.com/deviorobert/status/755082827784347648/?ref_src=twsrc%5Etfw,"July 18, 2016",article,200,https://x.com/deviorobert/status/755082827784347648/?ref_src=twsrc%5Etfw,verified,False,False,False
baseline,https://robertdevore.com/relentless/,https://x.com/deviorobert/,[non-text link],navigation,200,https://x.com/deviorobert,verified,False,False,False
baseline,https://robertdevore.com/relentless/,https://github.com/robertdevore/,[non-text link],navigation,200,https://github.com/robertdevore/,verified,False,False,False
baseline,https://robertdevore.com/rethinking-keyword-research-in-the-age-of-ai/,https://ahrefs.com/,Ahrefs,article,200,https://ahrefs.com/,verified,False,False,False
baseline,https://robertdevore.com/rethinking-keyword-research-in-the-age-of-ai/,https://stattic.site/,building one,article,200,https://stattic.site/,verified,False,False,False
baseline,https://robertdevore.com/rethinking-keyword-research-in-the-age-of-ai/,https://t.co/mGoECwVfYJ/,pic.twitter.com/mGoECwVfYJ,article,404,https://t.co/mGoECwVfYJ/,verified,False,False,False
baseline,https://robertdevore.com/rethinking-keyword-research-in-the-age-of-ai/,https://twitter.com/deviorobert/status/1907495064387141904/?ref_src=twsrc%5Etfw,"April 2, 2025",article,200,https://x.com/deviorobert/status/1907495064387141904/?ref_src=twsrc%5Etfw,verified,False,False,False
baseline,https://robertdevore.com/rethinking-keyword-research-in-the-age-of-ai/,https://x.com/deviorobert/,[non-text link],navigation,200,https://x.com/deviorobert,verified,False,False,False
baseline,https://robertdevore.com/rethinking-keyword-research-in-the-age-of-ai/,https://github.com/robertdevore/,[non-text link],navigation,200,https://github.com/robertdevore/,verified,False,False,False
baseline,https://robertdevore.com/reusable-flask-error-handling-a-step-by-step-guide-to-modular-http-error-responses/,https://savage.robertdevore.com/,Savage Scanner,article,0,,not checked,False,False,False
baseline,https://robertdevore.com/reusable-flask-error-handling-a-step-by-step-guide-to-modular-http-error-responses/,https://vuln.robertdevore.com/,Vuln Search,article,0,,not checked,False,False,False
baseline,https://robertdevore.com/reusable-flask-error-handling-a-step-by-step-guide-to-modular-http-error-responses/,https://x.com/deviorobert/,[non-text link],navigation,200,https://x.com/deviorobert,verified,False,False,False
baseline,https://robertdevore.com/reusable-flask-error-handling-a-step-by-step-guide-to-modular-http-error-responses/,https://github.com/robertdevore/,[non-text link],navigation,200,https://github.com/robertdevore/,verified,False,False,False
baseline,https://robertdevore.com/run-a-tor-relay/,http://arstechnica.com/information-technology/2013/04/tor-calls-for-help-as-its-supply-of-bridges-falters/,Tor has been in need of middle relays,article,200,https://arstechnica.com:443/information-technology/2013/04/tor-calls-for-help-as-its-supply-of-bridges-falters/,verified,False,False,False
baseline,https://robertdevore.com/run-a-tor-relay/,http://www.torproject.org/,Tor website,article,200,https://www.torproject.org/,verified,False,False,False
baseline,https://robertdevore.com/run-a-tor-relay/,http://www.torproject.org/docs/tor-doc-relay.html.en,here,article,200,https://support.torproject.org/,verified,False,False,False
baseline,https://robertdevore.com/run-a-tor-relay/,http://www.torproject.org/docs/tor-relay-debian.html.en,here,article,200,https://support.torproject.org/,verified,False,False,False
baseline,https://robertdevore.com/run-a-tor-relay/,http://lists.torproject.org/pipermail/tor-relays/2013-January/001834.html,OK with middle relays for Tor,article,200,https://archive.torproject.org/websites/lists.torproject.org/pipermail/tor-relays/2013-January/001834.html,verified,False,False,False
baseline,https://robertdevore.com/run-a-tor-relay/,http://www.chiark.greenend.org.uk/~sgtatham/putty/,PuTTY,article,200,https://www.chiark.greenend.org.uk/~sgtatham/putty/,verified,False,False,False
baseline,https://robertdevore.com/run-a-tor-relay/,http://www.torproject.org/,Tor,article,200,https://www.torproject.org/,verified,False,False,False
baseline,https://robertdevore.com/run-a-tor-relay/,http://www.torproject.org/projects/arm.html.en,Arm,article,404,https://2019.www.torproject.org/projects/arm.html.en,verified,False,False,False
baseline,https://robertdevore.com/run-a-tor-relay/,http://blog.torproject.org/blog/lifecycle-of-a-new-relay/,this article,article,200,https://blog.torproject.org/lifecycle-of-a-new-relay/,verified,False,False,False
baseline,https://robertdevore.com/run-a-tor-relay/,http://www.torproject.org/index.html.en,Tor Project,article,404,https://www.torproject.org/index.html.en,verified,False,False,False
baseline,https://robertdevore.com/run-a-tor-relay/,http://www.eff.org/torchallenge/,EFF's Tor Challenge,article,404,https://www.eff.org/torchallenge/,verified,False,False,False
baseline,https://robertdevore.com/run-a-tor-relay/,http://gist.github.com/pdp7/138768f9279740096fe8/,This Gist,article,200,https://gist.github.com/pdp7/138768f9279740096fe8/,verified,False,False,False
baseline,https://robertdevore.com/run-a-tor-relay/,http://longren.io/tor-is-important-for-privacy-and-the-internet/,Tyler Longren's article,article,404,https://longren.io/tor-is-important-for-privacy-and-the-internet/,verified,False,False,False
baseline,https://robertdevore.com/run-a-tor-relay/,https://x.com/deviorobert/,[non-text link],navigation,200,https://x.com/deviorobert,verified,False,False,False
baseline,https://robertdevore.com/run-a-tor-relay/,https://github.com/robertdevore/,[non-text link],navigation,200,https://github.com/robertdevore/,verified,False,False,False
baseline,https://robertdevore.com/say-goodbye-to-wordpress/,https://stattic.site/,Stattic,article,200,https://stattic.site/,verified,False,False,False
baseline,https://robertdevore.com/say-goodbye-to-wordpress/,https://x.com/deviorobert/,[non-text link],navigation,200,https://x.com/deviorobert,verified,False,False,False
baseline,https://robertdevore.com/say-goodbye-to-wordpress/,https://github.com/robertdevore/,[non-text link],navigation,200,https://github.com/robertdevore/,verified,False,False,False
baseline,https://robertdevore.com/set-featured-images-programatically-wordpress/,https://www.woocommerce.com/,WooCommerce,article,200,https://woocommerce.com/,verified,False,False,False
baseline,https://robertdevore.com/set-featured-images-programatically-wordpress/,https://github.com/robertdevore/woocommerce-set-featured-images/,Github repository,article,200,https://github.com/robertdevore/woocommerce-set-featured-images/,verified,False,False,False
baseline,https://robertdevore.com/set-featured-images-programatically-wordpress/,https://x.com/deviorobert/,[non-text link],navigation,200,https://x.com/deviorobert,verified,False,False,False
baseline,https://robertdevore.com/set-featured-images-programatically-wordpress/,https://github.com/robertdevore/,[non-text link],navigation,200,https://github.com/robertdevore/,verified,False,False,False
baseline,https://robertdevore.com/slackedd/,https://twitter.com/deviorobert/status/674927533943582720/,tweeted,article,200,https://x.com/deviorobert/status/674927533943582720/,verified,False,False,False
baseline,https://robertdevore.com/slackedd/,https://github.com/radishconcepts/WordPress-GitHub-Plugin-Updater/,WordPress Github Plugin Updater,article,200,https://github.com/radishconcepts/WordPress-GitHub-Plugin-Updater/,verified,False,False,False
baseline,https://robertdevore.com/slackedd/,https://github.com/jkudish/,Joey Kudish,article,200,https://github.com/jkudish/,verified,False,False,False
baseline,https://robertdevore.com/slackedd/,https://slack.com/,Slack,article,200,https://slack.com/,verified,False,False,False
baseline,https://robertdevore.com/slackedd/,https://easydigitaldownloads.com/,Easy Digital Downloads,article,200,https://easydigitaldownloads.com/,verified,False,False,False
baseline,https://robertdevore.com/slackedd/,https://github.com/jkudish/,Joey Kudish,article,200,https://github.com/jkudish/,verified,False,False,False
baseline,https://robertdevore.com/slackedd/,https://github.com/radishconcepts/WordPress-GitHub-Plugin-Updater/,WordPress Github Plugin Updater,article,200,https://github.com/radishconcepts/WordPress-GitHub-Plugin-Updater/,verified,False,False,False
baseline,https://robertdevore.com/slackedd/,http://www.radishconcepts.com/,Radish Concepts,article,200,https://www.radishconcepts.com/,verified,False,False,False
baseline,https://robertdevore.com/slackedd/,https://github.com/squizlabs/,Squiz Labs,article,200,https://github.com/squizlabs/,verified,False,False,False
baseline,https://robertdevore.com/slackedd/,https://github.com/squizlabs/PHP_CodeSniffer/,PHP_CodeSniffer,article,200,https://github.com/squizlabs/PHP_CodeSniffer/,verified,False,False,False
baseline,https://robertdevore.com/slackedd/,https://github.com/WordPress-Coding-Standards/WordPress-Coding-Standards/,WordPress Coding Standards,article,200,https://github.com/WordPress/WordPress-Coding-Standards,verified,False,False,False
baseline,https://robertdevore.com/slackedd/,https://github.com/deviodigital/Slackedd/,Github,article,200,https://github.com/robertdevore/Slackedd,verified,False,False,False
baseline,https://robertdevore.com/slackedd/,https://github.com/deviodigital/Slackedd/,Github repository,article,200,https://github.com/robertdevore/Slackedd,verified,False,False,False
baseline,https://robertdevore.com/slackedd/,https://x.com/deviorobert/,[non-text link],navigation,200,https://x.com/deviorobert,verified,False,False,False
baseline,https://robertdevore.com/slackedd/,https://github.com/robertdevore/,[non-text link],navigation,200,https://github.com/robertdevore/,verified,False,False,False
baseline,https://robertdevore.com/stattic-v0-3-0-release-llms-txt-faster-gifs-leaner-core-and-smarter-routing/,https://stattic.site/,Stattic,article,200,https://stattic.site/,verified,False,False,False
baseline,https://robertdevore.com/stattic-v0-3-0-release-llms-txt-faster-gifs-leaner-core-and-smarter-routing/,https://github.com/getstattic/stattic/releases/,See full changelog on GitHub,article,200,https://github.com/getstattic/stattic/releases/,verified,False,False,False
baseline,https://robertdevore.com/stattic-v0-3-0-release-llms-txt-faster-gifs-leaner-core-and-smarter-routing/,https://x.com/deviorobert/,[non-text link],navigation,200,https://x.com/deviorobert,verified,False,False,False
baseline,https://robertdevore.com/stattic-v0-3-0-release-llms-txt-faster-gifs-leaner-core-and-smarter-routing/,https://github.com/robertdevore/,[non-text link],navigation,200,https://github.com/robertdevore/,verified,False,False,False
baseline,https://robertdevore.com/stattic-v1-0-the-worlds-fastest-python-based-static-site-generator/,https://python.robertdevore.com/,Python course,article,200,https://python.robertdevore.com/,verified,False,False,False
baseline,https://robertdevore.com/stattic-v1-0-the-worlds-fastest-python-based-static-site-generator/,https://stattic.site/,Stattic,article,200,https://stattic.site/,verified,False,False,False
baseline,https://robertdevore.com/stattic-v1-0-the-worlds-fastest-python-based-static-site-generator/,https://ssg-build-performance-tests.netlify.app/,dat,article,200,https://ssg-build-performance-tests.netlify.app/,verified,False,False,False
baseline,https://robertdevore.com/stattic-v1-0-the-worlds-fastest-python-based-static-site-generator/,https://ssg-build-performance-tests.netlify.app/,a,article,200,https://ssg-build-performance-tests.netlify.app/,verified,False,False,False
baseline,https://robertdevore.com/stattic-v1-0-the-worlds-fastest-python-based-static-site-generator/,https://css-tricks.com/comparing-static-site-generator-build-times/,CSS Tricks,article,200,https://css-tricks.com/comparing-static-site-generator-build-times/,verified,False,False,False
baseline,https://robertdevore.com/stattic-v1-0-the-worlds-fastest-python-based-static-site-generator/,https://x.com/deviorobert/status/1900010961857024183/,here,article,200,https://x.com/deviorobert/status/1900010961857024183/,verified,False,False,False
baseline,https://robertdevore.com/stattic-v1-0-the-worlds-fastest-python-based-static-site-generator/,https://stattic.site/,Stattic,article,200,https://stattic.site/,verified,False,False,False
baseline,https://robertdevore.com/stattic-v1-0-the-worlds-fastest-python-based-static-site-generator/,https://stattic.site/,Stattic,article,200,https://stattic.site/,verified,False,False,False
baseline,https://robertdevore.com/stattic-v1-0-the-worlds-fastest-python-based-static-site-generator/,https://pypi.org/project/stattic/,Install Stattic,article,200,https://pypi.org/project/stattic/,verified,False,False,False
baseline,https://robertdevore.com/stattic-v1-0-the-worlds-fastest-python-based-static-site-generator/,https://github.com/getstattic/stattic/,View the source,article,200,https://github.com/getstattic/stattic/,verified,False,False,False
baseline,https://robertdevore.com/stattic-v1-0-the-worlds-fastest-python-based-static-site-generator/,https://demo.stattic.site/,View the demo,article,0,,not checked,False,False,False
baseline,https://robertdevore.com/stattic-v1-0-the-worlds-fastest-python-based-static-site-generator/,https://docs.stattic.site/,View the docs,article,0,,not checked,False,False,False
baseline,https://robertdevore.com/stattic-v1-0-the-worlds-fastest-python-based-static-site-generator/,https://x.com/deviorobert/,[non-text link],navigation,200,https://x.com/deviorobert,verified,False,False,False
baseline,https://robertdevore.com/stattic-v1-0-the-worlds-fastest-python-based-static-site-generator/,https://github.com/robertdevore/,[non-text link],navigation,200,https://github.com/robertdevore/,verified,False,False,False
baseline,https://robertdevore.com/stop-gambling-with-client-trust-why-skipping-a-security-audit-is-a-risk-you-cant-afford/,https://x.com/deviorobert/,[non-text link],navigation,200,https://x.com/deviorobert,verified,False,False,False
baseline,https://robertdevore.com/stop-gambling-with-client-trust-why-skipping-a-security-audit-is-a-risk-you-cant-afford/,https://github.com/robertdevore/,[non-text link],navigation,200,https://github.com/robertdevore/,verified,False,False,False
baseline,https://robertdevore.com/tag/,https://x.com/deviorobert/,[non-text link],navigation,200,https://x.com/deviorobert,verified,False,False,False
baseline,https://robertdevore.com/tag/,https://github.com/robertdevore/,[non-text link],navigation,200,https://github.com/robertdevore/,verified,False,False,False
baseline,https://robertdevore.com/tag/ai/,https://x.com/deviorobert/,[non-text link],navigation,200,https://x.com/deviorobert,verified,False,False,False
baseline,https://robertdevore.com/tag/ai/,https://github.com/robertdevore/,[non-text link],navigation,200,https://github.com/robertdevore/,verified,False,False,False
baseline,https://robertdevore.com/tag/archive/,https://x.com/deviorobert/,[non-text link],navigation,200,https://x.com/deviorobert,verified,False,False,False
baseline,https://robertdevore.com/tag/archive/,https://github.com/robertdevore/,[non-text link],navigation,200,https://github.com/robertdevore/,verified,False,False,False
baseline,https://robertdevore.com/tag/engineering/,https://x.com/deviorobert/,[non-text link],navigation,200,https://x.com/deviorobert,verified,False,False,False
baseline,https://robertdevore.com/tag/engineering/,https://github.com/robertdevore/,[non-text link],navigation,200,https://github.com/robertdevore/,verified,False,False,False
baseline,https://robertdevore.com/tag/essays/,https://x.com/deviorobert/,[non-text link],navigation,200,https://x.com/deviorobert,verified,False,False,False
baseline,https://robertdevore.com/tag/essays/,https://github.com/robertdevore/,[non-text link],navigation,200,https://github.com/robertdevore/,verified,False,False,False
baseline,https://robertdevore.com/tag/woocommerce/,https://x.com/deviorobert/,[non-text link],navigation,200,https://x.com/deviorobert,verified,False,False,False
baseline,https://robertdevore.com/tag/woocommerce/,https://github.com/robertdevore/,[non-text link],navigation,200,https://github.com/robertdevore/,verified,False,False,False
baseline,https://robertdevore.com/tag/wordpress/,https://x.com/deviorobert/,[non-text link],navigation,200,https://x.com/deviorobert,verified,False,False,False
baseline,https://robertdevore.com/tag/wordpress/,https://github.com/robertdevore/,[non-text link],navigation,200,https://github.com/robertdevore/,verified,False,False,False
baseline,https://robertdevore.com/thank-you-wordpress/,https://wordpress.org/news/2005/02/strayhorn/,released,article,200,https://wordpress.org/news/2005/02/strayhorn/,verified,False,False,False
baseline,https://robertdevore.com/thank-you-wordpress/,http://binarybonsai.com/kubrick/,Kubrick theme,article,404,https://binarybonsai.com/open-source,verified,False,False,False
baseline,https://robertdevore.com/thank-you-wordpress/,https://mikelittle.org/,Mike Little,article,200,https://mikelittle.org/,verified,False,False,False
baseline,https://robertdevore.com/thank-you-wordpress/,https://ma.tt/,Matt Mullenweg,article,200,https://ma.tt/,verified,False,False,False
baseline,https://robertdevore.com/thank-you-wordpress/,https://www.stackoverflow.com/,Stack Overflow,article,403,https://stackoverflow.com/,blocked/indeterminate,False,False,False
baseline,https://robertdevore.com/thank-you-wordpress/,https://www.github.com/,Github,article,200,https://github.com/,verified,False,False,False
baseline,https://robertdevore.com/thank-you-wordpress/,https://x.com/deviorobert/,[non-text link],navigation,200,https://x.com/deviorobert,verified,False,False,False
baseline,https://robertdevore.com/thank-you-wordpress/,https://github.com/robertdevore/,[non-text link],navigation,200,https://github.com/robertdevore/,verified,False,False,False
baseline,https://robertdevore.com/the-fastest-way-for-php-devs-to-learn-python/,https://stattic.site/,Stattic,article,200,https://stattic.site/,verified,False,False,False
baseline,https://robertdevore.com/the-fastest-way-for-php-devs-to-learn-python/,https://tailwindcss.com/,TailwindCSS,article,200,https://tailwindcss.com/,verified,False,False,False
baseline,https://robertdevore.com/the-fastest-way-for-php-devs-to-learn-python/,https://python.robertdevore.com/,Python Course,article,200,https://python.robertdevore.com/,verified,False,False,False
baseline,https://robertdevore.com/the-fastest-way-for-php-devs-to-learn-python/,https://stattic.site/,Stattic,article,200,https://stattic.site/,verified,False,False,False
baseline,https://robertdevore.com/the-fastest-way-for-php-devs-to-learn-python/,https://python.robertdevore.com/,Check out the course,article,200,https://python.robertdevore.com/,verified,False,False,False
baseline,https://robertdevore.com/the-fastest-way-for-php-devs-to-learn-python/,https://x.com/deviorobert/,[non-text link],navigation,200,https://x.com/deviorobert,verified,False,False,False
baseline,https://robertdevore.com/the-fastest-way-for-php-devs-to-learn-python/,https://github.com/robertdevore/,[non-text link],navigation,200,https://github.com/robertdevore/,verified,False,False,False
baseline,https://robertdevore.com/the-past-present-and-future-of-wp-dispensary/,https://www.wpdispensary.com/welcome-to-wp-dispensary/,released,article,200,https://wpdispensary.com/,verified,False,False,False
baseline,https://robertdevore.com/the-past-present-and-future-of-wp-dispensary/,https://www.wpdispensary.com/welcome-to-wp-dispensary/,this article,article,200,https://wpdispensary.com/,verified,False,False,False
baseline,https://robertdevore.com/the-past-present-and-future-of-wp-dispensary/,https://wordpress.org/plugins/wp-dispensary/,cannabis menu plugin,article,200,https://wordpress.org/plugins/wp-dispensary/,verified,False,False,False
baseline,https://robertdevore.com/the-past-present-and-future-of-wp-dispensary/,https://cannabiz.pro/,"CannaBiz Software, LLC",article,0,,not checked,False,False,False
baseline,https://robertdevore.com/the-past-present-and-future-of-wp-dispensary/,https://twitter.com/carlhancock/status/1547265192727289858/,it’s not SaaS,article,200,https://x.com/carlhancock/status/1547265192727289858/,verified,False,False,False
baseline,https://robertdevore.com/the-past-present-and-future-of-wp-dispensary/,https://gtmetrix.com/reports/demo.wpdispensary.com/Jia28NMK/,GT Matrix,article,403,https://gtmetrix.com/reports/demo.wpdispensary.com/Jia28NMK/,blocked/indeterminate,False,False,False
baseline,https://robertdevore.com/the-past-present-and-future-of-wp-dispensary/,https://twitter.com/deviorobert/,Twitter,article,200,https://x.com/deviorobert,verified,False,False,False
baseline,https://robertdevore.com/the-past-present-and-future-of-wp-dispensary/,https://twitter.com/deviorobert/status/1532204884619034626/,90 day grind,article,200,https://x.com/deviorobert/status/1532204884619034626/,verified,False,False,False
baseline,https://robertdevore.com/the-past-present-and-future-of-wp-dispensary/,https://x.com/deviorobert/,[non-text link],navigation,200,https://x.com/deviorobert,verified,False,False,False
baseline,https://robertdevore.com/the-past-present-and-future-of-wp-dispensary/,https://github.com/robertdevore/,[non-text link],navigation,200,https://github.com/robertdevore/,verified,False,False,False
baseline,https://robertdevore.com/tools-and-workflows-for-formatting-visuals-and-citations/,https://dillinger.io/,Dillinger,article,200,https://dillinger.io/,verified,False,False,False
baseline,https://robertdevore.com/tools-and-workflows-for-formatting-visuals-and-citations/,https://stackedit.io/,StackEdit,article,200,https://stackedit.io/,verified,False,False,False
baseline,https://robertdevore.com/tools-and-workflows-for-formatting-visuals-and-citations/,https://figma.com/,Figma,article,200,https://www.figma.com/,verified,False,False,False
baseline,https://robertdevore.com/tools-and-workflows-for-formatting-visuals-and-citations/,https://whimsical.com/,Whimsical,article,200,https://whimsical.com/,verified,False,False,False
baseline,https://robertdevore.com/tools-and-workflows-for-formatting-visuals-and-citations/,https://tana.inc/,Tana’s AI diagrams,article,200,https://tana.inc/,verified,False,False,False
baseline,https://robertdevore.com/tools-and-workflows-for-formatting-visuals-and-citations/,https://squoosh.app/,Squoosh.app,article,200,https://squoosh.app/,verified,False,False,False
baseline,https://robertdevore.com/tools-and-workflows-for-formatting-visuals-and-citations/,https://cloudconvert.com/,Cloud Convert,article,200,https://cloudconvert.com/,verified,False,False,False
baseline,https://robertdevore.com/tools-and-workflows-for-formatting-visuals-and-citations/,https://shortpixel.com/,ShortPixel,article,200,https://shortpixel.com/,verified,False,False,False
baseline,https://robertdevore.com/tools-and-workflows-for-formatting-visuals-and-citations/,https://tinypng.com/,TinyPNG,article,200,https://tinypng.com/,verified,False,False,False
baseline,https://robertdevore.com/tools-and-workflows-for-formatting-visuals-and-citations/,https://dillinger.io/,Dillinger,article,200,https://dillinger.io/,verified,False,False,False
baseline,https://robertdevore.com/tools-and-workflows-for-formatting-visuals-and-citations/,https://cloudconvert.com/,Cloud Convert,article,200,https://cloudconvert.com/,verified,False,False,False
baseline,https://robertdevore.com/tools-and-workflows-for-formatting-visuals-and-citations/,https://cleanshot.com/,Cleanshot X,article,200,https://cleanshot.com/,verified,False,False,False
baseline,https://robertdevore.com/tools-and-workflows-for-formatting-visuals-and-citations/,https://www.adobe.com/products/photoshop.html,Photoshop,article,200,https://www.adobe.com/products/photoshop.html,verified,False,False,False
baseline,https://robertdevore.com/tools-and-workflows-for-formatting-visuals-and-citations/,https://chatgpt.com/,ChatGPT,article,403,https://chatgpt.com/,blocked/indeterminate,False,False,False
baseline,https://robertdevore.com/tools-and-workflows-for-formatting-visuals-and-citations/,https://x.com/deviorobert/,[non-text link],navigation,200,https://x.com/deviorobert,verified,False,False,False
baseline,https://robertdevore.com/tools-and-workflows-for-formatting-visuals-and-citations/,https://github.com/robertdevore/,[non-text link],navigation,200,https://github.com/robertdevore/,verified,False,False,False
baseline,https://robertdevore.com/twitter-marketing/,http://www.statista.com/statistics/282087/number-of-monthly-active-twitter-users/,300 million active users,article,200,https://www.statista.com/statistics/282087/number-of-monthly-active-twitter-users/,verified,False,False,False
baseline,https://robertdevore.com/twitter-marketing/,http://www.internetlivestats.com/twitter-statistics/,"6,000 Tweets",article,200,https://www.internetlivestats.com/twitter-statistics/,verified,False,False,False
baseline,https://robertdevore.com/twitter-marketing/,https://blog.twitter.com/2013/new-tweets-per-second-record-and-how/,Twitter,article,403,https://blog.x.com/2013/new-tweets-per-second-record-and-how/,blocked/indeterminate,False,False,False
baseline,https://robertdevore.com/twitter-marketing/,http://twitter.com/search-advanced/,Advanced Search,article,520,http://twitter.com/search-advanced/,verified,False,False,False
baseline,https://robertdevore.com/twitter-marketing/,http://www.socialmediaexaminer.com/twitter-advanced-search-queries/,generating leads,article,200,https://www.socialmediaexaminer.com/twitter-advanced-search-queries/,verified,False,False,False
baseline,https://robertdevore.com/twitter-marketing/,http://twitter.com/search-advanced/,Twitter Advanced Search,article,520,http://twitter.com/search-advanced/,verified,False,False,False
baseline,https://robertdevore.com/twitter-marketing/,https://blog.bufferapp.com/twitter-advanced-search/,search features,article,200,https://buffer.com/resources/twitter-advanced-search/,verified,False,False,False
baseline,https://robertdevore.com/twitter-marketing/,https://zapier.com/blog/twitter-advanced-search-guide/,Zapier's Twitter Advanced Search Guide,article,200,https://zapier.com/blog/twitter-advanced-search-guide/,verified,False,False,False
baseline,https://robertdevore.com/twitter-marketing/,http://blog.hootsuite.com/advanced-twitter-search-tips-increase-customer-engagement/,Advanced Twitter Search Tips to Increase Customer Engagement,article,200,https://blog.hootsuite.com/twitter-marketing/,verified,False,False,False
baseline,https://robertdevore.com/twitter-marketing/,http://www.receptional.com/blog/a-comprehensive-list-of-twitter-search-operators/,Advanced Search Operators: How to Mine Twitter for Valuable Business Leads,article,404,https://www.receptional.com/blog/a-comprehensive-list-of-twitter-search-operators/,verified,False,False,False
baseline,https://robertdevore.com/twitter-marketing/,http://www.razorsocial.com/twitter-advanced-search/,Razor Social's Ultimate Guide to Twitter Advanced Search,article,404,http://www.razorsocial.com/twitter-advanced-search/,verified,False,False,False
baseline,https://robertdevore.com/twitter-marketing/,http://blog.twitter.com/2009/10/theres-list-for-that.html,since 2009,article,520,http://blog.twitter.com/2009/10/theres-list-for-that.html,verified,False,False,False
baseline,https://robertdevore.com/twitter-marketing/,http://www.socialmediaexaminer.com/use-twitter-lists-business/,Social Media Examiner,article,200,https://www.socialmediaexaminer.com/use-twitter-lists-business/,verified,False,False,False
baseline,https://robertdevore.com/twitter-marketing/,https://www.postplanner.com/101-best-twitter-lists-to-follow/,industry experts,article,200,https://www.postplanner.com/blog/how-to-use-twitter-to-grow-your-business/,verified,False,False,False
baseline,https://robertdevore.com/twitter-marketing/,http://www.socialmediaexaminer.com/8-twitter-tips-to-improve-your-twitter-marketing/,curate popular content,article,200,https://www.socialmediaexaminer.com/8-twitter-tips-to-improve-your-twitter-marketing/,verified,False,False,False
baseline,https://robertdevore.com/twitter-marketing/,http://sproutsocial.com/insights/twitter-lists/,Sprout Social,article,200,https://sproutsocial.com/glossary/twitter-list/,verified,False,False,False
baseline,https://robertdevore.com/twitter-marketing/,http://www.socialmediaexaminer.com/use-twitter-lists-business/,cultivate business leads,article,200,https://www.socialmediaexaminer.com/use-twitter-lists-business/,verified,False,False,False
baseline,https://robertdevore.com/twitter-marketing/,http://marketingland.com/twitter-lists-for-marketers-18738/,How Marketers Can Tap Into Twitter Lists,article,200,https://martech.org/twitter-lists-for-marketers/,verified,False,False,False
baseline,https://robertdevore.com/twitter-marketing/,http://simplymeasured.com/blog/5-ways-to-use-twitter-lists-as-a-marketing-tactic/,5 Ways to Use Twitter Lists as a Marketing Tactic,article,200,https://sproutsocial.com/,verified,False,False,False
baseline,https://robertdevore.com/twitter-marketing/,https://blog.bufferapp.com/twitter-lists/,23 Seldom-Used Ideas for How to Use Twitter Lists,article,200,https://buffer.com/resources/how-to-use-twitter/,verified,False,False,False
baseline,https://robertdevore.com/twitter-marketing/,http://www.agorapulse.com/blog/twitter-lists-business-opportunities/,9 Ways to Use Twitter Lists to Build New Business Opportunities,article,200,https://www.agorapulse.com/blog/twitter-management/twitter-lists-business-opportunities/,verified,False,False,False
baseline,https://robertdevore.com/twitter-marketing/,http://www.statisticbrain.com/twitter-statistics/,actively use Twitter,article,0,,not checked,False,False,False
baseline,https://robertdevore.com/twitter-marketing/,https://www.postplanner.com/get-more-retweets-pin-tweet-to-profile/,pinned tweet,article,200,https://www.postplanner.com/get-more-retweets-pin-tweet-to-profile/,verified,False,False,False
baseline,https://robertdevore.com/twitter-marketing/,https://www.brandwatch.com/2016/03/industry-opinion-heres-how-id-monetise-twitter/,Brand Watch,article,200,https://www.brandwatch.com/blog/social-media-management-guide/,verified,False,False,False
baseline,https://robertdevore.com/twitter-marketing/,https://www.twitter.com/wpdispensary/,@WPDispensary,article,200,https://x.com/wpdispensary,verified,False,False,False
baseline,https://robertdevore.com/twitter-marketing/,https://twitter.com/WPDispensary/status/741299852890509312/,[non-text link],article,200,https://x.com/WPDispensary/status/741299852890509312/,verified,False,False,False
baseline,https://robertdevore.com/twitter-marketing/,http://blog.hubspot.com/insiders/how-to-write-a-twitter-bio/,how to write an effective Twitter bio,article,200,https://blog.hubspot.com/blog/tabid/6307/bid/25084/the-ultimate-cheat-sheet-for-expert-twitter-marketing.aspx,verified,False,False,False
baseline,https://robertdevore.com/twitter-marketing/,https://blog.bufferapp.com/how-to-create-powerful-twitter-bio/,connect your account,article,200,https://buffer.com/resources/how-to-create-powerful-twitter-bio/,verified,False,False,False
baseline,https://robertdevore.com/twitter-marketing/,http://www.twitter.com/deviorobert/,personal Twitter account,article,520,http://www.twitter.com/deviorobert/,verified,False,False,False
baseline,https://robertdevore.com/twitter-marketing/,http://www.twitter.com/garyvee/,Gary Vaynerchuk,article,520,http://www.twitter.com/garyvee/,verified,False,False,False
baseline,https://robertdevore.com/twitter-marketing/,https://twitter.com/JackCanfield/,Jack Canfield,article,200,https://x.com/JackCanfield,verified,False,False,False
baseline,https://robertdevore.com/twitter-marketing/,http://blog.brand24.com/5-tips-on-twitter-cover-photo/,creative way,article,410,https://brand24.com/blog/5-tips-on-twitter-cover-photo/,verified,False,False,False
baseline,https://robertdevore.com/twitter-marketing/,http://sproutsocial.com/insights/social-media-image-sizes-guide/,Always Up-To-Date Social Media Image Sizes,article,200,https://sproutsocial.com/insights/social-media-image-sizes-guide/,verified,False,False,False
baseline,https://robertdevore.com/twitter-marketing/,http://www.convinceandconvert.com/social-media-strategy/7-ingredients-in-the-perfect-twitter-profile/,7 Ingredients in the perfect Twitter profile,article,200,http://www.convinceandconvert.com/social-media/7-ingredients-in-the-perfect-twitter-profile/,verified,False,False,False
baseline,https://robertdevore.com/twitter-marketing/,https://blog.hubspot.com/marketing/twitter-header-image-examples/,23 Brilliant Twitter Cover Photo examples,article,200,https://blog.hubspot.com/blog/tabid/6307/bid/25084/the-ultimate-cheat-sheet-for-expert-twitter-marketing.aspx,verified,False,False,False
baseline,https://robertdevore.com/twitter-marketing/,https://www.postplanner.com/awesome-twitter-bio-ideas-to-entice-followers/,7 Twitter Bio Ideas That Entice Followers (and Make You Unforgettable),article,200,https://www.postplanner.com/awesome-twitter-bio-ideas-to-entice-followers/,verified,False,False,False
baseline,https://robertdevore.com/twitter-marketing/,https://x.com/deviorobert/,[non-text link],navigation,200,https://x.com/deviorobert,verified,False,False,False
baseline,https://robertdevore.com/twitter-marketing/,https://github.com/robertdevore/,[non-text link],navigation,200,https://github.com/robertdevore/,verified,False,False,False
baseline,https://robertdevore.com/two-years-building-wp-dispensary/,https://www.wpdispensary.com/,WP Dispensary,article,200,https://wpdispensary.com/,verified,False,False,False
baseline,https://robertdevore.com/two-years-building-wp-dispensary/,https://www.wordpress.org/,WordPress,article,200,https://wordpress.org/,verified,False,False,False
baseline,https://robertdevore.com/two-years-building-wp-dispensary/,https://www.leafly.com/,Leafly,article,200,https://www.leafly.com/,verified,False,False,False
baseline,https://robertdevore.com/two-years-building-wp-dispensary/,https://twitter.com/hashtag/WPDispensary/?src=hash&ref_src=twsrc%5Etfw,#WPDispensary,article,200,https://x.com/hashtag/WPDispensary/?src=hash&ref_src=twsrc%5Etfw,verified,False,False,False
baseline,https://robertdevore.com/two-years-building-wp-dispensary/,https://twitter.com/deviorobert/status/668949190706380800/?ref_src=twsrc%5Etfw,"November 24, 2015",article,200,https://x.com/deviorobert/status/668949190706380800/?ref_src=twsrc%5Etfw,verified,False,False,False
baseline,https://robertdevore.com/two-years-building-wp-dispensary/,https://twitter.com/deviorobert/status/667510760902365184/,few,article,200,https://x.com/deviorobert/status/667510760902365184/,verified,False,False,False
baseline,https://robertdevore.com/two-years-building-wp-dispensary/,https://twitter.com/deviorobert/status/656810593698074624/,different,article,200,https://x.com/deviorobert/status/656810593698074624/,verified,False,False,False
baseline,https://robertdevore.com/two-years-building-wp-dispensary/,https://twitter.com/deviorobert/status/667767383067611136/,screenshots,article,200,https://x.com/deviorobert/status/667767383067611136/,verified,False,False,False
baseline,https://robertdevore.com/two-years-building-wp-dispensary/,https://www.wpdispensary.com/welcome-to-wp-dispensary/,officially launch,article,200,https://wpdispensary.com/,verified,False,False,False
baseline,https://robertdevore.com/two-years-building-wp-dispensary/,https://www.wordpress.org/plugins/dispensary-coupons/,Coupons,article,200,https://wordpress.org/plugins/dispensary-coupons/,verified,False,False,False
baseline,https://robertdevore.com/two-years-building-wp-dispensary/,https://www.wpdispensary.com/downloads/dispensary-downloads/,Locations,article,200,https://wpdispensary.com/,verified,False,False,False
baseline,https://robertdevore.com/two-years-building-wp-dispensary/,https://www.wpdispensary.com/marketing-for-dispensaries/,Marketing for Dispensaries,article,200,https://wpdispensary.com/,verified,False,False,False
baseline,https://robertdevore.com/two-years-building-wp-dispensary/,https://twitter.com/hashtag/ebook/?src=hash&ref_src=twsrc%5Etfw,#ebook,article,200,https://x.com/hashtag/ebook/?src=hash&ref_src=twsrc%5Etfw,verified,False,False,False
baseline,https://robertdevore.com/two-years-building-wp-dispensary/,https://twitter.com/hashtag/mmj/?src=hash&ref_src=twsrc%5Etfw,#mmj,article,200,https://x.com/hashtag/mmj/?src=hash&ref_src=twsrc%5Etfw,verified,False,False,False
baseline,https://robertdevore.com/two-years-building-wp-dispensary/,https://twitter.com/hashtag/cannabismarketing/?src=hash&ref_src=twsrc%5Etfw,#cannabismarketing,article,200,https://x.com/hashtag/cannabismarketing/?src=hash&ref_src=twsrc%5Etfw,verified,False,False,False
baseline,https://robertdevore.com/two-years-building-wp-dispensary/,https://twitter.com/hashtag/marketing/?src=hash&ref_src=twsrc%5Etfw,#marketing,article,200,https://x.com/hashtag/marketing/?src=hash&ref_src=twsrc%5Etfw,verified,False,False,False
baseline,https://robertdevore.com/two-years-building-wp-dispensary/,https://t.co/DRzsMaYqdb/,pic.twitter.com/DRzsMaYqdb,article,404,https://t.co/DRzsMaYqdb/,verified,False,False,False
baseline,https://robertdevore.com/two-years-building-wp-dispensary/,https://twitter.com/WPDispensary/status/743192879430926337/?ref_src=twsrc%5Etfw,"June 15, 2016",article,200,https://x.com/WPDispensary/status/743192879430926337/?ref_src=twsrc%5Etfw,verified,False,False,False
baseline,https://robertdevore.com/two-years-building-wp-dispensary/,https://www.wpdispensary.com/100-free-marijuana-stock-photos/,cannabis stock photos,article,200,https://wpdispensary.com/,verified,False,False,False
baseline,https://robertdevore.com/two-years-building-wp-dispensary/,https://www.wpdispensary.com/downloads/cannabiz/,CannaBiz WordPress theme,article,200,https://wpdispensary.com/,verified,False,False,False
baseline,https://robertdevore.com/two-years-building-wp-dispensary/,https://twitter.com/WPDispensary/status/741299852890509312/,June of 2016,article,200,https://x.com/WPDispensary/status/741299852890509312/,verified,False,False,False
baseline,https://robertdevore.com/two-years-building-wp-dispensary/,https://twitter.com/WPDispensary/status/771309557561696256/?ref_src=twsrc%5Etfw,"September 1, 2016",article,200,https://x.com/WPDispensary/status/771309557561696256/?ref_src=twsrc%5Etfw,verified,False,False,False
baseline,https://robertdevore.com/two-years-building-wp-dispensary/,https://www.wpdispensary.com/downloads/dispensary-top-sellers/,Dispensary Top Sellers,article,200,https://wpdispensary.com/,verified,False,False,False
baseline,https://robertdevore.com/two-years-building-wp-dispensary/,https://www.wpdispensary.com/downloads/dispensary-inventory-management/,Inventory Management,article,200,https://wpdispensary.com/,verified,False,False,False
baseline,https://robertdevore.com/two-years-building-wp-dispensary/,https://www.wordpress.org/plugins/dispensary-age-verification/,Dispensary Age Verification,article,200,https://wordpress.org/plugins/dispensary-age-verification/,verified,False,False,False
baseline,https://robertdevore.com/two-years-building-wp-dispensary/,https://www.wpdispensary.com/downloads/wooconnect-for-woocommerce/,Connect for WooCommerce,article,200,https://wpdispensary.com/,verified,False,False,False
baseline,https://robertdevore.com/two-years-building-wp-dispensary/,https://www.wpdispensary.com/downloads/wooconnect-for-woocommerce/,[non-text link],article,200,https://wpdispensary.com/,verified,False,False,False
baseline,https://robertdevore.com/two-years-building-wp-dispensary/,https://www.woocommerce.com/,WooCommerce,article,200,https://woocommerce.com/,verified,False,False,False
baseline,https://robertdevore.com/two-years-building-wp-dispensary/,https://www.wpdispensary.com/top-5-wp-dispensary-code-snippets/,Top 5 Code Snippets,article,200,https://wpdispensary.com/,verified,False,False,False
baseline,https://robertdevore.com/two-years-building-wp-dispensary/,https://www.wpdispensary.com/downloads/cannabiz/,CannaBiz,article,200,https://wpdispensary.com/,verified,False,False,False
baseline,https://robertdevore.com/two-years-building-wp-dispensary/,https://www.wpdispensary.com/wordpress-plugins-to-extend-cannabiz-dispensary-theme/,WordPress plugins to extend the CannaBiz dispensary theme,article,200,https://wpdispensary.com/,verified,False,False,False
baseline,https://robertdevore.com/two-years-building-wp-dispensary/,https://www.wpdispensary.com/wp-dispensary-heavyweights-extension/,Heavyweights,article,200,https://wpdispensary.com/,verified,False,False,False
baseline,https://robertdevore.com/two-years-building-wp-dispensary/,https://www.wpdispensary.com/wooconnect-for-woocommerce-version-2/,Connect for WooCommerce,article,200,https://wpdispensary.com/,verified,False,False,False
baseline,https://robertdevore.com/two-years-building-wp-dispensary/,https://www.wpdispensary.com/styles-add-on-release-notes/,Styles,article,200,https://wpdispensary.com/,verified,False,False,False
baseline,https://robertdevore.com/two-years-building-wp-dispensary/,https://www.wpdispensary.com/for-developers/,Developers,article,200,https://wpdispensary.com/,verified,False,False,False
baseline,https://robertdevore.com/two-years-building-wp-dispensary/,https://www.wpdispensary.com/for-dispensaries/,Dispensaries,article,200,https://wpdispensary.com/,verified,False,False,False
baseline,https://robertdevore.com/two-years-building-wp-dispensary/,https://www.wpdispensary.com/documentation/,documentation,article,200,https://wpdispensary.com/,verified,False,False,False
baseline,https://robertdevore.com/two-years-building-wp-dispensary/,https://www.wpdispensary.com/dispensary-details-woocommerce/,Dispensary Details for WooCommerce,article,200,https://wpdispensary.com/,verified,False,False,False
baseline,https://robertdevore.com/two-years-building-wp-dispensary/,https://www.woocommerce.com/,WooCommerce,article,200,https://woocommerce.com/,verified,False,False,False
baseline,https://robertdevore.com/two-years-building-wp-dispensary/,https://www.wptavern.com/,WP Tavern,article,200,https://wptavern.com/,verified,False,False,False
baseline,https://robertdevore.com/two-years-building-wp-dispensary/,https://wptavern.com/new-dispensary-details-plugin-for-woocommerce-adds-cannabis-details-to-products/,New Dispensary Details Plugin for WooCommerce Adds Cannabis Details to Products,article,200,https://wptavern.com/new-dispensary-details-plugin-for-woocommerce-adds-cannabis-details-to-products,verified,False,False,False
baseline,https://robertdevore.com/two-years-building-wp-dispensary/,https://twitter.com/WPDispensary/?ref_src=twsrc%5Etfw,@WPDispensary,article,200,https://x.com/WPDispensary?ref_src=twsrc%5Etfw,verified,False,False,False
baseline,https://robertdevore.com/two-years-building-wp-dispensary/,https://twitter.com/deviorobert/status/912642836759236608/?ref_src=twsrc%5Etfw,"September 26, 2017",article,200,https://x.com/deviorobert/status/912642836759236608/?ref_src=twsrc%5Etfw,verified,False,False,False
baseline,https://robertdevore.com/two-years-building-wp-dispensary/,https://www.wpdispensary.com/,WP Dispensary,article,200,https://wpdispensary.com/,verified,False,False,False
baseline,https://robertdevore.com/two-years-building-wp-dispensary/,http://dispensary.press/,Dispensary.Press,article,0,,not checked,False,False,False
baseline,https://robertdevore.com/two-years-building-wp-dispensary/,http://cannabiz.design/,CannaBiz.Design,article,0,,not checked,False,False,False
baseline,https://robertdevore.com/two-years-building-wp-dispensary/,http://marijuanalawshq.com/,Marijuana Laws HQ,article,0,,not checked,False,False,False
baseline,https://robertdevore.com/two-years-building-wp-dispensary/,https://t.co/C9pDCbzkdx/,pic.twitter.com/C9pDCbzkdx,article,404,https://t.co/C9pDCbzkdx/,verified,False,False,False
baseline,https://robertdevore.com/two-years-building-wp-dispensary/,https://twitter.com/deviorobert/status/879021753443504128/?ref_src=twsrc%5Etfw,"June 25, 2017",article,200,https://x.com/deviorobert/status/879021753443504128/?ref_src=twsrc%5Etfw,verified,False,False,False
baseline,https://robertdevore.com/two-years-building-wp-dispensary/,https://x.com/deviorobert/,[non-text link],navigation,200,https://x.com/deviorobert,verified,False,False,False
baseline,https://robertdevore.com/two-years-building-wp-dispensary/,https://github.com/robertdevore/,[non-text link],navigation,200,https://github.com/robertdevore/,verified,False,False,False
baseline,https://robertdevore.com/use-ai-to-create-your-own-wwf-action-figure-blister-packs/,https://wwf.robertdevore.com/,WWF action figure blister pack,article,200,https://wwf.robertdevore.com/,verified,False,False,False
baseline,https://robertdevore.com/use-ai-to-create-your-own-wwf-action-figure-blister-packs/,https://x.com/deviorobert/status/1908725127056863581/,see here,article,200,https://x.com/deviorobert/status/1908725127056863581/,verified,False,False,False
baseline,https://robertdevore.com/use-ai-to-create-your-own-wwf-action-figure-blister-packs/,https://x.com/deviorobert/status/1909286888050995392/,25 popular icon designs styles,article,200,https://x.com/deviorobert/status/1909286888050995392/,verified,False,False,False
baseline,https://robertdevore.com/use-ai-to-create-your-own-wwf-action-figure-blister-packs/,https://prompts.robertdevore.com/blog/wwf-action-figure-blister-pack-json-prompt/,prompt,article,200,https://prompts.robertdevore.com/blog/wwf-action-figure-blister-pack-json-prompt/,verified,False,False,False
baseline,https://robertdevore.com/use-ai-to-create-your-own-wwf-action-figure-blister-packs/,https://prompts.robertdevore.com/,AI prompt library,article,200,https://prompts.robertdevore.com/,verified,False,False,False
baseline,https://robertdevore.com/use-ai-to-create-your-own-wwf-action-figure-blister-packs/,https://x.com/deviorobert/,[non-text link],navigation,200,https://x.com/deviorobert,verified,False,False,False
baseline,https://robertdevore.com/use-ai-to-create-your-own-wwf-action-figure-blister-packs/,https://github.com/robertdevore/,[non-text link],navigation,200,https://github.com/robertdevore/,verified,False,False,False
baseline,https://robertdevore.com/what-makes-content-beautifully-useful/,https://x.com/deviorobert/,[non-text link],navigation,200,https://x.com/deviorobert,verified,False,False,False
baseline,https://robertdevore.com/what-makes-content-beautifully-useful/,https://github.com/robertdevore/,[non-text link],navigation,200,https://github.com/robertdevore/,verified,False,False,False
baseline,https://robertdevore.com/why-wordpress-plugin-developers-need-security-audits/,https://x.com/deviorobert/,[non-text link],navigation,200,https://x.com/deviorobert,verified,False,False,False
baseline,https://robertdevore.com/why-wordpress-plugin-developers-need-security-audits/,https://github.com/robertdevore/,[non-text link],navigation,200,https://github.com/robertdevore/,verified,False,False,False
baseline,https://robertdevore.com/woocommerce-dispensary-details-plugin/,https://www.wpdispensary.com/,WP Dispensary,article,200,https://wpdispensary.com/,verified,False,False,False
baseline,https://robertdevore.com/woocommerce-dispensary-details-plugin/,https://www.giphy.com/,giphy,article,200,https://giphy.com/,verified,False,False,False
baseline,https://robertdevore.com/woocommerce-dispensary-details-plugin/,https://giphy.com/,giphy,article,200,https://giphy.com/,verified,False,False,False
baseline,https://robertdevore.com/woocommerce-dispensary-details-plugin/,https://www.woocommerce.com/,WooCommerce,article,200,https://woocommerce.com/,verified,False,False,False
baseline,https://robertdevore.com/woocommerce-dispensary-details-plugin/,https://www.giphy.com/,giphy,article,200,https://giphy.com/,verified,False,False,False
baseline,https://robertdevore.com/woocommerce-dispensary-details-plugin/,https://www.giphy.com/,giphy,article,200,https://giphy.com/,verified,False,False,False
baseline,https://robertdevore.com/woocommerce-dispensary-details-plugin/,https://www.wpdispensary.com/downloads/dispensary-details-for-woocommerce/,product page,article,200,https://wpdispensary.com/,verified,False,False,False
baseline,https://robertdevore.com/woocommerce-dispensary-details-plugin/,https://x.com/deviorobert/,[non-text link],navigation,200,https://x.com/deviorobert,verified,False,False,False
baseline,https://robertdevore.com/woocommerce-dispensary-details-plugin/,https://github.com/robertdevore/,[non-text link],navigation,200,https://github.com/robertdevore/,verified,False,False,False
baseline,https://robertdevore.com/wordpress-custom-post-types-code-snippets/,https://www.wpdispensary.com/,WP Dispensary,article,200,https://wpdispensary.com/,verified,False,False,False
baseline,https://robertdevore.com/wordpress-custom-post-types-code-snippets/,https://codex.wordpress.org/Version_3.0,version 3.0,article,403,https://codex.wordpress.org/Version_3.0,blocked/indeterminate,False,False,False
baseline,https://robertdevore.com/wordpress-custom-post-types-code-snippets/,https://torquemag.io/2015/12/wordpress-custom-post-types-tutorial/,Torque,article,200,https://torquemag.io/2015/12/wordpress-custom-post-types-tutorial/,verified,False,False,False
baseline,https://robertdevore.com/wordpress-custom-post-types-code-snippets/,https://www.twitter.com/deviorobert/,Twitter,article,200,https://x.com/deviorobert,verified,False,False,False
baseline,https://robertdevore.com/wordpress-custom-post-types-code-snippets/,https://angularjs.org/,AngularJS,article,200,https://angularjs.org/,verified,False,False,False
baseline,https://robertdevore.com/wordpress-custom-post-types-code-snippets/,https://vuejs.org/,vue.js,article,200,https://vuejs.org/,verified,False,False,False
baseline,https://robertdevore.com/wordpress-custom-post-types-code-snippets/,https://www.wpdispensary.com/demo/wp-json/wp/v2/flowers/,here,article,200,https://wpdispensary.com/,verified,False,False,False
baseline,https://robertdevore.com/wordpress-custom-post-types-code-snippets/,https://www.wpdispensary.com/,WP Dispensary,article,200,https://wpdispensary.com/,verified,False,False,False
baseline,https://robertdevore.com/wordpress-custom-post-types-code-snippets/,https://codex.wordpress.org/Embeds/,Embeds,article,403,https://codex.wordpress.org/Embeds/,blocked/indeterminate,False,False,False
baseline,https://robertdevore.com/wordpress-custom-post-types-code-snippets/,https://github.com/deviodigital/wp-dispensary/blob/2a7984cba6308498f3229d9035265bbdc7b2180d/public/class-wp-dispensary-public.php,here,article,200,https://github.com/getCannaBiz/cannabiz-menu/blob/2a7984cba6308498f3229d9035265bbdc7b2180d/public/class-wp-dispensary-public.php,verified,False,False,False
baseline,https://robertdevore.com/wordpress-custom-post-types-code-snippets/,https://codex.wordpress.org/Function_Reference/flush_rewrite_rules/,in the codex,article,403,https://codex.wordpress.org/Function_Reference/flush_rewrite_rules/,blocked/indeterminate,False,False,False
baseline,https://robertdevore.com/wordpress-custom-post-types-code-snippets/,https://github.com/deviodigital/wp-dispensary/blob/master/wp-dispensary.php,activation hook,article,200,https://github.com/getCannaBiz/cannabiz-menu/blob/master/wp-dispensary.php,verified,False,False,False
baseline,https://robertdevore.com/wordpress-custom-post-types-code-snippets/,https://codex.wordpress.org/Taxonomies/,tag,article,403,https://codex.wordpress.org/Taxonomies/,blocked/indeterminate,False,False,False
baseline,https://robertdevore.com/wordpress-custom-post-types-code-snippets/,https://codex.wordpress.org/Taxonomies/,category,article,403,https://codex.wordpress.org/Taxonomies/,blocked/indeterminate,False,False,False
baseline,https://robertdevore.com/wordpress-custom-post-types-code-snippets/,https://codex.wordpress.org/Settings_Permalinks_Screen/,permalink,article,403,https://codex.wordpress.org/Settings_Permalinks_Screen/,blocked/indeterminate,False,False,False
baseline,https://robertdevore.com/wordpress-custom-post-types-code-snippets/,http://www.ibenic.com/5-ways-make-plugin-extensible/,5 Ways to Make your WordPress Plugin Really Extensible,article,200,https://www.ibenic.com/5-ways-make-plugin-extensible/,verified,False,False,False
baseline,https://robertdevore.com/wordpress-custom-post-types-code-snippets/,https://hollerwp.com/wordpress-settings-autocomplete-field-using-ajax/,How to Make a WordPress Settings Autocomplete Field Using Ajax,article,200,https://hollerwp.com/wordpress-settings-autocomplete-field-using-ajax/,verified,False,False,False
baseline,https://robertdevore.com/wordpress-custom-post-types-code-snippets/,http://www.wpbeginner.com/wp-tutorials/12-most-useful-wordpress-custom-post-types-tutorials/,12 Most Useful WordPress Custom Post Types Tutorials,article,200,https://www.wpbeginner.com/wp-tutorials/12-most-useful-wordpress-custom-post-types-tutorials/,verified,False,False,False
baseline,https://robertdevore.com/wordpress-custom-post-types-code-snippets/,https://x.com/deviorobert/,[non-text link],navigation,200,https://x.com/deviorobert,verified,False,False,False
baseline,https://robertdevore.com/wordpress-custom-post-types-code-snippets/,https://github.com/robertdevore/,[non-text link],navigation,200,https://github.com/robertdevore/,verified,False,False,False
baseline,https://robertdevore.com/wordpress-plugin-security-is-a-joke-and-youre-the-punchline/,https://chatgpt.com/c/6826682a-bec0-800d-9ceb-68081e1362ba/,Contact me. Let’s lock it down.,article,403,https://chatgpt.com/c/6826682a-bec0-800d-9ceb-68081e1362ba/,blocked/indeterminate,False,False,False
baseline,https://robertdevore.com/wordpress-plugin-security-is-a-joke-and-youre-the-punchline/,https://x.com/deviorobert/,[non-text link],navigation,200,https://x.com/deviorobert,verified,False,False,False
baseline,https://robertdevore.com/wordpress-plugin-security-is-a-joke-and-youre-the-punchline/,https://github.com/robertdevore/,[non-text link],navigation,200,https://github.com/robertdevore/,verified,False,False,False
baseline,https://robertdevore.com/wordpress-woocommerce-plugins-i-will-no-longer-maintain/,https://github.com/robertdevore/bluesky-feed-for-wordpress/,Bluesky Feed for WordPress®,article,200,https://github.com/WebDevStudios/bluesky-feed-for-wordpress,verified,False,False,False
baseline,https://robertdevore.com/wordpress-woocommerce-plugins-i-will-no-longer-maintain/,https://github.com/robertdevore/slop-stopper/,Slop Stopper,article,200,https://github.com/WebDevStudios/slop-stopper,verified,False,False,False
baseline,https://robertdevore.com/wordpress-woocommerce-plugins-i-will-no-longer-maintain/,https://github.com/robertdevore/markdown-comments-for-wordpress/,Markdown Comments for WordPress®,article,200,https://github.com/robertdevore/markdown-comments-for-wordpress/,verified,False,False,False
baseline,https://robertdevore.com/wordpress-woocommerce-plugins-i-will-no-longer-maintain/,https://github.com/robertdevore/stats-for-wordpress/,Stats for WordPress®,article,200,https://github.com/robertdevore/stats-for-wordpress/,verified,False,False,False
baseline,https://robertdevore.com/wordpress-woocommerce-plugins-i-will-no-longer-maintain/,https://github.com/robertdevore/a11y-testimonial/,A11Y Testimonial Block,article,200,https://github.com/WebDevStudios/a11y-testimonial,verified,False,False,False
baseline,https://robertdevore.com/wordpress-woocommerce-plugins-i-will-no-longer-maintain/,https://github.com/robertdevore/db-version-control/,DB Version Control,article,200,https://github.com/WebDevStudios/db-version-control,verified,False,False,False
baseline,https://robertdevore.com/wordpress-woocommerce-plugins-i-will-no-longer-maintain/,https://github.com/robertdevore/img-a11y/,IMG A11Y,article,200,https://github.com/WebDevStudios/img-a11y,verified,False,False,False
baseline,https://robertdevore.com/wordpress-woocommerce-plugins-i-will-no-longer-maintain/,https://github.com/robertdevore/llms-txt-generator/,LLMs.txt Generator for WordPress®,article,200,https://github.com/robertdevore/llms-txt-generator/,verified,False,False,False
baseline,https://robertdevore.com/wordpress-woocommerce-plugins-i-will-no-longer-maintain/,https://github.com/robertdevore/projects-for-wordpress/,Projects for WordPress®,article,200,https://github.com/robertdevore/projects-for-wordpress/,verified,False,False,False
baseline,https://robertdevore.com/wordpress-woocommerce-plugins-i-will-no-longer-maintain/,https://github.com/robertdevore/newsletters-for-wordpress/,Newslettes for WordPress®,article,200,https://github.com/robertdevore/newsletters-for-wordpress/,verified,False,False,False
baseline,https://robertdevore.com/wordpress-woocommerce-plugins-i-will-no-longer-maintain/,https://github.com/robertdevore/gallery-modals/,Gallery Modals for WordPress®,article,200,https://github.com/robertdevore/gallery-modals/,verified,False,False,False
baseline,https://robertdevore.com/wordpress-woocommerce-plugins-i-will-no-longer-maintain/,https://github.com/robertdevore/email-validator-for-wordpress/,Email Validator for WordPress®,article,200,https://github.com/robertdevore/email-validator-for-wordpress/,verified,False,False,False
baseline,https://robertdevore.com/wordpress-woocommerce-plugins-i-will-no-longer-maintain/,https://github.com/robertdevore/associated-taxonomies/,Associated Taxonomies,article,200,https://github.com/WebDevStudios/associated-taxonomies,verified,False,False,False
baseline,https://robertdevore.com/wordpress-woocommerce-plugins-i-will-no-longer-maintain/,https://github.com/robertdevore/seo-for-wordpress/,SEO for WordPress®,article,200,https://github.com/robertdevore/seo-for-wordpress/,verified,False,False,False
baseline,https://robertdevore.com/wordpress-woocommerce-plugins-i-will-no-longer-maintain/,https://github.com/robertdevore/metadata-import-export-for-yoast/,Metadata Import/Export for Yoast,article,200,https://github.com/robertdevore/metadata-import-export-for-yoast/,verified,False,False,False
baseline,https://robertdevore.com/wordpress-woocommerce-plugins-i-will-no-longer-maintain/,https://github.com/robertdevore/stealth-login-page/,Stealth Login Page,article,200,https://github.com/robertdevore/stealth-login-page/,verified,False,False,False
baseline,https://robertdevore.com/wordpress-woocommerce-plugins-i-will-no-longer-maintain/,https://github.com/robertdevore/content-restriction-for-wordpress/,Content Restriction for WordPress®,article,200,https://github.com/WebDevStudios/content-restriction-for-wordpress,verified,False,False,False
baseline,https://robertdevore.com/wordpress-woocommerce-plugins-i-will-no-longer-maintain/,https://github.com/robertdevore/chapters-for-authors/,Chapters for Authors,article,200,https://github.com/robertdevore/chapters-for-authors/,verified,False,False,False
baseline,https://robertdevore.com/wordpress-woocommerce-plugins-i-will-no-longer-maintain/,https://github.com/robertdevore/pattern-pal/,Pattern Pal,article,200,https://github.com/WebDevStudios/pattern-pal,verified,False,False,False
baseline,https://robertdevore.com/wordpress-woocommerce-plugins-i-will-no-longer-maintain/,https://github.com/robertdevore/block-ai-crawlers/,Block AI Crawlers,article,200,https://github.com/robertdevore/block-ai-crawlers/,verified,False,False,False
baseline,https://robertdevore.com/wordpress-woocommerce-plugins-i-will-no-longer-maintain/,https://github.com/robertdevore/phlush-permalinks/,Phlush Permalinks,article,200,https://github.com/robertdevore/phlush-permalinks/,verified,False,False,False
baseline,https://robertdevore.com/wordpress-woocommerce-plugins-i-will-no-longer-maintain/,https://github.com/robertdevore/site-vitals-for-wordpress/,Site Vitals for WordPress®,article,200,https://github.com/WebDevStudios/site-vitals-for-wordpress,verified,False,False,False
baseline,https://robertdevore.com/wordpress-woocommerce-plugins-i-will-no-longer-maintain/,https://github.com/robertdevore/maintenance-mode-for-wordpress/,Maintenance Mode for WordPress®,article,200,https://github.com/robertdevore/maintenance-mode-for-wordpress/,verified,False,False,False
baseline,https://robertdevore.com/wordpress-woocommerce-plugins-i-will-no-longer-maintain/,https://github.com/robertdevore/markdown-exporter-for-wordpress/,Markdown Exporter for WordPress®,article,200,https://github.com/robertdevore/markdown-exporter-for-wordpress/,verified,False,False,False
baseline,https://robertdevore.com/wordpress-woocommerce-plugins-i-will-no-longer-maintain/,https://github.com/robertdevore/digg-this/,Digg This!,article,200,https://github.com/robertdevore/digg-this/,verified,False,False,False
baseline,https://robertdevore.com/wordpress-woocommerce-plugins-i-will-no-longer-maintain/,https://github.com/robertdevore/benchpress/,BenchPress,article,200,https://github.com/WebDevStudios/benchpress,verified,False,False,False
baseline,https://robertdevore.com/wordpress-woocommerce-plugins-i-will-no-longer-maintain/,https://github.com/robertdevore/frontend-post-order/,Frontend Post Order,article,200,https://github.com/robertdevore/frontend-post-order/,verified,False,False,False
baseline,https://robertdevore.com/wordpress-woocommerce-plugins-i-will-no-longer-maintain/,https://github.com/robertdevore/move-content-updated-link/,Move Content Updated Link,article,200,https://github.com/robertdevore/move-content-updated-link/,verified,False,False,False
baseline,https://robertdevore.com/wordpress-woocommerce-plugins-i-will-no-longer-maintain/,https://github.com/robertdevore/delete-inactive-users/,Delete Inactive Users,article,200,https://github.com/WebDevStudios/delete-inactive-users,verified,False,False,False
baseline,https://robertdevore.com/wordpress-woocommerce-plugins-i-will-no-longer-maintain/,https://github.com/robertdevore/custom-update-request-modifier/,Custom Update Request Modifier,article,200,https://github.com/robertdevore/custom-update-request-modifier/,verified,False,False,False
baseline,https://robertdevore.com/wordpress-woocommerce-plugins-i-will-no-longer-maintain/,https://github.com/robertdevore/cache-clearer-for-wp-rocket/,Cache Clearer for WP Rocket,article,200,https://github.com/robertdevore/cache-clearer-for-wp-rocket/,verified,False,False,False
baseline,https://robertdevore.com/wordpress-woocommerce-plugins-i-will-no-longer-maintain/,https://github.com/robertdevore/media-file-versioning/,Media File Versioning,article,200,https://github.com/WebDevStudios/media-file-versioning,verified,False,False,False
baseline,https://robertdevore.com/wordpress-woocommerce-plugins-i-will-no-longer-maintain/,https://github.com/robertdevore/media-copyright-scanner/,Media Copyright Scanner,article,200,https://github.com/robertdevore/media-copyright-scanner/,verified,False,False,False
baseline,https://robertdevore.com/wordpress-woocommerce-plugins-i-will-no-longer-maintain/,https://github.com/robertdevore/broken-image-scanner/,Broken Image Scanner,article,200,https://github.com/WebDevStudios/broken-image-scanner,verified,False,False,False
baseline,https://robertdevore.com/wordpress-woocommerce-plugins-i-will-no-longer-maintain/,https://github.com/deviodigital/module-usage-finder-for-divi/,Module Usage Finder for Divi,article,200,https://github.com/WebDevStudios/module-usage-finder-for-divi,verified,False,False,False
baseline,https://robertdevore.com/wordpress-woocommerce-plugins-i-will-no-longer-maintain/,https://github.com/robertdevore/block-usage-tracker/,Block Usage Tracker,article,200,https://github.com/WebDevStudios/block-usage-tracker,verified,False,False,False
baseline,https://robertdevore.com/wordpress-woocommerce-plugins-i-will-no-longer-maintain/,https://github.com/robertdevore/autocrattic/,Autocrattic,article,200,https://github.com/robertdevore/autocrattic/,verified,False,False,False
baseline,https://robertdevore.com/wordpress-woocommerce-plugins-i-will-no-longer-maintain/,https://github.com/robertdevore/persistent-dismissible-notices/,Persistent Dismissible Notices,article,200,https://github.com/WebDevStudios/persistent-dismissible-notices,verified,False,False,False
baseline,https://robertdevore.com/wordpress-woocommerce-plugins-i-will-no-longer-maintain/,https://github.com/robertdevore/wordplay/,WordPlay,article,200,https://github.com/robertdevore/wordplay/,verified,False,False,False
baseline,https://robertdevore.com/wordpress-woocommerce-plugins-i-will-no-longer-maintain/,https://github.com/robertdevore/table-block-enhancer/,Table Block Enhancer,article,200,https://github.com/robertdevore/table-block-enhancer/,verified,False,False,False
baseline,https://robertdevore.com/wordpress-woocommerce-plugins-i-will-no-longer-maintain/,https://github.com/robertdevore/module-usage-tracker-for-wp-bakery/,Module Usage Tracker for WP Bakery,article,200,https://github.com/robertdevore/module-usage-tracker-for-wp-bakery/,verified,False,False,False
baseline,https://robertdevore.com/wordpress-woocommerce-plugins-i-will-no-longer-maintain/,https://github.com/robertdevore/widget-usage-tracker-for-elementor/,Widget Usage Tracker for Elementor,article,200,https://github.com/WebDevStudios/widget-usage-tracker-for-elementor,verified,False,False,False
baseline,https://robertdevore.com/wordpress-woocommerce-plugins-i-will-no-longer-maintain/,https://github.com/robertdevore/user-login-status/,User Login Status,article,200,https://github.com/robertdevore/user-login-status/,verified,False,False,False
baseline,https://robertdevore.com/wordpress-woocommerce-plugins-i-will-no-longer-maintain/,https://github.com/robertdevore/lowercase-p-damnit/,lowercase p damnit,article,200,https://github.com/robertdevore/lowercase-p-damnit/,verified,False,False,False
baseline,https://robertdevore.com/wordpress-woocommerce-plugins-i-will-no-longer-maintain/,https://github.com/robertdevore/haikupress/,HaikuPress,article,200,https://github.com/robertdevore/haikupress/,verified,False,False,False
baseline,https://robertdevore.com/wordpress-woocommerce-plugins-i-will-no-longer-maintain/,https://github.com/robertdevore/sort-media-by-file-size/,Sort Media by File Size,article,200,https://github.com/WebDevStudios/sort-media-by-file-size,verified,False,False,False
baseline,https://robertdevore.com/wordpress-woocommerce-plugins-i-will-no-longer-maintain/,https://github.com/robertdevore/redirect-new-users/,Redirect New Users,article,200,https://github.com/robertdevore/redirect-new-users/,verified,False,False,False
baseline,https://robertdevore.com/wordpress-woocommerce-plugins-i-will-no-longer-maintain/,https://github.com/deviodigital/dispensary-age-verification/,Age Verification for WordPress®,article,200,https://github.com/deviodigital/dispensary-age-verification/,verified,False,False,False
baseline,https://robertdevore.com/wordpress-woocommerce-plugins-i-will-no-longer-maintain/,https://github.com/deviodigital/DocuPress/,DocuPress,article,200,https://github.com/WebDevStudios/DocuPress,verified,False,False,False
baseline,https://robertdevore.com/wordpress-woocommerce-plugins-i-will-no-longer-maintain/,https://github.com/deviodigital/link-attributes-for-publishers/,Link Attributes for Publishers,article,200,https://github.com/WebDevStudios/link-attributes-for-publishers,verified,False,False,False
baseline,https://robertdevore.com/wordpress-woocommerce-plugins-i-will-no-longer-maintain/,https://github.com/deviodigital/boostbox/,BoostBox,article,200,https://github.com/deviodigital/boostbox/,verified,False,False,False
baseline,https://robertdevore.com/wordpress-woocommerce-plugins-i-will-no-longer-maintain/,https://github.com/getCannaBiz/cannabiz-menu/,CannaBiz Menu,article,200,https://github.com/getCannaBiz/cannabiz-menu/,verified,False,False,False
baseline,https://robertdevore.com/wordpress-woocommerce-plugins-i-will-no-longer-maintain/,https://github.com/getCannaBiz/cannabiz-ecommerce/,CannaBiz eCommerce,article,200,https://github.com/getCannaBiz/cannabiz-ecommerce/,verified,False,False,False
baseline,https://robertdevore.com/wordpress-woocommerce-plugins-i-will-no-longer-maintain/,https://github.com/getCannaBiz/cannabiz-analytics/,CannaBiz Analytics,article,200,https://github.com/getCannaBiz/cannabiz-analytics/,verified,False,False,False
baseline,https://robertdevore.com/wordpress-woocommerce-plugins-i-will-no-longer-maintain/,https://github.com/getCannaBiz/cannabiz-coupons/,CannaBiz Coupons,article,200,https://github.com/getCannaBiz/cannabiz-coupons/,verified,False,False,False
baseline,https://robertdevore.com/wordpress-woocommerce-plugins-i-will-no-longer-maintain/,https://github.com/getCannaBiz/cannabiz-rewards/,CannaBiz Rewards,article,200,https://github.com/getCannaBiz/cannabiz-rewards/,verified,False,False,False
baseline,https://robertdevore.com/wordpress-woocommerce-plugins-i-will-no-longer-maintain/,https://github.com/robertdevore/back-in-stock-notifications/,Back in Stock Notifications for WooCommerce®,article,200,https://github.com/robertdevore/back-in-stock-notifications/,verified,False,False,False
baseline,https://robertdevore.com/wordpress-woocommerce-plugins-i-will-no-longer-maintain/,https://github.com/robertdevore/brands-for-woocommerce/,Brands for WooCommerce®,article,200,https://github.com/robertdevore/brands-for-woocommerce/,verified,False,False,False
baseline,https://robertdevore.com/wordpress-woocommerce-plugins-i-will-no-longer-maintain/,https://github.com/robertdevore/barcodes-for-woocommerce/,Barcodes for WooCommerce®,article,200,https://github.com/robertdevore/barcodes-for-woocommerce/,verified,False,False,False
baseline,https://robertdevore.com/wordpress-woocommerce-plugins-i-will-no-longer-maintain/,https://github.com/robertdevore/bulk-stock-management-for-woocommerce/,Bulk Stock Management for WooCommerce®,article,200,https://github.com/robertdevore/bulk-stock-management-for-woocommerce/,verified,False,False,False
baseline,https://robertdevore.com/wordpress-woocommerce-plugins-i-will-no-longer-maintain/,https://github.com/robertdevore/purchase-orders-for-woocommerce/,Purchase Orders for WooCommerce®,article,200,https://github.com/robertdevore/purchase-orders-for-woocommerce/,verified,False,False,False
baseline,https://robertdevore.com/wordpress-woocommerce-plugins-i-will-no-longer-maintain/,https://github.com/robertdevore/test-orders-for-woocommerce/,Test Orders for WooCommerce®,article,200,https://github.com/robertdevore/test-orders-for-woocommerce/,verified,False,False,False
baseline,https://robertdevore.com/wordpress-woocommerce-plugins-i-will-no-longer-maintain/,https://github.com/robertdevore/vertical-gallery-product-display/,Vertical Gallery Product Display,article,200,https://github.com/robertdevore/vertical-gallery-product-display/,verified,False,False,False
baseline,https://robertdevore.com/wordpress-woocommerce-plugins-i-will-no-longer-maintain/,https://github.com/robertdevore/tracking-blocker-for-woocommerce/,Tracking Blocker for WooCommerce®,article,200,https://github.com/robertdevore/tracking-blocker-for-woocommerce/,verified,False,False,False
baseline,https://robertdevore.com/wordpress-woocommerce-plugins-i-will-no-longer-maintain/,https://github.com/robertdevore/email-designer-for-woocommerce/,Email Designer for WooCommerce®,article,200,https://github.com/robertdevore/email-designer-for-woocommerce/,verified,False,False,False
baseline,https://robertdevore.com/wordpress-woocommerce-plugins-i-will-no-longer-maintain/,https://github.com/robertdevore/hpos-compatibility-scanner/,HPOS Compatibility Scanner,article,200,https://github.com/dustinparker/hpos-compatibility-scanner,verified,False,False,False
baseline,https://robertdevore.com/wordpress-woocommerce-plugins-i-will-no-longer-maintain/,https://github.com/robertdevore/gift-cards-for-woocommerce/,Gift Cards for WooCommerce®,article,200,https://github.com/robertdevore/gift-cards-for-woocommerce/,verified,False,False,False
baseline,https://robertdevore.com/wordpress-woocommerce-plugins-i-will-no-longer-maintain/,https://github.com/robertdevore/shipping-multiple-addresses-for-woocommerce/,Shipping Multiple Addresses for WooCommerce®,article,200,https://github.com/robertdevore/shipping-multiple-addresses-for-woocommerce/,verified,False,False,False
baseline,https://robertdevore.com/wordpress-woocommerce-plugins-i-will-no-longer-maintain/,https://github.com/deviodigital/download-renewals-for-woocommerce/,Download Renewals for WooCommerce®,article,200,https://github.com/deviodigital/download-renewals-for-woocommerce/,verified,False,False,False
baseline,https://robertdevore.com/wordpress-woocommerce-plugins-i-will-no-longer-maintain/,https://github.com/deviodigital/customer-loyalty-for-woocommerce/,Customer Loyalty for WooCommerce®,article,200,https://github.com/deviodigital/customer-loyalty-for-woocommerce/,verified,False,False,False
baseline,https://robertdevore.com/wordpress-woocommerce-plugins-i-will-no-longer-maintain/,https://github.com/deviodigital/delivery-drivers-for-woocommerce/,Delivery Drivers for WooCommerce®,article,200,https://github.com/deviodigital/delivery-drivers-for-woocommerce/,verified,False,False,False
baseline,https://robertdevore.com/wordpress-woocommerce-plugins-i-will-no-longer-maintain/,https://github.com/deviodigital/delivery-fees-for-woocommerce/,Delivery Fees for WooCommerce®,article,200,https://github.com/deviodigital/delivery-fees-for-woocommerce/,verified,False,False,False
baseline,https://robertdevore.com/wordpress-woocommerce-plugins-i-will-no-longer-maintain/,https://github.com/deviodigital/delivery-times-for-woocommerce/,Delivery Times for WooCommerce®,article,200,https://github.com/deviodigital/delivery-times-for-woocommerce/,verified,False,False,False
baseline,https://robertdevore.com/wordpress-woocommerce-plugins-i-will-no-longer-maintain/,https://github.com/getCannaBiz/dispensary-details-for-woocommerce/,Dispensary Details for WooCommerce®,article,200,https://github.com/getCannaBiz/dispensary-details-for-woocommerce/,verified,False,False,False
baseline,https://robertdevore.com/wordpress-woocommerce-plugins-i-will-no-longer-maintain/,https://stattic.site/,Stattic,article,200,https://stattic.site/,verified,False,False,False
baseline,https://robertdevore.com/wordpress-woocommerce-plugins-i-will-no-longer-maintain/,https://devio.chat/,Devio Chat,article,0,,not checked,False,False,False
baseline,https://robertdevore.com/wordpress-woocommerce-plugins-i-will-no-longer-maintain/,https://x.com/deviorobert/,[non-text link],navigation,200,https://x.com/deviorobert,verified,False,False,False
baseline,https://robertdevore.com/wordpress-woocommerce-plugins-i-will-no-longer-maintain/,https://github.com/robertdevore/,[non-text link],navigation,200,https://github.com/robertdevore/,verified,False,False,False
baseline,https://robertdevore.com/wp-dispensary-v2/,https://www.wordpress.org/plugins/wp-dispensary/,WP Dispensary,article,200,https://wordpress.org/plugins/wp-dispensary/,verified,False,False,False
baseline,https://robertdevore.com/wp-dispensary-v2/,https://www.wpdispensary.com/welcome-to-wp-dispensary/,first released,article,200,https://wpdispensary.com/,verified,False,False,False
baseline,https://robertdevore.com/wp-dispensary-v2/,https://www.wpdispensary.com/,WP Dispensary,article,200,https://wpdispensary.com/,verified,False,False,False
baseline,https://robertdevore.com/wp-dispensary-v2/,https://github.com/AhmadAwais/WP-OOP-Settings-API/,WP OOP Settings API,article,200,https://github.com/AhmadAwais/WP-OOP-Settings-API/,verified,False,False,False
baseline,https://robertdevore.com/wp-dispensary-v2/,https://www.ahmadawais.com/,Ahmad Awaias,article,200,https://ahmadawais.com/,verified,False,False,False
baseline,https://robertdevore.com/wp-dispensary-v2/,https://www.wpdispensary.com/demo/product/chemdawg/,version 2.0,article,200,https://wpdispensary.com/,verified,False,False,False
baseline,https://robertdevore.com/wp-dispensary-v2/,https://www.wpdispensary.com/,WP Dispensary,article,200,https://wpdispensary.com/,verified,False,False,False
baseline,https://robertdevore.com/wp-dispensary-v2/,https://www.wpdispensary.com/product/wooconnect-for-woocommerce/,Connect for WooCommerce,article,200,https://wpdispensary.com/,verified,False,False,False
baseline,https://robertdevore.com/wp-dispensary-v2/,https://www.wpdispensary.com/product/wooconnect-for-woocommerce/,Connect for WooCommerce,article,200,https://wpdispensary.com/,verified,False,False,False
baseline,https://robertdevore.com/wp-dispensary-v2/,https://www.wpdispensary.com/product/dispensary-heavyweights/,Heavyweights,article,200,https://wpdispensary.com/,verified,False,False,False
baseline,https://robertdevore.com/wp-dispensary-v2/,https://x.com/deviorobert/,[non-text link],navigation,200,https://x.com/deviorobert,verified,False,False,False
baseline,https://robertdevore.com/wp-dispensary-v2/,https://github.com/robertdevore/,[non-text link],navigation,200,https://github.com/robertdevore/,verified,False,False,False
baseline,https://robertdevore.com/wp-dispensary/,http://medicalmarijuana.procon.org/view.resource.php?resourceID=000881,29 states strong,article,403,https://www.britannica.com/procon,blocked/indeterminate,False,False,False
baseline,https://robertdevore.com/wp-dispensary/,http://www.wpdispensary.com/,[non-text link],article,200,https://wpdispensary.com/,verified,False,False,False
baseline,https://robertdevore.com/wp-dispensary/,http://www.wpdispensary.com/,WP Dispensary,article,200,https://wpdispensary.com/,verified,False,False,False
baseline,https://robertdevore.com/wp-dispensary/,https://wordpress.org/plugins/wp-dispensary/,WP Dispensary,article,200,https://wordpress.org/plugins/wp-dispensary/,verified,False,False,False
baseline,https://robertdevore.com/wp-dispensary/,https://www.wpdispensary.com/downloads/cannabiz/,CannaBiz,article,200,https://wpdispensary.com/,verified,False,False,False
baseline,https://robertdevore.com/wp-dispensary/,https://www.wpdispensary.com/downloads/cannabiz/,[non-text link],article,200,https://wpdispensary.com/,verified,False,False,False
baseline,https://robertdevore.com/wp-dispensary/,http://www.wordpress.org/plugins/wp-dispensary/,WordPress plugin directory,article,200,https://wordpress.org/plugins/wp-dispensary/,verified,False,False,False
baseline,https://robertdevore.com/wp-dispensary/,https://github.com/deviodigital/wp-dispensary/,Github repository,article,200,https://github.com/getCannaBiz/cannabiz-menu,verified,False,False,False
baseline,https://robertdevore.com/wp-dispensary/,https://x.com/deviorobert/,[non-text link],navigation,200,https://x.com/deviorobert,verified,False,False,False
baseline,https://robertdevore.com/wp-dispensary/,https://github.com/robertdevore/,[non-text link],navigation,200,https://github.com/robertdevore/,verified,False,False,False
baseline,https://robertdevore.com/wp-townhall-13-the-debate-kevin-geary-doesnt-want-you-to-see/,https://wptownhall.show/,WP Townhall,article,0,,not checked,False,False,False
baseline,https://robertdevore.com/wp-townhall-13-the-debate-kevin-geary-doesnt-want-you-to-see/,https://www.youtube.com/watch/?v=e6eHP6KWyrE,here,article,200,https://www.youtube.com/watch/?v=e6eHP6KWyrE,verified,False,False,False
baseline,https://robertdevore.com/wp-townhall-13-the-debate-kevin-geary-doesnt-want-you-to-see/,https://x.com/deviorobert/status/1915844735744315723/,"""THEY'RE ALL GONNA LAUGH AT YOU""",article,200,https://x.com/deviorobert/status/1915844735744315723/,verified,False,False,False
baseline,https://robertdevore.com/wp-townhall-13-the-debate-kevin-geary-doesnt-want-you-to-see/,https://x.com/deviorobert/,[non-text link],navigation,200,https://x.com/deviorobert,verified,False,False,False
baseline,https://robertdevore.com/wp-townhall-13-the-debate-kevin-geary-doesnt-want-you-to-see/,https://github.com/robertdevore/,[non-text link],navigation,200,https://github.com/robertdevore/,verified,False,False,False
baseline,https://robertdevore.com/wtf-is-wordpress/,https://www.youtube.com/watch/?v=2_JTzEppKy8,youtube,article,200,https://www.youtube.com/watch/?v=2_JTzEppKy8,verified,False,False,False
baseline,https://robertdevore.com/wtf-is-wordpress/,https://x.com/deviorobert/status/1540485039208767489/,link,article,200,https://x.com/deviorobert/status/1540485039208767489/,verified,False,False,False
baseline,https://robertdevore.com/wtf-is-wordpress/,https://www.wordpress.org/,WordPress,article,200,https://wordpress.org/,verified,False,False,False
baseline,https://robertdevore.com/wtf-is-wordpress/,https://en.wikipedia.org/wiki/WordPress/,Wikipedia,article,404,https://en.wikipedia.org/wiki/WordPress/,verified,False,False,False
baseline,https://robertdevore.com/wtf-is-wordpress/,https://en.wikipedia.org/wiki/WordPress.com,Wikipedia,article,200,https://en.wikipedia.org/wiki/WordPress.com,verified,False,False,False
baseline,https://robertdevore.com/wtf-is-wordpress/,https://www.krishaweb.com/blog/what-is-a-wordpress-vip/,link,article,200,https://www.krishaweb.com/blog/what-is-a-wordpress-vip/,verified,False,False,False
baseline,https://robertdevore.com/wtf-is-wordpress/,https://wordpress.org/news/2024/09/wp-engine/,reference,article,200,https://wordpress.org/news/2024/09/wp-engine/,verified,False,False,False
baseline,https://robertdevore.com/wtf-is-wordpress/,https://www.wordpress.org/,open source software,article,200,https://wordpress.org/,verified,False,False,False
baseline,https://robertdevore.com/wtf-is-wordpress/,https://ma.tt/2010/09/wordpress-trademark/,giving the “WordPress” trademark to it,article,200,https://ma.tt/2010/09/wordpress-trademark/,verified,False,False,False
baseline,https://robertdevore.com/wtf-is-wordpress/,https://x.com/photomatt/status/1837800253342335024/,ref,article,200,https://x.com/photomatt/status/1837800253342335024/,verified,False,False,False
baseline,https://robertdevore.com/wtf-is-wordpress/,https://x.com/photomatt/status/1837825438070329525/,source,article,200,https://x.com/photomatt/status/1837825438070329525/,verified,False,False,False
baseline,https://robertdevore.com/wtf-is-wordpress/,https://x.com/CheleFarley/,pinned tweet,article,200,https://x.com/CheleFarley,verified,False,False,False
baseline,https://robertdevore.com/wtf-is-wordpress/,https://x.com/sereedmedia/status/1837910118496981268/,she lost … twice,article,200,https://x.com/sereedmedia/status/1837910118496981268/,verified,False,False,False
baseline,https://robertdevore.com/wtf-is-wordpress/,https://pearsonified.com/truth-about-thesis-com/,source,article,200,https://pearsonified.com/truth-about-thesis-com/,verified,False,False,False
baseline,https://robertdevore.com/wtf-is-wordpress/,https://wptavern.com/matt-mullenweg-identifies-godaddy-as-a-parasitic-company-and-an-existential-threat-to-wordpress-future/,reference,article,200,https://wptavern.com/matt-mullenweg-identifies-godaddy-as-a-parasitic-company-and-an-existential-threat-to-wordpress-future,verified,False,False,False
baseline,https://robertdevore.com/wtf-is-wordpress/,https://x.com/deviorobert/status/1540089135444234251/,discussed,article,200,https://x.com/deviorobert/status/1540089135444234251/,verified,False,False,False
baseline,https://robertdevore.com/wtf-is-wordpress/,https://blackrocksbigproblem.com/,BlackRock,article,200,https://blackrocksbigproblem.com/,verified,False,False,False
baseline,https://robertdevore.com/wtf-is-wordpress/,https://x.com/photomatt/status/1065227975715680256/,source,article,200,https://x.com/photomatt/status/1065227975715680256/,verified,False,False,False
baseline,https://robertdevore.com/wtf-is-wordpress/,https://x.com/photomatt/status/1258513648873422848/,source,article,200,https://x.com/photomatt/status/1258513648873422848/,verified,False,False,False
baseline,https://robertdevore.com/wtf-is-wordpress/,https://wordpress.org/news/2024/09/wp-engine/,source,article,200,https://wordpress.org/news/2024/09/wp-engine/,verified,False,False,False
baseline,https://robertdevore.com/wtf-is-wordpress/,https://x.com/photomatt/status/1837330036682321952/,link,article,200,https://x.com/photomatt/status/1837330036682321952/,verified,False,False,False
baseline,https://robertdevore.com/wtf-is-wordpress/,https://twitter.com/deviorobert/status/1837360950988374231/?ref_src=twsrc%5Etfw,"September 21, 2024",article,200,https://x.com/deviorobert/status/1837360950988374231/?ref_src=twsrc%5Etfw,verified,False,False,False
baseline,https://robertdevore.com/wtf-is-wordpress/,https://x.com/deviorobert/status/1837932462858817872/,source,article,200,https://x.com/deviorobert/status/1837932462858817872/,verified,False,False,False
baseline,https://robertdevore.com/wtf-is-wordpress/,https://wordpress.org/news/2024/09/wp-engine/,source,article,200,https://wordpress.org/news/2024/09/wp-engine/,verified,False,False,False
baseline,https://robertdevore.com/wtf-is-wordpress/,https://x.com/photomatt/status/1258375039184965633/,source,article,200,https://x.com/photomatt/status/1258375039184965633/,verified,False,False,False
baseline,https://robertdevore.com/wtf-is-wordpress/,https://twitter.com/photomatt/status/1837302638939099339/?ref_src=twsrc%5Etfw,"September 21, 2024",article,200,https://x.com/photomatt/status/1837302638939099339/?ref_src=twsrc%5Etfw,verified,False,False,False
baseline,https://robertdevore.com/wtf-is-wordpress/,https://wplift.com/forked-wordpress/,caused controversy,article,403,https://wplift.com/forked-wordpress/,blocked/indeterminate,False,False,False
baseline,https://robertdevore.com/wtf-is-wordpress/,https://ma.tt/2021/08/funding-buyback-hiring/,venture backed company,article,200,https://ma.tt/2021/08/funding-buyback-hiring/,verified,False,False,False
baseline,https://robertdevore.com/wtf-is-wordpress/,https://twitter.com/hashtag/wcus/?src=hash&ref_src=twsrc%5Etfw,#wcus,article,200,https://x.com/hashtag/wcus/?src=hash&ref_src=twsrc%5Etfw,verified,False,False,False
baseline,https://robertdevore.com/wtf-is-wordpress/,https://twitter.com/wpengine/?ref_src=twsrc%5Etfw,@wpengine,article,200,https://x.com/wpengine?ref_src=twsrc%5Etfw,verified,False,False,False
baseline,https://robertdevore.com/wtf-is-wordpress/,https://twitter.com/photomatt/status/1837303425106837784/?ref_src=twsrc%5Etfw,"September 21, 2024",article,200,https://x.com/photomatt/status/1837303425106837784/?ref_src=twsrc%5Etfw,verified,False,False,False
baseline,https://robertdevore.com/wtf-is-wordpress/,https://x.com/photomatt/status/1837330828726087858/,source,article,200,https://x.com/photomatt/status/1837330828726087858/,verified,False,False,False
baseline,https://robertdevore.com/wtf-is-wordpress/,https://mashable.com/article/tumblr-wordpress-selling-user-data-openai-mirjourney/,source,article,200,https://mashable.com/article/tumblr-wordpress-selling-user-data-openai-mirjourney,verified,False,False,False
baseline,https://robertdevore.com/wtf-is-wordpress/,https://automattic.com/2024/02/27/protecting-user-choice/,source,article,200,https://automattic.com/2024/02/27/protecting-user-choice/,verified,False,False,False
baseline,https://robertdevore.com/wtf-is-wordpress/,https://x.com/deviorobert/,[non-text link],navigation,200,https://x.com/deviorobert,verified,False,False,False
baseline,https://robertdevore.com/wtf-is-wordpress/,https://github.com/robertdevore/,[non-text link],navigation,200,https://github.com/robertdevore/,verified,False,False,False
baseline,https://robertdevore.com/zero-cool-cli-a-hackers-terminal-from-1995/,https://github.com/robertdevore/zero-cool-cli/,Zero Cool CLI,article,200,https://github.com/robertdevore/zero-cool-cli/,verified,False,False,False
baseline,https://robertdevore.com/zero-cool-cli-a-hackers-terminal-from-1995/,https://github.com/robertdevore/laravel-cli/,CLI script,article,200,https://github.com/robertdevore/laravel-cli/,verified,False,False,False
baseline,https://robertdevore.com/zero-cool-cli-a-hackers-terminal-from-1995/,https://laravel-zero.com/,Laravel Zero,article,200,https://laravel-zero.com/,verified,False,False,False
baseline,https://robertdevore.com/zero-cool-cli-a-hackers-terminal-from-1995/,https://github.com/robertdevore/zero-cool-cli/,Zero Cool CLI on GitHub,article,200,https://github.com/robertdevore/zero-cool-cli/,verified,False,False,False
baseline,https://robertdevore.com/zero-cool-cli-a-hackers-terminal-from-1995/,https://x.com/deviorobert/,[non-text link],navigation,200,https://x.com/deviorobert,verified,False,False,False
baseline,https://robertdevore.com/zero-cool-cli-a-hackers-terminal-from-1995/,https://github.com/robertdevore/,[non-text link],navigation,200,https://github.com/robertdevore/,verified,False,False,False
after,https://robertdevore.com/,https://github.com/kujolang/kujo/,Source,section,200,https://github.com/kujolang/kujo/,verified,False,False,False
after,https://robertdevore.com/,https://github.com/robertdevore/strata/,Source,article,200,https://github.com/robertdevore/strata/,verified,False,False,False
after,https://robertdevore.com/,https://github.com/robertdevore/snips/,Source,article,200,https://github.com/robertdevore/snips/,verified,False,False,False
after,https://robertdevore.com/,https://github.com/robertdevore/reporadar/,Source,article,200,https://github.com/robertdevore/reporadar/,verified,False,False,False
after,https://robertdevore.com/,https://github.com/robertdevore/,GitHub,section,200,https://github.com/robertdevore/,verified,False,False,False
after,https://robertdevore.com/,https://x.com/deviorobert/,X,section,200,https://x.com/deviorobert,verified,False,False,False
after,https://robertdevore.com/,https://x.com/deviorobert/,[non-text link],navigation,200,https://x.com/deviorobert,verified,False,False,False
after,https://robertdevore.com/,https://github.com/robertdevore/,[non-text link],navigation,200,https://github.com/robertdevore/,verified,False,False,False
after,https://robertdevore.com/5-python-scripts-for-osint-and-pentesting/,https://github.com/robertdevore/pypractice/tree/main/combine-txt/,combine-txt,article,200,https://github.com/robertdevore/pypractice/tree/main/combine-txt/,verified,False,False,False
after,https://robertdevore.com/5-python-scripts-for-osint-and-pentesting/,https://github.com/robertdevore/pypractice/tree/main/email-scraper/,email-scraper,article,200,https://github.com/robertdevore/pypractice/tree/main/email-scraper/,verified,False,False,False
after,https://robertdevore.com/5-python-scripts-for-osint-and-pentesting/,https://github.com/robertdevore/pypractice/tree/main/password-cracker/,password-cracker,article,200,https://github.com/robertdevore/pypractice/tree/main/password-cracker/,verified,False,False,False
after,https://robertdevore.com/5-python-scripts-for-osint-and-pentesting/,https://github.com/robertdevore/pypractice/tree/main/password-cracker-2/,password-cracker-2,article,200,https://github.com/robertdevore/pypractice/tree/main/password-cracker-2/,verified,False,False,False
after,https://robertdevore.com/5-python-scripts-for-osint-and-pentesting/,https://github.com/robertdevore/pypractice/tree/main/regex-scanner/,regex-scanner,article,200,https://github.com/robertdevore/pypractice/tree/main/regex-scanner/,verified,False,False,False
after,https://robertdevore.com/5-python-scripts-for-osint-and-pentesting/,https://www.php.net/manual/en/function.eval.php,eval,article,200,https://www.php.net/manual/en/function.eval.php,verified,False,False,False
after,https://robertdevore.com/5-python-scripts-for-osint-and-pentesting/,https://www.php.net/manual/en/function.fopen.php,fopen,article,200,https://www.php.net/manual/en/function.fopen.php,verified,False,False,False
after,https://robertdevore.com/5-python-scripts-for-osint-and-pentesting/,https://www.php.net/manual/en/function.file-get-contents.php,file_get_contents,article,200,https://www.php.net/manual/en/function.file-get-contents.php,verified,False,False,False
after,https://robertdevore.com/5-python-scripts-for-osint-and-pentesting/,https://www.php.net/manual/en/function.extract.php,extract,article,200,https://www.php.net/manual/en/function.extract.php,verified,False,False,False
after,https://robertdevore.com/5-python-scripts-for-osint-and-pentesting/,https://www.php.net/manual/en/function.create-function,create_function,article,200,https://www.php.net/manual/en/function.create-function.php,verified,False,False,False
after,https://robertdevore.com/5-python-scripts-for-osint-and-pentesting/,https://github.com/robertdevore/pypractice/tree/main/xss-yes/,xss-yes,article,200,https://github.com/robertdevore/pypractice/tree/main/xss-yes/,verified,False,False,False
after,https://robertdevore.com/5-python-scripts-for-osint-and-pentesting/,https://x.com/deviorobert/,[non-text link],navigation,200,https://x.com/deviorobert,verified,False,False,False
after,https://robertdevore.com/5-python-scripts-for-osint-and-pentesting/,https://github.com/robertdevore/,[non-text link],navigation,200,https://github.com/robertdevore/,verified,False,False,False
after,https://robertdevore.com/5-questions-you-must-answer-before-writing-anything/,https://x.com/deviorobert/,[non-text link],navigation,200,https://x.com/deviorobert,verified,False,False,False
after,https://robertdevore.com/5-questions-you-must-answer-before-writing-anything/,https://github.com/robertdevore/,[non-text link],navigation,200,https://github.com/robertdevore/,verified,False,False,False
after,https://robertdevore.com/5-things-i-learned-building-my-first-gutenberg-blocks-plugin/,https://wordpress.org/gutenberg/,Gutenberg,article,200,https://wordpress.org/gutenberg/,verified,False,False,False
after,https://robertdevore.com/5-things-i-learned-building-my-first-gutenberg-blocks-plugin/,http://pillar.press/,Pillar.Press,article,0,,not checked,False,False,False
after,https://robertdevore.com/5-things-i-learned-building-my-first-gutenberg-blocks-plugin/,https://www.toddmotto.com/,Todd Motto,article,0,,not checked,False,False,False
after,https://robertdevore.com/5-things-i-learned-building-my-first-gutenberg-blocks-plugin/,https://github.com/html5blank/,HTML5Blank,article,404,https://github.com/html5blank/,verified,False,False,False
after,https://robertdevore.com/5-things-i-learned-building-my-first-gutenberg-blocks-plugin/,http://html5blank.com/,landing page,article,0,,not checked,False,False,False
after,https://robertdevore.com/5-things-i-learned-building-my-first-gutenberg-blocks-plugin/,https://namecheap.com/,Namecheap,article,403,https://www.namecheap.com/,blocked/indeterminate,False,False,False
after,https://robertdevore.com/5-things-i-learned-building-my-first-gutenberg-blocks-plugin/,https://www.wordpress.org/plugins/pillar-press-content-blocks/,custom Gutenberg blocks,article,200,https://wordpress.org/plugins/pillar-press-content-blocks/,verified,False,False,False
after,https://robertdevore.com/5-things-i-learned-building-my-first-gutenberg-blocks-plugin/,https://wordpress.org/gutenberg/,Gutenberg,article,200,https://wordpress.org/gutenberg/,verified,False,False,False
after,https://robertdevore.com/5-things-i-learned-building-my-first-gutenberg-blocks-plugin/,http://pillar.press/,Pillar Press,article,0,,not checked,False,False,False
after,https://robertdevore.com/5-things-i-learned-building-my-first-gutenberg-blocks-plugin/,http://pillar.press/,Pillar Press,article,0,,not checked,False,False,False
after,https://robertdevore.com/5-things-i-learned-building-my-first-gutenberg-blocks-plugin/,https://www.wordpress.org/plugins/pillar-press-content-blocks/,my first blocks plugin,article,200,https://wordpress.org/plugins/pillar-press-content-blocks/,verified,False,False,False
after,https://robertdevore.com/5-things-i-learned-building-my-first-gutenberg-blocks-plugin/,https://nodejs.org/en/download/package-manager/,install via the package manager,article,200,https://nodejs.org/en/download,verified,False,False,False
after,https://robertdevore.com/5-things-i-learned-building-my-first-gutenberg-blocks-plugin/,https://treehouse.github.io/installation-guides/windows/node-windows.html,install Node and NPM on Windows,article,200,https://treehouse.github.io/installation-guides/windows/node-windows.html,verified,False,False,False
after,https://robertdevore.com/5-things-i-learned-building-my-first-gutenberg-blocks-plugin/,https://github.com/ahmadawais/Gutenberg-Boilerplate/,Gutenberg Boilerplate,article,200,https://github.com/ahmadawais/create-guten-block,verified,False,False,False
after,https://robertdevore.com/5-things-i-learned-building-my-first-gutenberg-blocks-plugin/,https://github.com/ahmadawais/create-guten-block/,create-guten-block,article,200,https://github.com/ahmadawais/create-guten-block/,verified,False,False,False
after,https://robertdevore.com/5-things-i-learned-building-my-first-gutenberg-blocks-plugin/,https://www.github.com/pillarpress/pillar-press-content-blocks/,Github,article,404,https://github.com/pillarpress/pillar-press-content-blocks/,verified,False,False,False
after,https://robertdevore.com/5-things-i-learned-building-my-first-gutenberg-blocks-plugin/,https://wordpress.org/gutenberg/,Gutenberg,article,200,https://wordpress.org/gutenberg/,verified,False,False,False
after,https://robertdevore.com/5-things-i-learned-building-my-first-gutenberg-blocks-plugin/,https://wordpress.org/plugins/gutenberg/,Gutenberg,article,200,https://wordpress.org/plugins/gutenberg/,verified,False,False,False
after,https://robertdevore.com/5-things-i-learned-building-my-first-gutenberg-blocks-plugin/,https://wordpress.org/plugins/gutenberg/,Gutenberg,article,200,https://wordpress.org/plugins/gutenberg/,verified,False,False,False
after,https://robertdevore.com/5-things-i-learned-building-my-first-gutenberg-blocks-plugin/,https://wordpress.org/plugins/gutenberg/,Gutenberg v2.8,article,200,https://wordpress.org/plugins/gutenberg/,verified,False,False,False
after,https://robertdevore.com/5-things-i-learned-building-my-first-gutenberg-blocks-plugin/,https://www.github.com/pillarpress/pillar-press-content-blocks/,Content Blocks plugin,article,404,https://github.com/pillarpress/pillar-press-content-blocks/,verified,False,False,False
after,https://robertdevore.com/5-things-i-learned-building-my-first-gutenberg-blocks-plugin/,https://twitter.com/hashtag/Gutenberg/?src=hash&ref_src=twsrc%5Etfw,#Gutenberg,article,200,https://x.com/hashtag/Gutenberg/?src=hash&ref_src=twsrc%5Etfw,verified,False,False,False
after,https://robertdevore.com/5-things-i-learned-building-my-first-gutenberg-blocks-plugin/,https://twitter.com/gziolo/status/993491209422295040/?ref_src=twsrc%5Etfw,"May 7, 2018",article,200,https://x.com/gziolo/status/993491209422295040/?ref_src=twsrc%5Etfw,verified,False,False,False
after,https://robertdevore.com/5-things-i-learned-building-my-first-gutenberg-blocks-plugin/,https://giphy.com/gifs/someone-gifgun-gifsquid-dnkTPFmjAxyUg/,via GIPHY,article,308,https://giphy.com/gifs/someone-gifgun-gifsquid-dnkTPFmjAxyUg/,verified,False,False,False
after,https://robertdevore.com/5-things-i-learned-building-my-first-gutenberg-blocks-plugin/,https://x.com/deviorobert/,[non-text link],navigation,200,https://x.com/deviorobert,verified,False,False,False
after,https://robertdevore.com/5-things-i-learned-building-my-first-gutenberg-blocks-plugin/,https://github.com/robertdevore/,[non-text link],navigation,200,https://github.com/robertdevore/,verified,False,False,False
after,https://robertdevore.com/7-days-full-time-wp-dispensary/,https://www.wpdispensary.com/cannabiz-version-1-7/,release,article,200,https://wpdispensary.com/,verified,False,False,False
after,https://robertdevore.com/7-days-full-time-wp-dispensary/,https://www.wpdispensary.com/new-developer-resource-center/,outline,article,200,https://wpdispensary.com/,verified,False,False,False
after,https://robertdevore.com/7-days-full-time-wp-dispensary/,https://www.wpdispensary.com/for-developers/,Developer Resource Center,article,200,https://wpdispensary.com/,verified,False,False,False
after,https://robertdevore.com/7-days-full-time-wp-dispensary/,https://www.wpdispensary.com/for-dispensaries/,[non-text link],article,200,https://wpdispensary.com/,verified,False,False,False
after,https://robertdevore.com/7-days-full-time-wp-dispensary/,https://www.wpdispensary.com/for-developers/,developers,article,200,https://wpdispensary.com/,verified,False,False,False
after,https://robertdevore.com/7-days-full-time-wp-dispensary/,https://www.wpdispensary.com/for-dispensaries/,dispensaries,article,200,https://wpdispensary.com/,verified,False,False,False
after,https://robertdevore.com/7-days-full-time-wp-dispensary/,https://www.wpdispensary.com/downloads/all-in-one-bundle/,All-in-one Bundle,article,200,https://wpdispensary.com/,verified,False,False,False
after,https://robertdevore.com/7-days-full-time-wp-dispensary/,https://www.wpdispensary.com/for-developers/,[non-text link],article,200,https://wpdispensary.com/,verified,False,False,False
after,https://robertdevore.com/7-days-full-time-wp-dispensary/,https://www.wpdispensary.com/downloads/all-in-one-bundle/,Setup Service,article,200,https://wpdispensary.com/,verified,False,False,False
after,https://robertdevore.com/7-days-full-time-wp-dispensary/,https://www.wpdispensary.com/downloads/cannabiz/,WordPress marijuana theme,article,200,https://wpdispensary.com/,verified,False,False,False
after,https://robertdevore.com/7-days-full-time-wp-dispensary/,https://www.wpdispensary.com/cannabiz-version-1-7/,[non-text link],article,200,https://wpdispensary.com/,verified,False,False,False
after,https://robertdevore.com/7-days-full-time-wp-dispensary/,https://www.wpdispensary.com/cannabiz-version-1-7/,release notes,article,200,https://wpdispensary.com/,verified,False,False,False
after,https://robertdevore.com/7-days-full-time-wp-dispensary/,https://wordpress.org/support/topic/no-logo-3/,bug,article,200,https://wordpress.org/support/topic/no-logo-3/,verified,False,False,False
after,https://robertdevore.com/7-days-full-time-wp-dispensary/,https://www.wpdispensary.com/wp-dispensary-version-1-9-6/,version 1.9.6,article,200,https://wpdispensary.com/,verified,False,False,False
after,https://robertdevore.com/7-days-full-time-wp-dispensary/,https://www.wpdispensary.com/downloads/styles/,Styles,article,200,https://wpdispensary.com/,verified,False,False,False
after,https://robertdevore.com/7-days-full-time-wp-dispensary/,https://x.com/deviorobert/,[non-text link],navigation,200,https://x.com/deviorobert,verified,False,False,False
after,https://robertdevore.com/7-days-full-time-wp-dispensary/,https://github.com/robertdevore/,[non-text link],navigation,200,https://github.com/robertdevore/,verified,False,False,False
after,https://robertdevore.com/about/,https://x.com/deviorobert/,[non-text link],navigation,200,https://x.com/deviorobert,verified,False,False,False
after,https://robertdevore.com/about/,https://github.com/robertdevore/,[non-text link],navigation,200,https://github.com/robertdevore/,verified,False,False,False
after,https://robertdevore.com/all-in-one-wp-migration-plugin-ddos-attack/,https://wordpress.org/plugins/all-in-one-wp-migration/,All In One WP Migration,article,200,https://wordpress.org/plugins/all-in-one-wp-migration/,verified,False,False,False
after,https://robertdevore.com/all-in-one-wp-migration-plugin-ddos-attack/,https://servmask.com/,ServMask,article,200,https://servmask.com/,verified,False,False,False
after,https://robertdevore.com/all-in-one-wp-migration-plugin-ddos-attack/,https://patchstack.com/,Patchstack,article,200,https://patchstack.com/,verified,False,False,False
after,https://robertdevore.com/all-in-one-wp-migration-plugin-ddos-attack/,https://www.exploit-db.com/exploits/50052/,this one,article,200,https://www.exploit-db.com/exploits/50052,verified,False,False,False
after,https://robertdevore.com/all-in-one-wp-migration-plugin-ddos-attack/,https://snicco.io/vulnerability-disclosure/malcare/site-takeover-through-stolen-api-credentials-in-combination-with-sqli-malcare-5-09/,pointed out,article,200,https://snicco.io/vulnerability-disclosure/malcare/site-takeover-through-stolen-api-credentials-in-combination-with-sqli-malcare-5-09,verified,False,False,False
after,https://robertdevore.com/all-in-one-wp-migration-plugin-ddos-attack/,https://patchstack.com/database/,never-ending read-SQLi vulnerabilities,article,200,https://patchstack.com/database/,verified,False,False,False
after,https://robertdevore.com/all-in-one-wp-migration-plugin-ddos-attack/,https://webdesigneracademy.com/my-stripe-account-was-hacked-and-stripe-said-i-have-to-repay-70k/,This recently happened with WooCommerce Stripe keys,article,200,https://webdesigneracademy.com/my-stripe-account-was-hacked-and-stripe-said-i-have-to-repay-70k/,verified,False,False,False
after,https://robertdevore.com/all-in-one-wp-migration-plugin-ddos-attack/,https://aboutus.godaddy.net/newsroom/company-news/news-details/2021/GoDaddy-Announces-Security-Incident-Affecting-Managed-WordPress-Service/default.aspx?fbclid=IwAR2zz6g0XEpSl5pGkNfe3GOhEXFgE-XRIyQVDFIMOvKqBs3AVfsIXHflmrg,site’s database is compromised at the hosting level,article,200,https://aboutus.godaddy.net/newsroom/company-news/news-details/2021/GoDaddy-Announces-Security-Incident-Affecting-Managed-WordPress-Service/default.aspx?fbclid=IwAR2zz6g0XEpSl5pGkNfe3GOhEXFgE-XRIyQVDFIMOvKqBs3AVfsIXHflmrg,verified,False,False,False
after,https://robertdevore.com/all-in-one-wp-migration-plugin-ddos-attack/,https://patchstack.com/database/vulnerability/elementor-pro/wordpress-elementor-pro-3-11-6-authenticated-arbitrary-options-change-vulnerability/,wildly exploited Elementor vulnerability,article,200,https://patchstack.com/database/wordpress/plugin/elementor-pro/vulnerability/wordpress-elementor-pro-3-11-6-authenticated-arbitrary-options-change-vulnerability,verified,False,False,False
after,https://robertdevore.com/all-in-one-wp-migration-plugin-ddos-attack/,https://cln.sh/Fh8xbzg7h5vpSK0y0kjT/,second largest,article,200,https://cleanshot.com/share/Fh8xbzg7h5vpSK0y0kjT,verified,False,False,False
after,https://robertdevore.com/all-in-one-wp-migration-plugin-ddos-attack/,https://wpengine.com/,WPEngine,article,200,https://wpengine.com/,verified,False,False,False
after,https://robertdevore.com/all-in-one-wp-migration-plugin-ddos-attack/,https://pagely.com/,Pagely,article,200,https://pagely.com/,verified,False,False,False
after,https://robertdevore.com/all-in-one-wp-migration-plugin-ddos-attack/,https://pressable.com/,Pressable,article,200,https://pressable.com/,verified,False,False,False
after,https://robertdevore.com/all-in-one-wp-migration-plugin-ddos-attack/,https://blogvault.com/,Blogvault,article,200,https://blogvault.net/,verified,False,False,False
after,https://robertdevore.com/all-in-one-wp-migration-plugin-ddos-attack/,https://x.com/deviorobert/,[non-text link],navigation,200,https://x.com/deviorobert,verified,False,False,False
after,https://robertdevore.com/all-in-one-wp-migration-plugin-ddos-attack/,https://github.com/robertdevore/,[non-text link],navigation,200,https://github.com/robertdevore/,verified,False,False,False
after,https://robertdevore.com/back-to-basics/,https://twitter.com/hashtag/NeverNotWorking/?src=hash&ref_src=twsrc%5Etfw,#NeverNotWorking,article,200,https://x.com/hashtag/NeverNotWorking/?src=hash&ref_src=twsrc%5Etfw,verified,False,False,False
after,https://robertdevore.com/back-to-basics/,https://twitter.com/deviorobert/status/976496147777847296/?ref_src=twsrc%5Etfw,"March 21, 2018",article,200,https://x.com/deviorobert/status/976496147777847296/?ref_src=twsrc%5Etfw,verified,False,False,False
after,https://robertdevore.com/back-to-basics/,https://www.codecademy.com/en/tracks/php/,PHP course,article,200,https://www.codecademy.com/catalog/language/php,verified,False,False,False
after,https://robertdevore.com/back-to-basics/,https://www.codecademy.com/,Codecademy,article,200,https://www.codecademy.com/,verified,False,False,False
after,https://robertdevore.com/back-to-basics/,https://www.wpdispensary.com/,WP Dispensary,article,200,https://wpdispensary.com/,verified,False,False,False
after,https://robertdevore.com/back-to-basics/,https://javascriptforwp.com/,JavaScript for WordPress,article,200,https://javascriptforwp.com/,verified,False,False,False
after,https://robertdevore.com/back-to-basics/,https://twitter.com/zgordon/,Zac Gordon,article,200,https://x.com/zgordon,verified,False,False,False
after,https://robertdevore.com/back-to-basics/,https://x.com/deviorobert/,[non-text link],navigation,200,https://x.com/deviorobert,verified,False,False,False
after,https://robertdevore.com/back-to-basics/,https://github.com/robertdevore/,[non-text link],navigation,200,https://github.com/robertdevore/,verified,False,False,False
after,https://robertdevore.com/blog/,https://x.com/deviorobert/,[non-text link],navigation,200,https://x.com/deviorobert,verified,False,False,False
after,https://robertdevore.com/blog/,https://github.com/robertdevore/,[non-text link],navigation,200,https://github.com/robertdevore/,verified,False,False,False
after,https://robertdevore.com/blog/page/10/,https://x.com/deviorobert/,[non-text link],navigation,200,https://x.com/deviorobert,verified,False,False,False
after,https://robertdevore.com/blog/page/10/,https://github.com/robertdevore/,[non-text link],navigation,200,https://github.com/robertdevore/,verified,False,False,False
after,https://robertdevore.com/blog/page/11/,https://x.com/deviorobert/,[non-text link],navigation,200,https://x.com/deviorobert,verified,False,False,False
after,https://robertdevore.com/blog/page/11/,https://github.com/robertdevore/,[non-text link],navigation,200,https://github.com/robertdevore/,verified,False,False,False
after,https://robertdevore.com/blog/page/12/,https://x.com/deviorobert/,[non-text link],navigation,200,https://x.com/deviorobert,verified,False,False,False
after,https://robertdevore.com/blog/page/12/,https://github.com/robertdevore/,[non-text link],navigation,200,https://github.com/robertdevore/,verified,False,False,False
after,https://robertdevore.com/blog/page/2/,https://x.com/deviorobert/,[non-text link],navigation,200,https://x.com/deviorobert,verified,False,False,False
after,https://robertdevore.com/blog/page/2/,https://github.com/robertdevore/,[non-text link],navigation,200,https://github.com/robertdevore/,verified,False,False,False
after,https://robertdevore.com/blog/page/3/,https://x.com/deviorobert/,[non-text link],navigation,200,https://x.com/deviorobert,verified,False,False,False
after,https://robertdevore.com/blog/page/3/,https://github.com/robertdevore/,[non-text link],navigation,200,https://github.com/robertdevore/,verified,False,False,False
after,https://robertdevore.com/blog/page/4/,https://x.com/deviorobert/,[non-text link],navigation,200,https://x.com/deviorobert,verified,False,False,False
after,https://robertdevore.com/blog/page/4/,https://github.com/robertdevore/,[non-text link],navigation,200,https://github.com/robertdevore/,verified,False,False,False
after,https://robertdevore.com/blog/page/5/,https://x.com/deviorobert/,[non-text link],navigation,200,https://x.com/deviorobert,verified,False,False,False
after,https://robertdevore.com/blog/page/5/,https://github.com/robertdevore/,[non-text link],navigation,200,https://github.com/robertdevore/,verified,False,False,False
after,https://robertdevore.com/blog/page/6/,https://x.com/deviorobert/,[non-text link],navigation,200,https://x.com/deviorobert,verified,False,False,False
after,https://robertdevore.com/blog/page/6/,https://github.com/robertdevore/,[non-text link],navigation,200,https://github.com/robertdevore/,verified,False,False,False
after,https://robertdevore.com/blog/page/7/,https://x.com/deviorobert/,[non-text link],navigation,200,https://x.com/deviorobert,verified,False,False,False
after,https://robertdevore.com/blog/page/7/,https://github.com/robertdevore/,[non-text link],navigation,200,https://github.com/robertdevore/,verified,False,False,False
after,https://robertdevore.com/blog/page/8/,https://x.com/deviorobert/,[non-text link],navigation,200,https://x.com/deviorobert,verified,False,False,False
after,https://robertdevore.com/blog/page/8/,https://github.com/robertdevore/,[non-text link],navigation,200,https://github.com/robertdevore/,verified,False,False,False
after,https://robertdevore.com/blog/page/9/,https://x.com/deviorobert/,[non-text link],navigation,200,https://x.com/deviorobert,verified,False,False,False
after,https://robertdevore.com/blog/page/9/,https://github.com/robertdevore/,[non-text link],navigation,200,https://github.com/robertdevore/,verified,False,False,False
after,https://robertdevore.com/boostbox-free-popups-that-work-pro-popups-that-convert/,https://github.com/deviodigital/boostbox/,BoostBox,article,200,https://github.com/deviodigital/boostbox/,verified,False,False,False
after,https://robertdevore.com/boostbox-free-popups-that-work-pro-popups-that-convert/,https://deviodigital.com/product/boostbox-pro/,BoostBox Pro,article,0,,not checked,False,False,False
after,https://robertdevore.com/boostbox-free-popups-that-work-pro-popups-that-convert/,https://github.com/deviodigital/boostbox/,BoostBox,article,200,https://github.com/deviodigital/boostbox/,verified,False,False,False
after,https://robertdevore.com/boostbox-free-popups-that-work-pro-popups-that-convert/,https://deviodigital.com/product/boostbox-pro/,BoostBox Pro,article,0,,not checked,False,False,False
after,https://robertdevore.com/boostbox-free-popups-that-work-pro-popups-that-convert/,https://deviodigital.com/product/boostbox-pro/,BoostBox Pro,article,0,,not checked,False,False,False
after,https://robertdevore.com/boostbox-free-popups-that-work-pro-popups-that-convert/,https://deviodigital.com/product/boostbox-pro/,BoostBox Pro,article,0,,not checked,False,False,False
after,https://robertdevore.com/boostbox-free-popups-that-work-pro-popups-that-convert/,https://deviodigital.com/product/boostbox-pro/,upgrade to Pro,article,0,,not checked,False,False,False
after,https://robertdevore.com/boostbox-free-popups-that-work-pro-popups-that-convert/,https://github.com/deviodigital/boostbox/,BoostBox,article,200,https://github.com/deviodigital/boostbox/,verified,False,False,False
after,https://robertdevore.com/boostbox-free-popups-that-work-pro-popups-that-convert/,https://github.com/deviodigital/boostbox/,BoostBox,article,200,https://github.com/deviodigital/boostbox/,verified,False,False,False
after,https://robertdevore.com/boostbox-free-popups-that-work-pro-popups-that-convert/,https://deviodigital.com/product/boostbox-pro/,go Pro,article,0,,not checked,False,False,False
after,https://robertdevore.com/boostbox-free-popups-that-work-pro-popups-that-convert/,https://x.com/deviorobert/,[non-text link],navigation,200,https://x.com/deviorobert,verified,False,False,False
after,https://robertdevore.com/boostbox-free-popups-that-work-pro-popups-that-convert/,https://github.com/robertdevore/,[non-text link],navigation,200,https://github.com/robertdevore/,verified,False,False,False
after,https://robertdevore.com/boostbox-wordpress-popup-builder-for-the-core-editor/,https://wordpress.org/plugins/boostbox/,BoostBox,article,429,https://wordpress.org/plugins/boostbox/,blocked/indeterminate,False,False,False
after,https://robertdevore.com/boostbox-wordpress-popup-builder-for-the-core-editor/,https://wordpress.org/plugins/boostbox/,[non-text link],article,429,https://wordpress.org/plugins/boostbox/,blocked/indeterminate,False,False,False
after,https://robertdevore.com/boostbox-wordpress-popup-builder-for-the-core-editor/,https://wordpress.org/plugins/boostbox/,BoostBox,article,429,https://wordpress.org/plugins/boostbox/,blocked/indeterminate,False,False,False
after,https://robertdevore.com/boostbox-wordpress-popup-builder-for-the-core-editor/,https://twitter.com/deviorobert/status/1743037062964478228/,Twitter thread,article,200,https://x.com/deviorobert/status/1743037062964478228/,verified,False,False,False
after,https://robertdevore.com/boostbox-wordpress-popup-builder-for-the-core-editor/,https://wordpress.org/plugins/boostbox/,BoostBox,article,429,https://wordpress.org/plugins/boostbox/,blocked/indeterminate,False,False,False
after,https://robertdevore.com/boostbox-wordpress-popup-builder-for-the-core-editor/,https://olliewp.com/,Ollie theme,article,200,https://olliewp.com/,verified,False,False,False
after,https://robertdevore.com/boostbox-wordpress-popup-builder-for-the-core-editor/,https://briangardner.com/,Brian Gardner,article,200,https://briangardner.com/,verified,False,False,False
after,https://robertdevore.com/boostbox-wordpress-popup-builder-for-the-core-editor/,https://frostwp.com/,Frost,article,200,https://frostwp.com/,verified,False,False,False
after,https://robertdevore.com/boostbox-wordpress-popup-builder-for-the-core-editor/,https://briangardner.com/themes/powder/,Powder theme,article,200,https://briangardner.com/powder/,verified,False,False,False
after,https://robertdevore.com/boostbox-wordpress-popup-builder-for-the-core-editor/,https://www.kadencewp.com/,Kadence,article,200,https://www.liquidweb.com/software/kadence/,verified,False,False,False
after,https://robertdevore.com/boostbox-wordpress-popup-builder-for-the-core-editor/,https://cannabiz.software/,CannaBiz Software,article,0,,not checked,False,False,False
after,https://robertdevore.com/boostbox-wordpress-popup-builder-for-the-core-editor/,https://www.kadencewp.com/introducing-the-innovative-kadence-design-library-revolutionizing-the-world-of-design-patterns/,design library,article,404,https://www.kadencewp.com/introducing-the-innovative-kadence-design-library-revolutionizing-the-world-of-design-patterns/,verified,False,False,False
after,https://robertdevore.com/boostbox-wordpress-popup-builder-for-the-core-editor/,https://wordpress.org/plugins/boostbox/,BoostBox,article,429,https://wordpress.org/plugins/boostbox/,blocked/indeterminate,False,False,False
after,https://robertdevore.com/boostbox-wordpress-popup-builder-for-the-core-editor/,https://wordpress.org/themes/twentytwentyfour/,Twenty Twenty-Four,article,200,https://wordpress.org/themes/twentytwentyfour/,verified,False,False,False
after,https://robertdevore.com/boostbox-wordpress-popup-builder-for-the-core-editor/,https://wordpress.org/plugins/boostbox/,BoostBox WordPress Plugin,article,429,https://wordpress.org/plugins/boostbox/,blocked/indeterminate,False,False,False
after,https://robertdevore.com/boostbox-wordpress-popup-builder-for-the-core-editor/,https://x.com/deviorobert/,Twitter,article,200,https://x.com/deviorobert,verified,False,False,False
after,https://robertdevore.com/boostbox-wordpress-popup-builder-for-the-core-editor/,https://downloads.wordpress.org/plugin/boostbox.latest-stable.zip,Download Now,article,200,https://downloads.wordpress.org/plugin/boostbox.2.2.1.zip,verified,False,False,False
after,https://robertdevore.com/boostbox-wordpress-popup-builder-for-the-core-editor/,https://twitter.com/deviorobert/status/1740106853277950449/,following,article,200,https://x.com/deviorobert/status/1740106853277950449/,verified,False,False,False
after,https://robertdevore.com/boostbox-wordpress-popup-builder-for-the-core-editor/,https://twitter.com/deviorobert/status/1701961960697319481/,along,article,200,https://x.com/deviorobert/status/1701961960697319481/,verified,False,False,False
after,https://robertdevore.com/boostbox-wordpress-popup-builder-for-the-core-editor/,https://twitter.com/deviorobert/status/1688538188501975040/,on,article,200,https://x.com/deviorobert/status/1688538188501975040/,verified,False,False,False
after,https://robertdevore.com/boostbox-wordpress-popup-builder-for-the-core-editor/,https://twitter.com/deviorobert/status/1724434588821234177/,Twitter,article,200,https://x.com/deviorobert/status/1724434588821234177/,verified,False,False,False
after,https://robertdevore.com/boostbox-wordpress-popup-builder-for-the-core-editor/,https://patchstack.com/database/researcher/770fb791-e511-4ce8-8c93-c3f912d443df/,Patchstack,article,200,https://patchstack.com/database/researchers/770fb791-e511-4ce8-8c93-c3f912d443df,verified,False,False,False
after,https://robertdevore.com/boostbox-wordpress-popup-builder-for-the-core-editor/,https://x.com/deviorobert/,[non-text link],navigation,200,https://x.com/deviorobert,verified,False,False,False
after,https://robertdevore.com/boostbox-wordpress-popup-builder-for-the-core-editor/,https://github.com/robertdevore/,[non-text link],navigation,200,https://github.com/robertdevore/,verified,False,False,False
after,https://robertdevore.com/cannabis-health-benefits/,http://alisonmyrden.com/MMM%20new/mediamedicalmarijuana2.htm,reviewed 48 long-term studies,article,0,,not checked,False,False,False
after,https://robertdevore.com/cannabis-health-benefits/,http://cmcr.ucsd.edu/images/pdfs/cmcr_report_feb17.pdf,publicly announced the findings,article,404,http://cmcr.ucsd.edu/images/pdfs/cmcr_report_feb17.pdf,verified,False,False,False
after,https://robertdevore.com/cannabis-health-benefits/,http://preventdisease.com/news/10/120310_marijuana_cuts_tumor_growth.shtml,reduce cancer growth by 50%,article,404,https://preventdisease.com/news/10/120310_marijuana_cuts_tumor_growth.shtml,verified,False,False,False
after,https://robertdevore.com/cannabis-health-benefits/,http://www.ncbi.nlm.nih.gov/pubmed/18025276/,according to a study,article,200,https://pubmed.ncbi.nlm.nih.gov/18025276/,verified,False,False,False
after,https://robertdevore.com/cannabis-health-benefits/,http://safeaccess.ca/research/cancer.htm,extensive list of studies,article,404,https://safeaccess.ca/research/cancer.htm,verified,False,False,False
after,https://robertdevore.com/cannabis-health-benefits/,http://www.cnn.com/2013/08/07/health/charlotte-child-medical-marijuana/,completely stop seizures,article,200,https://www.cnn.com/2013/08/07/health/charlotte-child-medical-marijuana/,verified,False,False,False
after,https://robertdevore.com/cannabis-health-benefits/,http://www.medicaldaily.com/cannabis-oil-helped-stop-8-year-old-forrest-smelsers-seizures-when-other-drugs-311960/,8 year old Forrest Smelser,article,404,https://www.medicaldaily.com/cannabis-oil-helped-stop-8-year-old-forrest-smelsers-seizures-when-other-drugs-311960/,verified,False,False,False
after,https://robertdevore.com/cannabis-health-benefits/,http://www.komonews.com/news/local/283635751.html,KOMO News,article,400,https://komonews.com/news/local/283635751.html,verified,False,False,False
after,https://robertdevore.com/cannabis-health-benefits/,http://www.niaaa.nih.gov/research/niaaa-intramural-program/niaaa-laboratories/laboratory-behavioral-and-genomic-neuroscience/,National Institute on Alcohol Abuse and Alcoholism,article,404,https://www.niaaa.nih.gov/research/niaaa-intramural-program/niaaa-laboratories/laboratory-behavioral-and-genomic-neuroscience/,verified,False,False,False
after,https://robertdevore.com/cannabis-health-benefits/,http://www.leafscience.com/2014/06/19/cannabis-treats-ptsd-symptoms-pilot-study/,confirmed,article,0,,not checked,False,False,False
after,https://robertdevore.com/cannabis-health-benefits/,http://www.leafscience.com/2013/11/25/5-ways-marijuana-affects-sleep/,affect sleep,article,0,,not checked,False,False,False
after,https://robertdevore.com/cannabis-health-benefits/,https://www.scripps.edu/news/press/2006/080906.html,2006 study,article,404,https://www.scripps.edu/news-events/news/press/2006/080906.html,verified,False,False,False
after,https://robertdevore.com/cannabis-health-benefits/,http://www.eurekalert.org/pub_releases/2008-08/lsuh-lrr082008.php,provides evidence,article,404,http://www.eurekalert.org/pub_releases/2008-08/lsuh-lrr082008.php,verified,False,False,False
after,https://robertdevore.com/cannabis-health-benefits/,http://www.jneurosci.org/cgi/content/abstract/25/8/1904/,reported that,article,403,https://www.jneurosci.org/cgi/content/abstract/25/8/1904/,blocked/indeterminate,False,False,False
after,https://robertdevore.com/cannabis-health-benefits/,"http://en.wikipedia.org/wiki/WIN_55,212-2/","WIN 55,212-2",article,404,"https://en.wikipedia.org/wiki/WIN_55,212-2/",verified,False,False,False
after,https://robertdevore.com/cannabis-health-benefits/,http://online.liebertpub.com/doi/abs/10.1089/aid.2013.0182,recent study,article,200,https://www.sagepub.com/journals/mary-ann-liebert-journals-transition-information,verified,False,False,False
after,https://robertdevore.com/cannabis-health-benefits/,http://www.huffingtonpost.com/2014/02/11/marijuana-hiv_n_4767901.html,marijuana stops the spread of HIV,article,200,https://www.huffpost.com/entry/marijuana-hiv_n_4767901,verified,False,False,False
after,https://robertdevore.com/cannabis-health-benefits/,http://theantimedia.org/boy-loses-ability-to-speak-after-chemo-cannabis-oil-brings-it-back/,9 year old autistic boy gained the ability to speak,article,200,https://2ndamendmentshirts.com/news/the-anti-media-the-homepage-of-independent-media/,verified,False,False,False
after,https://robertdevore.com/cannabis-health-benefits/,http://denver.cbslocal.com/2015/06/13/boy-using-cannabis-oil-id-rather-be-illegally-alive-than-legally-dead/,from hospital beds to Colorado mountaintops,article,200,https://www.cbsnews.com/colorado/news/boy-using-cannabis-oil-id-rather-be-illegally-alive-than-legally-dead/,verified,False,False,False
after,https://robertdevore.com/cannabis-health-benefits/,http://www.huffingtonpost.com/2013/08/09/charlotte-figi-6-year-old-marijuana-medical_n_3734283.html,the story,article,200,https://www.huffpost.com/entry/charlotte-figi-6-year-old-marijuana-medical_n_3734283,verified,False,False,False
after,https://robertdevore.com/cannabis-health-benefits/,https://www.youtube.com/watch/?v=vyf-ffoatHg,CNN documentary,article,200,https://www.youtube.com/watch/?v=vyf-ffoatHg,verified,False,False,False
after,https://robertdevore.com/cannabis-health-benefits/,http://www.cnn.com/2013/08/08/health/gupta-changed-mind-marijuana/,change his stance,article,200,https://www.cnn.com/2013/08/08/health/gupta-changed-mind-marijuana/,verified,False,False,False
after,https://robertdevore.com/cannabis-health-benefits/,http://www.wpdispensary.com/,WP Dispensary,article,200,https://wpdispensary.com/,verified,False,False,False
after,https://robertdevore.com/cannabis-health-benefits/,http://www.wpdispensary.com/wp-dispensary-version-1-4/,release notes,article,200,https://wpdispensary.com/,verified,False,False,False
after,https://robertdevore.com/cannabis-health-benefits/,http://www.wpdispensary.com/dispensary-coupons-wordpress-plugin/,here,article,200,https://wpdispensary.com/,verified,False,False,False
after,https://robertdevore.com/cannabis-health-benefits/,https://x.com/deviorobert/,[non-text link],navigation,200,https://x.com/deviorobert,verified,False,False,False
after,https://robertdevore.com/cannabis-health-benefits/,https://github.com/robertdevore/,[non-text link],navigation,200,https://github.com/robertdevore/,verified,False,False,False
after,https://robertdevore.com/cannabiz/,http://www.wpdispensary.com/,WP Dispensary,article,200,https://wpdispensary.com/,verified,False,False,False
after,https://robertdevore.com/cannabiz/,http://www.wpdispensary.com/downloads/cannabiz/,CannaBiz,article,200,https://wpdispensary.com/,verified,False,False,False
after,https://robertdevore.com/cannabiz/,https://www.wpdispensary.com/product/cannabiz/,CannaBiz page,article,200,https://wpdispensary.com/,verified,False,False,False
after,https://robertdevore.com/cannabiz/,https://www.wpdispensary.com/say-hello-cannabiz/,Version 1.0,article,200,https://wpdispensary.com/,verified,False,False,False
after,https://robertdevore.com/cannabiz/,https://www.wpdispensary.com/cannabiz-version-1-1/,Version 1.1,article,200,https://wpdispensary.com/,verified,False,False,False
after,https://robertdevore.com/cannabiz/,https://www.wpdispensary.com/cannabiz-version-1-2/,Version 1.2,article,200,https://wpdispensary.com/,verified,False,False,False
after,https://robertdevore.com/cannabiz/,https://www.wpdispensary.com/cannabiz-version-1-3/,Version 1.3,article,200,https://wpdispensary.com/,verified,False,False,False
after,https://robertdevore.com/cannabiz/,https://www.wpdispensary.com/cannabiz-version-1-4/,Version 1.4,article,200,https://wpdispensary.com/,verified,False,False,False
after,https://robertdevore.com/cannabiz/,https://www.wpdispensary.com/cannabiz-version-1-5/,Version 1.5,article,200,https://wpdispensary.com/,verified,False,False,False
after,https://robertdevore.com/cannabiz/,https://www.wpdispensary.com/cannabiz-version-1-6/,Version 1.6,article,200,https://wpdispensary.com/,verified,False,False,False
after,https://robertdevore.com/cannabiz/,https://www.wpdispensary.com/cannabiz-version-1-7/,Version 1.7,article,200,https://wpdispensary.com/,verified,False,False,False
after,https://robertdevore.com/cannabiz/,https://www.wpdispensary.com/cannabiz-version-1-8/,Version 1.8,article,200,https://wpdispensary.com/,verified,False,False,False
after,https://robertdevore.com/cannabiz/,https://www.wpdispensary.com/cannabiz-version-1-9/,Version 1.9,article,200,https://wpdispensary.com/,verified,False,False,False
after,https://robertdevore.com/cannabiz/,https://www.wpdispensary.com/cannabiz-version-2-0/,Version 2.0,article,200,https://wpdispensary.com/,verified,False,False,False
after,https://robertdevore.com/cannabiz/,https://www.wpdispensary.com/cannabiz-version-2-1/,Version 2.1,article,200,https://wpdispensary.com/,verified,False,False,False
after,https://robertdevore.com/cannabiz/,http://www.wpdispensary.com/dispensary-coupons-wordpress-plugin/,WP Dispensary's Coupons,article,200,https://wpdispensary.com/,verified,False,False,False
after,https://robertdevore.com/cannabiz/,https://www.wordpress.org/plugins/dispensary-age-verification/,age verification,article,200,https://wordpress.org/plugins/dispensary-age-verification/,verified,False,False,False
after,https://robertdevore.com/cannabiz/,http://www.wpdispensary.com/downloads/cannabiz/,CannaBiz theme,article,200,https://wpdispensary.com/,verified,False,False,False
after,https://robertdevore.com/cannabiz/,https://www.wpdispensary.com/add-ons/,add-on's,article,200,https://wpdispensary.com/,verified,False,False,False
after,https://robertdevore.com/cannabiz/,http://www.wpdispensary.com/documentation/,documentation,article,200,https://wpdispensary.com/,verified,False,False,False
after,https://robertdevore.com/cannabiz/,https://x.com/deviorobert/,[non-text link],navigation,200,https://x.com/deviorobert,verified,False,False,False
after,https://robertdevore.com/cannabiz/,https://github.com/robertdevore/,[non-text link],navigation,200,https://github.com/robertdevore/,verified,False,False,False
after,https://robertdevore.com/category/,https://x.com/deviorobert/,[non-text link],navigation,200,https://x.com/deviorobert,verified,False,False,False
after,https://robertdevore.com/category/,https://github.com/robertdevore/,[non-text link],navigation,200,https://github.com/robertdevore/,verified,False,False,False
after,https://robertdevore.com/category/ai-content-systems/,https://x.com/deviorobert/,[non-text link],navigation,200,https://x.com/deviorobert,verified,False,False,False
after,https://robertdevore.com/category/ai-content-systems/,https://github.com/robertdevore/,[non-text link],navigation,200,https://github.com/robertdevore/,verified,False,False,False
after,https://robertdevore.com/category/developer-tools/,https://x.com/deviorobert/,[non-text link],navigation,200,https://x.com/deviorobert,verified,False,False,False
after,https://robertdevore.com/category/developer-tools/,https://github.com/robertdevore/,[non-text link],navigation,200,https://github.com/robertdevore/,verified,False,False,False
after,https://robertdevore.com/category/engineering-archive/,https://x.com/deviorobert/,[non-text link],navigation,200,https://x.com/deviorobert,verified,False,False,False
after,https://robertdevore.com/category/engineering-archive/,https://github.com/robertdevore/,[non-text link],navigation,200,https://github.com/robertdevore/,verified,False,False,False
after,https://robertdevore.com/category/field-notes/,https://x.com/deviorobert/,[non-text link],navigation,200,https://x.com/deviorobert,verified,False,False,False
after,https://robertdevore.com/category/field-notes/,https://github.com/robertdevore/,[non-text link],navigation,200,https://github.com/robertdevore/,verified,False,False,False
after,https://robertdevore.com/category/wordpress-archive/,https://x.com/deviorobert/,[non-text link],navigation,200,https://x.com/deviorobert,verified,False,False,False
after,https://robertdevore.com/category/wordpress-archive/,https://github.com/robertdevore/,[non-text link],navigation,200,https://github.com/robertdevore/,verified,False,False,False
after,https://robertdevore.com/celebrating-gaad-with-img-a11y-v1-1-0/,https://accessibility.day/,Global Accessibility Awareness Day (GAAD),article,200,https://accessibility.day/,verified,False,False,False
after,https://robertdevore.com/celebrating-gaad-with-img-a11y-v1-1-0/,https://equalizedigital.com/gaad2025/,Equalize Digital,article,200,https://equalizedigital.com/gaad2025/,verified,False,False,False
after,https://robertdevore.com/celebrating-gaad-with-img-a11y-v1-1-0/,https://github.com/robertdevore/img-a11y/,IMG A11Y,article,200,https://github.com/WebDevStudios/img-a11y,verified,False,False,False
after,https://robertdevore.com/celebrating-gaad-with-img-a11y-v1-1-0/,https://github.com/robertdevore/img-a11y/,IMG A11Y,article,200,https://github.com/WebDevStudios/img-a11y,verified,False,False,False
after,https://robertdevore.com/celebrating-gaad-with-img-a11y-v1-1-0/,https://github.com/robertdevore/img-a11y/issues/3/,@dknauss,article,200,https://github.com/WebDevStudios/img-a11y/issues/3/,verified,False,False,False
after,https://robertdevore.com/celebrating-gaad-with-img-a11y-v1-1-0/,https://github.com/robertdevore/img-a11y/,IMG A11Y project page,article,200,https://github.com/WebDevStudios/img-a11y,verified,False,False,False
after,https://robertdevore.com/celebrating-gaad-with-img-a11y-v1-1-0/,https://x.com/deviorobert/,[non-text link],navigation,200,https://x.com/deviorobert,verified,False,False,False
after,https://robertdevore.com/celebrating-gaad-with-img-a11y-v1-1-0/,https://github.com/robertdevore/,[non-text link],navigation,200,https://github.com/robertdevore/,verified,False,False,False
after,https://robertdevore.com/chapters-for-authors-wordpress-plugin/,https://www.wpdispensary.com/downloads/dispensary-top-sellers/,dozen,article,200,https://wpdispensary.com/,verified,False,False,False
after,https://robertdevore.com/chapters-for-authors-wordpress-plugin/,https://www.wpdispensary.com/100-free-marijuana-stock-photos/,things,article,200,https://wpdispensary.com/,verified,False,False,False
after,https://robertdevore.com/chapters-for-authors-wordpress-plugin/,https://wordpress.org/plugins/chapters-for-authors/,Chapters for Authors,article,200,https://wordpress.org/plugins/chapters-for-authors/,verified,False,False,False
after,https://robertdevore.com/chapters-for-authors-wordpress-plugin/,https://twitter.com/themotherofcode/status/780061617698533376/,read a tweet,article,200,https://x.com/themotherofcode/status/780061617698533376/,verified,False,False,False
after,https://robertdevore.com/chapters-for-authors-wordpress-plugin/,https://twitter.com/motherofcode/status/780061617698533376/?ref_src=twsrc%5Etfw,"September 25, 2016",article,200,https://x.com/motherofcode/status/780061617698533376/?ref_src=twsrc%5Etfw,verified,False,False,False
after,https://robertdevore.com/chapters-for-authors-wordpress-plugin/,https://wpbloggerpoints.com/2016/09/say-hi-to-bloggerpoints/,Bloggerpoints,article,0,,not checked,False,False,False
after,https://robertdevore.com/chapters-for-authors-wordpress-plugin/,http://nanowrimo.org/,NaNoWriMo,article,200,http://nanowrimo.org/,verified,False,False,False
after,https://robertdevore.com/chapters-for-authors-wordpress-plugin/,https://wordpress.org/plugins/chapters-for-authors/,official WordPress plugin repository,article,200,https://wordpress.org/plugins/chapters-for-authors/,verified,False,False,False
after,https://robertdevore.com/chapters-for-authors-wordpress-plugin/,https://github.com/deviodigital/chapters-for-authors/,from Github,article,200,https://github.com/robertdevore/chapters-for-authors,verified,False,False,False
after,https://robertdevore.com/chapters-for-authors-wordpress-plugin/,http://wppb.me/,WordPress Plugin Boilerplate Generator,article,308,http://wppb.me/,verified,False,False,False
after,https://robertdevore.com/chapters-for-authors-wordpress-plugin/,https://generatewp.com/post-type/,Post Type Generator,article,200,https://generatewp.com/post-type/,verified,False,False,False
after,https://robertdevore.com/chapters-for-authors-wordpress-plugin/,https://generatewp.com/generator/,GenerateWP,article,200,https://generatewp.com/generator/,verified,False,False,False
after,https://robertdevore.com/chapters-for-authors-wordpress-plugin/,https://github.com/deviodigital/chapters-for-authors/,on Github,article,200,https://github.com/robertdevore/chapters-for-authors,verified,False,False,False
after,https://robertdevore.com/chapters-for-authors-wordpress-plugin/,https://github.com/deviodigital/chapters-for-authors/issues/,open issues,article,200,https://github.com/robertdevore/chapters-for-authors/issues,verified,False,False,False
after,https://robertdevore.com/chapters-for-authors-wordpress-plugin/,https://x.com/deviorobert/,[non-text link],navigation,200,https://x.com/deviorobert,verified,False,False,False
after,https://robertdevore.com/chapters-for-authors-wordpress-plugin/,https://github.com/robertdevore/,[non-text link],navigation,200,https://github.com/robertdevore/,verified,False,False,False
after,https://robertdevore.com/clean-blog-free-wordpress-theme/,http://startbootstrap.com/template-overviews/clean-blog/,Clean Blog Bootstrap template,article,200,https://startbootstrap.com/template-overviews/clean-blog/,verified,False,False,False
after,https://robertdevore.com/clean-blog-free-wordpress-theme/,http://underscores.me/,Underscores,article,200,https://underscores.me/,verified,False,False,False
after,https://robertdevore.com/clean-blog-free-wordpress-theme/,http://www.deviodigital.com/demo/cleanblog/,live demo,article,0,,not checked,False,False,False
after,https://robertdevore.com/clean-blog-free-wordpress-theme/,http://github.com/deviodigital/cleanblog/,Github Repository,article,200,https://github.com/deviodigital/cleanblog/,verified,False,False,False
after,https://robertdevore.com/clean-blog-free-wordpress-theme/,http://github.com/deviodigital/cleanblog/archive/master.zip,Download,article,200,https://codeload.github.com/deviodigital/cleanblog/zip/refs/heads/master,verified,False,False,False
after,https://robertdevore.com/clean-blog-free-wordpress-theme/,http://startbootstrap.com/template-overviews/clean-blog/,Clean Blog template,article,200,https://startbootstrap.com/template-overviews/clean-blog/,verified,False,False,False
after,https://robertdevore.com/clean-blog-free-wordpress-theme/,http://www.startbootstrap.com/,Start Bootstrap,article,200,https://startbootstrap.com/,verified,False,False,False
after,https://robertdevore.com/clean-blog-free-wordpress-theme/,http://underscores.me/,Underscores,article,200,https://underscores.me/,verified,False,False,False
after,https://robertdevore.com/clean-blog-free-wordpress-theme/,http://wordpress.org/plugins/subtitles/,Subtitles plugin,article,200,https://wordpress.org/plugins/subtitles/,verified,False,False,False
after,https://robertdevore.com/clean-blog-free-wordpress-theme/,http://www.deviodigital.com/demo/cleanblog/,demo,article,0,,not checked,False,False,False
after,https://robertdevore.com/clean-blog-free-wordpress-theme/,http://github.com/tommcfarlin/theme-customizer-example/,theme customizer codes,article,200,https://github.com/tommcfarlin/theme-customizer-example/,verified,False,False,False
after,https://robertdevore.com/clean-blog-free-wordpress-theme/,http://www.wptest.io/,WP Test,article,200,http://wptest.io/,verified,False,False,False
after,https://robertdevore.com/clean-blog-free-wordpress-theme/,http://www.fontawesome.io/,Font Awesome,article,200,https://fontawesome.com/,verified,False,False,False
after,https://robertdevore.com/clean-blog-free-wordpress-theme/,http://fontawesome.io/icons/,icons,article,200,https://fontawesome.com/,verified,False,False,False
after,https://robertdevore.com/clean-blog-free-wordpress-theme/,http://bavotasan.com/2012/add-class-to-all-excerpts-in-wordpress/,code snippet,article,200,https://bavotasan.com/2012/add-class-to-all-excerpts-in-wordpress/,verified,False,False,False
after,https://robertdevore.com/clean-blog-free-wordpress-theme/,http://www.deviodigital.com/demo/cleanblog/,test drive,article,0,,not checked,False,False,False
after,https://robertdevore.com/clean-blog-free-wordpress-theme/,http://github.com/deviodigital/cleanblog/,Github Repository,article,200,https://github.com/deviodigital/cleanblog/,verified,False,False,False
after,https://robertdevore.com/clean-blog-free-wordpress-theme/,http://github.com/deviodigital/cleanblog/archive/master.zip,direct download,article,200,https://codeload.github.com/deviodigital/cleanblog/zip/refs/heads/master,verified,False,False,False
after,https://robertdevore.com/clean-blog-free-wordpress-theme/,https://x.com/deviorobert/,[non-text link],navigation,200,https://x.com/deviorobert,verified,False,False,False
after,https://robertdevore.com/clean-blog-free-wordpress-theme/,https://github.com/robertdevore/,[non-text link],navigation,200,https://github.com/robertdevore/,verified,False,False,False
after,https://robertdevore.com/complete-beginners-guide-building-a-python-url-checker-for-google-sheets/,https://python.robertdevore.com/,programming with Python,article,200,https://python.robertdevore.com/,verified,False,False,False
after,https://robertdevore.com/complete-beginners-guide-building-a-python-url-checker-for-google-sheets/,https://x.com/deviorobert/,[non-text link],navigation,200,https://x.com/deviorobert,verified,False,False,False
after,https://robertdevore.com/complete-beginners-guide-building-a-python-url-checker-for-google-sheets/,https://github.com/robertdevore/,[non-text link],navigation,200,https://github.com/robertdevore/,verified,False,False,False
after,https://robertdevore.com/contact/,https://x.com/deviorobert/,[non-text link],navigation,200,https://x.com/deviorobert,verified,False,False,False
after,https://robertdevore.com/contact/,https://github.com/robertdevore/,[non-text link],navigation,200,https://github.com/robertdevore/,verified,False,False,False
after,https://robertdevore.com/creating-my-own-cipher-code/,https://theanarchistlibrary.org/library/emma-goldman-anarchism-and-other-essays/,“Anarchism and other Essays” by Emma Goldman,article,200,https://theanarchistlibrary.org/library/emma-goldman-anarchism-and-other-essays/,verified,False,False,False
after,https://robertdevore.com/creating-my-own-cipher-code/,https://twitter.com/search/?q=%23GdI,#GdI,article,200,https://x.com/search/?q=%23GdI,verified,False,False,False
after,https://robertdevore.com/creating-my-own-cipher-code/,https://gist.github.com/robertdevore/8bba7aef2f98f64f05878c15753aa9f3/,found on GitHub,article,200,https://gist.github.com/robertdevore/8bba7aef2f98f64f05878c15753aa9f3/,verified,False,False,False
after,https://robertdevore.com/creating-my-own-cipher-code/,https://twitter.com/tumblr/?ref_src=twsrc%5Etfw,@Tumblr,article,200,https://x.com/tumblr?ref_src=twsrc%5Etfw,verified,False,False,False
after,https://robertdevore.com/creating-my-own-cipher-code/,https://t.co/X0sGSU0vbG/,pic.twitter.com/X0sGSU0vbG,article,404,https://t.co/X0sGSU0vbG/,verified,False,False,False
after,https://robertdevore.com/creating-my-own-cipher-code/,https://twitter.com/deviorobert/status/1541277175298547712/?ref_src=twsrc%5Etfw,"June 27, 2022",article,200,https://x.com/deviorobert/status/1541277175298547712/?ref_src=twsrc%5Etfw,verified,False,False,False
after,https://robertdevore.com/creating-my-own-cipher-code/,https://x.com/deviorobert/,[non-text link],navigation,200,https://x.com/deviorobert,verified,False,False,False
after,https://robertdevore.com/creating-my-own-cipher-code/,https://github.com/robertdevore/,[non-text link],navigation,200,https://github.com/robertdevore/,verified,False,False,False
after,https://robertdevore.com/customer-loyalty-for-woocommerce-v2/,https://x.com/search/?q=%23WooWednesday&src=typeahead_click&f=live,#WooWednesday,article,200,https://x.com/search/?q=%23WooWednesday&src=typeahead_click&f=live,verified,False,False,False
after,https://robertdevore.com/customer-loyalty-for-woocommerce-v2/,https://github.com/deviodigital/customer-loyalty-for-woocommerce/,Customer Loyalty for WooCommerce®,article,200,https://github.com/deviodigital/customer-loyalty-for-woocommerce/,verified,False,False,False
after,https://robertdevore.com/customer-loyalty-for-woocommerce-v2/,https://github.com/deviodigital/customer-loyalty-for-woocommerce/,GitHub,article,200,https://github.com/deviodigital/customer-loyalty-for-woocommerce/,verified,False,False,False
after,https://robertdevore.com/customer-loyalty-for-woocommerce-v2/,https://x.com/deviorobert/status/1149082455606996994/,5 years ago,article,200,https://x.com/deviorobert/status/1149082455606996994/,verified,False,False,False
after,https://robertdevore.com/customer-loyalty-for-woocommerce-v2/,https://github.com/deviodigital/customer-loyalty-for-woocommerce/,Customer Loyalty for WooCommerce®,article,200,https://github.com/deviodigital/customer-loyalty-for-woocommerce/,verified,False,False,False
after,https://robertdevore.com/customer-loyalty-for-woocommerce-v2/,https://x.com/search/?q=%23WooWednesday&src=typeahead_click&f=live,#WooWednesday,article,200,https://x.com/search/?q=%23WooWednesday&src=typeahead_click&f=live,verified,False,False,False
after,https://robertdevore.com/customer-loyalty-for-woocommerce-v2/,https://x.com/deviorobert/,[non-text link],navigation,200,https://x.com/deviorobert,verified,False,False,False
after,https://robertdevore.com/customer-loyalty-for-woocommerce-v2/,https://github.com/robertdevore/,[non-text link],navigation,200,https://github.com/robertdevore/,verified,False,False,False
after,https://robertdevore.com/db-version-control-wordpress-plugin/,https://github.com/robertdevore/db-version-control/,DB Version Control,article,200,https://github.com/WebDevStudios/db-version-control,verified,False,False,False
after,https://robertdevore.com/db-version-control-wordpress-plugin/,https://github.com/robertdevore/db-version-control/,DB Version Control,article,200,https://github.com/WebDevStudios/db-version-control,verified,False,False,False
after,https://robertdevore.com/db-version-control-wordpress-plugin/,https://github.com/robertdevore/db-version-control/,DB Version Control,article,200,https://github.com/WebDevStudios/db-version-control,verified,False,False,False
after,https://robertdevore.com/db-version-control-wordpress-plugin/,https://github.com/robertdevore/db-version-control/,DB Version Control,article,200,https://github.com/WebDevStudios/db-version-control,verified,False,False,False
after,https://robertdevore.com/db-version-control-wordpress-plugin/,https://x.com/deviorobert/,[non-text link],navigation,200,https://x.com/deviorobert,verified,False,False,False
after,https://robertdevore.com/db-version-control-wordpress-plugin/,https://github.com/robertdevore/,[non-text link],navigation,200,https://github.com/robertdevore/,verified,False,False,False
after,https://robertdevore.com/december-2024-a-retrospective/,https://twitter.com/deviorobert/status/1863085624028438544/,December to Remember,article,200,https://x.com/deviorobert/status/1863085624028438544/,verified,False,False,False
after,https://robertdevore.com/december-2024-a-retrospective/,https://bsky.app/profile/robertdevore.com/post/3lcfzkiolpk2o/,I did,article,200,https://bsky.app/profile/robertdevore.com/post/3lcfzkiolpk2o,verified,False,False,False
after,https://robertdevore.com/december-2024-a-retrospective/,https://twitter.com/deviorobert/status/1864874231982420302/,WordPlay v1.0.2,article,200,https://x.com/deviorobert/status/1864874231982420302/,verified,False,False,False
after,https://robertdevore.com/december-2024-a-retrospective/,https://twitter.com/deviorobert/status/1867430433811476632/,Maintenance Mode for WordPress® v1.0.1,article,200,https://x.com/deviorobert/status/1867430433811476632/,verified,False,False,False
after,https://robertdevore.com/december-2024-a-retrospective/,https://twitter.com/deviorobert/status/1867434183389254119/,Media File Versioning v1.0.1,article,200,https://x.com/deviorobert/status/1867434183389254119/,verified,False,False,False
after,https://robertdevore.com/december-2024-a-retrospective/,https://twitter.com/deviorobert/status/1870724574263840862/,BoostBox v2.2.0,article,200,https://x.com/deviorobert/status/1870724574263840862/,verified,False,False,False
after,https://robertdevore.com/december-2024-a-retrospective/,https://twitter.com/DevioDigital/status/1870725848812368238/,Age Verification v2.9.6,article,200,https://x.com/DevioDigital/status/1870725848812368238/,verified,False,False,False
after,https://robertdevore.com/december-2024-a-retrospective/,https://notmatt.press/,NotMatt.Press,article,0,,not checked,False,False,False
after,https://robertdevore.com/december-2024-a-retrospective/,https://github.com/robertdevore/poocommerce/,PooCommerce,article,404,https://github.com/robertdevore/poocommerce/,verified,False,False,False
after,https://robertdevore.com/december-2024-a-retrospective/,https://t.co/V4JoWQwJxh/,pic.twitter.com/V4JoWQwJxh,article,404,https://t.co/V4JoWQwJxh/,verified,False,False,False
after,https://robertdevore.com/december-2024-a-retrospective/,https://twitter.com/deviorobert/status/1866866508598743168/?ref_src=twsrc%5Etfw,"December 11, 2024",article,200,https://x.com/deviorobert/status/1866866508598743168/?ref_src=twsrc%5Etfw,verified,False,False,False
after,https://robertdevore.com/december-2024-a-retrospective/,https://github.com/notmattpress/poopayments/,PooPayments,article,404,https://github.com/notmattpress/poopayments/,verified,False,False,False
after,https://robertdevore.com/december-2024-a-retrospective/,https://github.com/notmattpress/restroom/,Restroom,article,200,https://github.com/notmattpress/restroom/,verified,False,False,False
after,https://robertdevore.com/december-2024-a-retrospective/,https://github.com/robertdevore/wp-uptime/,Website Uptime Monitor + Visualizer script,article,200,https://github.com/robertdevore/wp-uptime/,verified,False,False,False
after,https://robertdevore.com/december-2024-a-retrospective/,https://github.com/robertdevore/savage-scanner/,script,article,200,https://github.com/robertdevore/savage-scanner/,verified,False,False,False
after,https://robertdevore.com/december-2024-a-retrospective/,https://savage.robertdevore.com/,web app,article,0,,not checked,False,False,False
after,https://robertdevore.com/december-2024-a-retrospective/,https://github.com/getCannaBiz/,CannaBiz Software,article,200,https://github.com/getCannaBiz/,verified,False,False,False
after,https://robertdevore.com/december-2024-a-retrospective/,https://github.com/robertdevore/vuln-search/,script,article,200,https://github.com/robertdevore/vuln-search/,verified,False,False,False
after,https://robertdevore.com/december-2024-a-retrospective/,https://vuln.robertdevore.com/,web app,article,0,,not checked,False,False,False
after,https://robertdevore.com/december-2024-a-retrospective/,https://twitter.com/deviorobert/status/1863440598235029588/,More in Core plugin list,article,200,https://x.com/deviorobert/status/1863440598235029588/,verified,False,False,False
after,https://robertdevore.com/december-2024-a-retrospective/,https://twitter.com/deviorobert/status/1865989168545116603/,confirmed,article,200,https://x.com/deviorobert/status/1865989168545116603/,verified,False,False,False
after,https://robertdevore.com/december-2024-a-retrospective/,https://twitter.com/deviorobert/status/1863564190360682532/,cut their investment,article,200,https://x.com/deviorobert/status/1863564190360682532/,verified,False,False,False
after,https://robertdevore.com/december-2024-a-retrospective/,https://twitter.com/deviorobert/status/1866889640277409916/,rage quit,article,200,https://x.com/deviorobert/status/1866889640277409916/,verified,False,False,False
after,https://robertdevore.com/december-2024-a-retrospective/,https://twitter.com/deviorobert/status/1860882134526791946/,5 vs 1 challenge,article,200,https://x.com/deviorobert/status/1860882134526791946/,verified,False,False,False
after,https://robertdevore.com/december-2024-a-retrospective/,https://twitter.com/deviorobert/status/1867797380931686532/,details,article,200,https://x.com/deviorobert/status/1867797380931686532/,verified,False,False,False
after,https://robertdevore.com/december-2024-a-retrospective/,https://twitter.com/deviorobert/status/1869609666420023361/,asked him,article,200,https://x.com/deviorobert/status/1869609666420023361/,verified,False,False,False
after,https://robertdevore.com/december-2024-a-retrospective/,https://twitter.com/deviorobert/status/1872294860989899100/,blocked me,article,200,https://x.com/deviorobert/status/1872294860989899100/,verified,False,False,False
after,https://robertdevore.com/december-2024-a-retrospective/,https://twitter.com/deviorobert/status/1868509121617465619/,About the Money,article,200,https://x.com/deviorobert/status/1868509121617465619/,verified,False,False,False
after,https://robertdevore.com/december-2024-a-retrospective/,https://twitter.com/TheJeffMatson/status/1868857454987296862/,$WPDRAMA,article,200,https://x.com/TheJeffMatson/status/1868857454987296862/,verified,False,False,False
after,https://robertdevore.com/december-2024-a-retrospective/,https://jeffmatson.net/,Jeff Matson,article,200,https://jeffmatson.net/,verified,False,False,False
after,https://robertdevore.com/december-2024-a-retrospective/,https://deviodigital.com/,Devio Digital,article,0,,not checked,False,False,False
after,https://robertdevore.com/december-2024-a-retrospective/,https://www.deviodigital.com/product/boostbox-pro/,BoostBox Pro,article,0,,not checked,False,False,False
after,https://robertdevore.com/december-2024-a-retrospective/,https://www.deviodigital.com/product/affililink/,AffiliLink,article,0,,not checked,False,False,False
after,https://robertdevore.com/december-2024-a-retrospective/,https://www.deviodigital.com/product/waitlist-for-the-events-calendar/,Waitlist for The Events Calendar,article,0,,not checked,False,False,False
after,https://robertdevore.com/december-2024-a-retrospective/,https://patchstack.com/database/researcher/770fb791-e511-4ce8-8c93-c3f912d443df/,Patchstack,article,200,https://patchstack.com/database/researchers/770fb791-e511-4ce8-8c93-c3f912d443df,verified,False,False,False
after,https://robertdevore.com/december-2024-a-retrospective/,https://www.wordfence.com/threat-intel/vulnerabilities/researchers/robert-devore/,Wordfence,article,202,https://www.wordfence.com/threat-intel/vulnerabilities/researchers/robert-devore/,verified,False,False,False
after,https://robertdevore.com/december-2024-a-retrospective/,https://twitter.com/deviorobert/status/1874706269745156566/,purchased a book,article,200,https://x.com/deviorobert/status/1874706269745156566/,verified,False,False,False
after,https://robertdevore.com/december-2024-a-retrospective/,https://tryhackme.com/r/p/robertdevore/,TryHackMe,article,429,https://tryhackme.com/r/p/robertdevore/,blocked/indeterminate,False,False,False
after,https://robertdevore.com/december-2024-a-retrospective/,https://github.com/robertdevore/api-audit/,security,article,200,https://github.com/robertdevore/api-audit/,verified,False,False,False
after,https://robertdevore.com/december-2024-a-retrospective/,https://vuln.robertdevore.com/,focused,article,0,,not checked,False,False,False
after,https://robertdevore.com/december-2024-a-retrospective/,https://savage.robertdevore.com/,tools,article,0,,not checked,False,False,False
after,https://robertdevore.com/december-2024-a-retrospective/,https://hackerone.com/robertdevore/,bug bounty,article,200,https://hackerone.com/robertdevore/,verified,False,False,False
after,https://robertdevore.com/december-2024-a-retrospective/,https://stattic.site/,Stattic,article,200,https://stattic.site/,verified,False,False,False
after,https://robertdevore.com/december-2024-a-retrospective/,https://github.com/getstattic/stattic-admin/,Stattic Admin,article,404,https://github.com/getstattic/stattic-admin/,verified,False,False,False
after,https://robertdevore.com/december-2024-a-retrospective/,https://x.com/deviorobert/,[non-text link],navigation,200,https://x.com/deviorobert,verified,False,False,False
after,https://robertdevore.com/december-2024-a-retrospective/,https://github.com/robertdevore/,[non-text link],navigation,200,https://github.com/robertdevore/,verified,False,False,False
after,https://robertdevore.com/delivery-drivers-for-woocommerce/,https://www.wordpress.org/plugins/delivery-drivers-for-woocommerce/,Delivery Drivers for WooCommerce,article,200,https://wordpress.org/plugins/delivery-drivers-for-woocommerce/,verified,False,False,False
after,https://robertdevore.com/delivery-drivers-for-woocommerce/,https://www.wpdispensary.com/,WP Dispensary,article,200,https://wpdispensary.com/,verified,False,False,False
after,https://robertdevore.com/delivery-drivers-for-woocommerce/,https://www.wordpress.org/plugins/wp-dispensary/,dispensary plugin,article,200,https://wordpress.org/plugins/wp-dispensary/,verified,False,False,False
after,https://robertdevore.com/delivery-drivers-for-woocommerce/,https://www.statista.com/topics/1986/food-delivery-industry-in-the-us/,10% of consumers,article,302,https://www.statista.com/topics/1986/food-delivery-industry-in-the-us/,verified,False,False,False
after,https://robertdevore.com/delivery-drivers-for-woocommerce/,https://www.deviodigital.com/,Devio Digital,article,0,,not checked,False,False,False
after,https://robertdevore.com/delivery-drivers-for-woocommerce/,https://deviodigital.com/product/delivery-drivers-for-woocommerce-pro/,View DDWC Pro →,article,0,,not checked,False,False,False
after,https://robertdevore.com/delivery-drivers-for-woocommerce/,https://www.wordpress.org/plugins/delivery-drivers-for-woocommerce/,Delivery Drivers for WooCommerce,article,200,https://wordpress.org/plugins/delivery-drivers-for-woocommerce/,verified,False,False,False
after,https://robertdevore.com/delivery-drivers-for-woocommerce/,https://x.com/deviorobert/,[non-text link],navigation,200,https://x.com/deviorobert,verified,False,False,False
after,https://robertdevore.com/delivery-drivers-for-woocommerce/,https://github.com/robertdevore/,[non-text link],navigation,200,https://github.com/robertdevore/,verified,False,False,False
after,https://robertdevore.com/devio-digital/,https://github.com/deviodigital/landingpage-realestate/,couple of bootstrap,article,200,https://github.com/robertdevore/landingpage-realestate,verified,False,False,False
after,https://robertdevore.com/devio-digital/,https://github.com/deviodigital/landingpage-squeeze-page/,landing page templates,article,200,https://github.com/robertdevore/landingpage-squeeze-page,verified,False,False,False
after,https://robertdevore.com/devio-digital/,http://www.wpdispensary.com/,WP Dispensary,article,200,https://wpdispensary.com/,verified,False,False,False
after,https://robertdevore.com/devio-digital/,http://www.wpdispensary.com/welcome-to-wp-dispensary/,initial launch,article,200,https://wpdispensary.com/,verified,False,False,False
after,https://robertdevore.com/devio-digital/,http://www.wpdispensary.com/add-ons/,add-ons,article,200,https://wpdispensary.com/,verified,False,False,False
after,https://robertdevore.com/devio-digital/,http://www.deviodigital.com/,[non-text link],article,0,,not checked,False,False,False
after,https://robertdevore.com/devio-digital/,http://www.deviodigital.com/,Devio Digital,article,0,,not checked,False,False,False
after,https://robertdevore.com/devio-digital/,http://www.deviodigital.com/,Devio Digital,article,0,,not checked,False,False,False
after,https://robertdevore.com/devio-digital/,https://x.com/deviorobert/,[non-text link],navigation,200,https://x.com/deviorobert,verified,False,False,False
after,https://robertdevore.com/devio-digital/,https://github.com/robertdevore/,[non-text link],navigation,200,https://github.com/robertdevore/,verified,False,False,False
after,https://robertdevore.com/dispensary-wordpress-plugins-2017/,http://www.thecannabist.co/2016/11/14/marijuana-legalization-election-2016-tipping-point/67407/,medical and recreational marijuana laws,article,0,,not checked,False,False,False
after,https://robertdevore.com/dispensary-wordpress-plugins-2017/,https://wordpress.org/plugins/wordpress-seo/,Yoast SEO,article,200,https://wordpress.org/plugins/wordpress-seo/,verified,False,False,False
after,https://robertdevore.com/dispensary-wordpress-plugins-2017/,https://wordpress.org/plugins/wordpress-seo/,[non-text link],article,200,https://wordpress.org/plugins/wordpress-seo/,verified,False,False,False
after,https://robertdevore.com/dispensary-wordpress-plugins-2017/,https://wordpress.org/plugins/all-in-one-seo-pack/,All In One SEO,article,429,https://wordpress.org/plugins/all-in-one-seo-pack/,blocked/indeterminate,False,False,False
after,https://robertdevore.com/dispensary-wordpress-plugins-2017/,https://wordpress.org/plugins/seo-wizard/,SEO Wizard,article,200,https://wordpress.org/plugins/seo-wizard/,verified,False,False,False
after,https://robertdevore.com/dispensary-wordpress-plugins-2017/,https://wordpress.org/plugins/seo-image/,SEO Images,article,200,https://wordpress.org/plugins/seo-image/,verified,False,False,False
after,https://robertdevore.com/dispensary-wordpress-plugins-2017/,https://wordpress.org/plugins/updraftplus/,UpdraftPlus,article,429,https://wordpress.org/plugins/updraftplus/,blocked/indeterminate,False,False,False
after,https://robertdevore.com/dispensary-wordpress-plugins-2017/,https://wordpress.org/plugins/updraftplus/,[non-text link],article,429,https://wordpress.org/plugins/updraftplus/,blocked/indeterminate,False,False,False
after,https://robertdevore.com/dispensary-wordpress-plugins-2017/,https://wordpress.org/plugins/wp-db-backup/,WP-DB-Backup,article,200,https://wordpress.org/plugins/wp-db-backup/,verified,False,False,False
after,https://robertdevore.com/dispensary-wordpress-plugins-2017/,https://wordpress.org/plugins/duplicator/,Duplicator,article,200,https://wordpress.org/plugins/duplicator/,verified,False,False,False
after,https://robertdevore.com/dispensary-wordpress-plugins-2017/,https://ithemes.com/purchase/backupbuddy/,BackupBuddy,article,200,https://www.liquidweb.com/software/kadence/add-ons/,verified,False,False,False
after,https://robertdevore.com/dispensary-wordpress-plugins-2017/,https://wordpress.org/plugins/wordfence/,Wordfence,article,200,https://wordpress.org/plugins/wordfence/,verified,False,False,False
after,https://robertdevore.com/dispensary-wordpress-plugins-2017/,https://wordpress.org/plugins/wordfence/,[non-text link],article,200,https://wordpress.org/plugins/wordfence/,verified,False,False,False
after,https://robertdevore.com/dispensary-wordpress-plugins-2017/,https://wordpress.org/plugins/sucuri-scanner/,Sucuri Security,article,200,https://wordpress.org/plugins/sucuri-scanner/,verified,False,False,False
after,https://robertdevore.com/dispensary-wordpress-plugins-2017/,https://wordpress.org/plugins/all-in-one-wp-security-and-firewall/,All In One WP Security & Firewall,article,200,https://wordpress.org/plugins/all-in-one-wp-security-and-firewall/,verified,False,False,False
after,https://robertdevore.com/dispensary-wordpress-plugins-2017/,https://wordpress.org/plugins/bulletproof-security/,BulletProof Security,article,200,https://wordpress.org/plugins/bulletproof-security/,verified,False,False,False
after,https://robertdevore.com/dispensary-wordpress-plugins-2017/,https://wordpress.org/plugins/wp-dispensary/,WP Dispensary,article,200,https://wordpress.org/plugins/wp-dispensary/,verified,False,False,False
after,https://robertdevore.com/dispensary-wordpress-plugins-2017/,https://wordpress.org/plugins/wp-dispensary/,[non-text link],article,200,https://wordpress.org/plugins/wp-dispensary/,verified,False,False,False
after,https://robertdevore.com/dispensary-wordpress-plugins-2017/,https://www.wpdispensary.com/product/wooconnect-for-woocommerce/,WooConnect for WooCommerce,article,200,https://wpdispensary.com/,verified,False,False,False
after,https://robertdevore.com/dispensary-wordpress-plugins-2017/,https://www.wpdispensary.com/product/dispensary-details-for-woocommerce/,Dispensary Details for WooCommerce,article,200,https://wpdispensary.com/,verified,False,False,False
after,https://robertdevore.com/dispensary-wordpress-plugins-2017/,https://www.wpdispensary.com/product/dispensary-inventory-management/,Dispensary Inventory Management,article,200,https://wpdispensary.com/,verified,False,False,False
after,https://robertdevore.com/dispensary-wordpress-plugins-2017/,https://www.wpdispensary.com/dispensary-age-verification/,Dispensary Age Verification,article,200,https://wpdispensary.com/,verified,False,False,False
after,https://robertdevore.com/dispensary-wordpress-plugins-2017/,https://www.wpdispensary.com/product/dispensary-top-sellers/,Dispensary Top Sellers,article,200,https://wpdispensary.com/,verified,False,False,False
after,https://robertdevore.com/dispensary-wordpress-plugins-2017/,https://www.wpdispensary.com/dispensary-coupons-wordpress-plugin/,Dispensary Coupons,article,200,https://wpdispensary.com/,verified,False,False,False
after,https://robertdevore.com/dispensary-wordpress-plugins-2017/,https://www.wpdispensary.com/product/dispensary-locations/,Dispensary Locations,article,200,https://wpdispensary.com/,verified,False,False,False
after,https://robertdevore.com/dispensary-wordpress-plugins-2017/,https://wordpress.org/plugins/mashsharer/,MashShare,article,200,https://wordpress.org/plugins/mashsharer/,verified,False,False,False
after,https://robertdevore.com/dispensary-wordpress-plugins-2017/,https://wordpress.org/plugins/mashsharer/,[non-text link],article,200,https://wordpress.org/plugins/mashsharer/,verified,False,False,False
after,https://robertdevore.com/dispensary-wordpress-plugins-2017/,https://wordpress.org/plugins/acurax-social-media-widget/,Social Media Widget by Acurax,article,200,https://wordpress.org/plugins/acurax-social-media-widget/,verified,False,False,False
after,https://robertdevore.com/dispensary-wordpress-plugins-2017/,https://wordpress.org/plugins/ultimate-social-media-plus/,Ultimate Social Media Plus,article,200,https://wordpress.org/plugins/ultimate-social-media-plus/,verified,False,False,False
after,https://robertdevore.com/dispensary-wordpress-plugins-2017/,https://warfareplugins.com/,Social Warfare,article,200,https://warfareplugins.com/,verified,False,False,False
after,https://robertdevore.com/dispensary-wordpress-plugins-2017/,http://searchengineland.com/what-is-quality-content-251071/,creating high quality content,article,200,https://searchengineland.com/what-is-quality-content-251071,verified,False,False,False
after,https://robertdevore.com/dispensary-wordpress-plugins-2017/,https://www.wpdispensary.com/downloads/cannabiz/,WordPress theme,article,200,https://wpdispensary.com/,verified,False,False,False
after,https://robertdevore.com/dispensary-wordpress-plugins-2017/,https://x.com/deviorobert/,[non-text link],navigation,200,https://x.com/deviorobert,verified,False,False,False
after,https://robertdevore.com/dispensary-wordpress-plugins-2017/,https://github.com/robertdevore/,[non-text link],navigation,200,https://github.com/robertdevore/,verified,False,False,False
after,https://robertdevore.com/do-less-deliver-more/,https://deviodigital.com/,Devio Digital,article,0,,not checked,False,False,False
after,https://robertdevore.com/do-less-deliver-more/,https://x.com/deviorobert/,[non-text link],navigation,200,https://x.com/deviorobert,verified,False,False,False
after,https://robertdevore.com/do-less-deliver-more/,https://github.com/robertdevore/,[non-text link],navigation,200,https://github.com/robertdevore/,verified,False,False,False
after,https://robertdevore.com/docupress-documentation-plugin-for-wordpress/,https://www.wordpress.org/plugins/docupress/,DocuPress,article,200,https://wordpress.org/plugins/docupress/,verified,False,False,False
after,https://robertdevore.com/docupress-documentation-plugin-for-wordpress/,https://www.wordpress.org/plugins/,plugin repository,article,200,https://wordpress.org/plugins/,verified,False,False,False
after,https://robertdevore.com/docupress-documentation-plugin-for-wordpress/,https://www.wpdispensary.com/documentation/,documentation,article,200,https://wpdispensary.com/,verified,False,False,False
after,https://robertdevore.com/docupress-documentation-plugin-for-wordpress/,http://www.wppb.me/,wppb.me,article,308,http://www.wppb.me/,verified,False,False,False
after,https://robertdevore.com/docupress-documentation-plugin-for-wordpress/,https://codex.wordpress.org/Post_Types/,custom post type,article,403,https://codex.wordpress.org/Post_Types/,blocked/indeterminate,False,False,False
after,https://robertdevore.com/docupress-documentation-plugin-for-wordpress/,https://wordpress.org/plugins/beaver-builder-lite-version/,Beaver Builder,article,200,https://wordpress.org/plugins/beaver-builder-lite-version/,verified,False,False,False
after,https://robertdevore.com/docupress-documentation-plugin-for-wordpress/,https://www.wpdispensary.com/documentation/,View DocuPress Demo,article,200,https://wpdispensary.com/,verified,False,False,False
after,https://robertdevore.com/docupress-documentation-plugin-for-wordpress/,https://www.wordpress.org/plugins/docupress/,WordPress repository,article,200,https://wordpress.org/plugins/docupress/,verified,False,False,False
after,https://robertdevore.com/docupress-documentation-plugin-for-wordpress/,https://www.github.com/robertdevore/DocuPress/,Github,article,200,https://github.com/WebDevStudios/DocuPress,verified,False,False,False
after,https://robertdevore.com/docupress-documentation-plugin-for-wordpress/,https://x.com/deviorobert/,[non-text link],navigation,200,https://x.com/deviorobert,verified,False,False,False
after,https://robertdevore.com/docupress-documentation-plugin-for-wordpress/,https://github.com/robertdevore/,[non-text link],navigation,200,https://github.com/robertdevore/,verified,False,False,False
after,https://robertdevore.com/dont-shoot-the-messenger-choose-courage-over-convenience/,https://www.youtube.com/watch/?v=e6eHP6KWyrE,WP Townhall Debate on YouTube,article,200,https://www.youtube.com/watch/?v=e6eHP6KWyrE,verified,False,False,False
after,https://robertdevore.com/dont-shoot-the-messenger-choose-courage-over-convenience/,https://x.com/deviorobert/status/1914985785373155424/,shared,article,200,https://x.com/deviorobert/status/1914985785373155424/,verified,False,False,False
after,https://robertdevore.com/dont-shoot-the-messenger-choose-courage-over-convenience/,https://bsky.app/profile/robertdevore.com/post/3lnonsuyfts2r/,social,article,200,https://bsky.app/profile/robertdevore.com/post/3lnonsuyfts2r,verified,False,False,False
after,https://robertdevore.com/dont-shoot-the-messenger-choose-courage-over-convenience/,https://www.instagram.com/reel/DJAZPc9ppbR/,media,article,200,https://www.instagram.com/reel/DJAZPc9ppbR/,verified,False,False,False
after,https://robertdevore.com/dont-shoot-the-messenger-choose-courage-over-convenience/,https://automaticcss.com/,AutomaticCSS,article,200,https://automaticcss.com/,verified,False,False,False
after,https://robertdevore.com/dont-shoot-the-messenger-choose-courage-over-convenience/,https://getframes.io/,Frames,article,200,https://getframes.io/,verified,False,False,False
after,https://robertdevore.com/dont-shoot-the-messenger-choose-courage-over-convenience/,https://x.com/deviorobert/,[non-text link],navigation,200,https://x.com/deviorobert,verified,False,False,False
after,https://robertdevore.com/dont-shoot-the-messenger-choose-courage-over-convenience/,https://github.com/robertdevore/,[non-text link],navigation,200,https://github.com/robertdevore/,verified,False,False,False
after,https://robertdevore.com/extreme-programming-for-extreme-leaders/,https://en.wikipedia.org/wiki/Extreme_programming/,Extreme Programming,article,404,https://en.wikipedia.org/wiki/Extreme_programming/,verified,False,False,False
after,https://robertdevore.com/extreme-programming-for-extreme-leaders/,https://www.agilealliance.org/glossary/xp/,Extreme Programming,article,200,https://agilealliance.org/glossary/xp/,verified,False,False,False
after,https://robertdevore.com/extreme-programming-for-extreme-leaders/,https://x.com/deviorobert/,[non-text link],navigation,200,https://x.com/deviorobert,verified,False,False,False
after,https://robertdevore.com/extreme-programming-for-extreme-leaders/,https://github.com/robertdevore/,[non-text link],navigation,200,https://github.com/robertdevore/,verified,False,False,False
after,https://robertdevore.com/focus/,https://twitter.com/deviorobert/status/650707523570409472/?ref_src=twsrc%5Etfw,"October 4, 2015",article,200,https://x.com/deviorobert/status/650707523570409472/?ref_src=twsrc%5Etfw,verified,False,False,False
after,https://robertdevore.com/focus/,http://tommcfarlin.com/latest-and-greatest-technology/,the latest and greatest technologies,article,200,https://tommcfarlin.com/latest-and-greatest-technology/,verified,False,False,False
after,https://robertdevore.com/focus/,http://www.wordpress.org/,WordPress,article,200,https://wordpress.org/,verified,False,False,False
after,https://robertdevore.com/focus/,http://code.tutsplus.com/articles/20-javascript-frameworks-worth-checking-out--net-22020/,JavaScript frameworks,article,200,https://code.tutsplus.com/c/javascript,verified,False,False,False
after,https://robertdevore.com/focus/,https://x.com/deviorobert/,[non-text link],navigation,200,https://x.com/deviorobert,verified,False,False,False
after,https://robertdevore.com/focus/,https://github.com/robertdevore/,[non-text link],navigation,200,https://github.com/robertdevore/,verified,False,False,False
after,https://robertdevore.com/forever-forward/,https://kujolang.ai/,Kujo,article,200,https://kujolang.ai/,verified,False,False,False
after,https://robertdevore.com/forever-forward/,https://kujolang.ai/ecosystem/,ecosystem,article,200,https://kujolang.ai/ecosystem/,verified,False,False,False
after,https://robertdevore.com/forever-forward/,https://kujolang.ai/,Kujo,article,200,https://kujolang.ai/,verified,False,False,False
after,https://robertdevore.com/forever-forward/,https://kujolang.ai/,Kujo,article,200,https://kujolang.ai/,verified,False,False,False
after,https://robertdevore.com/forever-forward/,https://kujolang.ai/,Kujo,article,200,https://kujolang.ai/,verified,False,False,False
after,https://robertdevore.com/forever-forward/,https://kujolang.ai/,Kujo,article,200,https://kujolang.ai/,verified,False,False,False
after,https://robertdevore.com/forever-forward/,https://kujolang.ai/,Kujo,article,200,https://kujolang.ai/,verified,False,False,False
after,https://robertdevore.com/forever-forward/,https://x.com/deviorobert/,[non-text link],navigation,200,https://x.com/deviorobert,verified,False,False,False
after,https://robertdevore.com/forever-forward/,https://github.com/robertdevore/,[non-text link],navigation,200,https://github.com/robertdevore/,verified,False,False,False
after,https://robertdevore.com/going-all-in-one-year-later/,https://www.wpdispensary.com/,WP Dispensary,article,200,https://wpdispensary.com/,verified,False,False,False
after,https://robertdevore.com/going-all-in-one-year-later/,https://twitter.com/WPDispensary/status/1033824580207603712/,it's own cart,article,200,https://x.com/WPDispensary/status/1033824580207603712/,verified,False,False,False
after,https://robertdevore.com/going-all-in-one-year-later/,https://www.woocommerce.com/,WooCommerce,article,200,https://woocommerce.com/,verified,False,False,False
after,https://robertdevore.com/going-all-in-one-year-later/,https://www.wpdispensary.com/,WP Dispensary,article,200,https://wpdispensary.com/,verified,False,False,False
after,https://robertdevore.com/going-all-in-one-year-later/,https://www.wpdispensary.com/recently-switched-credit-card-payment-processing-companies/,found BlueSnap,article,200,https://wpdispensary.com/,verified,False,False,False
after,https://robertdevore.com/going-all-in-one-year-later/,https://easydigitaldownloads.com/,Easy Digital Downloads,article,200,https://easydigitaldownloads.com/,verified,False,False,False
after,https://robertdevore.com/going-all-in-one-year-later/,https://www.woocommerce.com/,WooCommerce,article,200,https://woocommerce.com/,verified,False,False,False
after,https://robertdevore.com/going-all-in-one-year-later/,https://github.com/robertdevore/,Github account,article,200,https://github.com/robertdevore/,verified,False,False,False
after,https://robertdevore.com/going-all-in-one-year-later/,https://bitbucket.org/,Bitbucket,article,200,https://bitbucket.org/,verified,False,False,False
after,https://robertdevore.com/going-all-in-one-year-later/,https://ww.wpdispensary.com/,WP Dispensary,article,0,,not checked,False,False,False
after,https://robertdevore.com/going-all-in-one-year-later/,https://www.stripe.com/,Stripe,article,200,https://stripe.com/,verified,False,False,False
after,https://robertdevore.com/going-all-in-one-year-later/,https://twitter.com/hashtag/freelancing/?src=hash&ref_src=twsrc%5Etfw,#freelancing,article,200,https://x.com/hashtag/freelancing/?src=hash&ref_src=twsrc%5Etfw,verified,False,False,False
after,https://robertdevore.com/going-all-in-one-year-later/,https://twitter.com/hashtag/clients/?src=hash&ref_src=twsrc%5Etfw,#clients,article,200,https://x.com/hashtag/clients/?src=hash&ref_src=twsrc%5Etfw,verified,False,False,False
after,https://robertdevore.com/going-all-in-one-year-later/,https://twitter.com/hashtag/devlife/?src=hash&ref_src=twsrc%5Etfw,#devlife,article,200,https://x.com/hashtag/devlife/?src=hash&ref_src=twsrc%5Etfw,verified,False,False,False
after,https://robertdevore.com/going-all-in-one-year-later/,https://t.co/JyDc05YYu8/,pic.twitter.com/JyDc05YYu8,article,404,https://t.co/JyDc05YYu8/,verified,False,False,False
after,https://robertdevore.com/going-all-in-one-year-later/,https://twitter.com/deviorobert/status/1044218252551958530/?ref_src=twsrc%5Etfw,"September 24, 2018",article,200,https://x.com/deviorobert/status/1044218252551958530/?ref_src=twsrc%5Etfw,verified,False,False,False
after,https://robertdevore.com/going-all-in-one-year-later/,https://www.wpdispensary.com/product/setup-service/,Setup Service,article,200,https://wpdispensary.com/,verified,False,False,False
after,https://robertdevore.com/going-all-in-one-year-later/,https://www.wordpress.org/plugins/delivery-drivers-for-woocommerce/,Delivery Drivers for WooCommerce,article,200,https://wordpress.org/plugins/delivery-drivers-for-woocommerce/,verified,False,False,False
after,https://robertdevore.com/going-all-in-one-year-later/,https://www.deviodigital.com/,Devio Digital,article,0,,not checked,False,False,False
after,https://robertdevore.com/going-all-in-one-year-later/,https://deviodigital.com/product/delivery-drivers-for-woocommerce-pro/,Delivery Drivers for WooCommerce Pro,article,0,,not checked,False,False,False
after,https://robertdevore.com/going-all-in-one-year-later/,https://twitter.com/deviorobert/,Twitter,article,200,https://x.com/deviorobert,verified,False,False,False
after,https://robertdevore.com/going-all-in-one-year-later/,https://t.co/r5oZlgxPCX/,pic.twitter.com/r5oZlgxPCX,article,404,https://t.co/r5oZlgxPCX/,verified,False,False,False
after,https://robertdevore.com/going-all-in-one-year-later/,https://twitter.com/deviorobert/status/1044936302213378048/?ref_src=twsrc%5Etfw,"September 26, 2018",article,200,https://x.com/deviorobert/status/1044936302213378048/?ref_src=twsrc%5Etfw,verified,False,False,False
after,https://robertdevore.com/going-all-in-one-year-later/,https://x.com/deviorobert/,[non-text link],navigation,200,https://x.com/deviorobert,verified,False,False,False
after,https://robertdevore.com/going-all-in-one-year-later/,https://github.com/robertdevore/,[non-text link],navigation,200,https://github.com/robertdevore/,verified,False,False,False
after,https://robertdevore.com/going-all-in-with-wp-dispensary/,https://twitter.com/WPDispensary/?ref_src=twsrc%5Etfw,@WPDispensary,article,200,https://x.com/WPDispensary?ref_src=twsrc%5Etfw,verified,False,False,False
after,https://robertdevore.com/going-all-in-with-wp-dispensary/,https://twitter.com/deviorobert/status/912642836759236608/?ref_src=twsrc%5Etfw,"September 26, 2017",article,200,https://x.com/deviorobert/status/912642836759236608/?ref_src=twsrc%5Etfw,verified,False,False,False
after,https://robertdevore.com/going-all-in-with-wp-dispensary/,https://www.wpdispensary.com/downloads/cannabiz/,theme,article,200,https://wpdispensary.com/,verified,False,False,False
after,https://robertdevore.com/going-all-in-with-wp-dispensary/,https://www.wpdispensary.com/dispensary-age-verification/,a,article,200,https://wpdispensary.com/,verified,False,False,False
after,https://robertdevore.com/going-all-in-with-wp-dispensary/,https://www.wpdispensary.com/dispensary-coupons-wordpress-plugin/,couple,article,200,https://wpdispensary.com/,verified,False,False,False
after,https://robertdevore.com/going-all-in-with-wp-dispensary/,https://www.wpdispensary.com/add-ons/,extensions,article,200,https://wpdispensary.com/,verified,False,False,False
after,https://robertdevore.com/going-all-in-with-wp-dispensary/,https://www.wordpress.org/plugins/wp-dispensary/,WP Dispensary,article,200,https://wordpress.org/plugins/wp-dispensary/,verified,False,False,False
after,https://robertdevore.com/going-all-in-with-wp-dispensary/,https://www.wpdispensary.com/welcome-to-wp-dispensary/,beginnings,article,200,https://wpdispensary.com/,verified,False,False,False
after,https://robertdevore.com/going-all-in-with-wp-dispensary/,https://twitter.com/scottbolinger/,@ScottBolinger,article,200,https://x.com/scottbolinger,verified,False,False,False
after,https://robertdevore.com/going-all-in-with-wp-dispensary/,https://twitter.com/FredRivett/status/912436978330869760/,lead,article,200,https://x.com/FredRivett/status/912436978330869760/,verified,False,False,False
after,https://robertdevore.com/going-all-in-with-wp-dispensary/,https://twitter.com/deviorobert/status/912642836759236608/,tweeting,article,200,https://x.com/deviorobert/status/912642836759236608/,verified,False,False,False
after,https://robertdevore.com/going-all-in-with-wp-dispensary/,https://www.twitter.com/deviorobert/,follow me,article,200,https://x.com/deviorobert,verified,False,False,False
after,https://robertdevore.com/going-all-in-with-wp-dispensary/,https://x.com/deviorobert/,[non-text link],navigation,200,https://x.com/deviorobert,verified,False,False,False
after,https://robertdevore.com/going-all-in-with-wp-dispensary/,https://github.com/robertdevore/,[non-text link],navigation,200,https://github.com/robertdevore/,verified,False,False,False
after,https://robertdevore.com/goodbye-wordpress-a-eulogy/,https://github.com/robertdevore/benchpress/,BenchPress,article,200,https://github.com/WebDevStudios/benchpress,verified,False,False,False
after,https://robertdevore.com/goodbye-wordpress-a-eulogy/,https://github.com/robertdevore/db-version-control/,DB Version Control,article,200,https://github.com/WebDevStudios/db-version-control,verified,False,False,False
after,https://robertdevore.com/goodbye-wordpress-a-eulogy/,https://x.com/deviorobert/status/1840448040089395513/,memes,article,200,https://x.com/deviorobert/status/1840448040089395513/,verified,False,False,False
after,https://robertdevore.com/goodbye-wordpress-a-eulogy/,https://x.com/deviorobert/status/1868509121617465619/,songs,article,200,https://x.com/deviorobert/status/1868509121617465619/,verified,False,False,False
after,https://robertdevore.com/goodbye-wordpress-a-eulogy/,https://x.com/deviorobert/status/1916568311082394105/,Oliver,article,200,https://x.com/deviorobert/status/1916568311082394105/,verified,False,False,False
after,https://robertdevore.com/goodbye-wordpress-a-eulogy/,https://x.com/TacoVerdo/,Taco Verdo,article,200,https://x.com/TacoVerdo,verified,False,False,False
after,https://robertdevore.com/goodbye-wordpress-a-eulogy/,https://fair.pm/,FAIR,article,200,https://fair.pm/,verified,False,False,False
after,https://robertdevore.com/goodbye-wordpress-a-eulogy/,http://joost.blog/innovation-in-wordpress/,lack of innovation in WordPress®,article,200,https://joost.blog/innovation-in-wordpress/,verified,False,False,False
after,https://robertdevore.com/goodbye-wordpress-a-eulogy/,https://wordpress.org/,WordPress.org,article,200,https://wordpress.org/,verified,False,False,False
after,https://robertdevore.com/goodbye-wordpress-a-eulogy/,https://x.com/jdevalk/status/1931231653038329888/,source,article,200,https://x.com/jdevalk/status/1931231653038329888/,verified,False,False,False
after,https://robertdevore.com/goodbye-wordpress-a-eulogy/,https://x.com/SybreWaaijer/status/1881609542418509878/,took the SEO for Everyone slogan from someone else,article,200,https://x.com/SybreWaaijer/status/1881609542418509878/,verified,False,False,False
after,https://robertdevore.com/goodbye-wordpress-a-eulogy/,https://github.com/fairpm/mini-fair-repo/issues/3/,broken “MINI” plugin,article,200,https://github.com/fairpm/fair-beacon/issues/3/,verified,False,False,False
after,https://robertdevore.com/goodbye-wordpress-a-eulogy/,https://notmatt.press/,auto-forked WordPress®,article,0,,not checked,False,False,False
after,https://robertdevore.com/goodbye-wordpress-a-eulogy/,https://packagist.org/packages/robertdevore/wpcom-check/,stopped plugins from being used,article,200,https://packagist.org/packages/robertdevore/wpcom-check,verified,False,False,False
after,https://robertdevore.com/goodbye-wordpress-a-eulogy/,https://github.com/robertdevore/projects-for-wordpress/,help devs self-host their plugins,article,200,https://github.com/robertdevore/projects-for-wordpress/,verified,False,False,False
after,https://robertdevore.com/goodbye-wordpress-a-eulogy/,https://x.com/sereedmedia/,Se Reed,article,200,https://x.com/sereedmedia,verified,False,False,False
after,https://robertdevore.com/goodbye-wordpress-a-eulogy/,https://pluginpal.app/,Plugin Pal,article,0,,not checked,False,False,False
after,https://robertdevore.com/goodbye-wordpress-a-eulogy/,https://stattic.site/,Stattic,article,200,https://stattic.site/,verified,False,False,False
after,https://robertdevore.com/goodbye-wordpress-a-eulogy/,https://stattic.site/,Stattic,article,200,https://stattic.site/,verified,False,False,False
after,https://robertdevore.com/goodbye-wordpress-a-eulogy/,https://devio.chat/,Devio Chat,article,0,,not checked,False,False,False
after,https://robertdevore.com/goodbye-wordpress-a-eulogy/,https://x.com/deviorobert/,[non-text link],navigation,200,https://x.com/deviorobert,verified,False,False,False
after,https://robertdevore.com/goodbye-wordpress-a-eulogy/,https://github.com/robertdevore/,[non-text link],navigation,200,https://github.com/robertdevore/,verified,False,False,False
after,https://robertdevore.com/grateful-to-see-21-of-my-wordpress-plugins-live-on-at-webdevstudios/,https://webdevstudios.com/,WebDevStudios,article,200,https://webdevstudios.com/,verified,False,False,False
after,https://robertdevore.com/grateful-to-see-21-of-my-wordpress-plugins-live-on-at-webdevstudios/,https://bsky.app/profile/that.mitchcanter.me,Mitch Canter,article,404,https://bsky.app/profile/that.mitchcanter.me,verified,False,False,False
after,https://robertdevore.com/grateful-to-see-21-of-my-wordpress-plugins-live-on-at-webdevstudios/,https://x.com/williamsba/,Brad Williams,article,200,https://x.com/williamsba,verified,False,False,False
after,https://robertdevore.com/grateful-to-see-21-of-my-wordpress-plugins-live-on-at-webdevstudios/,https://github.com/robertdevore/slop-stopper/,Slop Stopper,article,200,https://github.com/WebDevStudios/slop-stopper,verified,False,False,False
after,https://robertdevore.com/grateful-to-see-21-of-my-wordpress-plugins-live-on-at-webdevstudios/,https://github.com/robertdevore/bluesky-feed-for-wordpress/,Bluesky Feed for WordPress®,article,200,https://github.com/WebDevStudios/bluesky-feed-for-wordpress,verified,False,False,False
after,https://robertdevore.com/grateful-to-see-21-of-my-wordpress-plugins-live-on-at-webdevstudios/,https://github.com/robertdevore/pattern-pal/,Pattern Pal,article,200,https://github.com/WebDevStudios/pattern-pal,verified,False,False,False
after,https://robertdevore.com/grateful-to-see-21-of-my-wordpress-plugins-live-on-at-webdevstudios/,https://github.com/robertdevore/a11y-testimonial/,A11Y Testimonial block,article,200,https://github.com/WebDevStudios/a11y-testimonial,verified,False,False,False
after,https://robertdevore.com/grateful-to-see-21-of-my-wordpress-plugins-live-on-at-webdevstudios/,https://github.com/robertdevore/img-a11y/,IMG A11Y,article,200,https://github.com/WebDevStudios/img-a11y,verified,False,False,False
after,https://robertdevore.com/grateful-to-see-21-of-my-wordpress-plugins-live-on-at-webdevstudios/,https://github.com/robertdevore/associated-taxonomies/,Associated Taxonomies,article,200,https://github.com/WebDevStudios/associated-taxonomies,verified,False,False,False
after,https://robertdevore.com/grateful-to-see-21-of-my-wordpress-plugins-live-on-at-webdevstudios/,https://github.com/robertdevore/broken-image-scanner/,Broken Image Scanner,article,200,https://github.com/WebDevStudios/broken-image-scanner,verified,False,False,False
after,https://robertdevore.com/grateful-to-see-21-of-my-wordpress-plugins-live-on-at-webdevstudios/,https://github.com/deviodigital/module-usage-finder-for-divi/,Module Usage Finder for Divi,article,200,https://github.com/WebDevStudios/module-usage-finder-for-divi,verified,False,False,False
after,https://robertdevore.com/grateful-to-see-21-of-my-wordpress-plugins-live-on-at-webdevstudios/,https://github.com/robertdevore/block-usage-tracker/,Block Usage Tracker,article,200,https://github.com/WebDevStudios/block-usage-tracker,verified,False,False,False
after,https://robertdevore.com/grateful-to-see-21-of-my-wordpress-plugins-live-on-at-webdevstudios/,https://github.com/robertdevore/widget-usage-tracker-for-elementor/,Widget Usage Tracker for Elementor,article,200,https://github.com/WebDevStudios/widget-usage-tracker-for-elementor,verified,False,False,False
after,https://robertdevore.com/grateful-to-see-21-of-my-wordpress-plugins-live-on-at-webdevstudios/,https://github.com/robertdevore/sort-media-by-file-size/,Sort Media by File Size,article,200,https://github.com/WebDevStudios/sort-media-by-file-size,verified,False,False,False
after,https://robertdevore.com/grateful-to-see-21-of-my-wordpress-plugins-live-on-at-webdevstudios/,https://github.com/deviodigital/link-attributes-for-publishers/,Link Attributes for Publishers,article,200,https://github.com/WebDevStudios/link-attributes-for-publishers,verified,False,False,False
after,https://robertdevore.com/grateful-to-see-21-of-my-wordpress-plugins-live-on-at-webdevstudios/,https://github.com/robertdevore/benchpress/,BenchPress,article,200,https://github.com/WebDevStudios/benchpress,verified,False,False,False
after,https://robertdevore.com/grateful-to-see-21-of-my-wordpress-plugins-live-on-at-webdevstudios/,https://github.com/robertdevore/site-vitals-for-wordpress/,Site Vitals for WordPress,article,200,https://github.com/WebDevStudios/site-vitals-for-wordpress,verified,False,False,False
after,https://robertdevore.com/grateful-to-see-21-of-my-wordpress-plugins-live-on-at-webdevstudios/,https://github.com/robertdevore/media-file-versioning/,Media File Versioning,article,200,https://github.com/WebDevStudios/media-file-versioning,verified,False,False,False
after,https://robertdevore.com/grateful-to-see-21-of-my-wordpress-plugins-live-on-at-webdevstudios/,https://github.com/robertdevore/delete-inactive-users/,Delete Inactive Users,article,200,https://github.com/WebDevStudios/delete-inactive-users,verified,False,False,False
after,https://robertdevore.com/grateful-to-see-21-of-my-wordpress-plugins-live-on-at-webdevstudios/,https://github.com/robertdevore/content-restriction-for-wordpress/,Content Restriction for WordPress,article,200,https://github.com/WebDevStudios/content-restriction-for-wordpress,verified,False,False,False
after,https://robertdevore.com/grateful-to-see-21-of-my-wordpress-plugins-live-on-at-webdevstudios/,https://github.com/robertdevore/db-version-control/,DB Version Control,article,200,https://github.com/WebDevStudios/db-version-control,verified,False,False,False
after,https://robertdevore.com/grateful-to-see-21-of-my-wordpress-plugins-live-on-at-webdevstudios/,https://github.com/deviodigital/DocuPress/,DocuPress,article,200,https://github.com/WebDevStudios/DocuPress,verified,False,False,False
after,https://robertdevore.com/grateful-to-see-21-of-my-wordpress-plugins-live-on-at-webdevstudios/,https://github.com/robertdevore/persistent-dismissible-notices/,Persistent Dismissible Notices,article,200,https://github.com/WebDevStudios/persistent-dismissible-notices,verified,False,False,False
after,https://robertdevore.com/grateful-to-see-21-of-my-wordpress-plugins-live-on-at-webdevstudios/,https://webdevstudios.com/,WebDevStudios,article,200,https://webdevstudios.com/,verified,False,False,False
after,https://robertdevore.com/grateful-to-see-21-of-my-wordpress-plugins-live-on-at-webdevstudios/,https://x.com/deviorobert/,[non-text link],navigation,200,https://x.com/deviorobert,verified,False,False,False
after,https://robertdevore.com/grateful-to-see-21-of-my-wordpress-plugins-live-on-at-webdevstudios/,https://github.com/robertdevore/,[non-text link],navigation,200,https://github.com/robertdevore/,verified,False,False,False
after,https://robertdevore.com/hello-2017/,https://twitter.com/deviorobert/status/793438843118682112/?ref_src=twsrc%5Etfw,"November 1, 2016",article,200,https://x.com/deviorobert/status/793438843118682112/?ref_src=twsrc%5Etfw,verified,False,False,False
after,https://robertdevore.com/hello-2017/,https://www.wpdispensary.com/,WP Dispensary,article,200,https://wpdispensary.com/,verified,False,False,False
after,https://robertdevore.com/hello-2017/,https://twitter.com/i/moments/802554892435025926/,1 year birthday,article,200,https://x.com/i/moments/802554892435025926/,verified,False,False,False
after,https://robertdevore.com/hello-2017/,https://www.wpdispensary.com/downloads/wooconnect-for-woocommerce/,WooConnect,article,200,https://wpdispensary.com/,verified,False,False,False
after,https://robertdevore.com/hello-2017/,https://x.com/deviorobert/,[non-text link],navigation,200,https://x.com/deviorobert,verified,False,False,False
after,https://robertdevore.com/hello-2017/,https://github.com/robertdevore/,[non-text link],navigation,200,https://github.com/robertdevore/,verified,False,False,False
after,https://robertdevore.com/hello-plugin-pal-your-ai-powered-plugin-generator-for-wordpress/,https://github.com/robertdevore/?tab=repositories,WordPress® plugins,article,200,https://github.com/robertdevore/?tab=repositories,verified,False,False,False
after,https://robertdevore.com/hello-plugin-pal-your-ai-powered-plugin-generator-for-wordpress/,https://pluginpal.app/,Plugin Pal,article,0,,not checked,False,False,False
after,https://robertdevore.com/hello-plugin-pal-your-ai-powered-plugin-generator-for-wordpress/,https://pluginpal.app/generator/,AI tool,article,0,,not checked,False,False,False
after,https://robertdevore.com/hello-plugin-pal-your-ai-powered-plugin-generator-for-wordpress/,https://pluginpal.app/,Plugin Pal,article,0,,not checked,False,False,False
after,https://robertdevore.com/hello-plugin-pal-your-ai-powered-plugin-generator-for-wordpress/,https://pluginpal.app/,[non-text link],article,0,,not checked,False,False,False
after,https://robertdevore.com/hello-plugin-pal-your-ai-powered-plugin-generator-for-wordpress/,https://pluginpal.app/,Plugin Pal,article,0,,not checked,False,False,False
after,https://robertdevore.com/hello-plugin-pal-your-ai-powered-plugin-generator-for-wordpress/,https://flask.palletsprojects.com/en/stable/,Flask,article,200,https://flask.palletsprojects.com/en/stable/,verified,False,False,False
after,https://robertdevore.com/hello-plugin-pal-your-ai-powered-plugin-generator-for-wordpress/,https://www.postgresql.org/,PostgreSQL,article,200,https://www.postgresql.org/,verified,False,False,False
after,https://robertdevore.com/hello-plugin-pal-your-ai-powered-plugin-generator-for-wordpress/,https://tailwindcss.com/,Tailwind CSS,article,200,https://tailwindcss.com/,verified,False,False,False
after,https://robertdevore.com/hello-plugin-pal-your-ai-powered-plugin-generator-for-wordpress/,https://flowbite.com/,Flowbite,article,200,https://flowbite.com/,verified,False,False,False
after,https://robertdevore.com/hello-plugin-pal-your-ai-powered-plugin-generator-for-wordpress/,https://heroku.com/,Heroku,article,200,https://www.heroku.com/,verified,False,False,False
after,https://robertdevore.com/hello-plugin-pal-your-ai-powered-plugin-generator-for-wordpress/,https://pluginpal.app/,Plugin Pal,article,0,,not checked,False,False,False
after,https://robertdevore.com/hello-plugin-pal-your-ai-powered-plugin-generator-for-wordpress/,https://pluginpal.app/,Plugin Pal,article,0,,not checked,False,False,False
after,https://robertdevore.com/hello-plugin-pal-your-ai-powered-plugin-generator-for-wordpress/,https://pluginpal.app/pricing/,[non-text link],article,0,,not checked,False,False,False
after,https://robertdevore.com/hello-plugin-pal-your-ai-powered-plugin-generator-for-wordpress/,https://pluginpal.app/,Plugin Pal,article,0,,not checked,False,False,False
after,https://robertdevore.com/hello-plugin-pal-your-ai-powered-plugin-generator-for-wordpress/,https://pluginpal.app/about-plugsy/,Plugsy,article,0,,not checked,False,False,False
after,https://robertdevore.com/hello-plugin-pal-your-ai-powered-plugin-generator-for-wordpress/,https://pluginpal.app/,Plugin Pal,article,0,,not checked,False,False,False
after,https://robertdevore.com/hello-plugin-pal-your-ai-powered-plugin-generator-for-wordpress/,https://x.com/deviorobert/,Hit me up,article,200,https://x.com/deviorobert,verified,False,False,False
after,https://robertdevore.com/hello-plugin-pal-your-ai-powered-plugin-generator-for-wordpress/,https://x.com/deviorobert/,[non-text link],navigation,200,https://x.com/deviorobert,verified,False,False,False
after,https://robertdevore.com/hello-plugin-pal-your-ai-powered-plugin-generator-for-wordpress/,https://github.com/robertdevore/,[non-text link],navigation,200,https://github.com/robertdevore/,verified,False,False,False
after,https://robertdevore.com/honoring-jesse-petersen-with-the-revival-of-stealth-login-page/,https://www.jessepetersen.com/,Jesse Petersen,article,200,https://jessepetersen.com/,verified,False,False,False
after,https://robertdevore.com/honoring-jesse-petersen-with-the-revival-of-stealth-login-page/,https://github.com/robertdevore/stealth-login-page/,Stealth Login Page,article,200,https://github.com/robertdevore/stealth-login-page/,verified,False,False,False
after,https://robertdevore.com/honoring-jesse-petersen-with-the-revival-of-stealth-login-page/,https://github.com/robertdevore/stealth-login-page/,Stealth Login Page,article,200,https://github.com/robertdevore/stealth-login-page/,verified,False,False,False
after,https://robertdevore.com/honoring-jesse-petersen-with-the-revival-of-stealth-login-page/,https://github.com/robertdevore/stealth-login-page/,on GitHub,article,200,https://github.com/robertdevore/stealth-login-page/,verified,False,False,False
after,https://robertdevore.com/honoring-jesse-petersen-with-the-revival-of-stealth-login-page/,https://github.com/robertdevore/stealth-login-page/,GitHub,article,200,https://github.com/robertdevore/stealth-login-page/,verified,False,False,False
after,https://robertdevore.com/honoring-jesse-petersen-with-the-revival-of-stealth-login-page/,https://x.com/deviorobert/,[non-text link],navigation,200,https://x.com/deviorobert,verified,False,False,False
after,https://robertdevore.com/honoring-jesse-petersen-with-the-revival-of-stealth-login-page/,https://github.com/robertdevore/,[non-text link],navigation,200,https://github.com/robertdevore/,verified,False,False,False
after,https://robertdevore.com/host-your-wordpress-plugins-on-github-and-automate-plugin-packaging/,https://github.com/new/,github.com/new,article,200,https://github.com/login?return_to=https%3A%2F%2Fgithub.com%2Fnew,verified,False,False,False
after,https://robertdevore.com/host-your-wordpress-plugins-on-github-and-automate-plugin-packaging/,https://x.com/deviorobert/,[non-text link],navigation,200,https://x.com/deviorobert,verified,False,False,False
after,https://robertdevore.com/host-your-wordpress-plugins-on-github-and-automate-plugin-packaging/,https://github.com/robertdevore/,[non-text link],navigation,200,https://github.com/robertdevore/,verified,False,False,False
after,https://robertdevore.com/how-a-security-audit-can-save-your-e-commerce-store-from-disaster/,https://x.com/deviorobert/,[non-text link],navigation,200,https://x.com/deviorobert,verified,False,False,False
after,https://robertdevore.com/how-a-security-audit-can-save-your-e-commerce-store-from-disaster/,https://github.com/robertdevore/,[non-text link],navigation,200,https://github.com/robertdevore/,verified,False,False,False
after,https://robertdevore.com/how-hungry-are-you/,https://cannabiz.pro/,CannaBiz Software,article,0,,not checked,False,False,False
after,https://robertdevore.com/how-hungry-are-you/,https://wordpress.org/plugins/boostbox/,BoostBox,article,429,https://wordpress.org/plugins/boostbox/,blocked/indeterminate,False,False,False
after,https://robertdevore.com/how-hungry-are-you/,https://wpdispensary.com/,WP Dispensary,article,200,https://wpdispensary.com/,verified,False,False,False
after,https://robertdevore.com/how-hungry-are-you/,https://x.com/deviorobert/,[non-text link],navigation,200,https://x.com/deviorobert,verified,False,False,False
after,https://robertdevore.com/how-hungry-are-you/,https://github.com/robertdevore/,[non-text link],navigation,200,https://github.com/robertdevore/,verified,False,False,False
after,https://robertdevore.com/how-i-use-textexpander-to-reuse-my-best-ai-prompts/,https://textexpander.com/,TextExpander,article,200,https://textexpander.com/,verified,False,False,False
after,https://robertdevore.com/how-i-use-textexpander-to-reuse-my-best-ai-prompts/,https://textexpander.com/category/elevating-work/automation/,automation,article,200,https://textexpander.com/category/elevating-work/automation,verified,False,False,False
after,https://robertdevore.com/how-i-use-textexpander-to-reuse-my-best-ai-prompts/,https://x.com/deviorobert/status/1881616859021414509/,ref,article,200,https://x.com/deviorobert/status/1881616859021414509/,verified,False,False,False
after,https://robertdevore.com/how-i-use-textexpander-to-reuse-my-best-ai-prompts/,https://textexpander.com/,TextExpander,article,200,https://textexpander.com/,verified,False,False,False
after,https://robertdevore.com/how-i-use-textexpander-to-reuse-my-best-ai-prompts/,https://x.com/deviorobert/,[non-text link],navigation,200,https://x.com/deviorobert,verified,False,False,False
after,https://robertdevore.com/how-i-use-textexpander-to-reuse-my-best-ai-prompts/,https://github.com/robertdevore/,[non-text link],navigation,200,https://github.com/robertdevore/,verified,False,False,False
after,https://robertdevore.com/how-to-block-website-tracking-data-in-woocommerce/,https://github.com/robertdevore/tracking-blocker-for-woocommerce/,Tracking Blocker for WooCommerce,article,200,https://github.com/robertdevore/tracking-blocker-for-woocommerce/,verified,False,False,False
after,https://robertdevore.com/how-to-block-website-tracking-data-in-woocommerce/,https://x.com/SybreWaaijer/,Sybre Waaijer,article,200,https://x.com/SybreWaaijer,verified,False,False,False
after,https://robertdevore.com/how-to-block-website-tracking-data-in-woocommerce/,https://x.com/SybreWaaijer/status/1875230654054752374/,bringing this to everyone’s attention,article,200,https://x.com/SybreWaaijer/status/1875230654054752374/,verified,False,False,False
after,https://robertdevore.com/how-to-block-website-tracking-data-in-woocommerce/,https://github.com/robertdevore/tracking-blocker-for-woocommerce/,Tracking Blocker for WooCommerce,article,200,https://github.com/robertdevore/tracking-blocker-for-woocommerce/,verified,False,False,False
after,https://robertdevore.com/how-to-block-website-tracking-data-in-woocommerce/,https://github.com/robertdevore/tracking-blocker-for-woocommerce/,GitHub repository,article,200,https://github.com/robertdevore/tracking-blocker-for-woocommerce/,verified,False,False,False
after,https://robertdevore.com/how-to-block-website-tracking-data-in-woocommerce/,https://github.com/robertdevore/tracking-blocker-for-woocommerce/,Tracking Blocker for WooCommerce,article,200,https://github.com/robertdevore/tracking-blocker-for-woocommerce/,verified,False,False,False
after,https://robertdevore.com/how-to-block-website-tracking-data-in-woocommerce/,https://x.com/deviorobert/,[non-text link],navigation,200,https://x.com/deviorobert,verified,False,False,False
after,https://robertdevore.com/how-to-block-website-tracking-data-in-woocommerce/,https://github.com/robertdevore/,[non-text link],navigation,200,https://github.com/robertdevore/,verified,False,False,False
after,https://robertdevore.com/how-to-build-a-content-engine-that-scales-with-you/,https://prompts.robertdevore.com/,consistent prompt style,article,200,https://prompts.robertdevore.com/,verified,False,False,False
after,https://robertdevore.com/how-to-build-a-content-engine-that-scales-with-you/,https://x.com/deviorobert/,[non-text link],navigation,200,https://x.com/deviorobert,verified,False,False,False
after,https://robertdevore.com/how-to-build-a-content-engine-that-scales-with-you/,https://github.com/robertdevore/,[non-text link],navigation,200,https://github.com/robertdevore/,verified,False,False,False
after,https://robertdevore.com/how-to-build-modular-prompts-that-save-you-hours-per-week/,https://textexpander.com/,TextExpander,article,200,https://textexpander.com/,verified,False,False,False
after,https://robertdevore.com/how-to-build-modular-prompts-that-save-you-hours-per-week/,https://x.com/deviorobert/,[non-text link],navigation,200,https://x.com/deviorobert,verified,False,False,False
after,https://robertdevore.com/how-to-build-modular-prompts-that-save-you-hours-per-week/,https://github.com/robertdevore/,[non-text link],navigation,200,https://github.com/robertdevore/,verified,False,False,False
after,https://robertdevore.com/how-to-customize-the-style-of-your-wordpress-login-screen/,https://www.wpdispensary.com/product/ecommerce/,eCommerce add-on,article,200,https://wpdispensary.com/,verified,False,False,False
after,https://robertdevore.com/how-to-customize-the-style-of-your-wordpress-login-screen/,https://www.wpdispensary.com/,WP Dispensary,article,200,https://wpdispensary.com/,verified,False,False,False
after,https://robertdevore.com/how-to-customize-the-style-of-your-wordpress-login-screen/,https://codex.wordpress.org/Customizing_the_Login_Form/,how to customize the login form,article,403,https://codex.wordpress.org/Customizing_the_Login_Form/,blocked/indeterminate,False,False,False
after,https://robertdevore.com/how-to-customize-the-style-of-your-wordpress-login-screen/,https://github.com/WordPress/WordPress/blob/master/wp-login.php,link,article,200,https://github.com/WordPress/WordPress/blob/master/wp-login.php,verified,False,False,False
after,https://robertdevore.com/how-to-customize-the-style-of-your-wordpress-login-screen/,https://www.wpdispensary.com/product/cannabiz/,CannaBiz theme,article,200,https://wpdispensary.com/,verified,False,False,False
after,https://robertdevore.com/how-to-customize-the-style-of-your-wordpress-login-screen/,https://codex.wordpress.org/Function_Reference/get_theme_mod/,get_theme_mod,article,403,https://codex.wordpress.org/Function_Reference/get_theme_mod/,blocked/indeterminate,False,False,False
after,https://robertdevore.com/how-to-customize-the-style-of-your-wordpress-login-screen/,https://www.wpdispensary.com/demo/wp-login.php,login screen,article,200,https://wpdispensary.com/,verified,False,False,False
after,https://robertdevore.com/how-to-customize-the-style-of-your-wordpress-login-screen/,https://x.com/deviorobert/,[non-text link],navigation,200,https://x.com/deviorobert,verified,False,False,False
after,https://robertdevore.com/how-to-customize-the-style-of-your-wordpress-login-screen/,https://github.com/robertdevore/,[non-text link],navigation,200,https://github.com/robertdevore/,verified,False,False,False
after,https://robertdevore.com/how-to-edit-ai-content-so-it-feels-clean-not-robotic/,https://x.com/deviorobert/,[non-text link],navigation,200,https://x.com/deviorobert,verified,False,False,False
after,https://robertdevore.com/how-to-edit-ai-content-so-it-feels-clean-not-robotic/,https://github.com/robertdevore/,[non-text link],navigation,200,https://github.com/robertdevore/,verified,False,False,False
after,https://robertdevore.com/how-to-stop-your-plugins-themes-from-being-used-on-wordpress-com-hosting/,https://packagist.org/packages/robertdevore/wpcom-check/,via Packagist,article,200,https://packagist.org/packages/robertdevore/wpcom-check,verified,False,False,False
after,https://robertdevore.com/how-to-stop-your-plugins-themes-from-being-used-on-wordpress-com-hosting/,https://github.com/robertdevore/wpcom-check/,GitHub repository,article,200,https://github.com/robertdevore/wpcom-check/,verified,False,False,False
after,https://robertdevore.com/how-to-stop-your-plugins-themes-from-being-used-on-wordpress-com-hosting/,https://x.com/deviorobert/,[non-text link],navigation,200,https://x.com/deviorobert,verified,False,False,False
after,https://robertdevore.com/how-to-stop-your-plugins-themes-from-being-used-on-wordpress-com-hosting/,https://github.com/robertdevore/,[non-text link],navigation,200,https://github.com/robertdevore/,verified,False,False,False
after,https://robertdevore.com/how-to-teach-ai-to-match-your-voice/,https://x.com/deviorobert/,[non-text link],navigation,200,https://x.com/deviorobert,verified,False,False,False
after,https://robertdevore.com/how-to-teach-ai-to-match-your-voice/,https://github.com/robertdevore/,[non-text link],navigation,200,https://github.com/robertdevore/,verified,False,False,False
after,https://robertdevore.com/how-to-use-ai-to-research-validate-ideas-and-stay-relevant/,https://x.com/deviorobert/,[non-text link],navigation,200,https://x.com/deviorobert,verified,False,False,False
after,https://robertdevore.com/how-to-use-ai-to-research-validate-ideas-and-stay-relevant/,https://github.com/robertdevore/,[non-text link],navigation,200,https://github.com/robertdevore/,verified,False,False,False
after,https://robertdevore.com/how-to-write-prompts-that-get-the-tone-structure-and-intent-right/,https://x.com/deviorobert/,[non-text link],navigation,200,https://x.com/deviorobert,verified,False,False,False
after,https://robertdevore.com/how-to-write-prompts-that-get-the-tone-structure-and-intent-right/,https://github.com/robertdevore/,[non-text link],navigation,200,https://github.com/robertdevore/,verified,False,False,False
after,https://robertdevore.com/hue-js/,https://www.github.com/deviodigital/hue.js,hue.js,article,200,https://github.com/deviodigital/hue.js,verified,False,False,False
after,https://robertdevore.com/hue-js/,https://twitter.com/hashtag/WPD2/?src=hash&lang=en,#WPD2,article,200,https://x.com/hashtag/WPD2/?src=hash&lang=en,verified,False,False,False
after,https://robertdevore.com/hue-js/,https://www.wpdispensary.com/,WP Dispensary,article,200,https://wpdispensary.com/,verified,False,False,False
after,https://robertdevore.com/hue-js/,https://twitter.com/deviorobert/status/974451130578145280/?ref_src=twsrc%5Etfw,"March 16, 2018",article,200,https://x.com/deviorobert/status/974451130578145280/?ref_src=twsrc%5Etfw,verified,False,False,False
after,https://robertdevore.com/hue-js/,https://twitter.com/MrAhmadAwais/,Ahmad Awais,article,200,https://x.com/MrAhmadAwais,verified,False,False,False
after,https://robertdevore.com/hue-js/,https://github.com/AhmadAwais/WP-OOP-Settings-API/,WP OOP Settings API,article,200,https://github.com/AhmadAwais/WP-OOP-Settings-API/,verified,False,False,False
after,https://robertdevore.com/hue-js/,https://twitter.com/hashtag/WPD2/?src=hash&lang=en,#WPD2,article,200,https://x.com/hashtag/WPD2/?src=hash&lang=en,verified,False,False,False
after,https://robertdevore.com/hue-js/,https://github.com/AhmadAwais/WP-OOP-Settings-API/,[non-text link],article,200,https://github.com/AhmadAwais/WP-OOP-Settings-API/,verified,False,False,False
after,https://robertdevore.com/hue-js/,http://automattic.github.io/Iris/,Iris,article,200,http://automattic.github.io/Iris/,verified,False,False,False
after,https://robertdevore.com/hue-js/,http://en.blog.wordpress.com/2012/07/11/go-ahead-add-a-splash-of-color/,Custom Colors,article,200,https://wordpress.com/blog/2012/07/11/go-ahead-add-a-splash-of-color/,verified,False,False,False
after,https://robertdevore.com/hue-js/,http://automattic.github.io/Iris/,Iris,article,200,http://automattic.github.io/Iris/,verified,False,False,False
after,https://robertdevore.com/hue-js/,https://github.com/Automattic/Iris/,Github,article,200,https://github.com/Automattic/Iris/,verified,False,False,False
after,https://robertdevore.com/hue-js/,https://javascriptforwp.com/parts/javascript/,Learn Javascript Deeply,article,200,https://javascriptforwp.com/courses/javascript/,verified,False,False,False
after,https://robertdevore.com/hue-js/,https://github.com/deviodigital/hue.js,hue.js,article,200,https://github.com/deviodigital/hue.js,verified,False,False,False
after,https://robertdevore.com/hue-js/,https://www.wpdispensary.com/,WP Dispensary,article,200,https://wpdispensary.com/,verified,False,False,False
after,https://robertdevore.com/hue-js/,https://github.com/deviodigital/hue.js,hue.js,article,200,https://github.com/deviodigital/hue.js,verified,False,False,False
after,https://robertdevore.com/hue-js/,https://github.com/deviodigital/hue.js,here,article,200,https://github.com/deviodigital/hue.js,verified,False,False,False
after,https://robertdevore.com/hue-js/,https://x.com/deviorobert/,[non-text link],navigation,200,https://x.com/deviorobert,verified,False,False,False
after,https://robertdevore.com/hue-js/,https://github.com/robertdevore/,[non-text link],navigation,200,https://github.com/robertdevore/,verified,False,False,False
after,https://robertdevore.com/i-built-a-python-stego-cipher-tool-and-you-can-have-it/,https://www.kaspersky.com/resource-center/definitions/what-is-steganography/,steganography,article,200,https://www.kaspersky.com/resource-center/definitions/what-is-steganography,verified,False,False,False
after,https://robertdevore.com/i-built-a-python-stego-cipher-tool-and-you-can-have-it/,https://github.com/robertdevore/stego-cipher/,Download the full Python script here (GitHub link or Gist),article,200,https://github.com/robertdevore/stego-cipher/,verified,False,False,False
after,https://robertdevore.com/i-built-a-python-stego-cipher-tool-and-you-can-have-it/,https://twitter.com/deviorobert/,@ me,article,200,https://x.com/deviorobert,verified,False,False,False
after,https://robertdevore.com/i-built-a-python-stego-cipher-tool-and-you-can-have-it/,https://x.com/deviorobert/,[non-text link],navigation,200,https://x.com/deviorobert,verified,False,False,False
after,https://robertdevore.com/i-built-a-python-stego-cipher-tool-and-you-can-have-it/,https://github.com/robertdevore/,[non-text link],navigation,200,https://github.com/robertdevore/,verified,False,False,False
after,https://robertdevore.com/i-just-launched-a-python-course-for-php-developers/,http://https/python.robertdevore.com,Python course,article,0,,not checked,False,False,False
after,https://robertdevore.com/i-just-launched-a-python-course-for-php-developers/,https://x.com/deviorobert/status/1919798266750697843/,social media,article,200,https://x.com/deviorobert/status/1919798266750697843/,verified,False,False,False
after,https://robertdevore.com/i-just-launched-a-python-course-for-php-developers/,https://x.com/deviorobert/status/1935395036989989357/,_The WordPress® Way_,article,200,https://x.com/deviorobert/status/1935395036989989357/,verified,False,False,False
after,https://robertdevore.com/i-just-launched-a-python-course-for-php-developers/,https://deviodigital.com/,Devio Digital,article,0,,not checked,False,False,False
after,https://robertdevore.com/i-just-launched-a-python-course-for-php-developers/,https://python.robertdevore.com/blog/chapter-1-beginner-python/,Chapter 1: Beginner Python,article,404,https://python.robertdevore.com/blog/chapter-1-beginner-python/,verified,False,False,False
after,https://robertdevore.com/i-just-launched-a-python-course-for-php-developers/,https://python.robertdevore.com/blog/python-setup-and-ides/,1.1. Python Setup & IDEs,article,404,https://python.robertdevore.com/blog/python-setup-and-ides/,verified,False,False,False
after,https://robertdevore.com/i-just-launched-a-python-course-for-php-developers/,https://python.robertdevore.com/blog/syntax-and-data-types/,1.2. Syntax & Data Types,article,404,https://python.robertdevore.com/blog/syntax-and-data-types/,verified,False,False,False
after,https://robertdevore.com/i-just-launched-a-python-course-for-php-developers/,https://python.robertdevore.com/blog/syntax-and-data-types/,"1.3. Control Flow (If, For, While)",article,404,https://python.robertdevore.com/blog/syntax-and-data-types/,verified,False,False,False
after,https://robertdevore.com/i-just-launched-a-python-course-for-php-developers/,https://python.robertdevore.com/blog/functions-and-modules/,1.4. Functions & Modules,article,404,https://python.robertdevore.com/blog/functions-and-modules/,verified,False,False,False
after,https://robertdevore.com/i-just-launched-a-python-course-for-php-developers/,https://python.robertdevore.com/blog/basic-error-handling/,1.5. Basic Error Handling,article,404,https://python.robertdevore.com/blog/basic-error-handling/,verified,False,False,False
after,https://robertdevore.com/i-just-launched-a-python-course-for-php-developers/,https://python.robertdevore.com/blog/chapter-2-intermediate-python/,Chapter 2: Intermediate Python,article,404,https://python.robertdevore.com/blog/chapter-2-intermediate-python/,verified,False,False,False
after,https://robertdevore.com/i-just-launched-a-python-course-for-php-developers/,https://python.robertdevore.com/blog/object-oriented-programming/,2.1. Object-Oriented Programming (OOP),article,404,https://python.robertdevore.com/blog/object-oriented-programming/,verified,False,False,False
after,https://robertdevore.com/i-just-launched-a-python-course-for-php-developers/,https://python.robertdevore.com/blog/file-io-and-data-persistence/,2.2. File I/O & Data Persistence,article,404,https://python.robertdevore.com/blog/file-io-and-data-persistence/,verified,False,False,False
after,https://robertdevore.com/i-just-launched-a-python-course-for-php-developers/,https://python.robertdevore.com/blog/virtual-environments-and-package-management/,2.3. Virtual Environments & Package Management,article,404,https://python.robertdevore.com/blog/virtual-environments-and-package-management/,verified,False,False,False
after,https://robertdevore.com/i-just-launched-a-python-course-for-php-developers/,https://python.robertdevore.com/blog/exceptions-and-robust-error-handling/,2.4. Exceptions & Robust Error Handling,article,404,https://python.robertdevore.com/blog/exceptions-and-robust-error-handling/,verified,False,False,False
after,https://robertdevore.com/i-just-launched-a-python-course-for-php-developers/,https://python.robertdevore.com/blog/introduction-to-testing/,2.5. Introduction to Testing,article,404,https://python.robertdevore.com/blog/introduction-to-testing/,verified,False,False,False
after,https://robertdevore.com/i-just-launched-a-python-course-for-php-developers/,https://python.robertdevore.com/blog/chapter-3-advanced-python/,Chapter 3. Advanced Python,article,404,https://python.robertdevore.com/blog/chapter-3-advanced-python/,verified,False,False,False
after,https://robertdevore.com/i-just-launched-a-python-course-for-php-developers/,https://python.robertdevore.com/blog/advanced-data-structures-and-algorithms/,3.1. Advanced Data Structures & Algorithms,article,404,https://python.robertdevore.com/blog/advanced-data-structures-and-algorithms/,verified,False,False,False
after,https://robertdevore.com/i-just-launched-a-python-course-for-php-developers/,https://python.robertdevore.com/blog/generators-decorators-and-context-managers/,"3.2. Generators, Decorators and Context Managers",article,404,https://python.robertdevore.com/blog/generators-decorators-and-context-managers/,verified,False,False,False
after,https://robertdevore.com/i-just-launched-a-python-course-for-php-developers/,https://python.robertdevore.com/blog/concurrency-and-parallelism/,3.3. Concurrency & Parallelism,article,404,https://python.robertdevore.com/blog/concurrency-and-parallelism/,verified,False,False,False
after,https://robertdevore.com/i-just-launched-a-python-course-for-php-developers/,https://python.robertdevore.com/blog/building-and-consuming-apis/,3.4. Building and Consuming APIs,article,404,https://python.robertdevore.com/blog/building-and-consuming-apis/,verified,False,False,False
after,https://robertdevore.com/i-just-launched-a-python-course-for-php-developers/,https://python.robertdevore.com/blog/packaging-distribution-and-best-practices/,"3.5. Packaging, Distribution, and Best Practices",article,404,https://python.robertdevore.com/blog/packaging-distribution-and-best-practices/,verified,False,False,False
after,https://robertdevore.com/i-just-launched-a-python-course-for-php-developers/,https://stattic.site/,Stattic,article,200,https://stattic.site/,verified,False,False,False
after,https://robertdevore.com/i-just-launched-a-python-course-for-php-developers/,https://python.robertdevore.com/,Start the Course Here,article,200,https://python.robertdevore.com/,verified,False,False,False
after,https://robertdevore.com/i-just-launched-a-python-course-for-php-developers/,https://x.com/deviorobert/,[non-text link],navigation,200,https://x.com/deviorobert,verified,False,False,False
after,https://robertdevore.com/i-just-launched-a-python-course-for-php-developers/,https://github.com/robertdevore/,[non-text link],navigation,200,https://github.com/robertdevore/,verified,False,False,False
after,https://robertdevore.com/im-freelancing-again/,https://boostboxpopups.com/,BoostBox,article,0,,not checked,False,False,False
after,https://robertdevore.com/im-freelancing-again/,https://intellipress.ai/,IntelliPress AI,article,200,https://intellipress.ai/,verified,False,False,False
after,https://robertdevore.com/im-freelancing-again/,https://pluginpal.app/,Plugin Pal,article,0,,not checked,False,False,False
after,https://robertdevore.com/im-freelancing-again/,https://github.com/robertdevore/benchpress/,BenchPress,article,200,https://github.com/WebDevStudios/benchpress,verified,False,False,False
after,https://robertdevore.com/im-freelancing-again/,https://github.com/robertdevore/pattern-pal/,Pattern Pal,article,200,https://github.com/WebDevStudios/pattern-pal,verified,False,False,False
after,https://robertdevore.com/im-freelancing-again/,https://github.com/deviodigital/customer-loyalty-for-woocommerce/,Customer Loyalty & Rewards,article,200,https://github.com/deviodigital/customer-loyalty-for-woocommerce/,verified,False,False,False
after,https://robertdevore.com/im-freelancing-again/,https://github.com/robertdevore/bluesky-feed-for-wordpress/,Bluesky Feed for WordPress®,article,200,https://github.com/WebDevStudios/bluesky-feed-for-wordpress,verified,False,False,False
after,https://robertdevore.com/im-freelancing-again/,https://github.com/robertdevore/hpos-compatibility-scanner/,HPOS Compatibility Scanner,article,200,https://github.com/dustinparker/hpos-compatibility-scanner,verified,False,False,False
after,https://robertdevore.com/im-freelancing-again/,https://patchstack.com/database/wordpress/plugin/royal-elementor-addons/vulnerability/wordpress-royal-elementor-addons-and-templates-plugin-1-3-987-cross-site-scripting-xss-vulnerability/,WordPress Royal Elementor Addons Plugin <= 1.3.987 is vulnerable to Cross Site Scripting (XSS),article,200,https://patchstack.com/database/wordpress/plugin/royal-elementor-addons/vulnerability/wordpress-royal-elementor-addons-and-templates-plugin-1-3-987-cross-site-scripting-xss-vulnerability/,verified,False,False,False
after,https://robertdevore.com/im-freelancing-again/,https://patchstack.com/database/wordpress/plugin/happy-elementor-addons/vulnerability/wordpress-happy-addons-for-elementor-plugin-3-12-0-cross-site-scripting-xss-vulnerability/,WordPress Happy Addons for Elementor Plugin <= 3.12.0 is vulnerable to Cross Site Scripting (XSS),article,200,https://patchstack.com/database/wordpress/plugin/happy-elementor-addons/vulnerability/wordpress-happy-addons-for-elementor-plugin-3-12-0-cross-site-scripting-xss-vulnerability/,verified,False,False,False
after,https://robertdevore.com/im-freelancing-again/,https://www.wordfence.com/threat-intel/vulnerabilities/wordpress-plugins/essential-addons-for-elementor-lite/essential-addons-for-elementor-best-elementor-templates-widgets-kits-woocommerce-builders-603-authenticated-contributor-stored-cross-site-scripting-via-fancy-text-widget/,"Essential Addons for Elementor — Best Elementor Templates, Widgets, Kits & WooCommerce Builders <= 6.0.3 – Authenticated (Contributor+) Stored Cross-Site Scripting via Fancy Text Widget",article,202,https://www.wordfence.com/threat-intel/vulnerabilities/wordpress-plugins/essential-addons-for-elementor-lite/essential-addons-for-elementor-best-elementor-templates-widgets-kits-woocommerce-builders-603-authenticated-contributor-stored-cross-site-scripting-via-fancy-text-widget/,verified,False,False,False
after,https://robertdevore.com/im-freelancing-again/,https://www.wordfence.com/threat-intel/vulnerabilities/wordpress-plugins/easy-fancybox/firelight-lightbox-233-authenticated-author-stored-cross-site-scripting/,Firelight Lightbox <= 2.3.3 – Authenticated (Author+) Stored Cross-Site Scripting,article,202,https://www.wordfence.com/threat-intel/vulnerabilities/wordpress-plugins/easy-fancybox/firelight-lightbox-233-authenticated-author-stored-cross-site-scripting/,verified,False,False,False
after,https://robertdevore.com/im-freelancing-again/,https://gtmetrix.com/reports/wwf.robertdevore.com/ZigvLNUb/,GTMetrix – robertdevore.com,article,403,https://gtmetrix.com/reports/wwf.robertdevore.com/ZigvLNUb/,blocked/indeterminate,False,False,False
after,https://robertdevore.com/im-freelancing-again/,https://gtmetrix.com/reports/pluginpal.app/E2snfYY5/,GTMetrix – pluginpal.app,article,403,https://gtmetrix.com/reports/pluginpal.app/E2snfYY5/,blocked/indeterminate,False,False,False
after,https://robertdevore.com/im-freelancing-again/,https://gtmetrix.com/reports/intelli.press/aAlWT0Pe/,GTMetrix – intelli.press,article,403,https://gtmetrix.com/reports/intelli.press/aAlWT0Pe/,blocked/indeterminate,False,False,False
after,https://robertdevore.com/im-freelancing-again/,https://gtmetrix.com/reports/deviodigital.com/w4ATjHNe/,GTMetrix – deviodigital.com,article,403,https://gtmetrix.com/reports/deviodigital.com/w4ATjHNe/,blocked/indeterminate,False,False,False
after,https://robertdevore.com/im-freelancing-again/,https://stattic.site/,Stattic,article,200,https://stattic.site/,verified,False,False,False
after,https://robertdevore.com/im-freelancing-again/,https://x.com/deviorobert/,[non-text link],navigation,200,https://x.com/deviorobert,verified,False,False,False
after,https://robertdevore.com/im-freelancing-again/,https://github.com/robertdevore/,[non-text link],navigation,200,https://github.com/robertdevore/,verified,False,False,False
after,https://robertdevore.com/improve-cls-scores-by-dynamically-setting-image-width-and-height/,https://support.google.com/webmasters/answer/9205520/?hl=en,Core Web Vitals,article,404,https://support.google.com/webmasters/answer/9205520/?hl=en,verified,False,False,False
after,https://robertdevore.com/improve-cls-scores-by-dynamically-setting-image-width-and-height/,https://developer.wordpress.org/reference/functions/wp_get_attachment_image_src/,wp_get_attachment_image_src,article,200,https://developer.wordpress.org/reference/functions/wp_get_attachment_image_src/,verified,False,False,False
after,https://robertdevore.com/improve-cls-scores-by-dynamically-setting-image-width-and-height/,https://twitter.com/deviorobert/,tweet me,article,200,https://x.com/deviorobert,verified,False,False,False
after,https://robertdevore.com/improve-cls-scores-by-dynamically-setting-image-width-and-height/,https://x.com/deviorobert/,[non-text link],navigation,200,https://x.com/deviorobert,verified,False,False,False
after,https://robertdevore.com/improve-cls-scores-by-dynamically-setting-image-width-and-height/,https://github.com/robertdevore/,[non-text link],navigation,200,https://github.com/robertdevore/,verified,False,False,False
after,https://robertdevore.com/intellipress-the-smart-af-ai-assistant-for-wordpress/,https://intellipress.robertdevore.com/,IntelliPress,article,521,https://intellipress.robertdevore.com/,verified,False,False,False
after,https://robertdevore.com/intellipress-the-smart-af-ai-assistant-for-wordpress/,https://intellipress.robertdevore.com/,IntelliPress,article,521,https://intellipress.robertdevore.com/,verified,False,False,False
after,https://robertdevore.com/intellipress-the-smart-af-ai-assistant-for-wordpress/,https://intellipress.robertdevore.com/,Get IntelliPress Now,article,521,https://intellipress.robertdevore.com/,verified,False,False,False
after,https://robertdevore.com/intellipress-the-smart-af-ai-assistant-for-wordpress/,https://x.com/deviorobert/,[non-text link],navigation,200,https://x.com/deviorobert,verified,False,False,False
after,https://robertdevore.com/intellipress-the-smart-af-ai-assistant-for-wordpress/,https://github.com/robertdevore/,[non-text link],navigation,200,https://github.com/robertdevore/,verified,False,False,False
after,https://robertdevore.com/introducing-an-experimental-new-plugin-email-designer-for-woocommerce/,https://developer.woocommerce.com/2025/01/22/woocommerce-9-7-pre-release-updates/,recently improved,article,200,https://developer.woocommerce.com/2025/01/22/woocommerce-9-7-pre-release-updates/,verified,False,False,False
after,https://robertdevore.com/introducing-an-experimental-new-plugin-email-designer-for-woocommerce/,https://github.com/woocommerce/woocommerce/discussions/52897/,had hoped,article,200,https://github.com/woocommerce/woocommerce/discussions/52897/,verified,False,False,False
after,https://robertdevore.com/introducing-an-experimental-new-plugin-email-designer-for-woocommerce/,https://github.com/robertdevore/email-designer-for-woocommerce/,Email Designer for WooCommerce®,article,200,https://github.com/robertdevore/email-designer-for-woocommerce/,verified,False,False,False
after,https://robertdevore.com/introducing-an-experimental-new-plugin-email-designer-for-woocommerce/,https://developer.woocommerce.com/docs/blocks-reference/,mentioned on this page,article,200,https://developer.woocommerce.com/docs/block-development/reference/block-references/,verified,False,False,False
after,https://robertdevore.com/introducing-an-experimental-new-plugin-email-designer-for-woocommerce/,https://github.com/woocommerce/woocommerce/discussions/52897/,WooCommerce GitHub Discussion,article,200,https://github.com/woocommerce/woocommerce/discussions/52897/,verified,False,False,False
after,https://robertdevore.com/introducing-an-experimental-new-plugin-email-designer-for-woocommerce/,https://deviodigital.com/,Devio Digital,article,0,,not checked,False,False,False
after,https://robertdevore.com/introducing-an-experimental-new-plugin-email-designer-for-woocommerce/,https://x.com/deviorobert/,Twitter/X,article,200,https://x.com/deviorobert,verified,False,False,False
after,https://robertdevore.com/introducing-an-experimental-new-plugin-email-designer-for-woocommerce/,https://x.com/deviorobert/,[non-text link],navigation,200,https://x.com/deviorobert,verified,False,False,False
after,https://robertdevore.com/introducing-an-experimental-new-plugin-email-designer-for-woocommerce/,https://github.com/robertdevore/,[non-text link],navigation,200,https://github.com/robertdevore/,verified,False,False,False
after,https://robertdevore.com/introducing-associated-taxonomies-for-wordpress/,https://github.com/robertdevore/associated-taxonomies/,Associated Taxonomies,article,200,https://github.com/WebDevStudios/associated-taxonomies,verified,False,False,False
after,https://robertdevore.com/introducing-associated-taxonomies-for-wordpress/,https://github.com/robertdevore/associated-taxonomies/,Download the plugin,article,200,https://github.com/WebDevStudios/associated-taxonomies,verified,False,False,False
after,https://robertdevore.com/introducing-associated-taxonomies-for-wordpress/,https://github.com/robertdevore/associated-taxonomies/,GitHub,article,200,https://github.com/WebDevStudios/associated-taxonomies,verified,False,False,False
after,https://robertdevore.com/introducing-associated-taxonomies-for-wordpress/,https://x.com/deviorobert/,[non-text link],navigation,200,https://x.com/deviorobert,verified,False,False,False
after,https://robertdevore.com/introducing-associated-taxonomies-for-wordpress/,https://github.com/robertdevore/,[non-text link],navigation,200,https://github.com/robertdevore/,verified,False,False,False
after,https://robertdevore.com/introducing-automattic-css-an-open-source-css-utility-framework/,https://github.com/robertdevore/automattic-css/,automattic.css,article,200,https://github.com/robertdevore/automattic-css/,verified,False,False,False
after,https://robertdevore.com/introducing-automattic-css-an-open-source-css-utility-framework/,https://github.com/robertdevore/automattic-css/,automattic.css,article,200,https://github.com/robertdevore/automattic-css/,verified,False,False,False
after,https://robertdevore.com/introducing-automattic-css-an-open-source-css-utility-framework/,https://www.youtube.com/watch/?v=e6eHP6KWyrE,lively debate,article,200,https://www.youtube.com/watch/?v=e6eHP6KWyrE,verified,False,False,False
after,https://robertdevore.com/introducing-automattic-css-an-open-source-css-utility-framework/,https://moneyman.robertdevore.com/,[non-text link],article,200,https://moneyman.robertdevore.com/,verified,False,False,False
after,https://robertdevore.com/introducing-automattic-css-an-open-source-css-utility-framework/,https://moneyman.robertdevore.com/,live demo,article,200,https://moneyman.robertdevore.com/,verified,False,False,False
after,https://robertdevore.com/introducing-automattic-css-an-open-source-css-utility-framework/,https://github.com/robertdevore/automattic-css/,automattic.css,article,200,https://github.com/robertdevore/automattic-css/,verified,False,False,False
after,https://robertdevore.com/introducing-automattic-css-an-open-source-css-utility-framework/,https://github.com/robertdevore/automattic-css/,here,article,200,https://github.com/robertdevore/automattic-css/,verified,False,False,False
after,https://robertdevore.com/introducing-automattic-css-an-open-source-css-utility-framework/,https://github.com/robertdevore/automattic-css/,automattic.css,article,200,https://github.com/robertdevore/automattic-css/,verified,False,False,False
after,https://robertdevore.com/introducing-automattic-css-an-open-source-css-utility-framework/,https://x.com/deviorobert/,[non-text link],navigation,200,https://x.com/deviorobert,verified,False,False,False
after,https://robertdevore.com/introducing-automattic-css-an-open-source-css-utility-framework/,https://github.com/robertdevore/,[non-text link],navigation,200,https://github.com/robertdevore/,verified,False,False,False
after,https://robertdevore.com/introducing-back-in-stock-notifications-for-woocommerce/,https://github.com/robertdevore/back-in-stock-notifications/,Back In Stock Notifications,article,200,https://github.com/robertdevore/back-in-stock-notifications/,verified,False,False,False
after,https://robertdevore.com/introducing-back-in-stock-notifications-for-woocommerce/,https://github.com/robertdevore/back-in-stock-notifications/,Back In Stock Notifications,article,200,https://github.com/robertdevore/back-in-stock-notifications/,verified,False,False,False
after,https://robertdevore.com/introducing-back-in-stock-notifications-for-woocommerce/,https://github.com/YahnisElsts/plugin-update-checker/,Plugin Update Checker,article,200,https://github.com/YahnisElsts/plugin-update-checker/,verified,False,False,False
after,https://robertdevore.com/introducing-back-in-stock-notifications-for-woocommerce/,https://github.com/robertdevore/back-in-stock-notifications/,from GitHub,article,200,https://github.com/robertdevore/back-in-stock-notifications/,verified,False,False,False
after,https://robertdevore.com/introducing-back-in-stock-notifications-for-woocommerce/,https://x.com/deviorobert/,[non-text link],navigation,200,https://x.com/deviorobert,verified,False,False,False
after,https://robertdevore.com/introducing-back-in-stock-notifications-for-woocommerce/,https://github.com/robertdevore/,[non-text link],navigation,200,https://github.com/robertdevore/,verified,False,False,False
after,https://robertdevore.com/introducing-barcodes-for-woocommerce-free/,https://github.com/robertdevore/barcodes-for-woocommerce/,Barcodes for WooCommerce®,article,200,https://github.com/robertdevore/barcodes-for-woocommerce/,verified,False,False,False
after,https://robertdevore.com/introducing-barcodes-for-woocommerce-free/,https://woocommerce.com/feature-request/woocommerce-order-barcodes-scanning-directly-to-your-product/,source,article,200,https://woocommerce.com/feature-request/woocommerce-order-barcodes-scanning-directly-to-your-product/,verified,False,False,False
after,https://robertdevore.com/introducing-barcodes-for-woocommerce-free/,https://github.com/robertdevore/barcodes-for-woocommerce/,GitHub repository,article,200,https://github.com/robertdevore/barcodes-for-woocommerce/,verified,False,False,False
after,https://robertdevore.com/introducing-barcodes-for-woocommerce-free/,https://github.com/robertdevore/barcodes-for-woocommerce/,GitHub,article,200,https://github.com/robertdevore/barcodes-for-woocommerce/,verified,False,False,False
after,https://robertdevore.com/introducing-barcodes-for-woocommerce-free/,https://github.com/robertdevore/barcodes-for-woocommerce/,Download the plugin from GitHub,article,200,https://github.com/robertdevore/barcodes-for-woocommerce/,verified,False,False,False
after,https://robertdevore.com/introducing-barcodes-for-woocommerce-free/,https://x.com/deviorobert/,[non-text link],navigation,200,https://x.com/deviorobert,verified,False,False,False
after,https://robertdevore.com/introducing-barcodes-for-woocommerce-free/,https://github.com/robertdevore/,[non-text link],navigation,200,https://github.com/robertdevore/,verified,False,False,False
after,https://robertdevore.com/introducing-benchpress/,https://github.com/robertdevore/benchpress/,BenchPress,article,200,https://github.com/WebDevStudios/benchpress,verified,False,False,False
after,https://robertdevore.com/introducing-benchpress/,https://github.com/robertdevore/benchpress/,GitHub repository,article,200,https://github.com/WebDevStudios/benchpress,verified,False,False,False
after,https://robertdevore.com/introducing-benchpress/,https://github.com/robertdevore/benchpress/,this doc,article,200,https://github.com/WebDevStudios/benchpress,verified,False,False,False
after,https://robertdevore.com/introducing-benchpress/,https://github.com/robertdevore/benchpress/,Download BenchPress today,article,200,https://github.com/WebDevStudios/benchpress,verified,False,False,False
after,https://robertdevore.com/introducing-benchpress/,https://github.com/robertdevore/benchpress/,GitHub,article,200,https://github.com/WebDevStudios/benchpress,verified,False,False,False
after,https://robertdevore.com/introducing-benchpress/,https://x.com/deviorobert/,[non-text link],navigation,200,https://x.com/deviorobert,verified,False,False,False
after,https://robertdevore.com/introducing-benchpress/,https://github.com/robertdevore/,[non-text link],navigation,200,https://github.com/robertdevore/,verified,False,False,False
after,https://robertdevore.com/introducing-block-ai-crawlers-for-wordpress/,https://github.com/robertdevore/block-ai-crawlers/,Block AI Crawlers,article,200,https://github.com/robertdevore/block-ai-crawlers/,verified,False,False,False
after,https://robertdevore.com/introducing-block-ai-crawlers-for-wordpress/,https://core.trac.wordpress.org/ticket/60805/,Trac,article,403,https://core.trac.wordpress.org/ticket/60805/,blocked/indeterminate,False,False,False
after,https://robertdevore.com/introducing-block-ai-crawlers-for-wordpress/,https://github.com/robertdevore/block-ai-crawlers/,Block AI Crawlers,article,200,https://github.com/robertdevore/block-ai-crawlers/,verified,False,False,False
after,https://robertdevore.com/introducing-block-ai-crawlers-for-wordpress/,https://github.com/robertdevore/block-ai-crawlers/,Block AI Crawlers,article,200,https://github.com/robertdevore/block-ai-crawlers/,verified,False,False,False
after,https://robertdevore.com/introducing-block-ai-crawlers-for-wordpress/,https://github.com/YahnisElsts/plugin-update-checker/,Plugin Update Checker,article,200,https://github.com/YahnisElsts/plugin-update-checker/,verified,False,False,False
after,https://robertdevore.com/introducing-block-ai-crawlers-for-wordpress/,https://github.com/robertdevore/block-ai-crawlers/,Download the plugin,article,200,https://github.com/robertdevore/block-ai-crawlers/,verified,False,False,False
after,https://robertdevore.com/introducing-block-ai-crawlers-for-wordpress/,https://github.com/robertdevore/block-ai-crawlers/,GitHub repository,article,200,https://github.com/robertdevore/block-ai-crawlers/,verified,False,False,False
after,https://robertdevore.com/introducing-block-ai-crawlers-for-wordpress/,https://github.com/robertdevore/block-ai-crawlers/,Block AI Crawlers,article,200,https://github.com/robertdevore/block-ai-crawlers/,verified,False,False,False
after,https://robertdevore.com/introducing-block-ai-crawlers-for-wordpress/,https://x.com/deviorobert/,[non-text link],navigation,200,https://x.com/deviorobert,verified,False,False,False
after,https://robertdevore.com/introducing-block-ai-crawlers-for-wordpress/,https://github.com/robertdevore/,[non-text link],navigation,200,https://github.com/robertdevore/,verified,False,False,False
after,https://robertdevore.com/introducing-bluesky-feed-for-wordpress/,https://github.com/robertdevore/bluesky-feed-for-wordpress/,Bluesky Feed for WordPress®,article,200,https://github.com/WebDevStudios/bluesky-feed-for-wordpress,verified,False,False,False
after,https://robertdevore.com/introducing-bluesky-feed-for-wordpress/,https://github.com/robertdevore/bluesky-feed-for-wordpress/,Bluesky Feed for WordPress®,article,200,https://github.com/WebDevStudios/bluesky-feed-for-wordpress,verified,False,False,False
after,https://robertdevore.com/introducing-bluesky-feed-for-wordpress/,https://github.com/robertdevore/bluesky-feed-for-wordpress/,GitHub repository,article,200,https://github.com/WebDevStudios/bluesky-feed-for-wordpress,verified,False,False,False
after,https://robertdevore.com/introducing-bluesky-feed-for-wordpress/,https://github.com/robertdevore/bluesky-feed-for-wordpress/,GitHub repository,article,200,https://github.com/WebDevStudios/bluesky-feed-for-wordpress,verified,False,False,False
after,https://robertdevore.com/introducing-bluesky-feed-for-wordpress/,https://x.com/deviorobert/,[non-text link],navigation,200,https://x.com/deviorobert,verified,False,False,False
after,https://robertdevore.com/introducing-bluesky-feed-for-wordpress/,https://github.com/robertdevore/,[non-text link],navigation,200,https://github.com/robertdevore/,verified,False,False,False
after,https://robertdevore.com/introducing-brands-for-woocommerce-free/,https://developer.woocommerce.com/2024/11/11/woocommerce-9-4-supercharging-the-product-collection-block-more/,officially added,article,200,https://developer.woocommerce.com/2024/11/11/woocommerce-9-4-supercharging-the-product-collection-block-more/,verified,False,False,False
after,https://robertdevore.com/introducing-brands-for-woocommerce-free/,https://github.com/robertdevore/brands-for-woocommerce/,Brands for WooCommerce®,article,200,https://github.com/robertdevore/brands-for-woocommerce/,verified,False,False,False
after,https://robertdevore.com/introducing-brands-for-woocommerce-free/,https://github.com/robertdevore/brands-for-woocommerce/,Brands for WooCommerce®,article,200,https://github.com/robertdevore/brands-for-woocommerce/,verified,False,False,False
after,https://robertdevore.com/introducing-brands-for-woocommerce-free/,https://github.com/robertdevore/brands-for-woocommerce/,GitHub repository,article,200,https://github.com/robertdevore/brands-for-woocommerce/,verified,False,False,False
after,https://robertdevore.com/introducing-brands-for-woocommerce-free/,https://github.com/robertdevore/brands-for-woocommerce/,GitHub repository,article,200,https://github.com/robertdevore/brands-for-woocommerce/,verified,False,False,False
after,https://robertdevore.com/introducing-brands-for-woocommerce-free/,https://twitter.com/deviorobert/status/1857099894701301990/,December to Remember,article,200,https://x.com/deviorobert/status/1857099894701301990/,verified,False,False,False
after,https://robertdevore.com/introducing-brands-for-woocommerce-free/,https://x.com/deviorobert/,[non-text link],navigation,200,https://x.com/deviorobert,verified,False,False,False
after,https://robertdevore.com/introducing-brands-for-woocommerce-free/,https://github.com/robertdevore/,[non-text link],navigation,200,https://github.com/robertdevore/,verified,False,False,False
after,https://robertdevore.com/introducing-broken-image-scanner/,https://github.com/robertdevore/broken-image-scanner/,Broken Image Scanner,article,200,https://github.com/WebDevStudios/broken-image-scanner,verified,False,False,False
after,https://robertdevore.com/introducing-broken-image-scanner/,https://github.com/robertdevore/broken-image-scanner/,Broken Image Scanner,article,200,https://github.com/WebDevStudios/broken-image-scanner,verified,False,False,False
after,https://robertdevore.com/introducing-broken-image-scanner/,https://github.com/robertdevore/broken-image-scanner/,Broken Image Scanner,article,200,https://github.com/WebDevStudios/broken-image-scanner,verified,False,False,False
after,https://robertdevore.com/introducing-broken-image-scanner/,https://x.com/deviorobert/,[non-text link],navigation,200,https://x.com/deviorobert,verified,False,False,False
after,https://robertdevore.com/introducing-broken-image-scanner/,https://github.com/robertdevore/,[non-text link],navigation,200,https://github.com/robertdevore/,verified,False,False,False
after,https://robertdevore.com/introducing-bulk-stock-management-for-woocommerce-free/,https://github.com/robertdevore/bulk-stock-management-for-woocommerce/,Bulk Stock Management for WooCommerce®,article,200,https://github.com/robertdevore/bulk-stock-management-for-woocommerce/,verified,False,False,False
after,https://robertdevore.com/introducing-bulk-stock-management-for-woocommerce-free/,https://github.com/robertdevore/bulk-stock-management-for-woocommerce/,Get it on GitHub,article,200,https://github.com/robertdevore/bulk-stock-management-for-woocommerce/,verified,False,False,False
after,https://robertdevore.com/introducing-bulk-stock-management-for-woocommerce-free/,https://github.com/robertdevore/bulk-stock-management-for-woocommerce/issues/,submit an issue on GitHub,article,200,https://github.com/robertdevore/bulk-stock-management-for-woocommerce/issues/,verified,False,False,False
after,https://robertdevore.com/introducing-bulk-stock-management-for-woocommerce-free/,https://twitter.com/deviorobert/,Twitter,article,200,https://x.com/deviorobert,verified,False,False,False
after,https://robertdevore.com/introducing-bulk-stock-management-for-woocommerce-free/,https://github.com/robertdevore/bulk-stock-management-for-woocommerce/,Bulk Stock Management for WooCommerce®,article,200,https://github.com/robertdevore/bulk-stock-management-for-woocommerce/,verified,False,False,False
after,https://robertdevore.com/introducing-bulk-stock-management-for-woocommerce-free/,https://x.com/deviorobert/,[non-text link],navigation,200,https://x.com/deviorobert,verified,False,False,False
after,https://robertdevore.com/introducing-bulk-stock-management-for-woocommerce-free/,https://github.com/robertdevore/,[non-text link],navigation,200,https://github.com/robertdevore/,verified,False,False,False
after,https://robertdevore.com/introducing-content-restriction-for-wordpress/,https://github.com/robertdevore/content-restriction-for-wordpress/,Content Restriction for WordPress®,article,200,https://github.com/WebDevStudios/content-restriction-for-wordpress,verified,False,False,False
after,https://robertdevore.com/introducing-content-restriction-for-wordpress/,https://github.com/robertdevore/content-restriction-for-wordpress/,GitHub repository,article,200,https://github.com/WebDevStudios/content-restriction-for-wordpress,verified,False,False,False
after,https://robertdevore.com/introducing-content-restriction-for-wordpress/,https://github.com/robertdevore/content-restriction-for-wordpress/,GitHub repository,article,200,https://github.com/WebDevStudios/content-restriction-for-wordpress,verified,False,False,False
after,https://robertdevore.com/introducing-content-restriction-for-wordpress/,https://github.com/robertdevore/content-restriction-for-wordpress/,Download Content Restriction for WordPress® Now,article,200,https://github.com/WebDevStudios/content-restriction-for-wordpress,verified,False,False,False
after,https://robertdevore.com/introducing-content-restriction-for-wordpress/,https://x.com/deviorobert/,[non-text link],navigation,200,https://x.com/deviorobert,verified,False,False,False
after,https://robertdevore.com/introducing-content-restriction-for-wordpress/,https://github.com/robertdevore/,[non-text link],navigation,200,https://github.com/robertdevore/,verified,False,False,False
after,https://robertdevore.com/introducing-delete-inactive-users/,https://github.com/robertdevore/delete-inactive-users/,Delete Inactive Users,article,200,https://github.com/WebDevStudios/delete-inactive-users,verified,False,False,False
after,https://robertdevore.com/introducing-delete-inactive-users/,https://github.com/robertdevore/delete-inactive-users/,Delete Inactive Users,article,200,https://github.com/WebDevStudios/delete-inactive-users,verified,False,False,False
after,https://robertdevore.com/introducing-delete-inactive-users/,https://github.com/robertdevore/delete-inactive-users/,Delete Inactive Users,article,200,https://github.com/WebDevStudios/delete-inactive-users,verified,False,False,False
after,https://robertdevore.com/introducing-delete-inactive-users/,https://github.com/robertdevore/delete-inactive-users/,GitHub repository,article,200,https://github.com/WebDevStudios/delete-inactive-users,verified,False,False,False
after,https://robertdevore.com/introducing-delete-inactive-users/,https://x.com/deviorobert/,[non-text link],navigation,200,https://x.com/deviorobert,verified,False,False,False
after,https://robertdevore.com/introducing-delete-inactive-users/,https://github.com/robertdevore/,[non-text link],navigation,200,https://github.com/robertdevore/,verified,False,False,False
after,https://robertdevore.com/introducing-digg-this-a-social-sharing-plugin-for-wordpress/,https://github.com/robertdevore/digg-this/,Digg This,article,200,https://github.com/robertdevore/digg-this/,verified,False,False,False
after,https://robertdevore.com/introducing-digg-this-a-social-sharing-plugin-for-wordpress/,https://tabler.io/icons/,Tabler,article,200,https://tabler.io/icons/,verified,False,False,False
after,https://robertdevore.com/introducing-digg-this-a-social-sharing-plugin-for-wordpress/,https://twitter.com/CristianRaiber/status/1887534734135152701/?ref_src=twsrc%5Etfw,"February 6, 2025",article,200,https://x.com/CristianRaiber/status/1887534734135152701/?ref_src=twsrc%5Etfw,verified,False,False,False
after,https://robertdevore.com/introducing-digg-this-a-social-sharing-plugin-for-wordpress/,https://github.com/robertdevore/digg-this/,Digg This,article,200,https://github.com/robertdevore/digg-this/,verified,False,False,False
after,https://robertdevore.com/introducing-digg-this-a-social-sharing-plugin-for-wordpress/,https://github.com/robertdevore/digg-this/,Digg This,article,200,https://github.com/robertdevore/digg-this/,verified,False,False,False
after,https://robertdevore.com/introducing-digg-this-a-social-sharing-plugin-for-wordpress/,https://github.com/robertdevore/digg-this/,GitHub,article,200,https://github.com/robertdevore/digg-this/,verified,False,False,False
after,https://robertdevore.com/introducing-digg-this-a-social-sharing-plugin-for-wordpress/,https://github.com/robertdevore/digg-this/,Digg This,article,200,https://github.com/robertdevore/digg-this/,verified,False,False,False
after,https://robertdevore.com/introducing-digg-this-a-social-sharing-plugin-for-wordpress/,https://x.com/deviorobert/,[non-text link],navigation,200,https://x.com/deviorobert,verified,False,False,False
after,https://robertdevore.com/introducing-digg-this-a-social-sharing-plugin-for-wordpress/,https://github.com/robertdevore/,[non-text link],navigation,200,https://github.com/robertdevore/,verified,False,False,False
after,https://robertdevore.com/introducing-dispensary-details-for-woocommerce/,https://github.com/getCannaBiz/dispensary-details-for-woocommerce/,Dispensary Details for WooCommerce®,article,200,https://github.com/getCannaBiz/dispensary-details-for-woocommerce/,verified,False,False,False
after,https://robertdevore.com/introducing-dispensary-details-for-woocommerce/,https://github.com/getCannaBiz/,CannaBiz Software,article,200,https://github.com/getCannaBiz/,verified,False,False,False
after,https://robertdevore.com/introducing-dispensary-details-for-woocommerce/,https://github.com/getCannaBiz/dispensary-details-for-woocommerce/,Dispensary Details for WooCommerce®,article,200,https://github.com/getCannaBiz/dispensary-details-for-woocommerce/,verified,False,False,False
after,https://robertdevore.com/introducing-dispensary-details-for-woocommerce/,https://github.com/getCannaBiz/dispensary-details-for-woocommerce/,Dispensary Details for WooCommerce®,article,200,https://github.com/getCannaBiz/dispensary-details-for-woocommerce/,verified,False,False,False
after,https://robertdevore.com/introducing-dispensary-details-for-woocommerce/,https://github.com/getCannaBiz/dispensary-details-for-woocommerce/,Download the Plugin Here,article,200,https://github.com/getCannaBiz/dispensary-details-for-woocommerce/,verified,False,False,False
after,https://robertdevore.com/introducing-dispensary-details-for-woocommerce/,https://x.com/deviorobert/,[non-text link],navigation,200,https://x.com/deviorobert,verified,False,False,False
after,https://robertdevore.com/introducing-dispensary-details-for-woocommerce/,https://github.com/robertdevore/,[non-text link],navigation,200,https://github.com/robertdevore/,verified,False,False,False
after,https://robertdevore.com/introducing-gallery-modals-enhance-your-wordpress-galleries-with-stunning-popups/,https://github.com/robertdevore/gallery-modals/,Gallery Modals,article,200,https://github.com/robertdevore/gallery-modals/,verified,False,False,False
after,https://robertdevore.com/introducing-gallery-modals-enhance-your-wordpress-galleries-with-stunning-popups/,https://github.com/robertdevore/gallery-modals/,GitHub repository,article,200,https://github.com/robertdevore/gallery-modals/,verified,False,False,False
after,https://robertdevore.com/introducing-gallery-modals-enhance-your-wordpress-galleries-with-stunning-popups/,https://github.com/robertdevore/gallery-modals/,Gallery Modals,article,200,https://github.com/robertdevore/gallery-modals/,verified,False,False,False
after,https://robertdevore.com/introducing-gallery-modals-enhance-your-wordpress-galleries-with-stunning-popups/,https://x.com/deviorobert/,[non-text link],navigation,200,https://x.com/deviorobert,verified,False,False,False
after,https://robertdevore.com/introducing-gallery-modals-enhance-your-wordpress-galleries-with-stunning-popups/,https://github.com/robertdevore/,[non-text link],navigation,200,https://github.com/robertdevore/,verified,False,False,False
after,https://robertdevore.com/introducing-gift-cards-for-woocommerce-free/,https://github.com/robertdevore/gift-cards-for-woocommerce/,Gift Cards for WooCommerce®,article,200,https://github.com/robertdevore/gift-cards-for-woocommerce/,verified,False,False,False
after,https://robertdevore.com/introducing-gift-cards-for-woocommerce-free/,https://github.com/robertdevore/gift-cards-for-woocommerce/,Gift Cards for WooCommerce®,article,200,https://github.com/robertdevore/gift-cards-for-woocommerce/,verified,False,False,False
after,https://robertdevore.com/introducing-gift-cards-for-woocommerce-free/,https://github.com/robertdevore/gift-cards-for-woocommerce/,GitHub repository,article,200,https://github.com/robertdevore/gift-cards-for-woocommerce/,verified,False,False,False
after,https://robertdevore.com/introducing-gift-cards-for-woocommerce-free/,https://github.com/robertdevore/gift-cards-for-woocommerce/issues/,GitHub repository,article,200,https://github.com/robertdevore/gift-cards-for-woocommerce/issues/,verified,False,False,False
after,https://robertdevore.com/introducing-gift-cards-for-woocommerce-free/,https://x.com/deviorobert/,[non-text link],navigation,200,https://x.com/deviorobert,verified,False,False,False
after,https://robertdevore.com/introducing-gift-cards-for-woocommerce-free/,https://github.com/robertdevore/,[non-text link],navigation,200,https://github.com/robertdevore/,verified,False,False,False
after,https://robertdevore.com/introducing-hpos-compatibility-scanner-for-woocommerce-free/,https://github.com/robertdevore/hpos-compatibility-scanner/,HPOS Compatibility Scanner,article,200,https://github.com/dustinparker/hpos-compatibility-scanner,verified,False,False,False
after,https://robertdevore.com/introducing-hpos-compatibility-scanner-for-woocommerce-free/,https://github.com/robertdevore/hpos-compatibility-scanner/,HPOS Compatibility Scanner,article,200,https://github.com/dustinparker/hpos-compatibility-scanner,verified,False,False,False
after,https://robertdevore.com/introducing-hpos-compatibility-scanner-for-woocommerce-free/,https://github.com/robertdevore/hpos-compatibility-scanner/,HPOS Compatibility Scanner,article,200,https://github.com/dustinparker/hpos-compatibility-scanner,verified,False,False,False
after,https://robertdevore.com/introducing-hpos-compatibility-scanner-for-woocommerce-free/,https://github.com/robertdevore/hpos-compatibility-scanner/,GitHub,article,200,https://github.com/dustinparker/hpos-compatibility-scanner,verified,False,False,False
after,https://robertdevore.com/introducing-hpos-compatibility-scanner-for-woocommerce-free/,https://x.com/deviorobert/,[non-text link],navigation,200,https://x.com/deviorobert,verified,False,False,False
after,https://robertdevore.com/introducing-hpos-compatibility-scanner-for-woocommerce-free/,https://github.com/robertdevore/,[non-text link],navigation,200,https://github.com/robertdevore/,verified,False,False,False
after,https://robertdevore.com/introducing-img-a11y/,https://github.com/robertdevore/img-a11y/,IMG A11Y,article,200,https://github.com/WebDevStudios/img-a11y,verified,False,False,False
after,https://robertdevore.com/introducing-img-a11y/,https://github.com/robertdevore/img-a11y/,IMG A11Y GitHub repository,article,200,https://github.com/WebDevStudios/img-a11y,verified,False,False,False
after,https://robertdevore.com/introducing-img-a11y/,https://x.com/deviorobert/,[non-text link],navigation,200,https://x.com/deviorobert,verified,False,False,False
after,https://robertdevore.com/introducing-img-a11y/,https://github.com/robertdevore/,[non-text link],navigation,200,https://github.com/robertdevore/,verified,False,False,False
after,https://robertdevore.com/introducing-intellipress-the-smart-ai-assistant-for-wordpress/,https://intellipress.robertdevore.com/,IntelliPress,article,521,https://intellipress.robertdevore.com/,verified,False,False,False
after,https://robertdevore.com/introducing-intellipress-the-smart-ai-assistant-for-wordpress/,https://openai.com/product/,OpenAI API,article,403,https://openai.com/product/,blocked/indeterminate,False,False,False
after,https://robertdevore.com/introducing-intellipress-the-smart-ai-assistant-for-wordpress/,https://pexels.com/,Pexels,article,403,https://www.pexels.com/,blocked/indeterminate,False,False,False
after,https://robertdevore.com/introducing-intellipress-the-smart-ai-assistant-for-wordpress/,http://chat.openai.com/,ChatGPT,article,308,http://chat.openai.com/,verified,False,False,False
after,https://robertdevore.com/introducing-intellipress-the-smart-ai-assistant-for-wordpress/,https://t.co/sdWoxxy83t/,pic.twitter.com/sdWoxxy83t,article,404,https://t.co/sdWoxxy83t/,verified,False,False,False
after,https://robertdevore.com/introducing-intellipress-the-smart-ai-assistant-for-wordpress/,https://twitter.com/deviorobert/status/1656120430581694464/?ref_src=twsrc%5Etfw,"May 10, 2023",article,200,https://x.com/deviorobert/status/1656120430581694464/?ref_src=twsrc%5Etfw,verified,False,False,False
after,https://robertdevore.com/introducing-intellipress-the-smart-ai-assistant-for-wordpress/,https://www.wpdispensary.com/,WP Dispensary,article,200,https://wpdispensary.com/,verified,False,False,False
after,https://robertdevore.com/introducing-intellipress-the-smart-ai-assistant-for-wordpress/,https://intellipress.robertdevore.com/,IntelliPress,article,521,https://intellipress.robertdevore.com/,verified,False,False,False
after,https://robertdevore.com/introducing-intellipress-the-smart-ai-assistant-for-wordpress/,https://x.com/deviorobert/,[non-text link],navigation,200,https://x.com/deviorobert,verified,False,False,False
after,https://robertdevore.com/introducing-intellipress-the-smart-ai-assistant-for-wordpress/,https://github.com/robertdevore/,[non-text link],navigation,200,https://github.com/robertdevore/,verified,False,False,False
after,https://robertdevore.com/introducing-maintenance-mode-for-wordpress/,https://github.com/robertdevore/maintenance-mode-for-wordpress/,Maintenance Mode for WordPress®,article,200,https://github.com/robertdevore/maintenance-mode-for-wordpress/,verified,False,False,False
after,https://robertdevore.com/introducing-maintenance-mode-for-wordpress/,https://github.com/robertdevore/maintenance-mode-for-wordpress/,Maintenance Mode for WordPress®,article,200,https://github.com/robertdevore/maintenance-mode-for-wordpress/,verified,False,False,False
after,https://robertdevore.com/introducing-maintenance-mode-for-wordpress/,https://github.com/robertdevore/maintenance-mode-for-wordpress/,Maintenance Mode for WordPress®,article,200,https://github.com/robertdevore/maintenance-mode-for-wordpress/,verified,False,False,False
after,https://robertdevore.com/introducing-maintenance-mode-for-wordpress/,https://intellipress.robertdevore.com/,IntelliPress,article,521,https://intellipress.robertdevore.com/,verified,False,False,False
after,https://robertdevore.com/introducing-maintenance-mode-for-wordpress/,https://intellipress.robertdevore.com/,[non-text link],article,521,https://intellipress.robertdevore.com/,verified,False,False,False
after,https://robertdevore.com/introducing-maintenance-mode-for-wordpress/,https://github.com/robertdevore/maintenance-mode-for-wordpress/,GitHub,article,200,https://github.com/robertdevore/maintenance-mode-for-wordpress/,verified,False,False,False
after,https://robertdevore.com/introducing-maintenance-mode-for-wordpress/,https://github.com/robertdevore/maintenance-mode-for-wordpress/,Maintenance Mode for WordPress®,article,200,https://github.com/robertdevore/maintenance-mode-for-wordpress/,verified,False,False,False
after,https://robertdevore.com/introducing-maintenance-mode-for-wordpress/,https://github.com/robertdevore/maintenance-mode-for-wordpress/,Try it out,article,200,https://github.com/robertdevore/maintenance-mode-for-wordpress/,verified,False,False,False
after,https://robertdevore.com/introducing-maintenance-mode-for-wordpress/,https://x.com/deviorobert/,[non-text link],navigation,200,https://x.com/deviorobert,verified,False,False,False
after,https://robertdevore.com/introducing-maintenance-mode-for-wordpress/,https://github.com/robertdevore/,[non-text link],navigation,200,https://github.com/robertdevore/,verified,False,False,False
after,https://robertdevore.com/introducing-markdown-comments-for-wordpress/,https://stattic.site/,Stattic,article,200,https://stattic.site/,verified,False,False,False
after,https://robertdevore.com/introducing-markdown-comments-for-wordpress/,https://github.com/robertdevore/markdown-comments-for-wordpress/,Markdown Comments for WordPress®,article,200,https://github.com/robertdevore/markdown-comments-for-wordpress/,verified,False,False,False
after,https://robertdevore.com/introducing-markdown-comments-for-wordpress/,https://example.com/,This works,article,200,https://example.com/,verified,False,False,False
after,https://robertdevore.com/introducing-markdown-comments-for-wordpress/,https://github.com/robertdevore/markdown-comments-for-wordpress/,Download the plugin from the Projects page,article,200,https://github.com/robertdevore/markdown-comments-for-wordpress/,verified,False,False,False
after,https://robertdevore.com/introducing-markdown-comments-for-wordpress/,https://github.com/robertdevore/markdown-comments-for-wordpress/,Markdown Comments for WordPress®,article,200,https://github.com/robertdevore/markdown-comments-for-wordpress/,verified,False,False,False
after,https://robertdevore.com/introducing-markdown-comments-for-wordpress/,https://x.com/deviorobert/,[non-text link],navigation,200,https://x.com/deviorobert,verified,False,False,False
after,https://robertdevore.com/introducing-markdown-comments-for-wordpress/,https://github.com/robertdevore/,[non-text link],navigation,200,https://github.com/robertdevore/,verified,False,False,False
after,https://robertdevore.com/introducing-markdown-exporter-for-wordpress/,https://github.com/robertdevore/markdown-exporter-for-wordpress/,Markdown Exporter for WordPress®,article,200,https://github.com/robertdevore/markdown-exporter-for-wordpress/,verified,False,False,False
after,https://robertdevore.com/introducing-markdown-exporter-for-wordpress/,https://x.com/thekevingeary/status/1856073318463590835/,on Twitter,article,200,https://x.com/thekevingeary/status/1856073318463590835/,verified,False,False,False
after,https://robertdevore.com/introducing-markdown-exporter-for-wordpress/,https://github.com/robertdevore/markdown-exporter-for-wordpress/,Markdown Exporter for WordPress®,article,200,https://github.com/robertdevore/markdown-exporter-for-wordpress/,verified,False,False,False
after,https://robertdevore.com/introducing-markdown-exporter-for-wordpress/,https://stattic.site/,Stattic,article,200,https://stattic.site/,verified,False,False,False
after,https://robertdevore.com/introducing-markdown-exporter-for-wordpress/,https://github.com/robertdevore/markdown-exporter-for-wordpress/,GitHub repository,article,200,https://github.com/robertdevore/markdown-exporter-for-wordpress/,verified,False,False,False
after,https://robertdevore.com/introducing-markdown-exporter-for-wordpress/,https://github.com/getstattic/stattic/,Stattic,article,200,https://github.com/getstattic/stattic/,verified,False,False,False
after,https://robertdevore.com/introducing-markdown-exporter-for-wordpress/,https://github.com/getstattic/autoStattic/,Python script,article,200,https://github.com/getstattic/autoStattic/,verified,False,False,False
after,https://robertdevore.com/introducing-markdown-exporter-for-wordpress/,https://github.com/robertdevore/markdown-exporter-for-wordpress/issues/,GitHub repository,article,200,https://github.com/robertdevore/markdown-exporter-for-wordpress/issues/,verified,False,False,False
after,https://robertdevore.com/introducing-markdown-exporter-for-wordpress/,https://stattic.site/,stattic.site,article,200,https://stattic.site/,verified,False,False,False
after,https://robertdevore.com/introducing-markdown-exporter-for-wordpress/,https://github.com/getstattic/stattic/,GitHub repository,article,200,https://github.com/getstattic/stattic/,verified,False,False,False
after,https://robertdevore.com/introducing-markdown-exporter-for-wordpress/,https://x.com/deviorobert/,[non-text link],navigation,200,https://x.com/deviorobert,verified,False,False,False
after,https://robertdevore.com/introducing-markdown-exporter-for-wordpress/,https://github.com/robertdevore/,[non-text link],navigation,200,https://github.com/robertdevore/,verified,False,False,False
after,https://robertdevore.com/introducing-media-copyright-scanner/,https://github.com/robertdevore/media-copyright-scanner/,Media Copyright Scanner,article,200,https://github.com/robertdevore/media-copyright-scanner/,verified,False,False,False
after,https://robertdevore.com/introducing-media-copyright-scanner/,https://github.com/robertdevore/media-copyright-scanner/,Media Copyright Scanner,article,200,https://github.com/robertdevore/media-copyright-scanner/,verified,False,False,False
after,https://robertdevore.com/introducing-media-copyright-scanner/,https://github.com/robertdevore/media-copyright-scanner/,GitHub repository,article,200,https://github.com/robertdevore/media-copyright-scanner/,verified,False,False,False
after,https://robertdevore.com/introducing-media-copyright-scanner/,https://github.com/robertdevore/media-copyright-scanner/,from GitHub,article,200,https://github.com/robertdevore/media-copyright-scanner/,verified,False,False,False
after,https://robertdevore.com/introducing-media-copyright-scanner/,https://x.com/deviorobert/,[non-text link],navigation,200,https://x.com/deviorobert,verified,False,False,False
after,https://robertdevore.com/introducing-media-copyright-scanner/,https://github.com/robertdevore/,[non-text link],navigation,200,https://github.com/robertdevore/,verified,False,False,False
after,https://robertdevore.com/introducing-media-file-versioning-for-wordpress/,https://github.com/robertdevore/media-file-versioning/,Media File Versioning,article,200,https://github.com/WebDevStudios/media-file-versioning,verified,False,False,False
after,https://robertdevore.com/introducing-media-file-versioning-for-wordpress/,https://github.com/robertdevore/media-file-versioning/,Media File Versioning,article,200,https://github.com/WebDevStudios/media-file-versioning,verified,False,False,False
after,https://robertdevore.com/introducing-media-file-versioning-for-wordpress/,https://github.com/robertdevore/media-file-versioning/,Media File Versioning,article,200,https://github.com/WebDevStudios/media-file-versioning,verified,False,False,False
after,https://robertdevore.com/introducing-media-file-versioning-for-wordpress/,https://github.com/robertdevore/media-file-versioning/,Download Media File Versioning,article,200,https://github.com/WebDevStudios/media-file-versioning,verified,False,False,False
after,https://robertdevore.com/introducing-media-file-versioning-for-wordpress/,https://x.com/deviorobert/,[non-text link],navigation,200,https://x.com/deviorobert,verified,False,False,False
after,https://robertdevore.com/introducing-media-file-versioning-for-wordpress/,https://github.com/robertdevore/,[non-text link],navigation,200,https://github.com/robertdevore/,verified,False,False,False
after,https://robertdevore.com/introducing-metadata-import-export-for-yoast-seo/,https://yoast.com/,Yoast SEO,article,200,https://yoast.com/,verified,False,False,False
after,https://robertdevore.com/introducing-metadata-import-export-for-yoast-seo/,https://github.com/robertdevore/metadata-import-export-for-yoast/,Metadata Import/Export for Yoast,article,200,https://github.com/robertdevore/metadata-import-export-for-yoast/,verified,False,False,False
after,https://robertdevore.com/introducing-metadata-import-export-for-yoast-seo/,https://github.com/robertdevore/metadata-import-export-for-yoast/,GitHub repository,article,200,https://github.com/robertdevore/metadata-import-export-for-yoast/,verified,False,False,False
after,https://robertdevore.com/introducing-metadata-import-export-for-yoast-seo/,https://github.com/robertdevore/metadata-import-export-for-yoast/issues/,GitHub repository,article,200,https://github.com/robertdevore/metadata-import-export-for-yoast/issues/,verified,False,False,False
after,https://robertdevore.com/introducing-metadata-import-export-for-yoast-seo/,https://x.com/deviorobert/,[non-text link],navigation,200,https://x.com/deviorobert,verified,False,False,False
after,https://robertdevore.com/introducing-metadata-import-export-for-yoast-seo/,https://github.com/robertdevore/,[non-text link],navigation,200,https://github.com/robertdevore/,verified,False,False,False
after,https://robertdevore.com/introducing-module-usage-tracker-for-wp-bakery/,https://github.com/robertdevore/module-usage-tracker-for-wp-bakery/,Module Usage Tracker for WP Bakery,article,200,https://github.com/robertdevore/module-usage-tracker-for-wp-bakery/,verified,False,False,False
after,https://robertdevore.com/introducing-module-usage-tracker-for-wp-bakery/,https://wpbakery.com/,WP Bakery,article,200,https://wpbakery.com/,verified,False,False,False
after,https://robertdevore.com/introducing-module-usage-tracker-for-wp-bakery/,https://github.com/robertdevore/module-usage-tracker-for-wp-bakery/,The Module Usage Tracker for WP Bakery,article,200,https://github.com/robertdevore/module-usage-tracker-for-wp-bakery/,verified,False,False,False
after,https://robertdevore.com/introducing-module-usage-tracker-for-wp-bakery/,https://github.com/robertdevore/module-usage-tracker-for-wp-bakery/,Module Usage Tracker for WP Bakery GitHubpage,article,200,https://github.com/robertdevore/module-usage-tracker-for-wp-bakery/,verified,False,False,False
after,https://robertdevore.com/introducing-module-usage-tracker-for-wp-bakery/,https://x.com/deviorobert/,[non-text link],navigation,200,https://x.com/deviorobert,verified,False,False,False
after,https://robertdevore.com/introducing-module-usage-tracker-for-wp-bakery/,https://github.com/robertdevore/,[non-text link],navigation,200,https://github.com/robertdevore/,verified,False,False,False
after,https://robertdevore.com/introducing-pattern-pal-ai-powered-patterns-for-wordpress/,https://github.com/robertdevore/pattern-pal/,Pattern Pal,article,200,https://github.com/WebDevStudios/pattern-pal,verified,False,False,False
after,https://robertdevore.com/introducing-pattern-pal-ai-powered-patterns-for-wordpress/,https://github.com/robertdevore/pattern-pal/,Pattern Pal,article,200,https://github.com/WebDevStudios/pattern-pal,verified,False,False,False
after,https://robertdevore.com/introducing-pattern-pal-ai-powered-patterns-for-wordpress/,https://github.com/robertdevore/pattern-pal/,Pattern Pal,article,200,https://github.com/WebDevStudios/pattern-pal,verified,False,False,False
after,https://robertdevore.com/introducing-pattern-pal-ai-powered-patterns-for-wordpress/,https://github.com/robertdevore/pattern-pal/,Pattern Pal,article,200,https://github.com/WebDevStudios/pattern-pal,verified,False,False,False
after,https://robertdevore.com/introducing-pattern-pal-ai-powered-patterns-for-wordpress/,https://github.com/robertdevore/pattern-pal/,GitHub,article,200,https://github.com/WebDevStudios/pattern-pal,verified,False,False,False
after,https://robertdevore.com/introducing-pattern-pal-ai-powered-patterns-for-wordpress/,https://github.com/robertdevore/pattern-pal/,Pattern Pal,article,200,https://github.com/WebDevStudios/pattern-pal,verified,False,False,False
after,https://robertdevore.com/introducing-pattern-pal-ai-powered-patterns-for-wordpress/,https://x.com/deviorobert/,[non-text link],navigation,200,https://x.com/deviorobert,verified,False,False,False
after,https://robertdevore.com/introducing-pattern-pal-ai-powered-patterns-for-wordpress/,https://github.com/robertdevore/,[non-text link],navigation,200,https://github.com/robertdevore/,verified,False,False,False
after,https://robertdevore.com/introducing-persistent-dismissible-notices/,https://github.com/robertdevore/persistent-dismissible-notices/,Persistent Dismissible Notices,article,200,https://github.com/WebDevStudios/persistent-dismissible-notices,verified,False,False,False
after,https://robertdevore.com/introducing-persistent-dismissible-notices/,https://github.com/robertdevore/persistent-dismissible-notices/,Persistent Dismissible Notices,article,200,https://github.com/WebDevStudios/persistent-dismissible-notices,verified,False,False,False
after,https://robertdevore.com/introducing-persistent-dismissible-notices/,https://github.com/robertdevore/persistent-dismissible-notices/,Download the plugin,article,200,https://github.com/WebDevStudios/persistent-dismissible-notices,verified,False,False,False
after,https://robertdevore.com/introducing-persistent-dismissible-notices/,https://github.com/robertdevore/persistent-dismissible-notices/issues/,GitHub issues,article,200,https://github.com/WebDevStudios/persistent-dismissible-notices/issues,verified,False,False,False
after,https://robertdevore.com/introducing-persistent-dismissible-notices/,https://github.com/robertdevore/persistent-dismissible-notices/,Download Persistent Dismissible Notices,article,200,https://github.com/WebDevStudios/persistent-dismissible-notices,verified,False,False,False
after,https://robertdevore.com/introducing-persistent-dismissible-notices/,https://x.com/deviorobert/,[non-text link],navigation,200,https://x.com/deviorobert,verified,False,False,False
after,https://robertdevore.com/introducing-persistent-dismissible-notices/,https://github.com/robertdevore/,[non-text link],navigation,200,https://github.com/robertdevore/,verified,False,False,False
after,https://robertdevore.com/introducing-projects-for-wordpress-a-better-way-to-showcase-your-work/,https://github.com/robertdevore/projects-for-wordpress/,Projects for WordPress®,article,200,https://github.com/robertdevore/projects-for-wordpress/,verified,False,False,False
after,https://robertdevore.com/introducing-projects-for-wordpress-a-better-way-to-showcase-your-work/,https://github.com/robertdevore/projects-for-wordpress/,Projects for WordPress®,article,200,https://github.com/robertdevore/projects-for-wordpress/,verified,False,False,False
after,https://robertdevore.com/introducing-projects-for-wordpress-a-better-way-to-showcase-your-work/,https://www.404media.co/tumblr-and-wordpress-to-sell-users-data-to-train-ai-tools/,selling data to OpenAI,article,200,https://www.404media.co/tumblr-and-wordpress-to-sell-users-data-to-train-ai-tools/,verified,False,False,False
after,https://robertdevore.com/introducing-projects-for-wordpress-a-better-way-to-showcase-your-work/,https://github.com/robertdevore/projects-for-wordpress/,GitHub,article,200,https://github.com/robertdevore/projects-for-wordpress/,verified,False,False,False
after,https://robertdevore.com/introducing-projects-for-wordpress-a-better-way-to-showcase-your-work/,https://github.com/robertdevore/projects-for-wordpress/,robertdevore.com,article,200,https://github.com/robertdevore/projects-for-wordpress/,verified,False,False,False
after,https://robertdevore.com/introducing-projects-for-wordpress-a-better-way-to-showcase-your-work/,https://github.com/robertdevore/projects-for-wordpress/,Projects for WordPress®,article,200,https://github.com/robertdevore/projects-for-wordpress/,verified,False,False,False
after,https://robertdevore.com/introducing-projects-for-wordpress-a-better-way-to-showcase-your-work/,https://x.com/deviorobert/,[non-text link],navigation,200,https://x.com/deviorobert,verified,False,False,False
after,https://robertdevore.com/introducing-projects-for-wordpress-a-better-way-to-showcase-your-work/,https://github.com/robertdevore/,[non-text link],navigation,200,https://github.com/robertdevore/,verified,False,False,False
after,https://robertdevore.com/introducing-purchase-orders-for-woocommerce-free/,https://twitter.com/deviorobert/status/1854107085786747313/,#WooWednesday,article,200,https://x.com/deviorobert/status/1854107085786747313/,verified,False,False,False
after,https://robertdevore.com/introducing-purchase-orders-for-woocommerce-free/,https://github.com/robertdevore/purchase-orders-for-woocommerce/,Purchase Orders for WooCommerce®,article,200,https://github.com/robertdevore/purchase-orders-for-woocommerce/,verified,False,False,False
after,https://robertdevore.com/introducing-purchase-orders-for-woocommerce-free/,https://github.com/robertdevore/purchase-orders-for-woocommerce/,Download the plugin from GitHub,article,200,https://github.com/robertdevore/purchase-orders-for-woocommerce/,verified,False,False,False
after,https://robertdevore.com/introducing-purchase-orders-for-woocommerce-free/,https://github.com/robertdevore/purchase-orders-for-woocommerce/,Purchase Orders for WooCommerce®,article,200,https://github.com/robertdevore/purchase-orders-for-woocommerce/,verified,False,False,False
after,https://robertdevore.com/introducing-purchase-orders-for-woocommerce-free/,https://github.com/robertdevore/purchase-orders-for-woocommerce/,Purchase Orders for WooCommerce®,article,200,https://github.com/robertdevore/purchase-orders-for-woocommerce/,verified,False,False,False
after,https://robertdevore.com/introducing-purchase-orders-for-woocommerce-free/,https://x.com/deviorobert/,[non-text link],navigation,200,https://x.com/deviorobert,verified,False,False,False
after,https://robertdevore.com/introducing-purchase-orders-for-woocommerce-free/,https://github.com/robertdevore/,[non-text link],navigation,200,https://github.com/robertdevore/,verified,False,False,False
after,https://robertdevore.com/introducing-seo-for-wordpress/,https://github.com/robertdevore/seo-for-wordpress/,SEO for WordPress®,article,200,https://github.com/robertdevore/seo-for-wordpress/,verified,False,False,False
after,https://robertdevore.com/introducing-seo-for-wordpress/,https://github.com/robertdevore/seo-for-wordpress/,SEO for WordPress®,article,200,https://github.com/robertdevore/seo-for-wordpress/,verified,False,False,False
after,https://robertdevore.com/introducing-seo-for-wordpress/,https://github.com/robertdevore/seo-for-wordpress/,SEO for WordPress®,article,200,https://github.com/robertdevore/seo-for-wordpress/,verified,False,False,False
after,https://robertdevore.com/introducing-seo-for-wordpress/,https://github.com/robertdevore/seo-for-wordpress/,SEO for WordPress®,article,200,https://github.com/robertdevore/seo-for-wordpress/,verified,False,False,False
after,https://robertdevore.com/introducing-seo-for-wordpress/,https://github.com/robertdevore/seo-for-wordpress/,GitHub repository,article,200,https://github.com/robertdevore/seo-for-wordpress/,verified,False,False,False
after,https://robertdevore.com/introducing-seo-for-wordpress/,https://github.com/robertdevore/seo-for-wordpress/,SEO for WordPress®,article,200,https://github.com/robertdevore/seo-for-wordpress/,verified,False,False,False
after,https://robertdevore.com/introducing-seo-for-wordpress/,https://twitter.com/deviorobert/,Twitter,article,200,https://x.com/deviorobert,verified,False,False,False
after,https://robertdevore.com/introducing-seo-for-wordpress/,https://github.com/robertdevore/seo-for-wordpress/,SEO for WordPress®,article,200,https://github.com/robertdevore/seo-for-wordpress/,verified,False,False,False
after,https://robertdevore.com/introducing-seo-for-wordpress/,https://x.com/deviorobert/,[non-text link],navigation,200,https://x.com/deviorobert,verified,False,False,False
after,https://robertdevore.com/introducing-seo-for-wordpress/,https://github.com/robertdevore/,[non-text link],navigation,200,https://github.com/robertdevore/,verified,False,False,False
after,https://robertdevore.com/introducing-shipping-multiple-addresses-for-woocommerce-free/,https://github.com/robertdevore/shipping-multiple-addresses-for-woocommerce/,Shipping Multiple Addresses for WooCommerce®,article,200,https://github.com/robertdevore/shipping-multiple-addresses-for-woocommerce/,verified,False,False,False
after,https://robertdevore.com/introducing-shipping-multiple-addresses-for-woocommerce-free/,https://github.com/robertdevore/shipping-multiple-addresses-for-woocommerce/,Shipping Multiple Addresses for WooCommerce®,article,200,https://github.com/robertdevore/shipping-multiple-addresses-for-woocommerce/,verified,False,False,False
after,https://robertdevore.com/introducing-shipping-multiple-addresses-for-woocommerce-free/,https://github.com/robertdevore/shipping-multiple-addresses-for-woocommerce/,Shipping Multiple Addresses for WooCommerce®,article,200,https://github.com/robertdevore/shipping-multiple-addresses-for-woocommerce/,verified,False,False,False
after,https://robertdevore.com/introducing-shipping-multiple-addresses-for-woocommerce-free/,https://github.com/robertdevore/shipping-multiple-addresses-for-woocommerce/,GitHub repository,article,200,https://github.com/robertdevore/shipping-multiple-addresses-for-woocommerce/,verified,False,False,False
after,https://robertdevore.com/introducing-shipping-multiple-addresses-for-woocommerce-free/,https://x.com/hashtag/WooWednesday/,#WooWednesday,article,200,https://x.com/hashtag/WooWednesday/,verified,False,False,False
after,https://robertdevore.com/introducing-shipping-multiple-addresses-for-woocommerce-free/,https://github.com/robertdevore/shipping-multiple-addresses-for-woocommerce/,Shipping Multiple Addresses for WooCommerce®,article,200,https://github.com/robertdevore/shipping-multiple-addresses-for-woocommerce/,verified,False,False,False
after,https://robertdevore.com/introducing-shipping-multiple-addresses-for-woocommerce-free/,https://x.com/deviorobert/,[non-text link],navigation,200,https://x.com/deviorobert,verified,False,False,False
after,https://robertdevore.com/introducing-shipping-multiple-addresses-for-woocommerce-free/,https://github.com/robertdevore/,[non-text link],navigation,200,https://github.com/robertdevore/,verified,False,False,False
after,https://robertdevore.com/introducing-site-vitals-for-wordpress/,https://github.com/robertdevore/site-vitals-for-wordpress/,Site Vitals for WordPress®,article,200,https://github.com/WebDevStudios/site-vitals-for-wordpress,verified,False,False,False
after,https://robertdevore.com/introducing-site-vitals-for-wordpress/,https://github.com/robertdevore/site-vitals-for-wordpress/,GitHub,article,200,https://github.com/WebDevStudios/site-vitals-for-wordpress,verified,False,False,False
after,https://robertdevore.com/introducing-site-vitals-for-wordpress/,https://github.com/robertdevore/site-vitals-for-wordpress/,GitHub repository,article,200,https://github.com/WebDevStudios/site-vitals-for-wordpress,verified,False,False,False
after,https://robertdevore.com/introducing-site-vitals-for-wordpress/,https://github.com/robertdevore/site-vitals-for-wordpress/,Site Vitals for WordPress®,article,200,https://github.com/WebDevStudios/site-vitals-for-wordpress,verified,False,False,False
after,https://robertdevore.com/introducing-site-vitals-for-wordpress/,https://x.com/deviorobert/,[non-text link],navigation,200,https://x.com/deviorobert,verified,False,False,False
after,https://robertdevore.com/introducing-site-vitals-for-wordpress/,https://github.com/robertdevore/,[non-text link],navigation,200,https://github.com/robertdevore/,verified,False,False,False
after,https://robertdevore.com/introducing-slop-stopper-a-free-content-checker-for-wordpress/,https://github.com/robertdevore/slop-stopper/,Slop Stopper,article,200,https://github.com/WebDevStudios/slop-stopper,verified,False,False,False
after,https://robertdevore.com/introducing-slop-stopper-a-free-content-checker-for-wordpress/,https://github.com/robertdevore/slop-stopper/,Slop Stopper,article,200,https://github.com/WebDevStudios/slop-stopper,verified,False,False,False
after,https://robertdevore.com/introducing-slop-stopper-a-free-content-checker-for-wordpress/,https://github.com/robertdevore/slop-stopper/,Slop Stopper,article,200,https://github.com/WebDevStudios/slop-stopper,verified,False,False,False
after,https://robertdevore.com/introducing-slop-stopper-a-free-content-checker-for-wordpress/,https://x.com/deviorobert/,[non-text link],navigation,200,https://x.com/deviorobert,verified,False,False,False
after,https://robertdevore.com/introducing-slop-stopper-a-free-content-checker-for-wordpress/,https://github.com/robertdevore/,[non-text link],navigation,200,https://github.com/robertdevore/,verified,False,False,False
after,https://robertdevore.com/introducing-stats-for-wordpress/,https://misophoniafoundation.com/freemium-to-extortion-how-jetpacks-policy-change-hurts-nonprofits-like-ours/,changed its usage restrictions,article,404,https://misophoniafoundation.com/freemium-to-extortion-how-jetpacks-policy-change-hurts-nonprofits-like-ours/,verified,False,False,False
after,https://robertdevore.com/introducing-stats-for-wordpress/,https://github.com/robertdevore/stats-for-wordpress/,Stats for WordPress®,article,200,https://github.com/robertdevore/stats-for-wordpress/,verified,False,False,False
after,https://robertdevore.com/introducing-stats-for-wordpress/,https://github.com/robertdevore/stats-for-wordpress/,Stats for WordPress®,article,200,https://github.com/robertdevore/stats-for-wordpress/,verified,False,False,False
after,https://robertdevore.com/introducing-stats-for-wordpress/,https://github.com/robertdevore/stats-for-wordpress/,Stats for WordPress® GitHub page,article,200,https://github.com/robertdevore/stats-for-wordpress/,verified,False,False,False
after,https://robertdevore.com/introducing-stats-for-wordpress/,https://github.com/robertdevore/stats-for-wordpress/,GitHub repository,article,200,https://github.com/robertdevore/stats-for-wordpress/,verified,False,False,False
after,https://robertdevore.com/introducing-stats-for-wordpress/,https://x.com/deviorobert/,Twitter,article,200,https://x.com/deviorobert,verified,False,False,False
after,https://robertdevore.com/introducing-stats-for-wordpress/,https://bsky.app/profile/robertdevore.com,Bluesky,article,404,https://bsky.app/profile/robertdevore.com,verified,False,False,False
after,https://robertdevore.com/introducing-stats-for-wordpress/,https://x.com/deviorobert/,[non-text link],navigation,200,https://x.com/deviorobert,verified,False,False,False
after,https://robertdevore.com/introducing-stats-for-wordpress/,https://github.com/robertdevore/,[non-text link],navigation,200,https://github.com/robertdevore/,verified,False,False,False
after,https://robertdevore.com/introducing-table-block-enhancer-for-wordpress/,https://github.com/robertdevore/table-block-enhancer/,Table Block Enhancer,article,200,https://github.com/robertdevore/table-block-enhancer/,verified,False,False,False
after,https://robertdevore.com/introducing-table-block-enhancer-for-wordpress/,https://github.com/WordPress/gutenberg/issues/39398/,source,article,200,https://github.com/WordPress/gutenberg/issues/39398/,verified,False,False,False
after,https://robertdevore.com/introducing-table-block-enhancer-for-wordpress/,https://github.com/robertdevore/table-block-enhancer/,Table Block Enhancer,article,200,https://github.com/robertdevore/table-block-enhancer/,verified,False,False,False
after,https://robertdevore.com/introducing-table-block-enhancer-for-wordpress/,https://github.com/robertdevore/table-block-enhancer/,GitHub repository,article,200,https://github.com/robertdevore/table-block-enhancer/,verified,False,False,False
after,https://robertdevore.com/introducing-table-block-enhancer-for-wordpress/,https://twitter.com/deviorobert/status/1863085624028438544/,December to Remember,article,200,https://x.com/deviorobert/status/1863085624028438544/,verified,False,False,False
after,https://robertdevore.com/introducing-table-block-enhancer-for-wordpress/,https://github.com/robertdevore/table-block-enhancer/,download the plugin,article,200,https://github.com/robertdevore/table-block-enhancer/,verified,False,False,False
after,https://robertdevore.com/introducing-table-block-enhancer-for-wordpress/,https://x.com/deviorobert/,[non-text link],navigation,200,https://x.com/deviorobert,verified,False,False,False
after,https://robertdevore.com/introducing-table-block-enhancer-for-wordpress/,https://github.com/robertdevore/,[non-text link],navigation,200,https://github.com/robertdevore/,verified,False,False,False
after,https://robertdevore.com/introducing-test-orders-for-woocommerce/,https://github.com/robertdevore/test-orders-for-woocommerce/,Test Orders for WooCommerce®,article,200,https://github.com/robertdevore/test-orders-for-woocommerce/,verified,False,False,False
after,https://robertdevore.com/introducing-test-orders-for-woocommerce/,https://x.com/deviorobert/status/1863085624028438544/,December to Remember,article,200,https://x.com/deviorobert/status/1863085624028438544/,verified,False,False,False
after,https://robertdevore.com/introducing-test-orders-for-woocommerce/,https://github.com/robertdevore/test-orders-for-woocommerce/,Test Orders for WooCommerce®,article,200,https://github.com/robertdevore/test-orders-for-woocommerce/,verified,False,False,False
after,https://robertdevore.com/introducing-test-orders-for-woocommerce/,https://github.com/robertdevore/test-orders-for-woocommerce/,GitHub repository,article,200,https://github.com/robertdevore/test-orders-for-woocommerce/,verified,False,False,False
after,https://robertdevore.com/introducing-test-orders-for-woocommerce/,https://github.com/robertdevore/test-orders-for-woocommerce/,GitHub repository,article,200,https://github.com/robertdevore/test-orders-for-woocommerce/,verified,False,False,False
after,https://robertdevore.com/introducing-test-orders-for-woocommerce/,https://github.com/robertdevore/test-orders-for-woocommerce/issues/,GitHub,article,200,https://github.com/robertdevore/test-orders-for-woocommerce/issues/,verified,False,False,False
after,https://robertdevore.com/introducing-test-orders-for-woocommerce/,https://x.com/deviorobert/,[non-text link],navigation,200,https://x.com/deviorobert,verified,False,False,False
after,https://robertdevore.com/introducing-test-orders-for-woocommerce/,https://github.com/robertdevore/,[non-text link],navigation,200,https://github.com/robertdevore/,verified,False,False,False
after,https://robertdevore.com/introducing-the-phlush-permalinks-wordpress-plugin/,https://wordpress.org/plugins/phlush-permalinks/,WordPress directory,article,200,https://wordpress.org/plugins/phlush-permalinks/,verified,False,False,False
after,https://robertdevore.com/introducing-the-phlush-permalinks-wordpress-plugin/,https://wordpress.org/plugins/phlush-permalinks/,Download from WordPress,article,200,https://wordpress.org/plugins/phlush-permalinks/,verified,False,False,False
after,https://robertdevore.com/introducing-the-phlush-permalinks-wordpress-plugin/,https://x.com/deviorobert/,[non-text link],navigation,200,https://x.com/deviorobert,verified,False,False,False
after,https://robertdevore.com/introducing-the-phlush-permalinks-wordpress-plugin/,https://github.com/robertdevore/,[non-text link],navigation,200,https://github.com/robertdevore/,verified,False,False,False
after,https://robertdevore.com/introducing-the-prompts-library-a-playground-for-ai-creativity/,https://prompts.robertdevore.com/,Prompts Library,article,200,https://prompts.robertdevore.com/,verified,False,False,False
after,https://robertdevore.com/introducing-the-prompts-library-a-playground-for-ai-creativity/,https://prompts.robertdevore.com/blog/glowing-neon-icon-json-prompt/,🔒 Glowing Neon Lock,article,200,https://prompts.robertdevore.com/blog/glowing-neon-icon-json-prompt/,verified,False,False,False
after,https://robertdevore.com/introducing-the-prompts-library-a-playground-for-ai-creativity/,https://prompts.robertdevore.com/blog/isometric-3d-icon-json-prompt-for-ai-generated-designs/,📐 Isometric 3D Icons,article,200,https://prompts.robertdevore.com/blog/isometric-3d-icon-json-prompt-for-ai-generated-designs/,verified,False,False,False
after,https://robertdevore.com/introducing-the-prompts-library-a-playground-for-ai-creativity/,https://prompts.robertdevore.com/blog/top-secret-military-patches-json-prompt/,🎖️ Military Patch Generator,article,200,https://prompts.robertdevore.com/blog/top-secret-military-patches-json-prompt/,verified,False,False,False
after,https://robertdevore.com/introducing-the-prompts-library-a-playground-for-ai-creativity/,https://prompts.robertdevore.com/blog/metallic-sci-fi-hud/,💻 Metallic Sci-Fi HUD,article,200,https://prompts.robertdevore.com/blog/metallic-sci-fi-hud/,verified,False,False,False
after,https://robertdevore.com/introducing-the-prompts-library-a-playground-for-ai-creativity/,https://prompts.robertdevore.com/blog/youtube-thumbnail-generation-with-ai-json-prompts/,📺 YouTube Thumbnail Prompts,article,200,https://prompts.robertdevore.com/blog/youtube-thumbnail-generation-with-ai-json-prompts/,verified,False,False,False
after,https://robertdevore.com/introducing-the-prompts-library-a-playground-for-ai-creativity/,https://prompts.robertdevore.com/blog/simpsons-character-json-prompts-for-ai-generation/,🟡 Simpsons Characters,article,200,https://prompts.robertdevore.com/blog/simpsons-character-json-prompts-for-ai-generation/,verified,False,False,False
after,https://robertdevore.com/introducing-the-prompts-library-a-playground-for-ai-creativity/,https://prompts.robertdevore.com/blog/wwf-action-figure-blister-pack-json-prompt/,💥 WWF Action Figure Blister Packs,article,200,https://prompts.robertdevore.com/blog/wwf-action-figure-blister-pack-json-prompt/,verified,False,False,False
after,https://robertdevore.com/introducing-the-prompts-library-a-playground-for-ai-creativity/,https://prompts.robertdevore.com/,prompts.robertdevore.com,article,200,https://prompts.robertdevore.com/,verified,False,False,False
after,https://robertdevore.com/introducing-the-prompts-library-a-playground-for-ai-creativity/,https://x.com/deviorobert/,[non-text link],navigation,200,https://x.com/deviorobert,verified,False,False,False
after,https://robertdevore.com/introducing-the-prompts-library-a-playground-for-ai-creativity/,https://github.com/robertdevore/,[non-text link],navigation,200,https://github.com/robertdevore/,verified,False,False,False
after,https://robertdevore.com/introducing-the-user-login-status-plugin-for-wordpress/,https://github.com/robertdevore/user-login-status/,GitHub page,article,200,https://github.com/robertdevore/user-login-status/,verified,False,False,False
after,https://robertdevore.com/introducing-the-user-login-status-plugin-for-wordpress/,https://github.com/robertdevore/user-login-status/,View on GitHub,article,200,https://github.com/robertdevore/user-login-status/,verified,False,False,False
after,https://robertdevore.com/introducing-the-user-login-status-plugin-for-wordpress/,https://x.com/deviorobert/,[non-text link],navigation,200,https://x.com/deviorobert,verified,False,False,False
after,https://robertdevore.com/introducing-the-user-login-status-plugin-for-wordpress/,https://github.com/robertdevore/,[non-text link],navigation,200,https://github.com/robertdevore/,verified,False,False,False
after,https://robertdevore.com/introducing-vertical-gallery-product-display-for-woocommerce/,https://github.com/robertdevore/vertical-gallery-product-display/,Vertical Gallery Product Display for WooCommerce®,article,200,https://github.com/robertdevore/vertical-gallery-product-display/,verified,False,False,False
after,https://robertdevore.com/introducing-vertical-gallery-product-display-for-woocommerce/,https://github.com/robertdevore/vertical-gallery-product-display/,GitHub,article,200,https://github.com/robertdevore/vertical-gallery-product-display/,verified,False,False,False
after,https://robertdevore.com/introducing-vertical-gallery-product-display-for-woocommerce/,https://github.com/robertdevore/vertical-gallery-product-display/,GitHub,article,200,https://github.com/robertdevore/vertical-gallery-product-display/,verified,False,False,False
after,https://robertdevore.com/introducing-vertical-gallery-product-display-for-woocommerce/,https://x.com/deviorobert/,[non-text link],navigation,200,https://x.com/deviorobert,verified,False,False,False
after,https://robertdevore.com/introducing-vertical-gallery-product-display-for-woocommerce/,https://github.com/robertdevore/,[non-text link],navigation,200,https://github.com/robertdevore/,verified,False,False,False
after,https://robertdevore.com/introducing-widget-usage-tracker-for-elementor/,https://github.com/robertdevore/widget-usage-tracker-for-elementor/,Widget Usage Tracker for Elementor,article,200,https://github.com/WebDevStudios/widget-usage-tracker-for-elementor,verified,False,False,False
after,https://robertdevore.com/introducing-widget-usage-tracker-for-elementor/,https://github.com/robertdevore/widget-usage-tracker-for-elementor/,GitHub repository,article,200,https://github.com/WebDevStudios/widget-usage-tracker-for-elementor,verified,False,False,False
after,https://robertdevore.com/introducing-widget-usage-tracker-for-elementor/,https://github.com/robertdevore/widget-usage-tracker-for-elementor/,Widget Usage Tracker for Elementor,article,200,https://github.com/WebDevStudios/widget-usage-tracker-for-elementor,verified,False,False,False
after,https://robertdevore.com/introducing-widget-usage-tracker-for-elementor/,https://github.com/robertdevore/widget-usage-tracker-for-elementor/issues/,issue,article,200,https://github.com/WebDevStudios/widget-usage-tracker-for-elementor/issues,verified,False,False,False
after,https://robertdevore.com/introducing-widget-usage-tracker-for-elementor/,https://x.com/deviorobert/,[non-text link],navigation,200,https://x.com/deviorobert,verified,False,False,False
after,https://robertdevore.com/introducing-widget-usage-tracker-for-elementor/,https://github.com/robertdevore/,[non-text link],navigation,200,https://github.com/robertdevore/,verified,False,False,False
after,https://robertdevore.com/invest-in-yourself/,http://www.twitter.com/garyvee/,guy,article,520,http://www.twitter.com/garyvee/,verified,False,False,False
after,https://robertdevore.com/invest-in-yourself/,http://www.wpsitecare.com/performance-of-7-top-wordpress-hosting-companies-compared/,hosting provider,article,200,https://sitecare.com/best-wordpress-hosting/,verified,False,False,False
after,https://robertdevore.com/invest-in-yourself/,https://piwik.org/,analytics,article,200,https://matomo.org/,verified,False,False,False
after,https://robertdevore.com/invest-in-yourself/,https://www.woopra.com/blog/2014/01/23/the-7-best-marketing-automation-tools/,marketing automation tools,article,200,https://www.woopra.com/blog/the-7-best-marketing-automation-tools,verified,False,False,False
after,https://robertdevore.com/invest-in-yourself/,http://www.thesimpledollar.com/best-accounting-software/,accounting software,article,404,https://www.thesimpledollar.com/best-accounting-software/,verified,False,False,False
after,https://robertdevore.com/invest-in-yourself/,https://www.moo.com/us/products/business-cards.html,business cards,article,200,https://www.moo.com/us/business-cards,verified,False,False,False
after,https://robertdevore.com/invest-in-yourself/,http://www.activistpost.com/wp-content/uploads/2015/12/kush-gods1.jpg,Kush Gods,article,404,https://www.activistpost.com/404.shtml,verified,False,False,False
after,https://robertdevore.com/invest-in-yourself/,https://en.wikipedia.org/wiki/Sweat_equity/,sweat equity,article,404,https://en.wikipedia.org/wiki/Sweat_equity/,verified,False,False,False
after,https://robertdevore.com/invest-in-yourself/,http://www.wpdispensary.com/,WP Dispensary,article,200,https://wpdispensary.com/,verified,False,False,False
after,https://robertdevore.com/invest-in-yourself/,https://twitter.com/deviorobert/status/734743180982128640/?ref_src=twsrc%5Etfw,"May 23, 2016",article,200,https://x.com/deviorobert/status/734743180982128640/?ref_src=twsrc%5Etfw,verified,False,False,False
after,https://robertdevore.com/invest-in-yourself/,https://x.com/deviorobert/,[non-text link],navigation,200,https://x.com/deviorobert,verified,False,False,False
after,https://robertdevore.com/invest-in-yourself/,https://github.com/robertdevore/,[non-text link],navigation,200,https://github.com/robertdevore/,verified,False,False,False
after,https://robertdevore.com/kevin-michael-geary-a-hidden-history-of-hate-racism-and-bigotry/,https://automaticcss.com/,AutomaticCSS,article,200,https://automaticcss.com/,verified,False,False,False
after,https://robertdevore.com/kevin-michael-geary-a-hidden-history-of-hate-racism-and-bigotry/,https://geary.co/,Kevin Geary,article,200,https://geary.co/,verified,False,False,False
after,https://robertdevore.com/kevin-michael-geary-a-hidden-history-of-hate-racism-and-bigotry/,https://problogger.com/how-not-to-promote-your-blog-top-10-broken-blog-promotion-strategies/comment-page-3/,Guest post linking back to his blog on ProBlogger,article,200,https://problogger.com/how-not-to-promote-your-blog-top-10-broken-blog-promotion-strategies/comment-page-3/,verified,False,False,False
after,https://robertdevore.com/kevin-michael-geary-a-hidden-history-of-hate-racism-and-bigotry/,https://web.archive.org/web/20090620091854/http:/www.thisisbrokenblog.com/cinco-de-mayo-celebrations-in-the-united-states/,Archived Source,article,200,https://web.archive.org/web/20090620091854/http:/www.thisisbrokenblog.com/cinco-de-mayo-celebrations-in-the-united-states/,verified,False,False,False
after,https://robertdevore.com/kevin-michael-geary-a-hidden-history-of-hate-racism-and-bigotry/,https://web.archive.org/web/20090620091854/http:/www.thisisbrokenblog.com/cinco-de-mayo-celebrations-in-the-united-states/,Archived Source,article,200,https://web.archive.org/web/20090620091854/http:/www.thisisbrokenblog.com/cinco-de-mayo-celebrations-in-the-united-states/,verified,False,False,False
after,https://robertdevore.com/kevin-michael-geary-a-hidden-history-of-hate-racism-and-bigotry/,https://web.archive.org/web/20090616005124/http:/www.thisisbrokenblog.com/3-year-old-rapper-performs-on-stage/,Archived Source,article,200,https://web.archive.org/web/20090616005124/http:/www.thisisbrokenblog.com/3-year-old-rapper-performs-on-stage/,verified,False,False,False
after,https://robertdevore.com/kevin-michael-geary-a-hidden-history-of-hate-racism-and-bigotry/,https://web.archive.org/web/20090618113526/http:/www.thisisbrokenblog.com/all-of-the-boys-and-all-of-the-girls-are-begging-to-if-u-seek-amy-broken-britney-spears-line/,Archived Source,article,200,https://web.archive.org/web/20090719025821/http://www.thisisbrokenblog.com/all-of-the-boys-and-all-of-the-girls-are-begging-to-if-u-seek-amy-broken-britney-spears-line,verified,False,False,False
after,https://robertdevore.com/kevin-michael-geary-a-hidden-history-of-hate-racism-and-bigotry/,https://web.archive.org/web/20090430103348/http:/www.thisisbrokenblog.com/rapper-nas-releases-new-song-whining-about-fox-news/,Archived Source,article,200,https://web.archive.org/web/20090430103348/http:/www.thisisbrokenblog.com/rapper-nas-releases-new-song-whining-about-fox-news/,verified,False,False,False
after,https://robertdevore.com/kevin-michael-geary-a-hidden-history-of-hate-racism-and-bigotry/,https://web.archive.org/web/20090623041443/http:/www.thisisbrokenblog.com/my-fiance-is-a-killer-in-bed/,Archived Source,article,200,https://web.archive.org/web/20090623041443/http:/www.thisisbrokenblog.com/my-fiance-is-a-killer-in-bed/,verified,False,False,False
after,https://robertdevore.com/kevin-michael-geary-a-hidden-history-of-hate-racism-and-bigotry/,https://web.archive.org/web/20090615060501/http:/www.thisisbrokenblog.com/larry-king-levi-johnston-interview/,Archived Source,article,200,https://web.archive.org/web/20090615060501/http:/www.thisisbrokenblog.com/larry-king-levi-johnston-interview/,verified,False,False,False
after,https://robertdevore.com/kevin-michael-geary-a-hidden-history-of-hate-racism-and-bigotry/,https://x.com/deviorobert/status/1912310724652597522/,source,article,200,https://x.com/deviorobert/status/1912310724652597522/,verified,False,False,False
after,https://robertdevore.com/kevin-michael-geary-a-hidden-history-of-hate-racism-and-bigotry/,https://x.com/deviorobert/status/1912324642053685455/,source,article,200,https://x.com/deviorobert/status/1912324642053685455/,verified,False,False,False
after,https://robertdevore.com/kevin-michael-geary-a-hidden-history-of-hate-racism-and-bigotry/,https://x.com/deviorobert/status/1912634135853547789/,source,article,200,https://x.com/deviorobert/status/1912634135853547789/,verified,False,False,False
after,https://robertdevore.com/kevin-michael-geary-a-hidden-history-of-hate-racism-and-bigotry/,https://x.com/deviorobert/status/1916212438904549384/,Deleted our public debate video,article,200,https://x.com/deviorobert/status/1916212438904549384/,verified,False,False,False
after,https://robertdevore.com/kevin-michael-geary-a-hidden-history-of-hate-racism-and-bigotry/,https://x.com/deviorobert/status/1915921353590423868/,source,article,200,https://x.com/deviorobert/status/1915921353590423868/,verified,False,False,False
after,https://robertdevore.com/kevin-michael-geary-a-hidden-history-of-hate-racism-and-bigotry/,https://x.com/remkusdevries/,Remkus de Vries,article,200,https://x.com/remkusdevries,verified,False,False,False
after,https://robertdevore.com/kevin-michael-geary-a-hidden-history-of-hate-racism-and-bigotry/,https://x.com/deviorobert/status/1916091289805709371/,source,article,200,https://x.com/deviorobert/status/1916091289805709371/,verified,False,False,False
after,https://robertdevore.com/kevin-michael-geary-a-hidden-history-of-hate-racism-and-bigotry/,https://x.com/deviorobert/status/1915937168557531165/,source,article,200,https://x.com/deviorobert/status/1915937168557531165/,verified,False,False,False
after,https://robertdevore.com/kevin-michael-geary-a-hidden-history-of-hate-racism-and-bigotry/,https://x.com/deviorobert/status/1915926361547420141/,source,article,200,https://x.com/deviorobert/status/1915926361547420141/,verified,False,False,False
after,https://robertdevore.com/kevin-michael-geary-a-hidden-history-of-hate-racism-and-bigotry/,https://x.com/deviorobert/status/1915924072824795349/,source,article,200,https://x.com/deviorobert/status/1915924072824795349/,verified,False,False,False
after,https://robertdevore.com/kevin-michael-geary-a-hidden-history-of-hate-racism-and-bigotry/,https://www.reddit.com/r/Wordpress/comments/1f9bs1h/comment/mbalqx3/?utm_source=share&utm_medium=web3x&utm_name=web3xcss&utm_term=1&utm_content=share_button,Reddit commentary,article,200,https://www.reddit.com/r/Wordpress/comments/1f9bs1h/comment/mbalqx3/?utm_source=share&utm_medium=web3x&utm_name=web3xcss&utm_term=1&utm_content=share_button,verified,False,False,False
after,https://robertdevore.com/kevin-michael-geary-a-hidden-history-of-hate-racism-and-bigotry/,https://x.com/deviorobert/,[non-text link],navigation,200,https://x.com/deviorobert,verified,False,False,False
after,https://robertdevore.com/kevin-michael-geary-a-hidden-history-of-hate-racism-and-bigotry/,https://github.com/robertdevore/,[non-text link],navigation,200,https://github.com/robertdevore/,verified,False,False,False
after,https://robertdevore.com/leafly-reviews-wordpress-plugin/,http://developer.leafly.com/,Leafly Developer,article,404,https://developer.leafly.com/,verified,False,False,False
after,https://robertdevore.com/leafly-reviews-wordpress-plugin/,http://developer.leafly.com/,Leafly Developer Center,article,404,https://developer.leafly.com/,verified,False,False,False
after,https://robertdevore.com/leafly-reviews-wordpress-plugin/,http://wppb.me/,WordPress Plugin Boilerplate,article,308,http://wppb.me/,verified,False,False,False
after,https://robertdevore.com/leafly-reviews-wordpress-plugin/,http://github.com/gilbitron/PHP-SimpleCache/,PHP SimpleCache,article,200,https://github.com/gilbitron/PHP-SimpleCache/,verified,False,False,False
after,https://robertdevore.com/leafly-reviews-wordpress-plugin/,http://www.fontawesome.io/,Font Awesome,article,200,https://fontawesome.com/,verified,False,False,False
after,https://robertdevore.com/leafly-reviews-wordpress-plugin/,http://wordpress.org/plugins/leafly-reviews/,official WordPress plugin repository,article,200,https://wordpress.org/plugins/leafly-reviews/,verified,False,False,False
after,https://robertdevore.com/leafly-reviews-wordpress-plugin/,http://github.com/deviodigital/leafly-reviews-wordpress-plugin/,Github repository,article,200,https://github.com/robertdevore/leafly-reviews-wordpress-plugin,verified,False,False,False
after,https://robertdevore.com/leafly-reviews-wordpress-plugin/,https://x.com/deviorobert/,[non-text link],navigation,200,https://x.com/deviorobert,verified,False,False,False
after,https://robertdevore.com/leafly-reviews-wordpress-plugin/,https://github.com/robertdevore/,[non-text link],navigation,200,https://github.com/robertdevore/,verified,False,False,False
after,https://robertdevore.com/leap-the-code-of-extreme-leadership/,https://www.stevefarber.com/what-is-extreme-leadership/,Steve Farber,article,200,https://www.stevefarber.com/what-is-extreme-leadership/,verified,False,False,False
after,https://robertdevore.com/leap-the-code-of-extreme-leadership/,https://x.com/deviorobert/,[non-text link],navigation,200,https://x.com/deviorobert,verified,False,False,False
after,https://robertdevore.com/leap-the-code-of-extreme-leadership/,https://github.com/robertdevore/,[non-text link],navigation,200,https://github.com/robertdevore/,verified,False,False,False
after,https://robertdevore.com/making-up-for-lost-time/,https://x.com/deviorobert/,[non-text link],navigation,200,https://x.com/deviorobert,verified,False,False,False
after,https://robertdevore.com/making-up-for-lost-time/,https://github.com/robertdevore/,[non-text link],navigation,200,https://github.com/robertdevore/,verified,False,False,False
after,https://robertdevore.com/mnml-free-minimalist-wordpress-theme/,http://www.underscores.me/,Underscores,article,200,https://underscores.me/,verified,False,False,False
after,https://robertdevore.com/mnml-free-minimalist-wordpress-theme/,http://www.deviodigital.com/demo/mnml/,live demo,article,0,,not checked,False,False,False
after,https://robertdevore.com/mnml-free-minimalist-wordpress-theme/,http://github.com/deviodigital/mnml/,Github Repository,article,200,https://github.com/robertdevore/mnml,verified,False,False,False
after,https://robertdevore.com/mnml-free-minimalist-wordpress-theme/,http://github.com/deviodigital/mnml/archive/master.zip,Download,article,200,https://codeload.github.com/robertdevore/mnml/zip/refs/heads/master,verified,False,False,False
after,https://robertdevore.com/mnml-free-minimalist-wordpress-theme/,http://underscores.me/,Underscores,article,200,https://underscores.me/,verified,False,False,False
after,https://robertdevore.com/mnml-free-minimalist-wordpress-theme/,http://www.getbootstrap.com/,Bootstrap,article,200,https://getbootstrap.com/,verified,False,False,False
after,https://robertdevore.com/mnml-free-minimalist-wordpress-theme/,http://www.fontawesome.io/,Font Awesome,article,200,https://fontawesome.com/,verified,False,False,False
after,https://robertdevore.com/mnml-free-minimalist-wordpress-theme/,http://www.deviodigital.com/demo/mnml/,test drive,article,0,,not checked,False,False,False
after,https://robertdevore.com/mnml-free-minimalist-wordpress-theme/,http://github.com/deviodigital/mnml/,Github Repository,article,200,https://github.com/robertdevore/mnml,verified,False,False,False
after,https://robertdevore.com/mnml-free-minimalist-wordpress-theme/,http://github.com/deviodigital/mnml/archive/master.zip,direct download,article,200,https://codeload.github.com/robertdevore/mnml/zip/refs/heads/master,verified,False,False,False
after,https://robertdevore.com/mnml-free-minimalist-wordpress-theme/,https://x.com/deviorobert/,[non-text link],navigation,200,https://x.com/deviorobert,verified,False,False,False
after,https://robertdevore.com/mnml-free-minimalist-wordpress-theme/,https://github.com/robertdevore/,[non-text link],navigation,200,https://github.com/robertdevore/,verified,False,False,False
after,https://robertdevore.com/my-brothers-keeper-sons-of-anarchy-fanfiction/,http://www.nanowrimo.org/,NaNoWriMo,article,200,http://www.nanowrimo.org/,verified,False,False,False
after,https://robertdevore.com/my-brothers-keeper-sons-of-anarchy-fanfiction/,https://www.wpdispensary.com/,WP Dispensary,article,200,https://wpdispensary.com/,verified,False,False,False
after,https://robertdevore.com/my-brothers-keeper-sons-of-anarchy-fanfiction/,https://www.twitter.com/deviorobert/,@deviorobert,article,200,https://x.com/deviorobert,verified,False,False,False
after,https://robertdevore.com/my-brothers-keeper-sons-of-anarchy-fanfiction/,https://x.com/deviorobert/,[non-text link],navigation,200,https://x.com/deviorobert,verified,False,False,False
after,https://robertdevore.com/my-brothers-keeper-sons-of-anarchy-fanfiction/,https://github.com/robertdevore/,[non-text link],navigation,200,https://github.com/robertdevore/,verified,False,False,False
after,https://robertdevore.com/my-development-projects/,http://www.wpdispensary.com/welcome-to-wp-dispensary/,started,article,200,https://wpdispensary.com/,verified,False,False,False
after,https://robertdevore.com/my-development-projects/,http://www.wpdispensary.com/wp-dispensary-version-1-2/,1.2,article,200,https://wpdispensary.com/,verified,False,False,False
after,https://robertdevore.com/my-development-projects/,http://www.wpdispensary.com/wp-dispensary-version-1-3/,1.3,article,200,https://wpdispensary.com/,verified,False,False,False
after,https://robertdevore.com/my-development-projects/,https://github.com/deviodigital/dispensary-display-wordpress-theme/,Dispensary Display,article,200,https://github.com/robertdevore/dispensary-display-wordpress-theme,verified,False,False,False
after,https://robertdevore.com/my-development-projects/,https://github.com/deviodigital/cleanblog/,Github repository,article,200,https://github.com/deviodigital/cleanblog/,verified,False,False,False
after,https://robertdevore.com/my-development-projects/,https://github.com/deviodigital/miniQuiz/,miniQuiz,article,200,https://github.com/deviodigital/miniQuiz/,verified,False,False,False
after,https://robertdevore.com/my-development-projects/,http://odhyan.com/blog/2014/12/building-a-simple-quiz-app-using-angularjs/,QuizApp,article,200,https://odhyan.com/blog/2014/12/building-a-simple-quiz-app-using-angularjs/,verified,False,False,False
after,https://robertdevore.com/my-development-projects/,http://www.easydigitaldownloads.com/,Easy Digital Downloads,article,200,https://www.easydigitaldownloads.com/,verified,False,False,False
after,https://robertdevore.com/my-development-projects/,https://github.com/deviodigital/leafly-specials-wordpress-plugin/,Leafly Specials,article,200,https://github.com/robertdevore/leafly-specials-wordpress-plugin,verified,False,False,False
after,https://robertdevore.com/my-development-projects/,https://github.com/deviodigital/dispensary-coupons/,Github,article,200,https://github.com/getCannaBiz/cannabiz-coupons,verified,False,False,False
after,https://robertdevore.com/my-development-projects/,https://github.com/deviodigital/dispensary-coupons/,Dispensary Coupons,article,200,https://github.com/getCannaBiz/cannabiz-coupons,verified,False,False,False
after,https://robertdevore.com/my-development-projects/,http://www.wpdispensary.com/25-free-marijuana-stock-photos/,free marijuana stock photography,article,200,https://wpdispensary.com/,verified,False,False,False
after,https://robertdevore.com/my-development-projects/,http://www.twitter.com/deviodigital/,@DevioDigital,article,520,http://www.twitter.com/deviodigital/,verified,False,False,False
after,https://robertdevore.com/my-development-projects/,http://www.twitter.com/deviorobert/,Twitter,article,520,http://www.twitter.com/deviorobert/,verified,False,False,False
after,https://robertdevore.com/my-development-projects/,http://www.instagram.com/deviorobert/,Instagram,article,200,https://www.instagram.com/deviorobert/,verified,False,False,False
after,https://robertdevore.com/my-development-projects/,https://www.github.com/robertdevore/,Github,article,200,https://github.com/robertdevore/,verified,False,False,False
after,https://robertdevore.com/my-development-projects/,https://x.com/deviorobert/,[non-text link],navigation,200,https://x.com/deviorobert,verified,False,False,False
after,https://robertdevore.com/my-development-projects/,https://github.com/robertdevore/,[non-text link],navigation,200,https://github.com/robertdevore/,verified,False,False,False
after,https://robertdevore.com/open-source-is-anarchism-in-action/,https://x.com/deviorobert/,[non-text link],navigation,200,https://x.com/deviorobert,verified,False,False,False
after,https://robertdevore.com/open-source-is-anarchism-in-action/,https://github.com/robertdevore/,[non-text link],navigation,200,https://github.com/robertdevore/,verified,False,False,False
after,https://robertdevore.com/organized-chaos/,http://edlatimore.com/hard-work-beats-talent/,hard work beats talent,article,200,https://edlatimore.com/hard-work-beats-talent,verified,False,False,False
after,https://robertdevore.com/organized-chaos/,http://www.barbrothersgroningen.com/calisthenics-workout-plan/,calisthenic workouts,article,200,http://www.barbrothersgroningen.com/calisthenics-workout-plan/,verified,False,False,False
after,https://robertdevore.com/organized-chaos/,http://highexistence.com/how-to-escape-the-rat-race-and-live-a-radically-free-life/,escape the rat race,article,200,https://www.highexistence.com/how-to-escape-the-rat-race-and-live-a-radically-free-life/,verified,False,False,False
after,https://robertdevore.com/organized-chaos/,http://www.lifehack.org/articles/lifestyle/10-benefits-reading-why-you-should-read-everyday.html,reading daily,article,200,https://www.lifehack.org/articles/lifestyle/10-benefits-reading-why-you-should-read-everyday.html,verified,False,False,False
after,https://robertdevore.com/organized-chaos/,http://www.forbes.com/sites/erikaandersen/2012/11/05/how-to-use-adversity-to-transform-your-life/,use adversity,article,200,https://www.forbes.com/sites/erikaandersen/2012/11/05/how-to-use-adversity-to-transform-your-life/,verified,False,False,False
after,https://robertdevore.com/organized-chaos/,https://x.com/deviorobert/,[non-text link],navigation,200,https://x.com/deviorobert,verified,False,False,False
after,https://robertdevore.com/organized-chaos/,https://github.com/robertdevore/,[non-text link],navigation,200,https://github.com/robertdevore/,verified,False,False,False
after,https://robertdevore.com/patience/,http://www.wpdispensary.com/wp-dispensary-version-1-1/,version 1.1,article,200,https://wpdispensary.com/,verified,False,False,False
after,https://robertdevore.com/patience/,https://x.com/deviorobert/,[non-text link],navigation,200,https://x.com/deviorobert,verified,False,False,False
after,https://robertdevore.com/patience/,https://github.com/robertdevore/,[non-text link],navigation,200,https://github.com/robertdevore/,verified,False,False,False
after,https://robertdevore.com/peddle-free-wordpress-theme-for-easy-digital-downloads/,http://www.easydigitaldownloads.com/,Easy Digital Downloads,article,200,https://www.easydigitaldownloads.com/,verified,False,False,False
after,https://robertdevore.com/peddle-free-wordpress-theme-for-easy-digital-downloads/,http://dictionary.reference.com/browse/peddle/,Dictionary,article,0,,not checked,False,False,False
after,https://robertdevore.com/peddle-free-wordpress-theme-for-easy-digital-downloads/,http://www.deviodigital.com/demo/peddle/,live demo,article,0,,not checked,False,False,False
after,https://robertdevore.com/peddle-free-wordpress-theme-for-easy-digital-downloads/,http://github.com/deviodigital/peddle/,Github Repository,article,200,https://github.com/robertdevore/peddle,verified,False,False,False
after,https://robertdevore.com/peddle-free-wordpress-theme-for-easy-digital-downloads/,http://github.com/deviodigital/peddle/archive/master.zip,Download,article,200,https://codeload.github.com/robertdevore/peddle/zip/refs/heads/master,verified,False,False,False
after,https://robertdevore.com/peddle-free-wordpress-theme-for-easy-digital-downloads/,http://www.deviodigital.com/demo/peddle/,theme demo,article,0,,not checked,False,False,False
after,https://robertdevore.com/peddle-free-wordpress-theme-for-easy-digital-downloads/,http://underscores.me/,Underscores,article,200,https://underscores.me/,verified,False,False,False
after,https://robertdevore.com/peddle-free-wordpress-theme-for-easy-digital-downloads/,http://www.getbootstrap.com/,Bootstrap,article,200,https://getbootstrap.com/,verified,False,False,False
after,https://robertdevore.com/peddle-free-wordpress-theme-for-easy-digital-downloads/,http://www.easydigitaldownloads.com/,Easy Digital Downloads,article,200,https://www.easydigitaldownloads.com/,verified,False,False,False
after,https://robertdevore.com/peddle-free-wordpress-theme-for-easy-digital-downloads/,http://www.fontawesome.io/,Font Awesome,article,200,https://fontawesome.com/,verified,False,False,False
after,https://robertdevore.com/peddle-free-wordpress-theme-for-easy-digital-downloads/,http://buildwpyourself.com/integrate-wordpress-themes-with-easy-digital-downloads/,Sean Davis' tutorial for integrating EDD into a WordPress theme,article,404,http://buildwpyourself.com/integrate-wordpress-themes-with-easy-digital-downloads/,verified,False,False,False
after,https://robertdevore.com/peddle-free-wordpress-theme-for-easy-digital-downloads/,http://github.com/deviodigital/peddle/,Github repository,article,200,https://github.com/robertdevore/peddle,verified,False,False,False
after,https://robertdevore.com/peddle-free-wordpress-theme-for-easy-digital-downloads/,http://www.deviodigital.com/demo/peddle/,test drive,article,0,,not checked,False,False,False
after,https://robertdevore.com/peddle-free-wordpress-theme-for-easy-digital-downloads/,http://github.com/deviodigital/peddle/,Github Repository,article,200,https://github.com/robertdevore/peddle,verified,False,False,False
after,https://robertdevore.com/peddle-free-wordpress-theme-for-easy-digital-downloads/,http://github.com/deviodigital/peddle/archive/master.zip,direct download,article,200,https://codeload.github.com/robertdevore/peddle/zip/refs/heads/master,verified,False,False,False
after,https://robertdevore.com/peddle-free-wordpress-theme-for-easy-digital-downloads/,https://x.com/deviorobert/,[non-text link],navigation,200,https://x.com/deviorobert,verified,False,False,False
after,https://robertdevore.com/peddle-free-wordpress-theme-for-easy-digital-downloads/,https://github.com/robertdevore/,[non-text link],navigation,200,https://github.com/robertdevore/,verified,False,False,False
after,https://robertdevore.com/plan-prompt-publish-a-practical-guide-to-creating-beautifully-useful-content-with-ai/,https://x.com/deviorobert/,[non-text link],navigation,200,https://x.com/deviorobert,verified,False,False,False
after,https://robertdevore.com/plan-prompt-publish-a-practical-guide-to-creating-beautifully-useful-content-with-ai/,https://github.com/robertdevore/,[non-text link],navigation,200,https://github.com/robertdevore/,verified,False,False,False
after,https://robertdevore.com/projects/,https://github.com/kujolang/kujo/,Source,section,200,https://github.com/kujolang/kujo/,verified,False,False,False
after,https://robertdevore.com/projects/,https://github.com/robertdevore/strata/,Source,article,200,https://github.com/robertdevore/strata/,verified,False,False,False
after,https://robertdevore.com/projects/,https://github.com/robertdevore/snips/,Source,article,200,https://github.com/robertdevore/snips/,verified,False,False,False
after,https://robertdevore.com/projects/,https://github.com/robertdevore/reporadar/,Source,article,200,https://github.com/robertdevore/reporadar/,verified,False,False,False
after,https://robertdevore.com/projects/,https://github.com/robertdevore/snips/,Snips,section,200,https://github.com/robertdevore/snips/,verified,False,False,False
after,https://robertdevore.com/projects/,https://github.com/robertdevore/paperclip-goal-issues/,Paperclip Goal Issues,section,200,https://github.com/robertdevore/paperclip-goal-issues/,verified,False,False,False
after,https://robertdevore.com/projects/,https://github.com/robertdevore/paperclip-starred-issues/,Paperclip Starred Issues,section,200,https://github.com/robertdevore/paperclip-starred-issues/,verified,False,False,False
after,https://robertdevore.com/projects/,https://github.com/robertdevore/holy-sheet/,HolySheet,section,200,https://github.com/robertdevore/holy-sheet/,verified,False,False,False
after,https://robertdevore.com/projects/,https://github.com/robertdevore/working-well-with-ai/,Working Well with AI,section,200,https://github.com/robertdevore/working-well-with-ai/,verified,False,False,False
after,https://robertdevore.com/projects/,https://github.com/robertdevore/totalrecall/,TotalRecall,section,200,https://github.com/robertdevore/totalrecall/,verified,False,False,False
after,https://robertdevore.com/projects/,https://www.npmjs.com/package/scramble-decode/,Scramble Decode,section,403,https://www.npmjs.com/package/scramble-decode/,blocked/indeterminate,False,False,False
after,https://robertdevore.com/projects/,https://github.com/robertdevore/yard/,Yard,section,200,https://github.com/robertdevore/yard/,verified,False,False,False
after,https://robertdevore.com/projects/,https://github.com/robertdevore/signalbox/,SignalBox,section,200,https://github.com/robertdevore/signalbox/,verified,False,False,False
after,https://robertdevore.com/projects/,https://github.com/robertdevore/treasure-trail/,TreasureTrail,section,200,https://github.com/robertdevore/treasure-trail/,verified,False,False,False
after,https://robertdevore.com/projects/,https://github.com/robertdevore/lowkey-rss/,LowkeyRSS,section,200,https://github.com/robertdevore/lowkey-rss/,verified,False,False,False
after,https://robertdevore.com/projects/,https://github.com/robertdevore/phrase-fingerprints/,Phrase Fingerpints,section,200,https://github.com/robertdevore/phrase-fingerprints/,verified,False,False,False
after,https://robertdevore.com/projects/,https://github.com/robertdevore/savage-scanner/,Savage Scanner,section,200,https://github.com/robertdevore/savage-scanner/,verified,False,False,False
after,https://robertdevore.com/projects/,https://github.com/robertdevore/vuln-search/,Vuln Search,section,200,https://github.com/robertdevore/vuln-search/,verified,False,False,False
after,https://robertdevore.com/projects/,https://github.com/robertdevore/sub-scanner/,Sub Scanner,section,200,https://github.com/robertdevore/sub-scanner/,verified,False,False,False
after,https://robertdevore.com/projects/,https://github.com/robertdevore/diff-digger/,Diff Digger,section,200,https://github.com/robertdevore/diff-digger/,verified,False,False,False
after,https://robertdevore.com/projects/,https://github.com/robertdevore/stego-cipher/,Stego Cipher,section,200,https://github.com/robertdevore/stego-cipher/,verified,False,False,False
after,https://robertdevore.com/projects/,https://github.com/robertdevore/console-copy/,Console Copy,section,200,https://github.com/robertdevore/console-copy/,verified,False,False,False
after,https://robertdevore.com/projects/,https://prompts.robertdevore.com/,Prompts Library,section,200,https://prompts.robertdevore.com/,verified,False,False,False
after,https://robertdevore.com/projects/,https://github.com/robertdevore/api-audit/,API Audit,section,200,https://github.com/robertdevore/api-audit/,verified,False,False,False
after,https://robertdevore.com/projects/,https://python.robertdevore.com/,Learn Python,section,200,https://python.robertdevore.com/,verified,False,False,False
after,https://robertdevore.com/projects/,https://x.com/deviorobert/,[non-text link],navigation,200,https://x.com/deviorobert,verified,False,False,False
after,https://robertdevore.com/projects/,https://github.com/robertdevore/,[non-text link],navigation,200,https://github.com/robertdevore/,verified,False,False,False
after,https://robertdevore.com/projects/agents-sdk/,https://github.com/kujolang/agents-sdk/,Explore Kujo Agents SDK on GitHub ↗,main,200,https://github.com/kujolang/agents-sdk/,verified,False,False,False
after,https://robertdevore.com/projects/agents-sdk/,https://x.com/deviorobert/,[non-text link],navigation,200,https://x.com/deviorobert,verified,False,False,False
after,https://robertdevore.com/projects/agents-sdk/,https://github.com/robertdevore/,[non-text link],navigation,200,https://github.com/robertdevore/,verified,False,False,False
after,https://robertdevore.com/projects/dispatch/,https://github.com/kujolang/dispatch/,Explore Dispatch on GitHub ↗,main,200,https://github.com/kujolang/dispatch/,verified,False,False,False
after,https://robertdevore.com/projects/dispatch/,https://x.com/deviorobert/,[non-text link],navigation,200,https://x.com/deviorobert,verified,False,False,False
after,https://robertdevore.com/projects/dispatch/,https://github.com/robertdevore/,[non-text link],navigation,200,https://github.com/robertdevore/,verified,False,False,False
after,https://robertdevore.com/projects/kujo/,https://kujolang.ai/,Kujo,main,200,https://kujolang.ai/,verified,False,False,False
after,https://robertdevore.com/projects/kujo/,https://github.com/kujolang/kujo/,Explore the Kujo repository on GitHub ↗,main,200,https://github.com/kujolang/kujo/,verified,False,False,False
after,https://robertdevore.com/projects/kujo/,https://x.com/deviorobert/,[non-text link],navigation,200,https://x.com/deviorobert,verified,False,False,False
after,https://robertdevore.com/projects/kujo/,https://github.com/robertdevore/,[non-text link],navigation,200,https://github.com/robertdevore/,verified,False,False,False
after,https://robertdevore.com/projects/lens/,https://github.com/kujolang/lens/,Explore Lens on GitHub ↗,main,200,https://github.com/kujolang/lens/,verified,False,False,False
after,https://robertdevore.com/projects/lens/,https://x.com/deviorobert/,[non-text link],navigation,200,https://x.com/deviorobert,verified,False,False,False
after,https://robertdevore.com/projects/lens/,https://github.com/robertdevore/,[non-text link],navigation,200,https://github.com/robertdevore/,verified,False,False,False
after,https://robertdevore.com/projects/sitekit/,https://github.com/kujolang/site-kit/,Explore SiteKit on GitHub ↗,main,200,https://github.com/kujolang/site-kit/,verified,False,False,False
after,https://robertdevore.com/projects/sitekit/,https://x.com/deviorobert/,[non-text link],navigation,200,https://x.com/deviorobert,verified,False,False,False
after,https://robertdevore.com/projects/sitekit/,https://github.com/robertdevore/,[non-text link],navigation,200,https://github.com/robertdevore/,verified,False,False,False
after,https://robertdevore.com/projects/ssg/,https://github.com/kujolang/ssg/,Explore Kujo SSG on GitHub ↗,main,200,https://github.com/kujolang/ssg/,verified,False,False,False
after,https://robertdevore.com/projects/ssg/,https://x.com/deviorobert/,[non-text link],navigation,200,https://x.com/deviorobert,verified,False,False,False
after,https://robertdevore.com/projects/ssg/,https://github.com/robertdevore/,[non-text link],navigation,200,https://github.com/robertdevore/,verified,False,False,False
after,https://robertdevore.com/release-notes-back-in-stock-notifications-for-woocommerce-free-v1-0-1/,https://github.com/robertdevore/back-in-stock-notifications/,GitHub repository,article,200,https://github.com/robertdevore/back-in-stock-notifications/,verified,False,False,False
after,https://robertdevore.com/release-notes-back-in-stock-notifications-for-woocommerce-free-v1-0-1/,https://x.com/deviorobert/,[non-text link],navigation,200,https://x.com/deviorobert,verified,False,False,False
after,https://robertdevore.com/release-notes-back-in-stock-notifications-for-woocommerce-free-v1-0-1/,https://github.com/robertdevore/,[non-text link],navigation,200,https://github.com/robertdevore/,verified,False,False,False
after,https://robertdevore.com/relentless/,https://therisetothetop.com/davids-blog/myth-of-overnight-success/,overnight success,article,404,https://therisetothetop.com/davids-blog/myth-of-overnight-success/,verified,False,False,False
after,https://robertdevore.com/relentless/,https://www.wpdispensary.com/,WP Dispensary,article,200,https://wpdispensary.com/,verified,False,False,False
after,https://robertdevore.com/relentless/,https://twitter.com/deviorobert/status/734743180982128640/?ref_src=twsrc%5Etfw,"May 23, 2016",article,200,https://x.com/deviorobert/status/734743180982128640/?ref_src=twsrc%5Etfw,verified,False,False,False
after,https://robertdevore.com/relentless/,https://twitter.com/hashtag/WPDWednesdays/?src=hash&ref_src=twsrc%5Etfw,#WPDWednesdays,article,200,https://x.com/hashtag/WPDWednesdays/?src=hash&ref_src=twsrc%5Etfw,verified,False,False,False
after,https://robertdevore.com/relentless/,https://twitter.com/DevioDigital/status/793845559828189184/?ref_src=twsrc%5Etfw,"November 2, 2016",article,200,https://x.com/DevioDigital/status/793845559828189184/?ref_src=twsrc%5Etfw,verified,False,False,False
after,https://robertdevore.com/relentless/,https://www.wpdispensary.com/,WP Dispensary,article,200,https://wpdispensary.com/,verified,False,False,False
after,https://robertdevore.com/relentless/,https://twitter.com/hashtag/WPDWednesdays/?src=hash,#WPDWednesdays,article,200,https://x.com/hashtag/WPDWednesdays/?src=hash,verified,False,False,False
after,https://robertdevore.com/relentless/,https://twitter.com/hashtag/KeepGoingYouGotThis/?src=hash&ref_src=twsrc%5Etfw,#KeepGoingYouGotThis,article,200,https://x.com/hashtag/KeepGoingYouGotThis/?src=hash&ref_src=twsrc%5Etfw,verified,False,False,False
after,https://robertdevore.com/relentless/,https://twitter.com/deviorobert/status/755082827784347648/?ref_src=twsrc%5Etfw,"July 18, 2016",article,200,https://x.com/deviorobert/status/755082827784347648/?ref_src=twsrc%5Etfw,verified,False,False,False
after,https://robertdevore.com/relentless/,https://x.com/deviorobert/,[non-text link],navigation,200,https://x.com/deviorobert,verified,False,False,False
after,https://robertdevore.com/relentless/,https://github.com/robertdevore/,[non-text link],navigation,200,https://github.com/robertdevore/,verified,False,False,False
after,https://robertdevore.com/rethinking-keyword-research-in-the-age-of-ai/,https://ahrefs.com/,Ahrefs,article,200,https://ahrefs.com/,verified,False,False,False
after,https://robertdevore.com/rethinking-keyword-research-in-the-age-of-ai/,https://stattic.site/,building one,article,200,https://stattic.site/,verified,False,False,False
after,https://robertdevore.com/rethinking-keyword-research-in-the-age-of-ai/,https://t.co/mGoECwVfYJ/,pic.twitter.com/mGoECwVfYJ,article,404,https://t.co/mGoECwVfYJ/,verified,False,False,False
after,https://robertdevore.com/rethinking-keyword-research-in-the-age-of-ai/,https://twitter.com/deviorobert/status/1907495064387141904/?ref_src=twsrc%5Etfw,"April 2, 2025",article,200,https://x.com/deviorobert/status/1907495064387141904/?ref_src=twsrc%5Etfw,verified,False,False,False
after,https://robertdevore.com/rethinking-keyword-research-in-the-age-of-ai/,https://x.com/deviorobert/,[non-text link],navigation,200,https://x.com/deviorobert,verified,False,False,False
after,https://robertdevore.com/rethinking-keyword-research-in-the-age-of-ai/,https://github.com/robertdevore/,[non-text link],navigation,200,https://github.com/robertdevore/,verified,False,False,False
after,https://robertdevore.com/reusable-flask-error-handling-a-step-by-step-guide-to-modular-http-error-responses/,https://savage.robertdevore.com/,Savage Scanner,article,0,,not checked,False,False,False
after,https://robertdevore.com/reusable-flask-error-handling-a-step-by-step-guide-to-modular-http-error-responses/,https://vuln.robertdevore.com/,Vuln Search,article,0,,not checked,False,False,False
after,https://robertdevore.com/reusable-flask-error-handling-a-step-by-step-guide-to-modular-http-error-responses/,https://x.com/deviorobert/,[non-text link],navigation,200,https://x.com/deviorobert,verified,False,False,False
after,https://robertdevore.com/reusable-flask-error-handling-a-step-by-step-guide-to-modular-http-error-responses/,https://github.com/robertdevore/,[non-text link],navigation,200,https://github.com/robertdevore/,verified,False,False,False
after,https://robertdevore.com/run-a-tor-relay/,http://arstechnica.com/information-technology/2013/04/tor-calls-for-help-as-its-supply-of-bridges-falters/,Tor has been in need of middle relays,article,200,https://arstechnica.com:443/information-technology/2013/04/tor-calls-for-help-as-its-supply-of-bridges-falters/,verified,False,False,False
after,https://robertdevore.com/run-a-tor-relay/,http://www.torproject.org/,Tor website,article,200,https://www.torproject.org/,verified,False,False,False
after,https://robertdevore.com/run-a-tor-relay/,http://www.torproject.org/docs/tor-doc-relay.html.en,here,article,200,https://support.torproject.org/,verified,False,False,False
after,https://robertdevore.com/run-a-tor-relay/,http://www.torproject.org/docs/tor-relay-debian.html.en,here,article,200,https://support.torproject.org/,verified,False,False,False
after,https://robertdevore.com/run-a-tor-relay/,http://lists.torproject.org/pipermail/tor-relays/2013-January/001834.html,OK with middle relays for Tor,article,200,https://archive.torproject.org/websites/lists.torproject.org/pipermail/tor-relays/2013-January/001834.html,verified,False,False,False
after,https://robertdevore.com/run-a-tor-relay/,https://www.digitalocean.com/,Visit DigitalOcean,article,200,https://www.digitalocean.com/,verified,False,False,False
after,https://robertdevore.com/run-a-tor-relay/,http://www.chiark.greenend.org.uk/~sgtatham/putty/,PuTTY,article,200,https://www.chiark.greenend.org.uk/~sgtatham/putty/,verified,False,False,False
after,https://robertdevore.com/run-a-tor-relay/,http://www.torproject.org/,Tor,article,200,https://www.torproject.org/,verified,False,False,False
after,https://robertdevore.com/run-a-tor-relay/,http://www.torproject.org/projects/arm.html.en,Arm,article,404,https://2019.www.torproject.org/projects/arm.html.en,verified,False,False,False
after,https://robertdevore.com/run-a-tor-relay/,http://blog.torproject.org/blog/lifecycle-of-a-new-relay/,this article,article,200,https://blog.torproject.org/lifecycle-of-a-new-relay/,verified,False,False,False
after,https://robertdevore.com/run-a-tor-relay/,http://www.torproject.org/index.html.en,Tor Project,article,404,https://www.torproject.org/index.html.en,verified,False,False,False
after,https://robertdevore.com/run-a-tor-relay/,https://www.digitalocean.com/,DigitalOcean,article,200,https://www.digitalocean.com/,verified,False,False,False
after,https://robertdevore.com/run-a-tor-relay/,http://www.eff.org/torchallenge/,EFF's Tor Challenge,article,404,https://www.eff.org/torchallenge/,verified,False,False,False
after,https://robertdevore.com/run-a-tor-relay/,http://gist.github.com/pdp7/138768f9279740096fe8/,This Gist,article,200,https://gist.github.com/pdp7/138768f9279740096fe8/,verified,False,False,False
after,https://robertdevore.com/run-a-tor-relay/,http://longren.io/tor-is-important-for-privacy-and-the-internet/,Tyler Longren's article,article,404,https://longren.io/tor-is-important-for-privacy-and-the-internet/,verified,False,False,False
after,https://robertdevore.com/run-a-tor-relay/,https://x.com/deviorobert/,[non-text link],navigation,200,https://x.com/deviorobert,verified,False,False,False
after,https://robertdevore.com/run-a-tor-relay/,https://github.com/robertdevore/,[non-text link],navigation,200,https://github.com/robertdevore/,verified,False,False,False
after,https://robertdevore.com/say-goodbye-to-wordpress/,https://stattic.site/,Stattic,article,200,https://stattic.site/,verified,False,False,False
after,https://robertdevore.com/say-goodbye-to-wordpress/,https://x.com/deviorobert/,[non-text link],navigation,200,https://x.com/deviorobert,verified,False,False,False
after,https://robertdevore.com/say-goodbye-to-wordpress/,https://github.com/robertdevore/,[non-text link],navigation,200,https://github.com/robertdevore/,verified,False,False,False
after,https://robertdevore.com/set-featured-images-programatically-wordpress/,https://www.woocommerce.com/,WooCommerce,article,200,https://woocommerce.com/,verified,False,False,False
after,https://robertdevore.com/set-featured-images-programatically-wordpress/,https://github.com/robertdevore/woocommerce-set-featured-images/,Github repository,article,200,https://github.com/robertdevore/woocommerce-set-featured-images/,verified,False,False,False
after,https://robertdevore.com/set-featured-images-programatically-wordpress/,https://x.com/deviorobert/,[non-text link],navigation,200,https://x.com/deviorobert,verified,False,False,False
after,https://robertdevore.com/set-featured-images-programatically-wordpress/,https://github.com/robertdevore/,[non-text link],navigation,200,https://github.com/robertdevore/,verified,False,False,False
after,https://robertdevore.com/slackedd/,https://twitter.com/deviorobert/status/674927533943582720/,tweeted,article,200,https://x.com/deviorobert/status/674927533943582720/,verified,False,False,False
after,https://robertdevore.com/slackedd/,https://github.com/radishconcepts/WordPress-GitHub-Plugin-Updater/,WordPress Github Plugin Updater,article,200,https://github.com/radishconcepts/WordPress-GitHub-Plugin-Updater/,verified,False,False,False
after,https://robertdevore.com/slackedd/,https://github.com/jkudish/,Joey Kudish,article,200,https://github.com/jkudish/,verified,False,False,False
after,https://robertdevore.com/slackedd/,https://slack.com/,Slack,article,200,https://slack.com/,verified,False,False,False
after,https://robertdevore.com/slackedd/,https://easydigitaldownloads.com/,Easy Digital Downloads,article,200,https://easydigitaldownloads.com/,verified,False,False,False
after,https://robertdevore.com/slackedd/,https://github.com/jkudish/,Joey Kudish,article,200,https://github.com/jkudish/,verified,False,False,False
after,https://robertdevore.com/slackedd/,https://github.com/radishconcepts/WordPress-GitHub-Plugin-Updater/,WordPress Github Plugin Updater,article,200,https://github.com/radishconcepts/WordPress-GitHub-Plugin-Updater/,verified,False,False,False
after,https://robertdevore.com/slackedd/,http://www.radishconcepts.com/,Radish Concepts,article,200,https://www.radishconcepts.com/,verified,False,False,False
after,https://robertdevore.com/slackedd/,https://github.com/squizlabs/,Squiz Labs,article,200,https://github.com/squizlabs/,verified,False,False,False
after,https://robertdevore.com/slackedd/,https://github.com/squizlabs/PHP_CodeSniffer/,PHP_CodeSniffer,article,200,https://github.com/squizlabs/PHP_CodeSniffer/,verified,False,False,False
after,https://robertdevore.com/slackedd/,https://github.com/WordPress-Coding-Standards/WordPress-Coding-Standards/,WordPress Coding Standards,article,200,https://github.com/WordPress/WordPress-Coding-Standards,verified,False,False,False
after,https://robertdevore.com/slackedd/,https://github.com/deviodigital/Slackedd/,Github,article,200,https://github.com/robertdevore/Slackedd,verified,False,False,False
after,https://robertdevore.com/slackedd/,https://github.com/deviodigital/Slackedd/,Github repository,article,200,https://github.com/robertdevore/Slackedd,verified,False,False,False
after,https://robertdevore.com/slackedd/,https://x.com/deviorobert/,[non-text link],navigation,200,https://x.com/deviorobert,verified,False,False,False
after,https://robertdevore.com/slackedd/,https://github.com/robertdevore/,[non-text link],navigation,200,https://github.com/robertdevore/,verified,False,False,False
after,https://robertdevore.com/stattic-v0-3-0-release-llms-txt-faster-gifs-leaner-core-and-smarter-routing/,https://stattic.site/,Stattic,article,200,https://stattic.site/,verified,False,False,False
after,https://robertdevore.com/stattic-v0-3-0-release-llms-txt-faster-gifs-leaner-core-and-smarter-routing/,https://github.com/getstattic/stattic/releases/,See full changelog on GitHub,article,200,https://github.com/getstattic/stattic/releases/,verified,False,False,False
after,https://robertdevore.com/stattic-v0-3-0-release-llms-txt-faster-gifs-leaner-core-and-smarter-routing/,https://x.com/deviorobert/,[non-text link],navigation,200,https://x.com/deviorobert,verified,False,False,False
after,https://robertdevore.com/stattic-v0-3-0-release-llms-txt-faster-gifs-leaner-core-and-smarter-routing/,https://github.com/robertdevore/,[non-text link],navigation,200,https://github.com/robertdevore/,verified,False,False,False
after,https://robertdevore.com/stattic-v1-0-the-worlds-fastest-python-based-static-site-generator/,https://python.robertdevore.com/,Python course,article,200,https://python.robertdevore.com/,verified,False,False,False
after,https://robertdevore.com/stattic-v1-0-the-worlds-fastest-python-based-static-site-generator/,https://stattic.site/,Stattic,article,200,https://stattic.site/,verified,False,False,False
after,https://robertdevore.com/stattic-v1-0-the-worlds-fastest-python-based-static-site-generator/,https://ssg-build-performance-tests.netlify.app/,dat,article,200,https://ssg-build-performance-tests.netlify.app/,verified,False,False,False
after,https://robertdevore.com/stattic-v1-0-the-worlds-fastest-python-based-static-site-generator/,https://ssg-build-performance-tests.netlify.app/,a,article,200,https://ssg-build-performance-tests.netlify.app/,verified,False,False,False
after,https://robertdevore.com/stattic-v1-0-the-worlds-fastest-python-based-static-site-generator/,https://css-tricks.com/comparing-static-site-generator-build-times/,CSS Tricks,article,200,https://css-tricks.com/comparing-static-site-generator-build-times/,verified,False,False,False
after,https://robertdevore.com/stattic-v1-0-the-worlds-fastest-python-based-static-site-generator/,https://x.com/deviorobert/status/1900010961857024183/,here,article,200,https://x.com/deviorobert/status/1900010961857024183/,verified,False,False,False
after,https://robertdevore.com/stattic-v1-0-the-worlds-fastest-python-based-static-site-generator/,https://stattic.site/,Stattic,article,200,https://stattic.site/,verified,False,False,False
after,https://robertdevore.com/stattic-v1-0-the-worlds-fastest-python-based-static-site-generator/,https://stattic.site/,Stattic,article,200,https://stattic.site/,verified,False,False,False
after,https://robertdevore.com/stattic-v1-0-the-worlds-fastest-python-based-static-site-generator/,https://pypi.org/project/stattic/,Install Stattic,article,200,https://pypi.org/project/stattic/,verified,False,False,False
after,https://robertdevore.com/stattic-v1-0-the-worlds-fastest-python-based-static-site-generator/,https://github.com/getstattic/stattic/,View the source,article,200,https://github.com/getstattic/stattic/,verified,False,False,False
after,https://robertdevore.com/stattic-v1-0-the-worlds-fastest-python-based-static-site-generator/,https://demo.stattic.site/,View the demo,article,0,,not checked,False,False,False
after,https://robertdevore.com/stattic-v1-0-the-worlds-fastest-python-based-static-site-generator/,https://docs.stattic.site/,View the docs,article,0,,not checked,False,False,False
after,https://robertdevore.com/stattic-v1-0-the-worlds-fastest-python-based-static-site-generator/,https://x.com/deviorobert/,[non-text link],navigation,200,https://x.com/deviorobert,verified,False,False,False
after,https://robertdevore.com/stattic-v1-0-the-worlds-fastest-python-based-static-site-generator/,https://github.com/robertdevore/,[non-text link],navigation,200,https://github.com/robertdevore/,verified,False,False,False
after,https://robertdevore.com/stop-gambling-with-client-trust-why-skipping-a-security-audit-is-a-risk-you-cant-afford/,https://x.com/deviorobert/,[non-text link],navigation,200,https://x.com/deviorobert,verified,False,False,False
after,https://robertdevore.com/stop-gambling-with-client-trust-why-skipping-a-security-audit-is-a-risk-you-cant-afford/,https://github.com/robertdevore/,[non-text link],navigation,200,https://github.com/robertdevore/,verified,False,False,False
after,https://robertdevore.com/tag/,https://x.com/deviorobert/,[non-text link],navigation,200,https://x.com/deviorobert,verified,False,False,False
after,https://robertdevore.com/tag/,https://github.com/robertdevore/,[non-text link],navigation,200,https://github.com/robertdevore/,verified,False,False,False
after,https://robertdevore.com/tag/ai/,https://x.com/deviorobert/,[non-text link],navigation,200,https://x.com/deviorobert,verified,False,False,False
after,https://robertdevore.com/tag/ai/,https://github.com/robertdevore/,[non-text link],navigation,200,https://github.com/robertdevore/,verified,False,False,False
after,https://robertdevore.com/tag/archive/,https://x.com/deviorobert/,[non-text link],navigation,200,https://x.com/deviorobert,verified,False,False,False
after,https://robertdevore.com/tag/archive/,https://github.com/robertdevore/,[non-text link],navigation,200,https://github.com/robertdevore/,verified,False,False,False
after,https://robertdevore.com/tag/engineering/,https://x.com/deviorobert/,[non-text link],navigation,200,https://x.com/deviorobert,verified,False,False,False
after,https://robertdevore.com/tag/engineering/,https://github.com/robertdevore/,[non-text link],navigation,200,https://github.com/robertdevore/,verified,False,False,False
after,https://robertdevore.com/tag/essays/,https://x.com/deviorobert/,[non-text link],navigation,200,https://x.com/deviorobert,verified,False,False,False
after,https://robertdevore.com/tag/essays/,https://github.com/robertdevore/,[non-text link],navigation,200,https://github.com/robertdevore/,verified,False,False,False
after,https://robertdevore.com/tag/woocommerce/,https://x.com/deviorobert/,[non-text link],navigation,200,https://x.com/deviorobert,verified,False,False,False
after,https://robertdevore.com/tag/woocommerce/,https://github.com/robertdevore/,[non-text link],navigation,200,https://github.com/robertdevore/,verified,False,False,False
after,https://robertdevore.com/tag/wordpress/,https://x.com/deviorobert/,[non-text link],navigation,200,https://x.com/deviorobert,verified,False,False,False
after,https://robertdevore.com/tag/wordpress/,https://github.com/robertdevore/,[non-text link],navigation,200,https://github.com/robertdevore/,verified,False,False,False
after,https://robertdevore.com/thank-you-wordpress/,https://wordpress.org/news/2005/02/strayhorn/,released,article,200,https://wordpress.org/news/2005/02/strayhorn/,verified,False,False,False
after,https://robertdevore.com/thank-you-wordpress/,http://binarybonsai.com/kubrick/,Kubrick theme,article,404,https://binarybonsai.com/open-source,verified,False,False,False
after,https://robertdevore.com/thank-you-wordpress/,https://mikelittle.org/,Mike Little,article,200,https://mikelittle.org/,verified,False,False,False
after,https://robertdevore.com/thank-you-wordpress/,https://ma.tt/,Matt Mullenweg,article,200,https://ma.tt/,verified,False,False,False
after,https://robertdevore.com/thank-you-wordpress/,https://www.stackoverflow.com/,Stack Overflow,article,403,https://stackoverflow.com/,blocked/indeterminate,False,False,False
after,https://robertdevore.com/thank-you-wordpress/,https://www.github.com/,Github,article,200,https://github.com/,verified,False,False,False
after,https://robertdevore.com/thank-you-wordpress/,https://x.com/deviorobert/,[non-text link],navigation,200,https://x.com/deviorobert,verified,False,False,False
after,https://robertdevore.com/thank-you-wordpress/,https://github.com/robertdevore/,[non-text link],navigation,200,https://github.com/robertdevore/,verified,False,False,False
after,https://robertdevore.com/the-fastest-way-for-php-devs-to-learn-python/,https://stattic.site/,Stattic,article,200,https://stattic.site/,verified,False,False,False
after,https://robertdevore.com/the-fastest-way-for-php-devs-to-learn-python/,https://tailwindcss.com/,TailwindCSS,article,200,https://tailwindcss.com/,verified,False,False,False
after,https://robertdevore.com/the-fastest-way-for-php-devs-to-learn-python/,https://python.robertdevore.com/,Python Course,article,200,https://python.robertdevore.com/,verified,False,False,False
after,https://robertdevore.com/the-fastest-way-for-php-devs-to-learn-python/,https://stattic.site/,Stattic,article,200,https://stattic.site/,verified,False,False,False
after,https://robertdevore.com/the-fastest-way-for-php-devs-to-learn-python/,https://python.robertdevore.com/,Check out the course,article,200,https://python.robertdevore.com/,verified,False,False,False
after,https://robertdevore.com/the-fastest-way-for-php-devs-to-learn-python/,https://x.com/deviorobert/,[non-text link],navigation,200,https://x.com/deviorobert,verified,False,False,False
after,https://robertdevore.com/the-fastest-way-for-php-devs-to-learn-python/,https://github.com/robertdevore/,[non-text link],navigation,200,https://github.com/robertdevore/,verified,False,False,False
after,https://robertdevore.com/the-past-present-and-future-of-wp-dispensary/,https://www.wpdispensary.com/welcome-to-wp-dispensary/,released,article,200,https://wpdispensary.com/,verified,False,False,False
after,https://robertdevore.com/the-past-present-and-future-of-wp-dispensary/,https://www.wpdispensary.com/welcome-to-wp-dispensary/,this article,article,200,https://wpdispensary.com/,verified,False,False,False
after,https://robertdevore.com/the-past-present-and-future-of-wp-dispensary/,https://wordpress.org/plugins/wp-dispensary/,cannabis menu plugin,article,200,https://wordpress.org/plugins/wp-dispensary/,verified,False,False,False
after,https://robertdevore.com/the-past-present-and-future-of-wp-dispensary/,https://cannabiz.pro/,"CannaBiz Software, LLC",article,0,,not checked,False,False,False
after,https://robertdevore.com/the-past-present-and-future-of-wp-dispensary/,https://twitter.com/carlhancock/status/1547265192727289858/,it’s not SaaS,article,200,https://x.com/carlhancock/status/1547265192727289858/,verified,False,False,False
after,https://robertdevore.com/the-past-present-and-future-of-wp-dispensary/,https://gtmetrix.com/reports/demo.wpdispensary.com/Jia28NMK/,GT Matrix,article,403,https://gtmetrix.com/reports/demo.wpdispensary.com/Jia28NMK/,blocked/indeterminate,False,False,False
after,https://robertdevore.com/the-past-present-and-future-of-wp-dispensary/,https://twitter.com/deviorobert/,Twitter,article,200,https://x.com/deviorobert,verified,False,False,False
after,https://robertdevore.com/the-past-present-and-future-of-wp-dispensary/,https://twitter.com/deviorobert/status/1532204884619034626/,90 day grind,article,200,https://x.com/deviorobert/status/1532204884619034626/,verified,False,False,False
after,https://robertdevore.com/the-past-present-and-future-of-wp-dispensary/,https://x.com/deviorobert/,[non-text link],navigation,200,https://x.com/deviorobert,verified,False,False,False
after,https://robertdevore.com/the-past-present-and-future-of-wp-dispensary/,https://github.com/robertdevore/,[non-text link],navigation,200,https://github.com/robertdevore/,verified,False,False,False
after,https://robertdevore.com/tools-and-workflows-for-formatting-visuals-and-citations/,https://dillinger.io/,Dillinger,article,200,https://dillinger.io/,verified,False,False,False
after,https://robertdevore.com/tools-and-workflows-for-formatting-visuals-and-citations/,https://stackedit.io/,StackEdit,article,200,https://stackedit.io/,verified,False,False,False
after,https://robertdevore.com/tools-and-workflows-for-formatting-visuals-and-citations/,https://figma.com/,Figma,article,200,https://www.figma.com/,verified,False,False,False
after,https://robertdevore.com/tools-and-workflows-for-formatting-visuals-and-citations/,https://whimsical.com/,Whimsical,article,200,https://whimsical.com/,verified,False,False,False
after,https://robertdevore.com/tools-and-workflows-for-formatting-visuals-and-citations/,https://tana.inc/,Tana’s AI diagrams,article,200,https://tana.inc/,verified,False,False,False
after,https://robertdevore.com/tools-and-workflows-for-formatting-visuals-and-citations/,https://squoosh.app/,Squoosh.app,article,200,https://squoosh.app/,verified,False,False,False
after,https://robertdevore.com/tools-and-workflows-for-formatting-visuals-and-citations/,https://cloudconvert.com/,Cloud Convert,article,200,https://cloudconvert.com/,verified,False,False,False
after,https://robertdevore.com/tools-and-workflows-for-formatting-visuals-and-citations/,https://shortpixel.com/,ShortPixel,article,200,https://shortpixel.com/,verified,False,False,False
after,https://robertdevore.com/tools-and-workflows-for-formatting-visuals-and-citations/,https://tinypng.com/,TinyPNG,article,200,https://tinypng.com/,verified,False,False,False
after,https://robertdevore.com/tools-and-workflows-for-formatting-visuals-and-citations/,https://dillinger.io/,Dillinger,article,200,https://dillinger.io/,verified,False,False,False
after,https://robertdevore.com/tools-and-workflows-for-formatting-visuals-and-citations/,https://cloudconvert.com/,Cloud Convert,article,200,https://cloudconvert.com/,verified,False,False,False
after,https://robertdevore.com/tools-and-workflows-for-formatting-visuals-and-citations/,https://cleanshot.com/,Cleanshot X,article,200,https://cleanshot.com/,verified,False,False,False
after,https://robertdevore.com/tools-and-workflows-for-formatting-visuals-and-citations/,https://www.adobe.com/products/photoshop.html,Photoshop,article,200,https://www.adobe.com/products/photoshop.html,verified,False,False,False
after,https://robertdevore.com/tools-and-workflows-for-formatting-visuals-and-citations/,https://chatgpt.com/,ChatGPT,article,403,https://chatgpt.com/,blocked/indeterminate,False,False,False
after,https://robertdevore.com/tools-and-workflows-for-formatting-visuals-and-citations/,https://x.com/deviorobert/,[non-text link],navigation,200,https://x.com/deviorobert,verified,False,False,False
after,https://robertdevore.com/tools-and-workflows-for-formatting-visuals-and-citations/,https://github.com/robertdevore/,[non-text link],navigation,200,https://github.com/robertdevore/,verified,False,False,False
after,https://robertdevore.com/twitter-marketing/,http://www.statista.com/statistics/282087/number-of-monthly-active-twitter-users/,300 million active users,article,200,https://www.statista.com/statistics/282087/number-of-monthly-active-twitter-users/,verified,False,False,False
after,https://robertdevore.com/twitter-marketing/,http://www.internetlivestats.com/twitter-statistics/,"6,000 Tweets",article,200,https://www.internetlivestats.com/twitter-statistics/,verified,False,False,False
after,https://robertdevore.com/twitter-marketing/,https://blog.twitter.com/2013/new-tweets-per-second-record-and-how/,Twitter,article,403,https://blog.x.com/2013/new-tweets-per-second-record-and-how/,blocked/indeterminate,False,False,False
after,https://robertdevore.com/twitter-marketing/,http://twitter.com/search-advanced/,Advanced Search,article,520,http://twitter.com/search-advanced/,verified,False,False,False
after,https://robertdevore.com/twitter-marketing/,http://www.socialmediaexaminer.com/twitter-advanced-search-queries/,generating leads,article,200,https://www.socialmediaexaminer.com/twitter-advanced-search-queries/,verified,False,False,False
after,https://robertdevore.com/twitter-marketing/,http://twitter.com/search-advanced/,Twitter Advanced Search,article,520,http://twitter.com/search-advanced/,verified,False,False,False
after,https://robertdevore.com/twitter-marketing/,https://blog.bufferapp.com/twitter-advanced-search/,search features,article,200,https://buffer.com/resources/twitter-advanced-search/,verified,False,False,False
after,https://robertdevore.com/twitter-marketing/,https://zapier.com/blog/twitter-advanced-search-guide/,Zapier's Twitter Advanced Search Guide,article,200,https://zapier.com/blog/twitter-advanced-search-guide/,verified,False,False,False
after,https://robertdevore.com/twitter-marketing/,http://blog.hootsuite.com/advanced-twitter-search-tips-increase-customer-engagement/,Advanced Twitter Search Tips to Increase Customer Engagement,article,200,https://blog.hootsuite.com/twitter-marketing/,verified,False,False,False
after,https://robertdevore.com/twitter-marketing/,http://www.receptional.com/blog/a-comprehensive-list-of-twitter-search-operators/,Advanced Search Operators: How to Mine Twitter for Valuable Business Leads,article,404,https://www.receptional.com/blog/a-comprehensive-list-of-twitter-search-operators/,verified,False,False,False
after,https://robertdevore.com/twitter-marketing/,http://www.razorsocial.com/twitter-advanced-search/,Razor Social's Ultimate Guide to Twitter Advanced Search,article,404,http://www.razorsocial.com/twitter-advanced-search/,verified,False,False,False
after,https://robertdevore.com/twitter-marketing/,http://blog.twitter.com/2009/10/theres-list-for-that.html,since 2009,article,520,http://blog.twitter.com/2009/10/theres-list-for-that.html,verified,False,False,False
after,https://robertdevore.com/twitter-marketing/,http://www.socialmediaexaminer.com/use-twitter-lists-business/,Social Media Examiner,article,200,https://www.socialmediaexaminer.com/use-twitter-lists-business/,verified,False,False,False
after,https://robertdevore.com/twitter-marketing/,https://www.postplanner.com/101-best-twitter-lists-to-follow/,industry experts,article,200,https://www.postplanner.com/blog/how-to-use-twitter-to-grow-your-business/,verified,False,False,False
after,https://robertdevore.com/twitter-marketing/,http://www.socialmediaexaminer.com/8-twitter-tips-to-improve-your-twitter-marketing/,curate popular content,article,200,https://www.socialmediaexaminer.com/8-twitter-tips-to-improve-your-twitter-marketing/,verified,False,False,False
after,https://robertdevore.com/twitter-marketing/,http://sproutsocial.com/insights/twitter-lists/,Sprout Social,article,200,https://sproutsocial.com/glossary/twitter-list/,verified,False,False,False
after,https://robertdevore.com/twitter-marketing/,http://www.socialmediaexaminer.com/use-twitter-lists-business/,cultivate business leads,article,200,https://www.socialmediaexaminer.com/use-twitter-lists-business/,verified,False,False,False
after,https://robertdevore.com/twitter-marketing/,http://marketingland.com/twitter-lists-for-marketers-18738/,How Marketers Can Tap Into Twitter Lists,article,200,https://martech.org/twitter-lists-for-marketers/,verified,False,False,False
after,https://robertdevore.com/twitter-marketing/,http://simplymeasured.com/blog/5-ways-to-use-twitter-lists-as-a-marketing-tactic/,5 Ways to Use Twitter Lists as a Marketing Tactic,article,200,https://sproutsocial.com/,verified,False,False,False
after,https://robertdevore.com/twitter-marketing/,https://blog.bufferapp.com/twitter-lists/,23 Seldom-Used Ideas for How to Use Twitter Lists,article,200,https://buffer.com/resources/how-to-use-twitter/,verified,False,False,False
after,https://robertdevore.com/twitter-marketing/,http://www.agorapulse.com/blog/twitter-lists-business-opportunities/,9 Ways to Use Twitter Lists to Build New Business Opportunities,article,200,https://www.agorapulse.com/blog/twitter-management/twitter-lists-business-opportunities/,verified,False,False,False
after,https://robertdevore.com/twitter-marketing/,http://www.statisticbrain.com/twitter-statistics/,actively use Twitter,article,0,,not checked,False,False,False
after,https://robertdevore.com/twitter-marketing/,https://www.postplanner.com/get-more-retweets-pin-tweet-to-profile/,pinned tweet,article,200,https://www.postplanner.com/get-more-retweets-pin-tweet-to-profile/,verified,False,False,False
after,https://robertdevore.com/twitter-marketing/,https://www.brandwatch.com/2016/03/industry-opinion-heres-how-id-monetise-twitter/,Brand Watch,article,200,https://www.brandwatch.com/blog/social-media-management-guide/,verified,False,False,False
after,https://robertdevore.com/twitter-marketing/,https://www.twitter.com/wpdispensary/,@WPDispensary,article,200,https://x.com/wpdispensary,verified,False,False,False
after,https://robertdevore.com/twitter-marketing/,https://twitter.com/WPDispensary/status/741299852890509312/,[non-text link],article,200,https://x.com/WPDispensary/status/741299852890509312/,verified,False,False,False
after,https://robertdevore.com/twitter-marketing/,http://blog.hubspot.com/insiders/how-to-write-a-twitter-bio/,how to write an effective Twitter bio,article,200,https://blog.hubspot.com/blog/tabid/6307/bid/25084/the-ultimate-cheat-sheet-for-expert-twitter-marketing.aspx,verified,False,False,False
after,https://robertdevore.com/twitter-marketing/,https://blog.bufferapp.com/how-to-create-powerful-twitter-bio/,connect your account,article,200,https://buffer.com/resources/how-to-create-powerful-twitter-bio/,verified,False,False,False
after,https://robertdevore.com/twitter-marketing/,http://www.twitter.com/deviorobert/,personal Twitter account,article,520,http://www.twitter.com/deviorobert/,verified,False,False,False
after,https://robertdevore.com/twitter-marketing/,http://www.twitter.com/garyvee/,Gary Vaynerchuk,article,520,http://www.twitter.com/garyvee/,verified,False,False,False
after,https://robertdevore.com/twitter-marketing/,https://twitter.com/JackCanfield/,Jack Canfield,article,200,https://x.com/JackCanfield,verified,False,False,False
after,https://robertdevore.com/twitter-marketing/,http://blog.brand24.com/5-tips-on-twitter-cover-photo/,creative way,article,410,https://brand24.com/blog/5-tips-on-twitter-cover-photo/,verified,False,False,False
after,https://robertdevore.com/twitter-marketing/,http://sproutsocial.com/insights/social-media-image-sizes-guide/,Always Up-To-Date Social Media Image Sizes,article,200,https://sproutsocial.com/insights/social-media-image-sizes-guide/,verified,False,False,False
after,https://robertdevore.com/twitter-marketing/,http://www.convinceandconvert.com/social-media-strategy/7-ingredients-in-the-perfect-twitter-profile/,7 Ingredients in the perfect Twitter profile,article,200,http://www.convinceandconvert.com/social-media/7-ingredients-in-the-perfect-twitter-profile/,verified,False,False,False
after,https://robertdevore.com/twitter-marketing/,https://blog.hubspot.com/marketing/twitter-header-image-examples/,23 Brilliant Twitter Cover Photo examples,article,200,https://blog.hubspot.com/blog/tabid/6307/bid/25084/the-ultimate-cheat-sheet-for-expert-twitter-marketing.aspx,verified,False,False,False
after,https://robertdevore.com/twitter-marketing/,https://www.postplanner.com/awesome-twitter-bio-ideas-to-entice-followers/,7 Twitter Bio Ideas That Entice Followers (and Make You Unforgettable),article,200,https://www.postplanner.com/awesome-twitter-bio-ideas-to-entice-followers/,verified,False,False,False
after,https://robertdevore.com/twitter-marketing/,https://x.com/deviorobert/,[non-text link],navigation,200,https://x.com/deviorobert,verified,False,False,False
after,https://robertdevore.com/twitter-marketing/,https://github.com/robertdevore/,[non-text link],navigation,200,https://github.com/robertdevore/,verified,False,False,False
after,https://robertdevore.com/two-years-building-wp-dispensary/,https://www.wpdispensary.com/,WP Dispensary,article,200,https://wpdispensary.com/,verified,False,False,False
after,https://robertdevore.com/two-years-building-wp-dispensary/,https://www.wordpress.org/,WordPress,article,200,https://wordpress.org/,verified,False,False,False
after,https://robertdevore.com/two-years-building-wp-dispensary/,https://www.leafly.com/,Leafly,article,200,https://www.leafly.com/,verified,False,False,False
after,https://robertdevore.com/two-years-building-wp-dispensary/,https://twitter.com/hashtag/WPDispensary/?src=hash&ref_src=twsrc%5Etfw,#WPDispensary,article,200,https://x.com/hashtag/WPDispensary/?src=hash&ref_src=twsrc%5Etfw,verified,False,False,False
after,https://robertdevore.com/two-years-building-wp-dispensary/,https://twitter.com/deviorobert/status/668949190706380800/?ref_src=twsrc%5Etfw,"November 24, 2015",article,200,https://x.com/deviorobert/status/668949190706380800/?ref_src=twsrc%5Etfw,verified,False,False,False
after,https://robertdevore.com/two-years-building-wp-dispensary/,https://twitter.com/deviorobert/status/667510760902365184/,few,article,200,https://x.com/deviorobert/status/667510760902365184/,verified,False,False,False
after,https://robertdevore.com/two-years-building-wp-dispensary/,https://twitter.com/deviorobert/status/656810593698074624/,different,article,200,https://x.com/deviorobert/status/656810593698074624/,verified,False,False,False
after,https://robertdevore.com/two-years-building-wp-dispensary/,https://twitter.com/deviorobert/status/667767383067611136/,screenshots,article,200,https://x.com/deviorobert/status/667767383067611136/,verified,False,False,False
after,https://robertdevore.com/two-years-building-wp-dispensary/,https://www.wpdispensary.com/welcome-to-wp-dispensary/,officially launch,article,200,https://wpdispensary.com/,verified,False,False,False
after,https://robertdevore.com/two-years-building-wp-dispensary/,https://www.wordpress.org/plugins/dispensary-coupons/,Coupons,article,200,https://wordpress.org/plugins/dispensary-coupons/,verified,False,False,False
after,https://robertdevore.com/two-years-building-wp-dispensary/,https://www.wpdispensary.com/downloads/dispensary-downloads/,Locations,article,200,https://wpdispensary.com/,verified,False,False,False
after,https://robertdevore.com/two-years-building-wp-dispensary/,https://www.wpdispensary.com/marketing-for-dispensaries/,Marketing for Dispensaries,article,200,https://wpdispensary.com/,verified,False,False,False
after,https://robertdevore.com/two-years-building-wp-dispensary/,https://twitter.com/hashtag/ebook/?src=hash&ref_src=twsrc%5Etfw,#ebook,article,200,https://x.com/hashtag/ebook/?src=hash&ref_src=twsrc%5Etfw,verified,False,False,False
after,https://robertdevore.com/two-years-building-wp-dispensary/,https://twitter.com/hashtag/mmj/?src=hash&ref_src=twsrc%5Etfw,#mmj,article,200,https://x.com/hashtag/mmj/?src=hash&ref_src=twsrc%5Etfw,verified,False,False,False
after,https://robertdevore.com/two-years-building-wp-dispensary/,https://twitter.com/hashtag/cannabismarketing/?src=hash&ref_src=twsrc%5Etfw,#cannabismarketing,article,200,https://x.com/hashtag/cannabismarketing/?src=hash&ref_src=twsrc%5Etfw,verified,False,False,False
after,https://robertdevore.com/two-years-building-wp-dispensary/,https://twitter.com/hashtag/marketing/?src=hash&ref_src=twsrc%5Etfw,#marketing,article,200,https://x.com/hashtag/marketing/?src=hash&ref_src=twsrc%5Etfw,verified,False,False,False
after,https://robertdevore.com/two-years-building-wp-dispensary/,https://t.co/DRzsMaYqdb/,pic.twitter.com/DRzsMaYqdb,article,404,https://t.co/DRzsMaYqdb/,verified,False,False,False
after,https://robertdevore.com/two-years-building-wp-dispensary/,https://twitter.com/WPDispensary/status/743192879430926337/?ref_src=twsrc%5Etfw,"June 15, 2016",article,200,https://x.com/WPDispensary/status/743192879430926337/?ref_src=twsrc%5Etfw,verified,False,False,False
after,https://robertdevore.com/two-years-building-wp-dispensary/,https://www.wpdispensary.com/100-free-marijuana-stock-photos/,cannabis stock photos,article,200,https://wpdispensary.com/,verified,False,False,False
after,https://robertdevore.com/two-years-building-wp-dispensary/,https://www.wpdispensary.com/downloads/cannabiz/,CannaBiz WordPress theme,article,200,https://wpdispensary.com/,verified,False,False,False
after,https://robertdevore.com/two-years-building-wp-dispensary/,https://twitter.com/WPDispensary/status/741299852890509312/,June of 2016,article,200,https://x.com/WPDispensary/status/741299852890509312/,verified,False,False,False
after,https://robertdevore.com/two-years-building-wp-dispensary/,https://twitter.com/WPDispensary/status/771309557561696256/?ref_src=twsrc%5Etfw,"September 1, 2016",article,200,https://x.com/WPDispensary/status/771309557561696256/?ref_src=twsrc%5Etfw,verified,False,False,False
after,https://robertdevore.com/two-years-building-wp-dispensary/,https://www.wpdispensary.com/downloads/dispensary-top-sellers/,Dispensary Top Sellers,article,200,https://wpdispensary.com/,verified,False,False,False
after,https://robertdevore.com/two-years-building-wp-dispensary/,https://www.wpdispensary.com/downloads/dispensary-inventory-management/,Inventory Management,article,200,https://wpdispensary.com/,verified,False,False,False
after,https://robertdevore.com/two-years-building-wp-dispensary/,https://www.wordpress.org/plugins/dispensary-age-verification/,Dispensary Age Verification,article,200,https://wordpress.org/plugins/dispensary-age-verification/,verified,False,False,False
after,https://robertdevore.com/two-years-building-wp-dispensary/,https://www.wpdispensary.com/downloads/wooconnect-for-woocommerce/,Connect for WooCommerce,article,200,https://wpdispensary.com/,verified,False,False,False
after,https://robertdevore.com/two-years-building-wp-dispensary/,https://www.wpdispensary.com/downloads/wooconnect-for-woocommerce/,[non-text link],article,200,https://wpdispensary.com/,verified,False,False,False
after,https://robertdevore.com/two-years-building-wp-dispensary/,https://www.woocommerce.com/,WooCommerce,article,200,https://woocommerce.com/,verified,False,False,False
after,https://robertdevore.com/two-years-building-wp-dispensary/,https://www.wpdispensary.com/top-5-wp-dispensary-code-snippets/,Top 5 Code Snippets,article,200,https://wpdispensary.com/,verified,False,False,False
after,https://robertdevore.com/two-years-building-wp-dispensary/,https://www.wpdispensary.com/downloads/cannabiz/,CannaBiz,article,200,https://wpdispensary.com/,verified,False,False,False
after,https://robertdevore.com/two-years-building-wp-dispensary/,https://www.wpdispensary.com/wordpress-plugins-to-extend-cannabiz-dispensary-theme/,WordPress plugins to extend the CannaBiz dispensary theme,article,200,https://wpdispensary.com/,verified,False,False,False
after,https://robertdevore.com/two-years-building-wp-dispensary/,https://www.wpdispensary.com/wp-dispensary-heavyweights-extension/,Heavyweights,article,200,https://wpdispensary.com/,verified,False,False,False
after,https://robertdevore.com/two-years-building-wp-dispensary/,https://www.wpdispensary.com/wooconnect-for-woocommerce-version-2/,Connect for WooCommerce,article,200,https://wpdispensary.com/,verified,False,False,False
after,https://robertdevore.com/two-years-building-wp-dispensary/,https://www.wpdispensary.com/styles-add-on-release-notes/,Styles,article,200,https://wpdispensary.com/,verified,False,False,False
after,https://robertdevore.com/two-years-building-wp-dispensary/,https://www.wpdispensary.com/for-developers/,Developers,article,200,https://wpdispensary.com/,verified,False,False,False
after,https://robertdevore.com/two-years-building-wp-dispensary/,https://www.wpdispensary.com/for-dispensaries/,Dispensaries,article,200,https://wpdispensary.com/,verified,False,False,False
after,https://robertdevore.com/two-years-building-wp-dispensary/,https://www.wpdispensary.com/documentation/,documentation,article,200,https://wpdispensary.com/,verified,False,False,False
after,https://robertdevore.com/two-years-building-wp-dispensary/,https://www.wpdispensary.com/dispensary-details-woocommerce/,Dispensary Details for WooCommerce,article,200,https://wpdispensary.com/,verified,False,False,False
after,https://robertdevore.com/two-years-building-wp-dispensary/,https://www.woocommerce.com/,WooCommerce,article,200,https://woocommerce.com/,verified,False,False,False
after,https://robertdevore.com/two-years-building-wp-dispensary/,https://www.wptavern.com/,WP Tavern,article,200,https://wptavern.com/,verified,False,False,False
after,https://robertdevore.com/two-years-building-wp-dispensary/,https://wptavern.com/new-dispensary-details-plugin-for-woocommerce-adds-cannabis-details-to-products/,New Dispensary Details Plugin for WooCommerce Adds Cannabis Details to Products,article,200,https://wptavern.com/new-dispensary-details-plugin-for-woocommerce-adds-cannabis-details-to-products,verified,False,False,False
after,https://robertdevore.com/two-years-building-wp-dispensary/,https://twitter.com/WPDispensary/?ref_src=twsrc%5Etfw,@WPDispensary,article,200,https://x.com/WPDispensary?ref_src=twsrc%5Etfw,verified,False,False,False
after,https://robertdevore.com/two-years-building-wp-dispensary/,https://twitter.com/deviorobert/status/912642836759236608/?ref_src=twsrc%5Etfw,"September 26, 2017",article,200,https://x.com/deviorobert/status/912642836759236608/?ref_src=twsrc%5Etfw,verified,False,False,False
after,https://robertdevore.com/two-years-building-wp-dispensary/,https://www.wpdispensary.com/,WP Dispensary,article,200,https://wpdispensary.com/,verified,False,False,False
after,https://robertdevore.com/two-years-building-wp-dispensary/,http://dispensary.press/,Dispensary.Press,article,0,,not checked,False,False,False
after,https://robertdevore.com/two-years-building-wp-dispensary/,http://cannabiz.design/,CannaBiz.Design,article,0,,not checked,False,False,False
after,https://robertdevore.com/two-years-building-wp-dispensary/,http://marijuanalawshq.com/,Marijuana Laws HQ,article,0,,not checked,False,False,False
after,https://robertdevore.com/two-years-building-wp-dispensary/,https://t.co/C9pDCbzkdx/,pic.twitter.com/C9pDCbzkdx,article,404,https://t.co/C9pDCbzkdx/,verified,False,False,False
after,https://robertdevore.com/two-years-building-wp-dispensary/,https://twitter.com/deviorobert/status/879021753443504128/?ref_src=twsrc%5Etfw,"June 25, 2017",article,200,https://x.com/deviorobert/status/879021753443504128/?ref_src=twsrc%5Etfw,verified,False,False,False
after,https://robertdevore.com/two-years-building-wp-dispensary/,https://x.com/deviorobert/,[non-text link],navigation,200,https://x.com/deviorobert,verified,False,False,False
after,https://robertdevore.com/two-years-building-wp-dispensary/,https://github.com/robertdevore/,[non-text link],navigation,200,https://github.com/robertdevore/,verified,False,False,False
after,https://robertdevore.com/use-ai-to-create-your-own-wwf-action-figure-blister-packs/,https://wwf.robertdevore.com/,WWF action figure blister pack,article,200,https://wwf.robertdevore.com/,verified,False,False,False
after,https://robertdevore.com/use-ai-to-create-your-own-wwf-action-figure-blister-packs/,https://x.com/deviorobert/status/1908725127056863581/,see here,article,200,https://x.com/deviorobert/status/1908725127056863581/,verified,False,False,False
after,https://robertdevore.com/use-ai-to-create-your-own-wwf-action-figure-blister-packs/,https://x.com/deviorobert/status/1909286888050995392/,25 popular icon designs styles,article,200,https://x.com/deviorobert/status/1909286888050995392/,verified,False,False,False
after,https://robertdevore.com/use-ai-to-create-your-own-wwf-action-figure-blister-packs/,https://prompts.robertdevore.com/blog/wwf-action-figure-blister-pack-json-prompt/,prompt,article,200,https://prompts.robertdevore.com/blog/wwf-action-figure-blister-pack-json-prompt/,verified,False,False,False
after,https://robertdevore.com/use-ai-to-create-your-own-wwf-action-figure-blister-packs/,https://prompts.robertdevore.com/,AI prompt library,article,200,https://prompts.robertdevore.com/,verified,False,False,False
after,https://robertdevore.com/use-ai-to-create-your-own-wwf-action-figure-blister-packs/,https://x.com/deviorobert/,[non-text link],navigation,200,https://x.com/deviorobert,verified,False,False,False
after,https://robertdevore.com/use-ai-to-create-your-own-wwf-action-figure-blister-packs/,https://github.com/robertdevore/,[non-text link],navigation,200,https://github.com/robertdevore/,verified,False,False,False
after,https://robertdevore.com/what-makes-content-beautifully-useful/,https://x.com/deviorobert/,[non-text link],navigation,200,https://x.com/deviorobert,verified,False,False,False
after,https://robertdevore.com/what-makes-content-beautifully-useful/,https://github.com/robertdevore/,[non-text link],navigation,200,https://github.com/robertdevore/,verified,False,False,False
after,https://robertdevore.com/why-wordpress-plugin-developers-need-security-audits/,https://x.com/deviorobert/,[non-text link],navigation,200,https://x.com/deviorobert,verified,False,False,False
after,https://robertdevore.com/why-wordpress-plugin-developers-need-security-audits/,https://github.com/robertdevore/,[non-text link],navigation,200,https://github.com/robertdevore/,verified,False,False,False
after,https://robertdevore.com/woocommerce-dispensary-details-plugin/,https://www.wpdispensary.com/,WP Dispensary,article,200,https://wpdispensary.com/,verified,False,False,False
after,https://robertdevore.com/woocommerce-dispensary-details-plugin/,https://www.giphy.com/,giphy,article,200,https://giphy.com/,verified,False,False,False
after,https://robertdevore.com/woocommerce-dispensary-details-plugin/,https://giphy.com/,giphy,article,200,https://giphy.com/,verified,False,False,False
after,https://robertdevore.com/woocommerce-dispensary-details-plugin/,https://www.woocommerce.com/,WooCommerce,article,200,https://woocommerce.com/,verified,False,False,False
after,https://robertdevore.com/woocommerce-dispensary-details-plugin/,https://www.giphy.com/,giphy,article,200,https://giphy.com/,verified,False,False,False
after,https://robertdevore.com/woocommerce-dispensary-details-plugin/,https://www.giphy.com/,giphy,article,200,https://giphy.com/,verified,False,False,False
after,https://robertdevore.com/woocommerce-dispensary-details-plugin/,https://www.wpdispensary.com/downloads/dispensary-details-for-woocommerce/,product page,article,200,https://wpdispensary.com/,verified,False,False,False
after,https://robertdevore.com/woocommerce-dispensary-details-plugin/,https://x.com/deviorobert/,[non-text link],navigation,200,https://x.com/deviorobert,verified,False,False,False
after,https://robertdevore.com/woocommerce-dispensary-details-plugin/,https://github.com/robertdevore/,[non-text link],navigation,200,https://github.com/robertdevore/,verified,False,False,False
after,https://robertdevore.com/wordpress-custom-post-types-code-snippets/,https://www.wpdispensary.com/,WP Dispensary,article,200,https://wpdispensary.com/,verified,False,False,False
after,https://robertdevore.com/wordpress-custom-post-types-code-snippets/,https://codex.wordpress.org/Version_3.0,version 3.0,article,403,https://codex.wordpress.org/Version_3.0,blocked/indeterminate,False,False,False
after,https://robertdevore.com/wordpress-custom-post-types-code-snippets/,https://torquemag.io/2015/12/wordpress-custom-post-types-tutorial/,Torque,article,200,https://torquemag.io/2015/12/wordpress-custom-post-types-tutorial/,verified,False,False,False
after,https://robertdevore.com/wordpress-custom-post-types-code-snippets/,https://www.twitter.com/deviorobert/,Twitter,article,200,https://x.com/deviorobert,verified,False,False,False
after,https://robertdevore.com/wordpress-custom-post-types-code-snippets/,https://angularjs.org/,AngularJS,article,200,https://angularjs.org/,verified,False,False,False
after,https://robertdevore.com/wordpress-custom-post-types-code-snippets/,https://vuejs.org/,vue.js,article,200,https://vuejs.org/,verified,False,False,False
after,https://robertdevore.com/wordpress-custom-post-types-code-snippets/,https://www.wpdispensary.com/demo/wp-json/wp/v2/flowers/,here,article,200,https://wpdispensary.com/,verified,False,False,False
after,https://robertdevore.com/wordpress-custom-post-types-code-snippets/,https://www.wpdispensary.com/,WP Dispensary,article,200,https://wpdispensary.com/,verified,False,False,False
after,https://robertdevore.com/wordpress-custom-post-types-code-snippets/,https://codex.wordpress.org/Embeds/,Embeds,article,403,https://codex.wordpress.org/Embeds/,blocked/indeterminate,False,False,False
after,https://robertdevore.com/wordpress-custom-post-types-code-snippets/,https://github.com/deviodigital/wp-dispensary/blob/2a7984cba6308498f3229d9035265bbdc7b2180d/public/class-wp-dispensary-public.php,here,article,200,https://github.com/getCannaBiz/cannabiz-menu/blob/2a7984cba6308498f3229d9035265bbdc7b2180d/public/class-wp-dispensary-public.php,verified,False,False,False
after,https://robertdevore.com/wordpress-custom-post-types-code-snippets/,https://codex.wordpress.org/Function_Reference/flush_rewrite_rules/,in the codex,article,403,https://codex.wordpress.org/Function_Reference/flush_rewrite_rules/,blocked/indeterminate,False,False,False
after,https://robertdevore.com/wordpress-custom-post-types-code-snippets/,https://github.com/deviodigital/wp-dispensary/blob/master/wp-dispensary.php,activation hook,article,200,https://github.com/getCannaBiz/cannabiz-menu/blob/master/wp-dispensary.php,verified,False,False,False
after,https://robertdevore.com/wordpress-custom-post-types-code-snippets/,https://codex.wordpress.org/Taxonomies/,tag,article,403,https://codex.wordpress.org/Taxonomies/,blocked/indeterminate,False,False,False
after,https://robertdevore.com/wordpress-custom-post-types-code-snippets/,https://codex.wordpress.org/Taxonomies/,category,article,403,https://codex.wordpress.org/Taxonomies/,blocked/indeterminate,False,False,False
after,https://robertdevore.com/wordpress-custom-post-types-code-snippets/,https://codex.wordpress.org/Settings_Permalinks_Screen/,permalink,article,403,https://codex.wordpress.org/Settings_Permalinks_Screen/,blocked/indeterminate,False,False,False
after,https://robertdevore.com/wordpress-custom-post-types-code-snippets/,http://www.ibenic.com/5-ways-make-plugin-extensible/,5 Ways to Make your WordPress Plugin Really Extensible,article,200,https://www.ibenic.com/5-ways-make-plugin-extensible/,verified,False,False,False
after,https://robertdevore.com/wordpress-custom-post-types-code-snippets/,https://hollerwp.com/wordpress-settings-autocomplete-field-using-ajax/,How to Make a WordPress Settings Autocomplete Field Using Ajax,article,200,https://hollerwp.com/wordpress-settings-autocomplete-field-using-ajax/,verified,False,False,False
after,https://robertdevore.com/wordpress-custom-post-types-code-snippets/,http://www.wpbeginner.com/wp-tutorials/12-most-useful-wordpress-custom-post-types-tutorials/,12 Most Useful WordPress Custom Post Types Tutorials,article,200,https://www.wpbeginner.com/wp-tutorials/12-most-useful-wordpress-custom-post-types-tutorials/,verified,False,False,False
after,https://robertdevore.com/wordpress-custom-post-types-code-snippets/,https://x.com/deviorobert/,[non-text link],navigation,200,https://x.com/deviorobert,verified,False,False,False
after,https://robertdevore.com/wordpress-custom-post-types-code-snippets/,https://github.com/robertdevore/,[non-text link],navigation,200,https://github.com/robertdevore/,verified,False,False,False
after,https://robertdevore.com/wordpress-plugin-security-is-a-joke-and-youre-the-punchline/,https://chatgpt.com/c/6826682a-bec0-800d-9ceb-68081e1362ba/,Contact me. Let’s lock it down.,article,403,https://chatgpt.com/c/6826682a-bec0-800d-9ceb-68081e1362ba/,blocked/indeterminate,False,False,False
after,https://robertdevore.com/wordpress-plugin-security-is-a-joke-and-youre-the-punchline/,https://x.com/deviorobert/,[non-text link],navigation,200,https://x.com/deviorobert,verified,False,False,False
after,https://robertdevore.com/wordpress-plugin-security-is-a-joke-and-youre-the-punchline/,https://github.com/robertdevore/,[non-text link],navigation,200,https://github.com/robertdevore/,verified,False,False,False
after,https://robertdevore.com/wordpress-woocommerce-plugins-i-will-no-longer-maintain/,https://github.com/robertdevore/bluesky-feed-for-wordpress/,Bluesky Feed for WordPress®,article,200,https://github.com/WebDevStudios/bluesky-feed-for-wordpress,verified,False,False,False
after,https://robertdevore.com/wordpress-woocommerce-plugins-i-will-no-longer-maintain/,https://github.com/robertdevore/slop-stopper/,Slop Stopper,article,200,https://github.com/WebDevStudios/slop-stopper,verified,False,False,False
after,https://robertdevore.com/wordpress-woocommerce-plugins-i-will-no-longer-maintain/,https://github.com/robertdevore/markdown-comments-for-wordpress/,Markdown Comments for WordPress®,article,200,https://github.com/robertdevore/markdown-comments-for-wordpress/,verified,False,False,False
after,https://robertdevore.com/wordpress-woocommerce-plugins-i-will-no-longer-maintain/,https://github.com/robertdevore/stats-for-wordpress/,Stats for WordPress®,article,200,https://github.com/robertdevore/stats-for-wordpress/,verified,False,False,False
after,https://robertdevore.com/wordpress-woocommerce-plugins-i-will-no-longer-maintain/,https://github.com/robertdevore/a11y-testimonial/,A11Y Testimonial Block,article,200,https://github.com/WebDevStudios/a11y-testimonial,verified,False,False,False
after,https://robertdevore.com/wordpress-woocommerce-plugins-i-will-no-longer-maintain/,https://github.com/robertdevore/db-version-control/,DB Version Control,article,200,https://github.com/WebDevStudios/db-version-control,verified,False,False,False
after,https://robertdevore.com/wordpress-woocommerce-plugins-i-will-no-longer-maintain/,https://github.com/robertdevore/img-a11y/,IMG A11Y,article,200,https://github.com/WebDevStudios/img-a11y,verified,False,False,False
after,https://robertdevore.com/wordpress-woocommerce-plugins-i-will-no-longer-maintain/,https://github.com/robertdevore/llms-txt-generator/,LLMs.txt Generator for WordPress®,article,200,https://github.com/robertdevore/llms-txt-generator/,verified,False,False,False
after,https://robertdevore.com/wordpress-woocommerce-plugins-i-will-no-longer-maintain/,https://github.com/robertdevore/projects-for-wordpress/,Projects for WordPress®,article,200,https://github.com/robertdevore/projects-for-wordpress/,verified,False,False,False
after,https://robertdevore.com/wordpress-woocommerce-plugins-i-will-no-longer-maintain/,https://github.com/robertdevore/newsletters-for-wordpress/,Newslettes for WordPress®,article,200,https://github.com/robertdevore/newsletters-for-wordpress/,verified,False,False,False
after,https://robertdevore.com/wordpress-woocommerce-plugins-i-will-no-longer-maintain/,https://github.com/robertdevore/gallery-modals/,Gallery Modals for WordPress®,article,200,https://github.com/robertdevore/gallery-modals/,verified,False,False,False
after,https://robertdevore.com/wordpress-woocommerce-plugins-i-will-no-longer-maintain/,https://github.com/robertdevore/email-validator-for-wordpress/,Email Validator for WordPress®,article,200,https://github.com/robertdevore/email-validator-for-wordpress/,verified,False,False,False
after,https://robertdevore.com/wordpress-woocommerce-plugins-i-will-no-longer-maintain/,https://github.com/robertdevore/associated-taxonomies/,Associated Taxonomies,article,200,https://github.com/WebDevStudios/associated-taxonomies,verified,False,False,False
after,https://robertdevore.com/wordpress-woocommerce-plugins-i-will-no-longer-maintain/,https://github.com/robertdevore/seo-for-wordpress/,SEO for WordPress®,article,200,https://github.com/robertdevore/seo-for-wordpress/,verified,False,False,False
after,https://robertdevore.com/wordpress-woocommerce-plugins-i-will-no-longer-maintain/,https://github.com/robertdevore/metadata-import-export-for-yoast/,Metadata Import/Export for Yoast,article,200,https://github.com/robertdevore/metadata-import-export-for-yoast/,verified,False,False,False
after,https://robertdevore.com/wordpress-woocommerce-plugins-i-will-no-longer-maintain/,https://github.com/robertdevore/stealth-login-page/,Stealth Login Page,article,200,https://github.com/robertdevore/stealth-login-page/,verified,False,False,False
after,https://robertdevore.com/wordpress-woocommerce-plugins-i-will-no-longer-maintain/,https://github.com/robertdevore/content-restriction-for-wordpress/,Content Restriction for WordPress®,article,200,https://github.com/WebDevStudios/content-restriction-for-wordpress,verified,False,False,False
after,https://robertdevore.com/wordpress-woocommerce-plugins-i-will-no-longer-maintain/,https://github.com/robertdevore/chapters-for-authors/,Chapters for Authors,article,200,https://github.com/robertdevore/chapters-for-authors/,verified,False,False,False
after,https://robertdevore.com/wordpress-woocommerce-plugins-i-will-no-longer-maintain/,https://github.com/robertdevore/pattern-pal/,Pattern Pal,article,200,https://github.com/WebDevStudios/pattern-pal,verified,False,False,False
after,https://robertdevore.com/wordpress-woocommerce-plugins-i-will-no-longer-maintain/,https://github.com/robertdevore/block-ai-crawlers/,Block AI Crawlers,article,200,https://github.com/robertdevore/block-ai-crawlers/,verified,False,False,False
after,https://robertdevore.com/wordpress-woocommerce-plugins-i-will-no-longer-maintain/,https://github.com/robertdevore/phlush-permalinks/,Phlush Permalinks,article,200,https://github.com/robertdevore/phlush-permalinks/,verified,False,False,False
after,https://robertdevore.com/wordpress-woocommerce-plugins-i-will-no-longer-maintain/,https://github.com/robertdevore/site-vitals-for-wordpress/,Site Vitals for WordPress®,article,200,https://github.com/WebDevStudios/site-vitals-for-wordpress,verified,False,False,False
after,https://robertdevore.com/wordpress-woocommerce-plugins-i-will-no-longer-maintain/,https://github.com/robertdevore/maintenance-mode-for-wordpress/,Maintenance Mode for WordPress®,article,200,https://github.com/robertdevore/maintenance-mode-for-wordpress/,verified,False,False,False
after,https://robertdevore.com/wordpress-woocommerce-plugins-i-will-no-longer-maintain/,https://github.com/robertdevore/markdown-exporter-for-wordpress/,Markdown Exporter for WordPress®,article,200,https://github.com/robertdevore/markdown-exporter-for-wordpress/,verified,False,False,False
after,https://robertdevore.com/wordpress-woocommerce-plugins-i-will-no-longer-maintain/,https://github.com/robertdevore/digg-this/,Digg This!,article,200,https://github.com/robertdevore/digg-this/,verified,False,False,False
after,https://robertdevore.com/wordpress-woocommerce-plugins-i-will-no-longer-maintain/,https://github.com/robertdevore/benchpress/,BenchPress,article,200,https://github.com/WebDevStudios/benchpress,verified,False,False,False
after,https://robertdevore.com/wordpress-woocommerce-plugins-i-will-no-longer-maintain/,https://github.com/robertdevore/frontend-post-order/,Frontend Post Order,article,200,https://github.com/robertdevore/frontend-post-order/,verified,False,False,False
after,https://robertdevore.com/wordpress-woocommerce-plugins-i-will-no-longer-maintain/,https://github.com/robertdevore/move-content-updated-link/,Move Content Updated Link,article,200,https://github.com/robertdevore/move-content-updated-link/,verified,False,False,False
after,https://robertdevore.com/wordpress-woocommerce-plugins-i-will-no-longer-maintain/,https://github.com/robertdevore/delete-inactive-users/,Delete Inactive Users,article,200,https://github.com/WebDevStudios/delete-inactive-users,verified,False,False,False
after,https://robertdevore.com/wordpress-woocommerce-plugins-i-will-no-longer-maintain/,https://github.com/robertdevore/custom-update-request-modifier/,Custom Update Request Modifier,article,200,https://github.com/robertdevore/custom-update-request-modifier/,verified,False,False,False
after,https://robertdevore.com/wordpress-woocommerce-plugins-i-will-no-longer-maintain/,https://github.com/robertdevore/cache-clearer-for-wp-rocket/,Cache Clearer for WP Rocket,article,200,https://github.com/robertdevore/cache-clearer-for-wp-rocket/,verified,False,False,False
after,https://robertdevore.com/wordpress-woocommerce-plugins-i-will-no-longer-maintain/,https://github.com/robertdevore/media-file-versioning/,Media File Versioning,article,200,https://github.com/WebDevStudios/media-file-versioning,verified,False,False,False
after,https://robertdevore.com/wordpress-woocommerce-plugins-i-will-no-longer-maintain/,https://github.com/robertdevore/media-copyright-scanner/,Media Copyright Scanner,article,200,https://github.com/robertdevore/media-copyright-scanner/,verified,False,False,False
after,https://robertdevore.com/wordpress-woocommerce-plugins-i-will-no-longer-maintain/,https://github.com/robertdevore/broken-image-scanner/,Broken Image Scanner,article,200,https://github.com/WebDevStudios/broken-image-scanner,verified,False,False,False
after,https://robertdevore.com/wordpress-woocommerce-plugins-i-will-no-longer-maintain/,https://github.com/deviodigital/module-usage-finder-for-divi/,Module Usage Finder for Divi,article,200,https://github.com/WebDevStudios/module-usage-finder-for-divi,verified,False,False,False
after,https://robertdevore.com/wordpress-woocommerce-plugins-i-will-no-longer-maintain/,https://github.com/robertdevore/block-usage-tracker/,Block Usage Tracker,article,200,https://github.com/WebDevStudios/block-usage-tracker,verified,False,False,False
after,https://robertdevore.com/wordpress-woocommerce-plugins-i-will-no-longer-maintain/,https://github.com/robertdevore/autocrattic/,Autocrattic,article,200,https://github.com/robertdevore/autocrattic/,verified,False,False,False
after,https://robertdevore.com/wordpress-woocommerce-plugins-i-will-no-longer-maintain/,https://github.com/robertdevore/persistent-dismissible-notices/,Persistent Dismissible Notices,article,200,https://github.com/WebDevStudios/persistent-dismissible-notices,verified,False,False,False
after,https://robertdevore.com/wordpress-woocommerce-plugins-i-will-no-longer-maintain/,https://github.com/robertdevore/wordplay/,WordPlay,article,200,https://github.com/robertdevore/wordplay/,verified,False,False,False
after,https://robertdevore.com/wordpress-woocommerce-plugins-i-will-no-longer-maintain/,https://github.com/robertdevore/table-block-enhancer/,Table Block Enhancer,article,200,https://github.com/robertdevore/table-block-enhancer/,verified,False,False,False
after,https://robertdevore.com/wordpress-woocommerce-plugins-i-will-no-longer-maintain/,https://github.com/robertdevore/module-usage-tracker-for-wp-bakery/,Module Usage Tracker for WP Bakery,article,200,https://github.com/robertdevore/module-usage-tracker-for-wp-bakery/,verified,False,False,False
after,https://robertdevore.com/wordpress-woocommerce-plugins-i-will-no-longer-maintain/,https://github.com/robertdevore/widget-usage-tracker-for-elementor/,Widget Usage Tracker for Elementor,article,200,https://github.com/WebDevStudios/widget-usage-tracker-for-elementor,verified,False,False,False
after,https://robertdevore.com/wordpress-woocommerce-plugins-i-will-no-longer-maintain/,https://github.com/robertdevore/user-login-status/,User Login Status,article,200,https://github.com/robertdevore/user-login-status/,verified,False,False,False
after,https://robertdevore.com/wordpress-woocommerce-plugins-i-will-no-longer-maintain/,https://github.com/robertdevore/lowercase-p-damnit/,lowercase p damnit,article,200,https://github.com/robertdevore/lowercase-p-damnit/,verified,False,False,False
after,https://robertdevore.com/wordpress-woocommerce-plugins-i-will-no-longer-maintain/,https://github.com/robertdevore/haikupress/,HaikuPress,article,200,https://github.com/robertdevore/haikupress/,verified,False,False,False
after,https://robertdevore.com/wordpress-woocommerce-plugins-i-will-no-longer-maintain/,https://github.com/robertdevore/sort-media-by-file-size/,Sort Media by File Size,article,200,https://github.com/WebDevStudios/sort-media-by-file-size,verified,False,False,False
after,https://robertdevore.com/wordpress-woocommerce-plugins-i-will-no-longer-maintain/,https://github.com/robertdevore/redirect-new-users/,Redirect New Users,article,200,https://github.com/robertdevore/redirect-new-users/,verified,False,False,False
after,https://robertdevore.com/wordpress-woocommerce-plugins-i-will-no-longer-maintain/,https://github.com/deviodigital/dispensary-age-verification/,Age Verification for WordPress®,article,200,https://github.com/deviodigital/dispensary-age-verification/,verified,False,False,False
after,https://robertdevore.com/wordpress-woocommerce-plugins-i-will-no-longer-maintain/,https://github.com/deviodigital/DocuPress/,DocuPress,article,200,https://github.com/WebDevStudios/DocuPress,verified,False,False,False
after,https://robertdevore.com/wordpress-woocommerce-plugins-i-will-no-longer-maintain/,https://github.com/deviodigital/link-attributes-for-publishers/,Link Attributes for Publishers,article,200,https://github.com/WebDevStudios/link-attributes-for-publishers,verified,False,False,False
after,https://robertdevore.com/wordpress-woocommerce-plugins-i-will-no-longer-maintain/,https://github.com/deviodigital/boostbox/,BoostBox,article,200,https://github.com/deviodigital/boostbox/,verified,False,False,False
after,https://robertdevore.com/wordpress-woocommerce-plugins-i-will-no-longer-maintain/,https://github.com/getCannaBiz/cannabiz-menu/,CannaBiz Menu,article,200,https://github.com/getCannaBiz/cannabiz-menu/,verified,False,False,False
after,https://robertdevore.com/wordpress-woocommerce-plugins-i-will-no-longer-maintain/,https://github.com/getCannaBiz/cannabiz-ecommerce/,CannaBiz eCommerce,article,200,https://github.com/getCannaBiz/cannabiz-ecommerce/,verified,False,False,False
after,https://robertdevore.com/wordpress-woocommerce-plugins-i-will-no-longer-maintain/,https://github.com/getCannaBiz/cannabiz-analytics/,CannaBiz Analytics,article,200,https://github.com/getCannaBiz/cannabiz-analytics/,verified,False,False,False
after,https://robertdevore.com/wordpress-woocommerce-plugins-i-will-no-longer-maintain/,https://github.com/getCannaBiz/cannabiz-coupons/,CannaBiz Coupons,article,200,https://github.com/getCannaBiz/cannabiz-coupons/,verified,False,False,False
after,https://robertdevore.com/wordpress-woocommerce-plugins-i-will-no-longer-maintain/,https://github.com/getCannaBiz/cannabiz-rewards/,CannaBiz Rewards,article,200,https://github.com/getCannaBiz/cannabiz-rewards/,verified,False,False,False
after,https://robertdevore.com/wordpress-woocommerce-plugins-i-will-no-longer-maintain/,https://github.com/robertdevore/back-in-stock-notifications/,Back in Stock Notifications for WooCommerce®,article,200,https://github.com/robertdevore/back-in-stock-notifications/,verified,False,False,False
after,https://robertdevore.com/wordpress-woocommerce-plugins-i-will-no-longer-maintain/,https://github.com/robertdevore/brands-for-woocommerce/,Brands for WooCommerce®,article,200,https://github.com/robertdevore/brands-for-woocommerce/,verified,False,False,False
after,https://robertdevore.com/wordpress-woocommerce-plugins-i-will-no-longer-maintain/,https://github.com/robertdevore/barcodes-for-woocommerce/,Barcodes for WooCommerce®,article,200,https://github.com/robertdevore/barcodes-for-woocommerce/,verified,False,False,False
after,https://robertdevore.com/wordpress-woocommerce-plugins-i-will-no-longer-maintain/,https://github.com/robertdevore/bulk-stock-management-for-woocommerce/,Bulk Stock Management for WooCommerce®,article,200,https://github.com/robertdevore/bulk-stock-management-for-woocommerce/,verified,False,False,False
after,https://robertdevore.com/wordpress-woocommerce-plugins-i-will-no-longer-maintain/,https://github.com/robertdevore/purchase-orders-for-woocommerce/,Purchase Orders for WooCommerce®,article,200,https://github.com/robertdevore/purchase-orders-for-woocommerce/,verified,False,False,False
after,https://robertdevore.com/wordpress-woocommerce-plugins-i-will-no-longer-maintain/,https://github.com/robertdevore/test-orders-for-woocommerce/,Test Orders for WooCommerce®,article,200,https://github.com/robertdevore/test-orders-for-woocommerce/,verified,False,False,False
after,https://robertdevore.com/wordpress-woocommerce-plugins-i-will-no-longer-maintain/,https://github.com/robertdevore/vertical-gallery-product-display/,Vertical Gallery Product Display,article,200,https://github.com/robertdevore/vertical-gallery-product-display/,verified,False,False,False
after,https://robertdevore.com/wordpress-woocommerce-plugins-i-will-no-longer-maintain/,https://github.com/robertdevore/tracking-blocker-for-woocommerce/,Tracking Blocker for WooCommerce®,article,200,https://github.com/robertdevore/tracking-blocker-for-woocommerce/,verified,False,False,False
after,https://robertdevore.com/wordpress-woocommerce-plugins-i-will-no-longer-maintain/,https://github.com/robertdevore/email-designer-for-woocommerce/,Email Designer for WooCommerce®,article,200,https://github.com/robertdevore/email-designer-for-woocommerce/,verified,False,False,False
after,https://robertdevore.com/wordpress-woocommerce-plugins-i-will-no-longer-maintain/,https://github.com/robertdevore/hpos-compatibility-scanner/,HPOS Compatibility Scanner,article,200,https://github.com/dustinparker/hpos-compatibility-scanner,verified,False,False,False
after,https://robertdevore.com/wordpress-woocommerce-plugins-i-will-no-longer-maintain/,https://github.com/robertdevore/gift-cards-for-woocommerce/,Gift Cards for WooCommerce®,article,200,https://github.com/robertdevore/gift-cards-for-woocommerce/,verified,False,False,False
after,https://robertdevore.com/wordpress-woocommerce-plugins-i-will-no-longer-maintain/,https://github.com/robertdevore/shipping-multiple-addresses-for-woocommerce/,Shipping Multiple Addresses for WooCommerce®,article,200,https://github.com/robertdevore/shipping-multiple-addresses-for-woocommerce/,verified,False,False,False
after,https://robertdevore.com/wordpress-woocommerce-plugins-i-will-no-longer-maintain/,https://github.com/deviodigital/download-renewals-for-woocommerce/,Download Renewals for WooCommerce®,article,200,https://github.com/deviodigital/download-renewals-for-woocommerce/,verified,False,False,False
after,https://robertdevore.com/wordpress-woocommerce-plugins-i-will-no-longer-maintain/,https://github.com/deviodigital/customer-loyalty-for-woocommerce/,Customer Loyalty for WooCommerce®,article,200,https://github.com/deviodigital/customer-loyalty-for-woocommerce/,verified,False,False,False
after,https://robertdevore.com/wordpress-woocommerce-plugins-i-will-no-longer-maintain/,https://github.com/deviodigital/delivery-drivers-for-woocommerce/,Delivery Drivers for WooCommerce®,article,200,https://github.com/deviodigital/delivery-drivers-for-woocommerce/,verified,False,False,False
after,https://robertdevore.com/wordpress-woocommerce-plugins-i-will-no-longer-maintain/,https://github.com/deviodigital/delivery-fees-for-woocommerce/,Delivery Fees for WooCommerce®,article,200,https://github.com/deviodigital/delivery-fees-for-woocommerce/,verified,False,False,False
after,https://robertdevore.com/wordpress-woocommerce-plugins-i-will-no-longer-maintain/,https://github.com/deviodigital/delivery-times-for-woocommerce/,Delivery Times for WooCommerce®,article,200,https://github.com/deviodigital/delivery-times-for-woocommerce/,verified,False,False,False
after,https://robertdevore.com/wordpress-woocommerce-plugins-i-will-no-longer-maintain/,https://github.com/getCannaBiz/dispensary-details-for-woocommerce/,Dispensary Details for WooCommerce®,article,200,https://github.com/getCannaBiz/dispensary-details-for-woocommerce/,verified,False,False,False
after,https://robertdevore.com/wordpress-woocommerce-plugins-i-will-no-longer-maintain/,https://stattic.site/,Stattic,article,200,https://stattic.site/,verified,False,False,False
after,https://robertdevore.com/wordpress-woocommerce-plugins-i-will-no-longer-maintain/,https://devio.chat/,Devio Chat,article,0,,not checked,False,False,False
after,https://robertdevore.com/wordpress-woocommerce-plugins-i-will-no-longer-maintain/,https://x.com/deviorobert/,[non-text link],navigation,200,https://x.com/deviorobert,verified,False,False,False
after,https://robertdevore.com/wordpress-woocommerce-plugins-i-will-no-longer-maintain/,https://github.com/robertdevore/,[non-text link],navigation,200,https://github.com/robertdevore/,verified,False,False,False
after,https://robertdevore.com/wp-dispensary-v2/,https://www.wordpress.org/plugins/wp-dispensary/,WP Dispensary,article,200,https://wordpress.org/plugins/wp-dispensary/,verified,False,False,False
after,https://robertdevore.com/wp-dispensary-v2/,https://www.wpdispensary.com/welcome-to-wp-dispensary/,first released,article,200,https://wpdispensary.com/,verified,False,False,False
after,https://robertdevore.com/wp-dispensary-v2/,https://www.wpdispensary.com/,WP Dispensary,article,200,https://wpdispensary.com/,verified,False,False,False
after,https://robertdevore.com/wp-dispensary-v2/,https://github.com/AhmadAwais/WP-OOP-Settings-API/,WP OOP Settings API,article,200,https://github.com/AhmadAwais/WP-OOP-Settings-API/,verified,False,False,False
after,https://robertdevore.com/wp-dispensary-v2/,https://www.ahmadawais.com/,Ahmad Awaias,article,200,https://ahmadawais.com/,verified,False,False,False
after,https://robertdevore.com/wp-dispensary-v2/,https://www.wpdispensary.com/demo/product/chemdawg/,version 2.0,article,200,https://wpdispensary.com/,verified,False,False,False
after,https://robertdevore.com/wp-dispensary-v2/,https://www.wpdispensary.com/,WP Dispensary,article,200,https://wpdispensary.com/,verified,False,False,False
after,https://robertdevore.com/wp-dispensary-v2/,https://www.wpdispensary.com/product/wooconnect-for-woocommerce/,Connect for WooCommerce,article,200,https://wpdispensary.com/,verified,False,False,False
after,https://robertdevore.com/wp-dispensary-v2/,https://www.wpdispensary.com/product/wooconnect-for-woocommerce/,Connect for WooCommerce,article,200,https://wpdispensary.com/,verified,False,False,False
after,https://robertdevore.com/wp-dispensary-v2/,https://www.wpdispensary.com/product/dispensary-heavyweights/,Heavyweights,article,200,https://wpdispensary.com/,verified,False,False,False
after,https://robertdevore.com/wp-dispensary-v2/,https://x.com/deviorobert/,[non-text link],navigation,200,https://x.com/deviorobert,verified,False,False,False
after,https://robertdevore.com/wp-dispensary-v2/,https://github.com/robertdevore/,[non-text link],navigation,200,https://github.com/robertdevore/,verified,False,False,False
after,https://robertdevore.com/wp-dispensary/,http://medicalmarijuana.procon.org/view.resource.php?resourceID=000881,29 states strong,article,403,https://www.britannica.com/procon,blocked/indeterminate,False,False,False
after,https://robertdevore.com/wp-dispensary/,http://www.wpdispensary.com/,[non-text link],article,200,https://wpdispensary.com/,verified,False,False,False
after,https://robertdevore.com/wp-dispensary/,http://www.wpdispensary.com/,WP Dispensary,article,200,https://wpdispensary.com/,verified,False,False,False
after,https://robertdevore.com/wp-dispensary/,https://wordpress.org/plugins/wp-dispensary/,WP Dispensary,article,200,https://wordpress.org/plugins/wp-dispensary/,verified,False,False,False
after,https://robertdevore.com/wp-dispensary/,https://www.wpdispensary.com/downloads/cannabiz/,CannaBiz,article,200,https://wpdispensary.com/,verified,False,False,False
after,https://robertdevore.com/wp-dispensary/,https://www.wpdispensary.com/downloads/cannabiz/,[non-text link],article,200,https://wpdispensary.com/,verified,False,False,False
after,https://robertdevore.com/wp-dispensary/,http://www.wordpress.org/plugins/wp-dispensary/,WordPress plugin directory,article,200,https://wordpress.org/plugins/wp-dispensary/,verified,False,False,False
after,https://robertdevore.com/wp-dispensary/,https://github.com/deviodigital/wp-dispensary/,Github repository,article,200,https://github.com/getCannaBiz/cannabiz-menu,verified,False,False,False
after,https://robertdevore.com/wp-dispensary/,https://x.com/deviorobert/,[non-text link],navigation,200,https://x.com/deviorobert,verified,False,False,False
after,https://robertdevore.com/wp-dispensary/,https://github.com/robertdevore/,[non-text link],navigation,200,https://github.com/robertdevore/,verified,False,False,False
after,https://robertdevore.com/wp-townhall-13-the-debate-kevin-geary-doesnt-want-you-to-see/,https://wptownhall.show/,WP Townhall,article,0,,not checked,False,False,False
after,https://robertdevore.com/wp-townhall-13-the-debate-kevin-geary-doesnt-want-you-to-see/,https://www.youtube.com/watch/?v=e6eHP6KWyrE,here,article,200,https://www.youtube.com/watch/?v=e6eHP6KWyrE,verified,False,False,False
after,https://robertdevore.com/wp-townhall-13-the-debate-kevin-geary-doesnt-want-you-to-see/,https://x.com/deviorobert/status/1915844735744315723/,"""THEY'RE ALL GONNA LAUGH AT YOU""",article,200,https://x.com/deviorobert/status/1915844735744315723/,verified,False,False,False
after,https://robertdevore.com/wp-townhall-13-the-debate-kevin-geary-doesnt-want-you-to-see/,https://x.com/deviorobert/,[non-text link],navigation,200,https://x.com/deviorobert,verified,False,False,False
after,https://robertdevore.com/wp-townhall-13-the-debate-kevin-geary-doesnt-want-you-to-see/,https://github.com/robertdevore/,[non-text link],navigation,200,https://github.com/robertdevore/,verified,False,False,False
after,https://robertdevore.com/wtf-is-wordpress/,https://www.youtube.com/watch/?v=2_JTzEppKy8,youtube,article,200,https://www.youtube.com/watch/?v=2_JTzEppKy8,verified,False,False,False
after,https://robertdevore.com/wtf-is-wordpress/,https://x.com/deviorobert/status/1540485039208767489/,link,article,200,https://x.com/deviorobert/status/1540485039208767489/,verified,False,False,False
after,https://robertdevore.com/wtf-is-wordpress/,https://www.wordpress.org/,WordPress,article,200,https://wordpress.org/,verified,False,False,False
after,https://robertdevore.com/wtf-is-wordpress/,https://en.wikipedia.org/wiki/WordPress/,Wikipedia,article,404,https://en.wikipedia.org/wiki/WordPress/,verified,False,False,False
after,https://robertdevore.com/wtf-is-wordpress/,https://en.wikipedia.org/wiki/WordPress.com,Wikipedia,article,200,https://en.wikipedia.org/wiki/WordPress.com,verified,False,False,False
after,https://robertdevore.com/wtf-is-wordpress/,https://www.krishaweb.com/blog/what-is-a-wordpress-vip/,link,article,200,https://www.krishaweb.com/blog/what-is-a-wordpress-vip/,verified,False,False,False
after,https://robertdevore.com/wtf-is-wordpress/,https://wordpress.org/news/2024/09/wp-engine/,reference,article,200,https://wordpress.org/news/2024/09/wp-engine/,verified,False,False,False
after,https://robertdevore.com/wtf-is-wordpress/,https://www.wordpress.org/,open source software,article,200,https://wordpress.org/,verified,False,False,False
after,https://robertdevore.com/wtf-is-wordpress/,https://ma.tt/2010/09/wordpress-trademark/,giving the “WordPress” trademark to it,article,200,https://ma.tt/2010/09/wordpress-trademark/,verified,False,False,False
after,https://robertdevore.com/wtf-is-wordpress/,https://x.com/photomatt/status/1837800253342335024/,ref,article,200,https://x.com/photomatt/status/1837800253342335024/,verified,False,False,False
after,https://robertdevore.com/wtf-is-wordpress/,https://x.com/photomatt/status/1837825438070329525/,source,article,200,https://x.com/photomatt/status/1837825438070329525/,verified,False,False,False
after,https://robertdevore.com/wtf-is-wordpress/,https://x.com/CheleFarley/,pinned tweet,article,200,https://x.com/CheleFarley,verified,False,False,False
after,https://robertdevore.com/wtf-is-wordpress/,https://x.com/sereedmedia/status/1837910118496981268/,she lost … twice,article,200,https://x.com/sereedmedia/status/1837910118496981268/,verified,False,False,False
after,https://robertdevore.com/wtf-is-wordpress/,https://pearsonified.com/truth-about-thesis-com/,source,article,200,https://pearsonified.com/truth-about-thesis-com/,verified,False,False,False
after,https://robertdevore.com/wtf-is-wordpress/,https://wptavern.com/matt-mullenweg-identifies-godaddy-as-a-parasitic-company-and-an-existential-threat-to-wordpress-future/,reference,article,200,https://wptavern.com/matt-mullenweg-identifies-godaddy-as-a-parasitic-company-and-an-existential-threat-to-wordpress-future,verified,False,False,False
after,https://robertdevore.com/wtf-is-wordpress/,https://x.com/deviorobert/status/1540089135444234251/,discussed,article,200,https://x.com/deviorobert/status/1540089135444234251/,verified,False,False,False
after,https://robertdevore.com/wtf-is-wordpress/,https://blackrocksbigproblem.com/,BlackRock,article,200,https://blackrocksbigproblem.com/,verified,False,False,False
after,https://robertdevore.com/wtf-is-wordpress/,https://x.com/photomatt/status/1065227975715680256/,source,article,200,https://x.com/photomatt/status/1065227975715680256/,verified,False,False,False
after,https://robertdevore.com/wtf-is-wordpress/,https://x.com/photomatt/status/1258513648873422848/,source,article,200,https://x.com/photomatt/status/1258513648873422848/,verified,False,False,False
after,https://robertdevore.com/wtf-is-wordpress/,https://wordpress.org/news/2024/09/wp-engine/,source,article,200,https://wordpress.org/news/2024/09/wp-engine/,verified,False,False,False
after,https://robertdevore.com/wtf-is-wordpress/,https://x.com/photomatt/status/1837330036682321952/,link,article,200,https://x.com/photomatt/status/1837330036682321952/,verified,False,False,False
after,https://robertdevore.com/wtf-is-wordpress/,https://twitter.com/deviorobert/status/1837360950988374231/?ref_src=twsrc%5Etfw,"September 21, 2024",article,200,https://x.com/deviorobert/status/1837360950988374231/?ref_src=twsrc%5Etfw,verified,False,False,False
after,https://robertdevore.com/wtf-is-wordpress/,https://x.com/deviorobert/status/1837932462858817872/,source,article,200,https://x.com/deviorobert/status/1837932462858817872/,verified,False,False,False
after,https://robertdevore.com/wtf-is-wordpress/,https://wordpress.org/news/2024/09/wp-engine/,source,article,200,https://wordpress.org/news/2024/09/wp-engine/,verified,False,False,False
after,https://robertdevore.com/wtf-is-wordpress/,https://x.com/photomatt/status/1258375039184965633/,source,article,200,https://x.com/photomatt/status/1258375039184965633/,verified,False,False,False
after,https://robertdevore.com/wtf-is-wordpress/,https://twitter.com/photomatt/status/1837302638939099339/?ref_src=twsrc%5Etfw,"September 21, 2024",article,200,https://x.com/photomatt/status/1837302638939099339/?ref_src=twsrc%5Etfw,verified,False,False,False
after,https://robertdevore.com/wtf-is-wordpress/,https://wplift.com/forked-wordpress/,caused controversy,article,403,https://wplift.com/forked-wordpress/,blocked/indeterminate,False,False,False
after,https://robertdevore.com/wtf-is-wordpress/,https://ma.tt/2021/08/funding-buyback-hiring/,venture backed company,article,200,https://ma.tt/2021/08/funding-buyback-hiring/,verified,False,False,False
after,https://robertdevore.com/wtf-is-wordpress/,https://twitter.com/hashtag/wcus/?src=hash&ref_src=twsrc%5Etfw,#wcus,article,200,https://x.com/hashtag/wcus/?src=hash&ref_src=twsrc%5Etfw,verified,False,False,False
after,https://robertdevore.com/wtf-is-wordpress/,https://twitter.com/wpengine/?ref_src=twsrc%5Etfw,@wpengine,article,200,https://x.com/wpengine?ref_src=twsrc%5Etfw,verified,False,False,False
after,https://robertdevore.com/wtf-is-wordpress/,https://twitter.com/photomatt/status/1837303425106837784/?ref_src=twsrc%5Etfw,"September 21, 2024",article,200,https://x.com/photomatt/status/1837303425106837784/?ref_src=twsrc%5Etfw,verified,False,False,False
after,https://robertdevore.com/wtf-is-wordpress/,https://x.com/photomatt/status/1837330828726087858/,source,article,200,https://x.com/photomatt/status/1837330828726087858/,verified,False,False,False
after,https://robertdevore.com/wtf-is-wordpress/,https://mashable.com/article/tumblr-wordpress-selling-user-data-openai-mirjourney/,source,article,200,https://mashable.com/article/tumblr-wordpress-selling-user-data-openai-mirjourney,verified,False,False,False
after,https://robertdevore.com/wtf-is-wordpress/,https://automattic.com/2024/02/27/protecting-user-choice/,source,article,200,https://automattic.com/2024/02/27/protecting-user-choice/,verified,False,False,False
after,https://robertdevore.com/wtf-is-wordpress/,https://x.com/deviorobert/,[non-text link],navigation,200,https://x.com/deviorobert,verified,False,False,False
after,https://robertdevore.com/wtf-is-wordpress/,https://github.com/robertdevore/,[non-text link],navigation,200,https://github.com/robertdevore/,verified,False,False,False
after,https://robertdevore.com/zero-cool-cli-a-hackers-terminal-from-1995/,https://github.com/robertdevore/zero-cool-cli/,Zero Cool CLI,article,200,https://github.com/robertdevore/zero-cool-cli/,verified,False,False,False
after,https://robertdevore.com/zero-cool-cli-a-hackers-terminal-from-1995/,https://github.com/robertdevore/laravel-cli/,CLI script,article,200,https://github.com/robertdevore/laravel-cli/,verified,False,False,False
after,https://robertdevore.com/zero-cool-cli-a-hackers-terminal-from-1995/,https://laravel-zero.com/,Laravel Zero,article,200,https://laravel-zero.com/,verified,False,False,False
after,https://robertdevore.com/zero-cool-cli-a-hackers-terminal-from-1995/,https://github.com/robertdevore/zero-cool-cli/,Zero Cool CLI on GitHub,article,200,https://github.com/robertdevore/zero-cool-cli/,verified,False,False,False
after,https://robertdevore.com/zero-cool-cli-a-hackers-terminal-from-1995/,https://x.com/deviorobert/,[non-text link],navigation,200,https://x.com/deviorobert,verified,False,False,False
after,https://robertdevore.com/zero-cool-cli-a-hackers-terminal-from-1995/,https://github.com/robertdevore/,[non-text link],navigation,200,https://github.com/robertdevore/,verified,False,False,False
