phase,priority,category,affected_pages,evidence,expected_benefit,confidence,difficulty,recommended_action,status
baseline,P3,metadata,https://robertdevore.com/,duplicate title,"clearer discovery, interpretation, or result presentation",high,low to medium,resolve using factual page-specific or systemic markup,open
baseline,P3,metadata,https://robertdevore.com/,duplicate description,"clearer discovery, interpretation, or result presentation",high,low to medium,resolve using factual page-specific or systemic markup,open
baseline,P3,metadata,https://robertdevore.com/,legacy meta keywords present,"clearer discovery, interpretation, or result presentation",high,low to medium,resolve using factual page-specific or systemic markup,open
baseline,P3,metadata,https://robertdevore.com/,large Twitter card has no image,"clearer discovery, interpretation, or result presentation",high,low to medium,resolve using factual page-specific or systemic markup,open
baseline,P3,metadata,https://robertdevore.com/5-python-scripts-for-osint-and-pentesting/,legacy meta keywords present,"clearer discovery, interpretation, or result presentation",high,low to medium,resolve using factual page-specific or systemic markup,open
baseline,P3,metadata,https://robertdevore.com/5-python-scripts-for-osint-and-pentesting/,large Twitter card has no image,"clearer discovery, interpretation, or result presentation",high,low to medium,resolve using factual page-specific or systemic markup,open
baseline,P3,metadata,https://robertdevore.com/5-questions-you-must-answer-before-writing-anything/,legacy meta keywords present,"clearer discovery, interpretation, or result presentation",high,low to medium,resolve using factual page-specific or systemic markup,open
baseline,P3,metadata,https://robertdevore.com/5-questions-you-must-answer-before-writing-anything/,large Twitter card has no image,"clearer discovery, interpretation, or result presentation",high,low to medium,resolve using factual page-specific or systemic markup,open
baseline,P3,metadata,https://robertdevore.com/5-things-i-learned-building-my-first-gutenberg-blocks-plugin/,legacy meta keywords present,"clearer discovery, interpretation, or result presentation",high,low to medium,resolve using factual page-specific or systemic markup,open
baseline,P3,metadata,https://robertdevore.com/5-things-i-learned-building-my-first-gutenberg-blocks-plugin/,large Twitter card has no image,"clearer discovery, interpretation, or result presentation",high,low to medium,resolve using factual page-specific or systemic markup,open
baseline,P3,metadata,https://robertdevore.com/7-days-full-time-wp-dispensary/,legacy meta keywords present,"clearer discovery, interpretation, or result presentation",high,low to medium,resolve using factual page-specific or systemic markup,open
baseline,P3,metadata,https://robertdevore.com/7-days-full-time-wp-dispensary/,large Twitter card has no image,"clearer discovery, interpretation, or result presentation",high,low to medium,resolve using factual page-specific or systemic markup,open
baseline,P3,metadata,https://robertdevore.com/about/,legacy meta keywords present,"clearer discovery, interpretation, or result presentation",high,low to medium,resolve using factual page-specific or systemic markup,open
baseline,P3,metadata,https://robertdevore.com/about/,large Twitter card has no image,"clearer discovery, interpretation, or result presentation",high,low to medium,resolve using factual page-specific or systemic markup,open
baseline,P3,metadata,https://robertdevore.com/all-in-one-wp-migration-plugin-ddos-attack/,legacy meta keywords present,"clearer discovery, interpretation, or result presentation",high,low to medium,resolve using factual page-specific or systemic markup,open
baseline,P3,metadata,https://robertdevore.com/all-in-one-wp-migration-plugin-ddos-attack/,large Twitter card has no image,"clearer discovery, interpretation, or result presentation",high,low to medium,resolve using factual page-specific or systemic markup,open
baseline,P3,metadata,https://robertdevore.com/back-to-basics/,legacy meta keywords present,"clearer discovery, interpretation, or result presentation",high,low to medium,resolve using factual page-specific or systemic markup,open
baseline,P3,metadata,https://robertdevore.com/back-to-basics/,large Twitter card has no image,"clearer discovery, interpretation, or result presentation",high,low to medium,resolve using factual page-specific or systemic markup,open
baseline,P3,metadata,https://robertdevore.com/blog/,duplicate title,"clearer discovery, interpretation, or result presentation",high,low to medium,resolve using factual page-specific or systemic markup,open
baseline,P3,metadata,https://robertdevore.com/blog/,duplicate description,"clearer discovery, interpretation, or result presentation",high,low to medium,resolve using factual page-specific or systemic markup,open
baseline,P3,metadata,https://robertdevore.com/blog/,legacy meta keywords present,"clearer discovery, interpretation, or result presentation",high,low to medium,resolve using factual page-specific or systemic markup,open
baseline,P3,metadata,https://robertdevore.com/blog/,large Twitter card has no image,"clearer discovery, interpretation, or result presentation",high,low to medium,resolve using factual page-specific or systemic markup,open
baseline,P2,schema,https://robertdevore.com/blog/,listing represented as WebSite,"clearer discovery, interpretation, or result presentation",high,low to medium,resolve using factual page-specific or systemic markup,open
baseline,P3,metadata,https://robertdevore.com/blog/page/10/,duplicate title,"clearer discovery, interpretation, or result presentation",high,low to medium,resolve using factual page-specific or systemic markup,open
baseline,P3,metadata,https://robertdevore.com/blog/page/10/,duplicate description,"clearer discovery, interpretation, or result presentation",high,low to medium,resolve using factual page-specific or systemic markup,open
baseline,P3,metadata,https://robertdevore.com/blog/page/10/,legacy meta keywords present,"clearer discovery, interpretation, or result presentation",high,low to medium,resolve using factual page-specific or systemic markup,open
baseline,P3,metadata,https://robertdevore.com/blog/page/10/,large Twitter card has no image,"clearer discovery, interpretation, or result presentation",high,low to medium,resolve using factual page-specific or systemic markup,open
baseline,P2,schema,https://robertdevore.com/blog/page/10/,listing represented as WebSite,"clearer discovery, interpretation, or result presentation",high,low to medium,resolve using factual page-specific or systemic markup,open
baseline,P3,metadata,https://robertdevore.com/blog/page/11/,duplicate title,"clearer discovery, interpretation, or result presentation",high,low to medium,resolve using factual page-specific or systemic markup,open
baseline,P3,metadata,https://robertdevore.com/blog/page/11/,duplicate description,"clearer discovery, interpretation, or result presentation",high,low to medium,resolve using factual page-specific or systemic markup,open
baseline,P3,metadata,https://robertdevore.com/blog/page/11/,legacy meta keywords present,"clearer discovery, interpretation, or result presentation",high,low to medium,resolve using factual page-specific or systemic markup,open
baseline,P3,metadata,https://robertdevore.com/blog/page/11/,large Twitter card has no image,"clearer discovery, interpretation, or result presentation",high,low to medium,resolve using factual page-specific or systemic markup,open
baseline,P2,schema,https://robertdevore.com/blog/page/11/,listing represented as WebSite,"clearer discovery, interpretation, or result presentation",high,low to medium,resolve using factual page-specific or systemic markup,open
baseline,P3,metadata,https://robertdevore.com/blog/page/12/,duplicate title,"clearer discovery, interpretation, or result presentation",high,low to medium,resolve using factual page-specific or systemic markup,open
baseline,P3,metadata,https://robertdevore.com/blog/page/12/,duplicate description,"clearer discovery, interpretation, or result presentation",high,low to medium,resolve using factual page-specific or systemic markup,open
baseline,P3,metadata,https://robertdevore.com/blog/page/12/,legacy meta keywords present,"clearer discovery, interpretation, or result presentation",high,low to medium,resolve using factual page-specific or systemic markup,open
baseline,P3,metadata,https://robertdevore.com/blog/page/12/,large Twitter card has no image,"clearer discovery, interpretation, or result presentation",high,low to medium,resolve using factual page-specific or systemic markup,open
baseline,P2,schema,https://robertdevore.com/blog/page/12/,listing represented as WebSite,"clearer discovery, interpretation, or result presentation",high,low to medium,resolve using factual page-specific or systemic markup,open
baseline,P3,metadata,https://robertdevore.com/blog/page/2/,duplicate title,"clearer discovery, interpretation, or result presentation",high,low to medium,resolve using factual page-specific or systemic markup,open
baseline,P3,metadata,https://robertdevore.com/blog/page/2/,duplicate description,"clearer discovery, interpretation, or result presentation",high,low to medium,resolve using factual page-specific or systemic markup,open
baseline,P3,metadata,https://robertdevore.com/blog/page/2/,legacy meta keywords present,"clearer discovery, interpretation, or result presentation",high,low to medium,resolve using factual page-specific or systemic markup,open
baseline,P3,metadata,https://robertdevore.com/blog/page/2/,large Twitter card has no image,"clearer discovery, interpretation, or result presentation",high,low to medium,resolve using factual page-specific or systemic markup,open
baseline,P2,schema,https://robertdevore.com/blog/page/2/,listing represented as WebSite,"clearer discovery, interpretation, or result presentation",high,low to medium,resolve using factual page-specific or systemic markup,open
baseline,P3,metadata,https://robertdevore.com/blog/page/3/,duplicate title,"clearer discovery, interpretation, or result presentation",high,low to medium,resolve using factual page-specific or systemic markup,open
baseline,P3,metadata,https://robertdevore.com/blog/page/3/,duplicate description,"clearer discovery, interpretation, or result presentation",high,low to medium,resolve using factual page-specific or systemic markup,open
baseline,P3,metadata,https://robertdevore.com/blog/page/3/,legacy meta keywords present,"clearer discovery, interpretation, or result presentation",high,low to medium,resolve using factual page-specific or systemic markup,open
baseline,P3,metadata,https://robertdevore.com/blog/page/3/,large Twitter card has no image,"clearer discovery, interpretation, or result presentation",high,low to medium,resolve using factual page-specific or systemic markup,open
baseline,P2,schema,https://robertdevore.com/blog/page/3/,listing represented as WebSite,"clearer discovery, interpretation, or result presentation",high,low to medium,resolve using factual page-specific or systemic markup,open
baseline,P3,metadata,https://robertdevore.com/blog/page/4/,duplicate title,"clearer discovery, interpretation, or result presentation",high,low to medium,resolve using factual page-specific or systemic markup,open
baseline,P3,metadata,https://robertdevore.com/blog/page/4/,duplicate description,"clearer discovery, interpretation, or result presentation",high,low to medium,resolve using factual page-specific or systemic markup,open
baseline,P3,metadata,https://robertdevore.com/blog/page/4/,legacy meta keywords present,"clearer discovery, interpretation, or result presentation",high,low to medium,resolve using factual page-specific or systemic markup,open
baseline,P3,metadata,https://robertdevore.com/blog/page/4/,large Twitter card has no image,"clearer discovery, interpretation, or result presentation",high,low to medium,resolve using factual page-specific or systemic markup,open
baseline,P2,schema,https://robertdevore.com/blog/page/4/,listing represented as WebSite,"clearer discovery, interpretation, or result presentation",high,low to medium,resolve using factual page-specific or systemic markup,open
baseline,P3,metadata,https://robertdevore.com/blog/page/5/,duplicate title,"clearer discovery, interpretation, or result presentation",high,low to medium,resolve using factual page-specific or systemic markup,open
baseline,P3,metadata,https://robertdevore.com/blog/page/5/,duplicate description,"clearer discovery, interpretation, or result presentation",high,low to medium,resolve using factual page-specific or systemic markup,open
baseline,P3,metadata,https://robertdevore.com/blog/page/5/,legacy meta keywords present,"clearer discovery, interpretation, or result presentation",high,low to medium,resolve using factual page-specific or systemic markup,open
baseline,P3,metadata,https://robertdevore.com/blog/page/5/,large Twitter card has no image,"clearer discovery, interpretation, or result presentation",high,low to medium,resolve using factual page-specific or systemic markup,open
baseline,P2,schema,https://robertdevore.com/blog/page/5/,listing represented as WebSite,"clearer discovery, interpretation, or result presentation",high,low to medium,resolve using factual page-specific or systemic markup,open
baseline,P3,metadata,https://robertdevore.com/blog/page/6/,duplicate title,"clearer discovery, interpretation, or result presentation",high,low to medium,resolve using factual page-specific or systemic markup,open
baseline,P3,metadata,https://robertdevore.com/blog/page/6/,duplicate description,"clearer discovery, interpretation, or result presentation",high,low to medium,resolve using factual page-specific or systemic markup,open
baseline,P3,metadata,https://robertdevore.com/blog/page/6/,legacy meta keywords present,"clearer discovery, interpretation, or result presentation",high,low to medium,resolve using factual page-specific or systemic markup,open
baseline,P3,metadata,https://robertdevore.com/blog/page/6/,large Twitter card has no image,"clearer discovery, interpretation, or result presentation",high,low to medium,resolve using factual page-specific or systemic markup,open
baseline,P2,schema,https://robertdevore.com/blog/page/6/,listing represented as WebSite,"clearer discovery, interpretation, or result presentation",high,low to medium,resolve using factual page-specific or systemic markup,open
baseline,P3,crawlability,https://robertdevore.com/blog/page/6/,more than three clicks from homepage,"clearer discovery, interpretation, or result presentation",high,low to medium,resolve using factual page-specific or systemic markup,open
baseline,P3,metadata,https://robertdevore.com/blog/page/7/,duplicate title,"clearer discovery, interpretation, or result presentation",high,low to medium,resolve using factual page-specific or systemic markup,open
baseline,P3,metadata,https://robertdevore.com/blog/page/7/,duplicate description,"clearer discovery, interpretation, or result presentation",high,low to medium,resolve using factual page-specific or systemic markup,open
baseline,P3,metadata,https://robertdevore.com/blog/page/7/,legacy meta keywords present,"clearer discovery, interpretation, or result presentation",high,low to medium,resolve using factual page-specific or systemic markup,open
baseline,P3,metadata,https://robertdevore.com/blog/page/7/,large Twitter card has no image,"clearer discovery, interpretation, or result presentation",high,low to medium,resolve using factual page-specific or systemic markup,open
baseline,P2,schema,https://robertdevore.com/blog/page/7/,listing represented as WebSite,"clearer discovery, interpretation, or result presentation",high,low to medium,resolve using factual page-specific or systemic markup,open
baseline,P3,crawlability,https://robertdevore.com/blog/page/7/,more than three clicks from homepage,"clearer discovery, interpretation, or result presentation",high,low to medium,resolve using factual page-specific or systemic markup,open
baseline,P3,metadata,https://robertdevore.com/blog/page/8/,duplicate title,"clearer discovery, interpretation, or result presentation",high,low to medium,resolve using factual page-specific or systemic markup,open
baseline,P3,metadata,https://robertdevore.com/blog/page/8/,duplicate description,"clearer discovery, interpretation, or result presentation",high,low to medium,resolve using factual page-specific or systemic markup,open
baseline,P3,metadata,https://robertdevore.com/blog/page/8/,legacy meta keywords present,"clearer discovery, interpretation, or result presentation",high,low to medium,resolve using factual page-specific or systemic markup,open
baseline,P3,metadata,https://robertdevore.com/blog/page/8/,large Twitter card has no image,"clearer discovery, interpretation, or result presentation",high,low to medium,resolve using factual page-specific or systemic markup,open
baseline,P2,schema,https://robertdevore.com/blog/page/8/,listing represented as WebSite,"clearer discovery, interpretation, or result presentation",high,low to medium,resolve using factual page-specific or systemic markup,open
baseline,P3,crawlability,https://robertdevore.com/blog/page/8/,more than three clicks from homepage,"clearer discovery, interpretation, or result presentation",high,low to medium,resolve using factual page-specific or systemic markup,open
baseline,P3,metadata,https://robertdevore.com/blog/page/9/,duplicate title,"clearer discovery, interpretation, or result presentation",high,low to medium,resolve using factual page-specific or systemic markup,open
baseline,P3,metadata,https://robertdevore.com/blog/page/9/,duplicate description,"clearer discovery, interpretation, or result presentation",high,low to medium,resolve using factual page-specific or systemic markup,open
baseline,P3,metadata,https://robertdevore.com/blog/page/9/,legacy meta keywords present,"clearer discovery, interpretation, or result presentation",high,low to medium,resolve using factual page-specific or systemic markup,open
baseline,P3,metadata,https://robertdevore.com/blog/page/9/,large Twitter card has no image,"clearer discovery, interpretation, or result presentation",high,low to medium,resolve using factual page-specific or systemic markup,open
baseline,P2,schema,https://robertdevore.com/blog/page/9/,listing represented as WebSite,"clearer discovery, interpretation, or result presentation",high,low to medium,resolve using factual page-specific or systemic markup,open
baseline,P3,crawlability,https://robertdevore.com/blog/page/9/,more than three clicks from homepage,"clearer discovery, interpretation, or result presentation",high,low to medium,resolve using factual page-specific or systemic markup,open
baseline,P3,metadata,https://robertdevore.com/boostbox-free-popups-that-work-pro-popups-that-convert/,legacy meta keywords present,"clearer discovery, interpretation, or result presentation",high,low to medium,resolve using factual page-specific or systemic markup,open
baseline,P3,metadata,https://robertdevore.com/boostbox-free-popups-that-work-pro-popups-that-convert/,large Twitter card has no image,"clearer discovery, interpretation, or result presentation",high,low to medium,resolve using factual page-specific or systemic markup,open
baseline,P2,crawlability,https://robertdevore.com/boostbox-free-popups-that-work-pro-popups-that-convert/,5 broken internal links,"clearer discovery, interpretation, or result presentation",high,low to medium,resolve using factual page-specific or systemic markup,open
baseline,P3,metadata,https://robertdevore.com/boostbox-wordpress-popup-builder-for-the-core-editor/,legacy meta keywords present,"clearer discovery, interpretation, or result presentation",high,low to medium,resolve using factual page-specific or systemic markup,open
baseline,P3,metadata,https://robertdevore.com/boostbox-wordpress-popup-builder-for-the-core-editor/,large Twitter card has no image,"clearer discovery, interpretation, or result presentation",high,low to medium,resolve using factual page-specific or systemic markup,open
baseline,P3,metadata,https://robertdevore.com/cannabis-health-benefits/,legacy meta keywords present,"clearer discovery, interpretation, or result presentation",high,low to medium,resolve using factual page-specific or systemic markup,open
baseline,P3,metadata,https://robertdevore.com/cannabis-health-benefits/,large Twitter card has no image,"clearer discovery, interpretation, or result presentation",high,low to medium,resolve using factual page-specific or systemic markup,open
baseline,P3,metadata,https://robertdevore.com/cannabiz/,legacy meta keywords present,"clearer discovery, interpretation, or result presentation",high,low to medium,resolve using factual page-specific or systemic markup,open
baseline,P3,metadata,https://robertdevore.com/cannabiz/,large Twitter card has no image,"clearer discovery, interpretation, or result presentation",high,low to medium,resolve using factual page-specific or systemic markup,open
baseline,P3,metadata,https://robertdevore.com/category/,duplicate description,"clearer discovery, interpretation, or result presentation",high,low to medium,resolve using factual page-specific or systemic markup,open
baseline,P3,metadata,https://robertdevore.com/category/,legacy meta keywords present,"clearer discovery, interpretation, or result presentation",high,low to medium,resolve using factual page-specific or systemic markup,open
baseline,P3,metadata,https://robertdevore.com/category/,large Twitter card has no image,"clearer discovery, interpretation, or result presentation",high,low to medium,resolve using factual page-specific or systemic markup,open
baseline,P2,schema,https://robertdevore.com/category/,listing represented as WebSite,"clearer discovery, interpretation, or result presentation",high,low to medium,resolve using factual page-specific or systemic markup,open
baseline,P1,crawlability,https://robertdevore.com/category/,orphan,"clearer discovery, interpretation, or result presentation",high,low to medium,resolve using factual page-specific or systemic markup,open
baseline,P3,metadata,https://robertdevore.com/category/ai-content-systems/,legacy meta keywords present,"clearer discovery, interpretation, or result presentation",high,low to medium,resolve using factual page-specific or systemic markup,open
baseline,P3,metadata,https://robertdevore.com/category/ai-content-systems/,large Twitter card has no image,"clearer discovery, interpretation, or result presentation",high,low to medium,resolve using factual page-specific or systemic markup,open
baseline,P3,metadata,https://robertdevore.com/category/developer-tools/,legacy meta keywords present,"clearer discovery, interpretation, or result presentation",high,low to medium,resolve using factual page-specific or systemic markup,open
baseline,P3,metadata,https://robertdevore.com/category/developer-tools/,large Twitter card has no image,"clearer discovery, interpretation, or result presentation",high,low to medium,resolve using factual page-specific or systemic markup,open
baseline,P3,metadata,https://robertdevore.com/category/engineering-archive/,legacy meta keywords present,"clearer discovery, interpretation, or result presentation",high,low to medium,resolve using factual page-specific or systemic markup,open
baseline,P3,metadata,https://robertdevore.com/category/engineering-archive/,large Twitter card has no image,"clearer discovery, interpretation, or result presentation",high,low to medium,resolve using factual page-specific or systemic markup,open
baseline,P3,metadata,https://robertdevore.com/category/field-notes/,legacy meta keywords present,"clearer discovery, interpretation, or result presentation",high,low to medium,resolve using factual page-specific or systemic markup,open
baseline,P3,metadata,https://robertdevore.com/category/field-notes/,large Twitter card has no image,"clearer discovery, interpretation, or result presentation",high,low to medium,resolve using factual page-specific or systemic markup,open
baseline,P3,metadata,https://robertdevore.com/category/wordpress-archive/,duplicate title,"clearer discovery, interpretation, or result presentation",high,low to medium,resolve using factual page-specific or systemic markup,open
baseline,P3,metadata,https://robertdevore.com/category/wordpress-archive/,duplicate description,"clearer discovery, interpretation, or result presentation",high,low to medium,resolve using factual page-specific or systemic markup,open
baseline,P3,metadata,https://robertdevore.com/category/wordpress-archive/,legacy meta keywords present,"clearer discovery, interpretation, or result presentation",high,low to medium,resolve using factual page-specific or systemic markup,open
baseline,P3,metadata,https://robertdevore.com/category/wordpress-archive/,large Twitter card has no image,"clearer discovery, interpretation, or result presentation",high,low to medium,resolve using factual page-specific or systemic markup,open
baseline,P3,metadata,https://robertdevore.com/celebrating-gaad-with-img-a11y-v1-1-0/,legacy meta keywords present,"clearer discovery, interpretation, or result presentation",high,low to medium,resolve using factual page-specific or systemic markup,open
baseline,P3,metadata,https://robertdevore.com/celebrating-gaad-with-img-a11y-v1-1-0/,large Twitter card has no image,"clearer discovery, interpretation, or result presentation",high,low to medium,resolve using factual page-specific or systemic markup,open
baseline,P2,crawlability,https://robertdevore.com/celebrating-gaad-with-img-a11y-v1-1-0/,3 broken internal links,"clearer discovery, interpretation, or result presentation",high,low to medium,resolve using factual page-specific or systemic markup,open
baseline,P3,metadata,https://robertdevore.com/chapters-for-authors-wordpress-plugin/,legacy meta keywords present,"clearer discovery, interpretation, or result presentation",high,low to medium,resolve using factual page-specific or systemic markup,open
baseline,P3,metadata,https://robertdevore.com/chapters-for-authors-wordpress-plugin/,large Twitter card has no image,"clearer discovery, interpretation, or result presentation",high,low to medium,resolve using factual page-specific or systemic markup,open
baseline,P3,metadata,https://robertdevore.com/clean-blog-free-wordpress-theme/,legacy meta keywords present,"clearer discovery, interpretation, or result presentation",high,low to medium,resolve using factual page-specific or systemic markup,open
baseline,P3,metadata,https://robertdevore.com/clean-blog-free-wordpress-theme/,large Twitter card has no image,"clearer discovery, interpretation, or result presentation",high,low to medium,resolve using factual page-specific or systemic markup,open
baseline,P3,metadata,https://robertdevore.com/complete-beginners-guide-building-a-python-url-checker-for-google-sheets/,legacy meta keywords present,"clearer discovery, interpretation, or result presentation",high,low to medium,resolve using factual page-specific or systemic markup,open
baseline,P3,metadata,https://robertdevore.com/complete-beginners-guide-building-a-python-url-checker-for-google-sheets/,large Twitter card has no image,"clearer discovery, interpretation, or result presentation",high,low to medium,resolve using factual page-specific or systemic markup,open
baseline,P3,metadata,https://robertdevore.com/contact/,legacy meta keywords present,"clearer discovery, interpretation, or result presentation",high,low to medium,resolve using factual page-specific or systemic markup,open
baseline,P3,metadata,https://robertdevore.com/contact/,large Twitter card has no image,"clearer discovery, interpretation, or result presentation",high,low to medium,resolve using factual page-specific or systemic markup,open
baseline,P3,metadata,https://robertdevore.com/creating-my-own-cipher-code/,legacy meta keywords present,"clearer discovery, interpretation, or result presentation",high,low to medium,resolve using factual page-specific or systemic markup,open
baseline,P3,metadata,https://robertdevore.com/creating-my-own-cipher-code/,large Twitter card has no image,"clearer discovery, interpretation, or result presentation",high,low to medium,resolve using factual page-specific or systemic markup,open
baseline,P3,metadata,https://robertdevore.com/customer-loyalty-for-woocommerce-v2/,legacy meta keywords present,"clearer discovery, interpretation, or result presentation",high,low to medium,resolve using factual page-specific or systemic markup,open
baseline,P3,metadata,https://robertdevore.com/customer-loyalty-for-woocommerce-v2/,large Twitter card has no image,"clearer discovery, interpretation, or result presentation",high,low to medium,resolve using factual page-specific or systemic markup,open
baseline,P3,metadata,https://robertdevore.com/db-version-control-wordpress-plugin/,legacy meta keywords present,"clearer discovery, interpretation, or result presentation",high,low to medium,resolve using factual page-specific or systemic markup,open
baseline,P3,metadata,https://robertdevore.com/db-version-control-wordpress-plugin/,large Twitter card has no image,"clearer discovery, interpretation, or result presentation",high,low to medium,resolve using factual page-specific or systemic markup,open
baseline,P3,metadata,https://robertdevore.com/december-2024-a-retrospective/,legacy meta keywords present,"clearer discovery, interpretation, or result presentation",high,low to medium,resolve using factual page-specific or systemic markup,open
baseline,P3,metadata,https://robertdevore.com/december-2024-a-retrospective/,large Twitter card has no image,"clearer discovery, interpretation, or result presentation",high,low to medium,resolve using factual page-specific or systemic markup,open
baseline,P2,crawlability,https://robertdevore.com/december-2024-a-retrospective/,3 broken internal links,"clearer discovery, interpretation, or result presentation",high,low to medium,resolve using factual page-specific or systemic markup,open
baseline,P3,metadata,https://robertdevore.com/delivery-drivers-for-woocommerce/,legacy meta keywords present,"clearer discovery, interpretation, or result presentation",high,low to medium,resolve using factual page-specific or systemic markup,open
baseline,P3,metadata,https://robertdevore.com/delivery-drivers-for-woocommerce/,large Twitter card has no image,"clearer discovery, interpretation, or result presentation",high,low to medium,resolve using factual page-specific or systemic markup,open
baseline,P3,metadata,https://robertdevore.com/devio-digital/,legacy meta keywords present,"clearer discovery, interpretation, or result presentation",high,low to medium,resolve using factual page-specific or systemic markup,open
baseline,P3,metadata,https://robertdevore.com/devio-digital/,large Twitter card has no image,"clearer discovery, interpretation, or result presentation",high,low to medium,resolve using factual page-specific or systemic markup,open
baseline,P3,metadata,https://robertdevore.com/dispensary-wordpress-plugins-2017/,legacy meta keywords present,"clearer discovery, interpretation, or result presentation",high,low to medium,resolve using factual page-specific or systemic markup,open
baseline,P3,metadata,https://robertdevore.com/dispensary-wordpress-plugins-2017/,large Twitter card has no image,"clearer discovery, interpretation, or result presentation",high,low to medium,resolve using factual page-specific or systemic markup,open
baseline,P3,metadata,https://robertdevore.com/do-less-deliver-more/,legacy meta keywords present,"clearer discovery, interpretation, or result presentation",high,low to medium,resolve using factual page-specific or systemic markup,open
baseline,P3,metadata,https://robertdevore.com/do-less-deliver-more/,large Twitter card has no image,"clearer discovery, interpretation, or result presentation",high,low to medium,resolve using factual page-specific or systemic markup,open
baseline,P3,metadata,https://robertdevore.com/docupress-documentation-plugin-for-wordpress/,legacy meta keywords present,"clearer discovery, interpretation, or result presentation",high,low to medium,resolve using factual page-specific or systemic markup,open
baseline,P3,metadata,https://robertdevore.com/docupress-documentation-plugin-for-wordpress/,large Twitter card has no image,"clearer discovery, interpretation, or result presentation",high,low to medium,resolve using factual page-specific or systemic markup,open
baseline,P3,metadata,https://robertdevore.com/dont-shoot-the-messenger-choose-courage-over-convenience/,legacy meta keywords present,"clearer discovery, interpretation, or result presentation",high,low to medium,resolve using factual page-specific or systemic markup,open
baseline,P3,metadata,https://robertdevore.com/dont-shoot-the-messenger-choose-courage-over-convenience/,large Twitter card has no image,"clearer discovery, interpretation, or result presentation",high,low to medium,resolve using factual page-specific or systemic markup,open
baseline,P2,crawlability,https://robertdevore.com/dont-shoot-the-messenger-choose-courage-over-convenience/,1 broken internal links,"clearer discovery, interpretation, or result presentation",high,low to medium,resolve using factual page-specific or systemic markup,open
baseline,P3,metadata,https://robertdevore.com/extreme-programming-for-extreme-leaders/,legacy meta keywords present,"clearer discovery, interpretation, or result presentation",high,low to medium,resolve using factual page-specific or systemic markup,open
baseline,P3,metadata,https://robertdevore.com/extreme-programming-for-extreme-leaders/,large Twitter card has no image,"clearer discovery, interpretation, or result presentation",high,low to medium,resolve using factual page-specific or systemic markup,open
baseline,P2,crawlability,https://robertdevore.com/extreme-programming-for-extreme-leaders/,1 broken internal links,"clearer discovery, interpretation, or result presentation",high,low to medium,resolve using factual page-specific or systemic markup,open
baseline,P3,metadata,https://robertdevore.com/focus/,legacy meta keywords present,"clearer discovery, interpretation, or result presentation",high,low to medium,resolve using factual page-specific or systemic markup,open
baseline,P3,metadata,https://robertdevore.com/focus/,large Twitter card has no image,"clearer discovery, interpretation, or result presentation",high,low to medium,resolve using factual page-specific or systemic markup,open
baseline,P3,metadata,https://robertdevore.com/forever-forward/,legacy meta keywords present,"clearer discovery, interpretation, or result presentation",high,low to medium,resolve using factual page-specific or systemic markup,open
baseline,P3,metadata,https://robertdevore.com/going-all-in-one-year-later/,legacy meta keywords present,"clearer discovery, interpretation, or result presentation",high,low to medium,resolve using factual page-specific or systemic markup,open
baseline,P3,metadata,https://robertdevore.com/going-all-in-one-year-later/,large Twitter card has no image,"clearer discovery, interpretation, or result presentation",high,low to medium,resolve using factual page-specific or systemic markup,open
baseline,P3,metadata,https://robertdevore.com/going-all-in-with-wp-dispensary/,legacy meta keywords present,"clearer discovery, interpretation, or result presentation",high,low to medium,resolve using factual page-specific or systemic markup,open
baseline,P3,metadata,https://robertdevore.com/going-all-in-with-wp-dispensary/,large Twitter card has no image,"clearer discovery, interpretation, or result presentation",high,low to medium,resolve using factual page-specific or systemic markup,open
baseline,P3,metadata,https://robertdevore.com/goodbye-wordpress-a-eulogy/,legacy meta keywords present,"clearer discovery, interpretation, or result presentation",high,low to medium,resolve using factual page-specific or systemic markup,open
baseline,P3,metadata,https://robertdevore.com/goodbye-wordpress-a-eulogy/,large Twitter card has no image,"clearer discovery, interpretation, or result presentation",high,low to medium,resolve using factual page-specific or systemic markup,open
baseline,P2,crawlability,https://robertdevore.com/goodbye-wordpress-a-eulogy/,4 broken internal links,"clearer discovery, interpretation, or result presentation",high,low to medium,resolve using factual page-specific or systemic markup,open
baseline,P3,metadata,https://robertdevore.com/grateful-to-see-21-of-my-wordpress-plugins-live-on-at-webdevstudios/,legacy meta keywords present,"clearer discovery, interpretation, or result presentation",high,low to medium,resolve using factual page-specific or systemic markup,open
baseline,P3,metadata,https://robertdevore.com/grateful-to-see-21-of-my-wordpress-plugins-live-on-at-webdevstudios/,large Twitter card has no image,"clearer discovery, interpretation, or result presentation",high,low to medium,resolve using factual page-specific or systemic markup,open
baseline,P3,metadata,https://robertdevore.com/hello-2017/,legacy meta keywords present,"clearer discovery, interpretation, or result presentation",high,low to medium,resolve using factual page-specific or systemic markup,open
baseline,P3,metadata,https://robertdevore.com/hello-2017/,large Twitter card has no image,"clearer discovery, interpretation, or result presentation",high,low to medium,resolve using factual page-specific or systemic markup,open
baseline,P3,metadata,https://robertdevore.com/hello-plugin-pal-your-ai-powered-plugin-generator-for-wordpress/,legacy meta keywords present,"clearer discovery, interpretation, or result presentation",high,low to medium,resolve using factual page-specific or systemic markup,open
baseline,P3,metadata,https://robertdevore.com/hello-plugin-pal-your-ai-powered-plugin-generator-for-wordpress/,large Twitter card has no image,"clearer discovery, interpretation, or result presentation",high,low to medium,resolve using factual page-specific or systemic markup,open
baseline,P2,crawlability,https://robertdevore.com/hello-plugin-pal-your-ai-powered-plugin-generator-for-wordpress/,1 broken internal links,"clearer discovery, interpretation, or result presentation",high,low to medium,resolve using factual page-specific or systemic markup,open
baseline,P3,metadata,https://robertdevore.com/honoring-jesse-petersen-with-the-revival-of-stealth-login-page/,legacy meta keywords present,"clearer discovery, interpretation, or result presentation",high,low to medium,resolve using factual page-specific or systemic markup,open
baseline,P3,metadata,https://robertdevore.com/honoring-jesse-petersen-with-the-revival-of-stealth-login-page/,large Twitter card has no image,"clearer discovery, interpretation, or result presentation",high,low to medium,resolve using factual page-specific or systemic markup,open
baseline,P3,metadata,https://robertdevore.com/host-your-wordpress-plugins-on-github-and-automate-plugin-packaging/,legacy meta keywords present,"clearer discovery, interpretation, or result presentation",high,low to medium,resolve using factual page-specific or systemic markup,open
baseline,P3,metadata,https://robertdevore.com/host-your-wordpress-plugins-on-github-and-automate-plugin-packaging/,large Twitter card has no image,"clearer discovery, interpretation, or result presentation",high,low to medium,resolve using factual page-specific or systemic markup,open
baseline,P3,metadata,https://robertdevore.com/how-a-security-audit-can-save-your-e-commerce-store-from-disaster/,legacy meta keywords present,"clearer discovery, interpretation, or result presentation",high,low to medium,resolve using factual page-specific or systemic markup,open
baseline,P3,metadata,https://robertdevore.com/how-a-security-audit-can-save-your-e-commerce-store-from-disaster/,large Twitter card has no image,"clearer discovery, interpretation, or result presentation",high,low to medium,resolve using factual page-specific or systemic markup,open
baseline,P2,crawlability,https://robertdevore.com/how-a-security-audit-can-save-your-e-commerce-store-from-disaster/,3 broken internal links,"clearer discovery, interpretation, or result presentation",high,low to medium,resolve using factual page-specific or systemic markup,open
baseline,P3,metadata,https://robertdevore.com/how-hungry-are-you/,legacy meta keywords present,"clearer discovery, interpretation, or result presentation",high,low to medium,resolve using factual page-specific or systemic markup,open
baseline,P3,metadata,https://robertdevore.com/how-hungry-are-you/,large Twitter card has no image,"clearer discovery, interpretation, or result presentation",high,low to medium,resolve using factual page-specific or systemic markup,open
baseline,P3,metadata,https://robertdevore.com/how-i-use-textexpander-to-reuse-my-best-ai-prompts/,legacy meta keywords present,"clearer discovery, interpretation, or result presentation",high,low to medium,resolve using factual page-specific or systemic markup,open
baseline,P3,metadata,https://robertdevore.com/how-i-use-textexpander-to-reuse-my-best-ai-prompts/,large Twitter card has no image,"clearer discovery, interpretation, or result presentation",high,low to medium,resolve using factual page-specific or systemic markup,open
baseline,P3,metadata,https://robertdevore.com/how-to-block-website-tracking-data-in-woocommerce/,legacy meta keywords present,"clearer discovery, interpretation, or result presentation",high,low to medium,resolve using factual page-specific or systemic markup,open
baseline,P3,metadata,https://robertdevore.com/how-to-block-website-tracking-data-in-woocommerce/,large Twitter card has no image,"clearer discovery, interpretation, or result presentation",high,low to medium,resolve using factual page-specific or systemic markup,open
baseline,P3,metadata,https://robertdevore.com/how-to-build-a-content-engine-that-scales-with-you/,legacy meta keywords present,"clearer discovery, interpretation, or result presentation",high,low to medium,resolve using factual page-specific or systemic markup,open
baseline,P3,metadata,https://robertdevore.com/how-to-build-a-content-engine-that-scales-with-you/,large Twitter card has no image,"clearer discovery, interpretation, or result presentation",high,low to medium,resolve using factual page-specific or systemic markup,open
baseline,P3,metadata,https://robertdevore.com/how-to-build-modular-prompts-that-save-you-hours-per-week/,legacy meta keywords present,"clearer discovery, interpretation, or result presentation",high,low to medium,resolve using factual page-specific or systemic markup,open
baseline,P3,metadata,https://robertdevore.com/how-to-build-modular-prompts-that-save-you-hours-per-week/,large Twitter card has no image,"clearer discovery, interpretation, or result presentation",high,low to medium,resolve using factual page-specific or systemic markup,open
baseline,P3,metadata,https://robertdevore.com/how-to-customize-the-style-of-your-wordpress-login-screen/,legacy meta keywords present,"clearer discovery, interpretation, or result presentation",high,low to medium,resolve using factual page-specific or systemic markup,open
baseline,P3,metadata,https://robertdevore.com/how-to-customize-the-style-of-your-wordpress-login-screen/,large Twitter card has no image,"clearer discovery, interpretation, or result presentation",high,low to medium,resolve using factual page-specific or systemic markup,open
baseline,P3,metadata,https://robertdevore.com/how-to-edit-ai-content-so-it-feels-clean-not-robotic/,legacy meta keywords present,"clearer discovery, interpretation, or result presentation",high,low to medium,resolve using factual page-specific or systemic markup,open
baseline,P3,metadata,https://robertdevore.com/how-to-edit-ai-content-so-it-feels-clean-not-robotic/,large Twitter card has no image,"clearer discovery, interpretation, or result presentation",high,low to medium,resolve using factual page-specific or systemic markup,open
baseline,P3,metadata,https://robertdevore.com/how-to-stop-your-plugins-themes-from-being-used-on-wordpress-com-hosting/,legacy meta keywords present,"clearer discovery, interpretation, or result presentation",high,low to medium,resolve using factual page-specific or systemic markup,open
baseline,P3,metadata,https://robertdevore.com/how-to-stop-your-plugins-themes-from-being-used-on-wordpress-com-hosting/,large Twitter card has no image,"clearer discovery, interpretation, or result presentation",high,low to medium,resolve using factual page-specific or systemic markup,open
baseline,P2,crawlability,https://robertdevore.com/how-to-stop-your-plugins-themes-from-being-used-on-wordpress-com-hosting/,1 broken internal links,"clearer discovery, interpretation, or result presentation",high,low to medium,resolve using factual page-specific or systemic markup,open
baseline,P3,metadata,https://robertdevore.com/how-to-teach-ai-to-match-your-voice/,legacy meta keywords present,"clearer discovery, interpretation, or result presentation",high,low to medium,resolve using factual page-specific or systemic markup,open
baseline,P3,metadata,https://robertdevore.com/how-to-teach-ai-to-match-your-voice/,large Twitter card has no image,"clearer discovery, interpretation, or result presentation",high,low to medium,resolve using factual page-specific or systemic markup,open
baseline,P3,metadata,https://robertdevore.com/how-to-use-ai-to-research-validate-ideas-and-stay-relevant/,legacy meta keywords present,"clearer discovery, interpretation, or result presentation",high,low to medium,resolve using factual page-specific or systemic markup,open
baseline,P3,metadata,https://robertdevore.com/how-to-use-ai-to-research-validate-ideas-and-stay-relevant/,large Twitter card has no image,"clearer discovery, interpretation, or result presentation",high,low to medium,resolve using factual page-specific or systemic markup,open
baseline,P3,metadata,https://robertdevore.com/how-to-write-prompts-that-get-the-tone-structure-and-intent-right/,legacy meta keywords present,"clearer discovery, interpretation, or result presentation",high,low to medium,resolve using factual page-specific or systemic markup,open
baseline,P3,metadata,https://robertdevore.com/how-to-write-prompts-that-get-the-tone-structure-and-intent-right/,large Twitter card has no image,"clearer discovery, interpretation, or result presentation",high,low to medium,resolve using factual page-specific or systemic markup,open
baseline,P3,metadata,https://robertdevore.com/hue-js/,legacy meta keywords present,"clearer discovery, interpretation, or result presentation",high,low to medium,resolve using factual page-specific or systemic markup,open
baseline,P3,metadata,https://robertdevore.com/hue-js/,large Twitter card has no image,"clearer discovery, interpretation, or result presentation",high,low to medium,resolve using factual page-specific or systemic markup,open
baseline,P3,metadata,https://robertdevore.com/i-built-a-python-stego-cipher-tool-and-you-can-have-it/,legacy meta keywords present,"clearer discovery, interpretation, or result presentation",high,low to medium,resolve using factual page-specific or systemic markup,open
baseline,P3,metadata,https://robertdevore.com/i-built-a-python-stego-cipher-tool-and-you-can-have-it/,large Twitter card has no image,"clearer discovery, interpretation, or result presentation",high,low to medium,resolve using factual page-specific or systemic markup,open
baseline,P3,metadata,https://robertdevore.com/i-just-launched-a-python-course-for-php-developers/,legacy meta keywords present,"clearer discovery, interpretation, or result presentation",high,low to medium,resolve using factual page-specific or systemic markup,open
baseline,P3,metadata,https://robertdevore.com/i-just-launched-a-python-course-for-php-developers/,large Twitter card has no image,"clearer discovery, interpretation, or result presentation",high,low to medium,resolve using factual page-specific or systemic markup,open
baseline,P3,metadata,https://robertdevore.com/im-freelancing-again/,legacy meta keywords present,"clearer discovery, interpretation, or result presentation",high,low to medium,resolve using factual page-specific or systemic markup,open
baseline,P3,metadata,https://robertdevore.com/im-freelancing-again/,large Twitter card has no image,"clearer discovery, interpretation, or result presentation",high,low to medium,resolve using factual page-specific or systemic markup,open
baseline,P2,crawlability,https://robertdevore.com/im-freelancing-again/,8 broken internal links,"clearer discovery, interpretation, or result presentation",high,low to medium,resolve using factual page-specific or systemic markup,open
baseline,P3,metadata,https://robertdevore.com/improve-cls-scores-by-dynamically-setting-image-width-and-height/,legacy meta keywords present,"clearer discovery, interpretation, or result presentation",high,low to medium,resolve using factual page-specific or systemic markup,open
baseline,P3,metadata,https://robertdevore.com/improve-cls-scores-by-dynamically-setting-image-width-and-height/,large Twitter card has no image,"clearer discovery, interpretation, or result presentation",high,low to medium,resolve using factual page-specific or systemic markup,open
baseline,P3,metadata,https://robertdevore.com/intellipress-the-smart-af-ai-assistant-for-wordpress/,legacy meta keywords present,"clearer discovery, interpretation, or result presentation",high,low to medium,resolve using factual page-specific or systemic markup,open
baseline,P3,metadata,https://robertdevore.com/intellipress-the-smart-af-ai-assistant-for-wordpress/,large Twitter card has no image,"clearer discovery, interpretation, or result presentation",high,low to medium,resolve using factual page-specific or systemic markup,open
baseline,P2,crawlability,https://robertdevore.com/intellipress-the-smart-af-ai-assistant-for-wordpress/,2 broken internal links,"clearer discovery, interpretation, or result presentation",high,low to medium,resolve using factual page-specific or systemic markup,open
baseline,P3,metadata,https://robertdevore.com/introducing-an-experimental-new-plugin-email-designer-for-woocommerce/,legacy meta keywords present,"clearer discovery, interpretation, or result presentation",high,low to medium,resolve using factual page-specific or systemic markup,open
baseline,P3,metadata,https://robertdevore.com/introducing-an-experimental-new-plugin-email-designer-for-woocommerce/,large Twitter card has no image,"clearer discovery, interpretation, or result presentation",high,low to medium,resolve using factual page-specific or systemic markup,open
baseline,P3,metadata,https://robertdevore.com/introducing-associated-taxonomies-for-wordpress/,legacy meta keywords present,"clearer discovery, interpretation, or result presentation",high,low to medium,resolve using factual page-specific or systemic markup,open
baseline,P3,metadata,https://robertdevore.com/introducing-associated-taxonomies-for-wordpress/,large Twitter card has no image,"clearer discovery, interpretation, or result presentation",high,low to medium,resolve using factual page-specific or systemic markup,open
baseline,P3,metadata,https://robertdevore.com/introducing-automattic-css-an-open-source-css-utility-framework/,legacy meta keywords present,"clearer discovery, interpretation, or result presentation",high,low to medium,resolve using factual page-specific or systemic markup,open
baseline,P3,metadata,https://robertdevore.com/introducing-automattic-css-an-open-source-css-utility-framework/,large Twitter card has no image,"clearer discovery, interpretation, or result presentation",high,low to medium,resolve using factual page-specific or systemic markup,open
baseline,P3,metadata,https://robertdevore.com/introducing-back-in-stock-notifications-for-woocommerce/,legacy meta keywords present,"clearer discovery, interpretation, or result presentation",high,low to medium,resolve using factual page-specific or systemic markup,open
baseline,P3,metadata,https://robertdevore.com/introducing-back-in-stock-notifications-for-woocommerce/,large Twitter card has no image,"clearer discovery, interpretation, or result presentation",high,low to medium,resolve using factual page-specific or systemic markup,open
baseline,P2,crawlability,https://robertdevore.com/introducing-back-in-stock-notifications-for-woocommerce/,1 broken internal links,"clearer discovery, interpretation, or result presentation",high,low to medium,resolve using factual page-specific or systemic markup,open
baseline,P3,metadata,https://robertdevore.com/introducing-barcodes-for-woocommerce-free/,legacy meta keywords present,"clearer discovery, interpretation, or result presentation",high,low to medium,resolve using factual page-specific or systemic markup,open
baseline,P3,metadata,https://robertdevore.com/introducing-barcodes-for-woocommerce-free/,large Twitter card has no image,"clearer discovery, interpretation, or result presentation",high,low to medium,resolve using factual page-specific or systemic markup,open
baseline,P3,metadata,https://robertdevore.com/introducing-benchpress/,legacy meta keywords present,"clearer discovery, interpretation, or result presentation",high,low to medium,resolve using factual page-specific or systemic markup,open
baseline,P3,metadata,https://robertdevore.com/introducing-benchpress/,large Twitter card has no image,"clearer discovery, interpretation, or result presentation",high,low to medium,resolve using factual page-specific or systemic markup,open
baseline,P2,crawlability,https://robertdevore.com/introducing-benchpress/,1 broken internal links,"clearer discovery, interpretation, or result presentation",high,low to medium,resolve using factual page-specific or systemic markup,open
baseline,P3,metadata,https://robertdevore.com/introducing-block-ai-crawlers-for-wordpress/,legacy meta keywords present,"clearer discovery, interpretation, or result presentation",high,low to medium,resolve using factual page-specific or systemic markup,open
baseline,P3,metadata,https://robertdevore.com/introducing-block-ai-crawlers-for-wordpress/,large Twitter card has no image,"clearer discovery, interpretation, or result presentation",high,low to medium,resolve using factual page-specific or systemic markup,open
baseline,P3,metadata,https://robertdevore.com/introducing-bluesky-feed-for-wordpress/,legacy meta keywords present,"clearer discovery, interpretation, or result presentation",high,low to medium,resolve using factual page-specific or systemic markup,open
baseline,P3,metadata,https://robertdevore.com/introducing-bluesky-feed-for-wordpress/,large Twitter card has no image,"clearer discovery, interpretation, or result presentation",high,low to medium,resolve using factual page-specific or systemic markup,open
baseline,P3,metadata,https://robertdevore.com/introducing-brands-for-woocommerce-free/,legacy meta keywords present,"clearer discovery, interpretation, or result presentation",high,low to medium,resolve using factual page-specific or systemic markup,open
baseline,P3,metadata,https://robertdevore.com/introducing-brands-for-woocommerce-free/,large Twitter card has no image,"clearer discovery, interpretation, or result presentation",high,low to medium,resolve using factual page-specific or systemic markup,open
baseline,P3,metadata,https://robertdevore.com/introducing-broken-image-scanner/,legacy meta keywords present,"clearer discovery, interpretation, or result presentation",high,low to medium,resolve using factual page-specific or systemic markup,open
baseline,P3,metadata,https://robertdevore.com/introducing-broken-image-scanner/,large Twitter card has no image,"clearer discovery, interpretation, or result presentation",high,low to medium,resolve using factual page-specific or systemic markup,open
baseline,P3,metadata,https://robertdevore.com/introducing-bulk-stock-management-for-woocommerce-free/,legacy meta keywords present,"clearer discovery, interpretation, or result presentation",high,low to medium,resolve using factual page-specific or systemic markup,open
baseline,P3,metadata,https://robertdevore.com/introducing-bulk-stock-management-for-woocommerce-free/,large Twitter card has no image,"clearer discovery, interpretation, or result presentation",high,low to medium,resolve using factual page-specific or systemic markup,open
baseline,P3,metadata,https://robertdevore.com/introducing-content-restriction-for-wordpress/,legacy meta keywords present,"clearer discovery, interpretation, or result presentation",high,low to medium,resolve using factual page-specific or systemic markup,open
baseline,P3,metadata,https://robertdevore.com/introducing-content-restriction-for-wordpress/,large Twitter card has no image,"clearer discovery, interpretation, or result presentation",high,low to medium,resolve using factual page-specific or systemic markup,open
baseline,P3,metadata,https://robertdevore.com/introducing-delete-inactive-users/,legacy meta keywords present,"clearer discovery, interpretation, or result presentation",high,low to medium,resolve using factual page-specific or systemic markup,open
baseline,P3,metadata,https://robertdevore.com/introducing-delete-inactive-users/,large Twitter card has no image,"clearer discovery, interpretation, or result presentation",high,low to medium,resolve using factual page-specific or systemic markup,open
baseline,P3,metadata,https://robertdevore.com/introducing-digg-this-a-social-sharing-plugin-for-wordpress/,legacy meta keywords present,"clearer discovery, interpretation, or result presentation",high,low to medium,resolve using factual page-specific or systemic markup,open
baseline,P3,metadata,https://robertdevore.com/introducing-digg-this-a-social-sharing-plugin-for-wordpress/,large Twitter card has no image,"clearer discovery, interpretation, or result presentation",high,low to medium,resolve using factual page-specific or systemic markup,open
baseline,P3,metadata,https://robertdevore.com/introducing-dispensary-details-for-woocommerce/,legacy meta keywords present,"clearer discovery, interpretation, or result presentation",high,low to medium,resolve using factual page-specific or systemic markup,open
baseline,P3,metadata,https://robertdevore.com/introducing-dispensary-details-for-woocommerce/,large Twitter card has no image,"clearer discovery, interpretation, or result presentation",high,low to medium,resolve using factual page-specific or systemic markup,open
baseline,P2,crawlability,https://robertdevore.com/introducing-dispensary-details-for-woocommerce/,4 broken internal links,"clearer discovery, interpretation, or result presentation",high,low to medium,resolve using factual page-specific or systemic markup,open
baseline,P3,metadata,https://robertdevore.com/introducing-gallery-modals-enhance-your-wordpress-galleries-with-stunning-popups/,legacy meta keywords present,"clearer discovery, interpretation, or result presentation",high,low to medium,resolve using factual page-specific or systemic markup,open
baseline,P3,metadata,https://robertdevore.com/introducing-gallery-modals-enhance-your-wordpress-galleries-with-stunning-popups/,large Twitter card has no image,"clearer discovery, interpretation, or result presentation",high,low to medium,resolve using factual page-specific or systemic markup,open
baseline,P2,crawlability,https://robertdevore.com/introducing-gallery-modals-enhance-your-wordpress-galleries-with-stunning-popups/,1 broken internal links,"clearer discovery, interpretation, or result presentation",high,low to medium,resolve using factual page-specific or systemic markup,open
baseline,P3,metadata,https://robertdevore.com/introducing-gift-cards-for-woocommerce-free/,legacy meta keywords present,"clearer discovery, interpretation, or result presentation",high,low to medium,resolve using factual page-specific or systemic markup,open
baseline,P3,metadata,https://robertdevore.com/introducing-gift-cards-for-woocommerce-free/,large Twitter card has no image,"clearer discovery, interpretation, or result presentation",high,low to medium,resolve using factual page-specific or systemic markup,open
baseline,P3,metadata,https://robertdevore.com/introducing-hpos-compatibility-scanner-for-woocommerce-free/,legacy meta keywords present,"clearer discovery, interpretation, or result presentation",high,low to medium,resolve using factual page-specific or systemic markup,open
baseline,P3,metadata,https://robertdevore.com/introducing-hpos-compatibility-scanner-for-woocommerce-free/,large Twitter card has no image,"clearer discovery, interpretation, or result presentation",high,low to medium,resolve using factual page-specific or systemic markup,open
baseline,P3,metadata,https://robertdevore.com/introducing-img-a11y/,legacy meta keywords present,"clearer discovery, interpretation, or result presentation",high,low to medium,resolve using factual page-specific or systemic markup,open
baseline,P3,metadata,https://robertdevore.com/introducing-img-a11y/,large Twitter card has no image,"clearer discovery, interpretation, or result presentation",high,low to medium,resolve using factual page-specific or systemic markup,open
baseline,P3,metadata,https://robertdevore.com/introducing-intellipress-the-smart-ai-assistant-for-wordpress/,legacy meta keywords present,"clearer discovery, interpretation, or result presentation",high,low to medium,resolve using factual page-specific or systemic markup,open
baseline,P3,metadata,https://robertdevore.com/introducing-intellipress-the-smart-ai-assistant-for-wordpress/,large Twitter card has no image,"clearer discovery, interpretation, or result presentation",high,low to medium,resolve using factual page-specific or systemic markup,open
baseline,P3,metadata,https://robertdevore.com/introducing-maintenance-mode-for-wordpress/,legacy meta keywords present,"clearer discovery, interpretation, or result presentation",high,low to medium,resolve using factual page-specific or systemic markup,open
baseline,P3,metadata,https://robertdevore.com/introducing-maintenance-mode-for-wordpress/,large Twitter card has no image,"clearer discovery, interpretation, or result presentation",high,low to medium,resolve using factual page-specific or systemic markup,open
baseline,P3,metadata,https://robertdevore.com/introducing-markdown-comments-for-wordpress/,legacy meta keywords present,"clearer discovery, interpretation, or result presentation",high,low to medium,resolve using factual page-specific or systemic markup,open
baseline,P3,metadata,https://robertdevore.com/introducing-markdown-comments-for-wordpress/,large Twitter card has no image,"clearer discovery, interpretation, or result presentation",high,low to medium,resolve using factual page-specific or systemic markup,open
baseline,P2,crawlability,https://robertdevore.com/introducing-markdown-comments-for-wordpress/,2 broken internal links,"clearer discovery, interpretation, or result presentation",high,low to medium,resolve using factual page-specific or systemic markup,open
baseline,P3,metadata,https://robertdevore.com/introducing-markdown-exporter-for-wordpress/,legacy meta keywords present,"clearer discovery, interpretation, or result presentation",high,low to medium,resolve using factual page-specific or systemic markup,open
baseline,P3,metadata,https://robertdevore.com/introducing-markdown-exporter-for-wordpress/,large Twitter card has no image,"clearer discovery, interpretation, or result presentation",high,low to medium,resolve using factual page-specific or systemic markup,open
baseline,P3,metadata,https://robertdevore.com/introducing-media-copyright-scanner/,legacy meta keywords present,"clearer discovery, interpretation, or result presentation",high,low to medium,resolve using factual page-specific or systemic markup,open
baseline,P3,metadata,https://robertdevore.com/introducing-media-copyright-scanner/,large Twitter card has no image,"clearer discovery, interpretation, or result presentation",high,low to medium,resolve using factual page-specific or systemic markup,open
baseline,P3,metadata,https://robertdevore.com/introducing-media-file-versioning-for-wordpress/,legacy meta keywords present,"clearer discovery, interpretation, or result presentation",high,low to medium,resolve using factual page-specific or systemic markup,open
baseline,P3,metadata,https://robertdevore.com/introducing-media-file-versioning-for-wordpress/,large Twitter card has no image,"clearer discovery, interpretation, or result presentation",high,low to medium,resolve using factual page-specific or systemic markup,open
baseline,P3,metadata,https://robertdevore.com/introducing-metadata-import-export-for-yoast-seo/,legacy meta keywords present,"clearer discovery, interpretation, or result presentation",high,low to medium,resolve using factual page-specific or systemic markup,open
baseline,P3,metadata,https://robertdevore.com/introducing-metadata-import-export-for-yoast-seo/,large Twitter card has no image,"clearer discovery, interpretation, or result presentation",high,low to medium,resolve using factual page-specific or systemic markup,open
baseline,P3,metadata,https://robertdevore.com/introducing-module-usage-tracker-for-wp-bakery/,legacy meta keywords present,"clearer discovery, interpretation, or result presentation",high,low to medium,resolve using factual page-specific or systemic markup,open
baseline,P3,metadata,https://robertdevore.com/introducing-module-usage-tracker-for-wp-bakery/,large Twitter card has no image,"clearer discovery, interpretation, or result presentation",high,low to medium,resolve using factual page-specific or systemic markup,open
baseline,P3,metadata,https://robertdevore.com/introducing-pattern-pal-ai-powered-patterns-for-wordpress/,legacy meta keywords present,"clearer discovery, interpretation, or result presentation",high,low to medium,resolve using factual page-specific or systemic markup,open
baseline,P3,metadata,https://robertdevore.com/introducing-pattern-pal-ai-powered-patterns-for-wordpress/,large Twitter card has no image,"clearer discovery, interpretation, or result presentation",high,low to medium,resolve using factual page-specific or systemic markup,open
baseline,P3,metadata,https://robertdevore.com/introducing-persistent-dismissible-notices/,legacy meta keywords present,"clearer discovery, interpretation, or result presentation",high,low to medium,resolve using factual page-specific or systemic markup,open
baseline,P3,metadata,https://robertdevore.com/introducing-persistent-dismissible-notices/,large Twitter card has no image,"clearer discovery, interpretation, or result presentation",high,low to medium,resolve using factual page-specific or systemic markup,open
baseline,P3,metadata,https://robertdevore.com/introducing-projects-for-wordpress-a-better-way-to-showcase-your-work/,legacy meta keywords present,"clearer discovery, interpretation, or result presentation",high,low to medium,resolve using factual page-specific or systemic markup,open
baseline,P3,metadata,https://robertdevore.com/introducing-projects-for-wordpress-a-better-way-to-showcase-your-work/,large Twitter card has no image,"clearer discovery, interpretation, or result presentation",high,low to medium,resolve using factual page-specific or systemic markup,open
baseline,P2,crawlability,https://robertdevore.com/introducing-projects-for-wordpress-a-better-way-to-showcase-your-work/,4 broken internal links,"clearer discovery, interpretation, or result presentation",high,low to medium,resolve using factual page-specific or systemic markup,open
baseline,P3,metadata,https://robertdevore.com/introducing-purchase-orders-for-woocommerce-free/,legacy meta keywords present,"clearer discovery, interpretation, or result presentation",high,low to medium,resolve using factual page-specific or systemic markup,open
baseline,P3,metadata,https://robertdevore.com/introducing-purchase-orders-for-woocommerce-free/,large Twitter card has no image,"clearer discovery, interpretation, or result presentation",high,low to medium,resolve using factual page-specific or systemic markup,open
baseline,P3,metadata,https://robertdevore.com/introducing-seo-for-wordpress/,legacy meta keywords present,"clearer discovery, interpretation, or result presentation",high,low to medium,resolve using factual page-specific or systemic markup,open
baseline,P3,metadata,https://robertdevore.com/introducing-seo-for-wordpress/,large Twitter card has no image,"clearer discovery, interpretation, or result presentation",high,low to medium,resolve using factual page-specific or systemic markup,open
baseline,P3,metadata,https://robertdevore.com/introducing-shipping-multiple-addresses-for-woocommerce-free/,legacy meta keywords present,"clearer discovery, interpretation, or result presentation",high,low to medium,resolve using factual page-specific or systemic markup,open
baseline,P3,metadata,https://robertdevore.com/introducing-shipping-multiple-addresses-for-woocommerce-free/,large Twitter card has no image,"clearer discovery, interpretation, or result presentation",high,low to medium,resolve using factual page-specific or systemic markup,open
baseline,P3,metadata,https://robertdevore.com/introducing-site-vitals-for-wordpress/,legacy meta keywords present,"clearer discovery, interpretation, or result presentation",high,low to medium,resolve using factual page-specific or systemic markup,open
baseline,P3,metadata,https://robertdevore.com/introducing-site-vitals-for-wordpress/,large Twitter card has no image,"clearer discovery, interpretation, or result presentation",high,low to medium,resolve using factual page-specific or systemic markup,open
baseline,P3,metadata,https://robertdevore.com/introducing-slop-stopper-a-free-content-checker-for-wordpress/,legacy meta keywords present,"clearer discovery, interpretation, or result presentation",high,low to medium,resolve using factual page-specific or systemic markup,open
baseline,P3,metadata,https://robertdevore.com/introducing-slop-stopper-a-free-content-checker-for-wordpress/,large Twitter card has no image,"clearer discovery, interpretation, or result presentation",high,low to medium,resolve using factual page-specific or systemic markup,open
baseline,P2,crawlability,https://robertdevore.com/introducing-slop-stopper-a-free-content-checker-for-wordpress/,3 broken internal links,"clearer discovery, interpretation, or result presentation",high,low to medium,resolve using factual page-specific or systemic markup,open
baseline,P3,metadata,https://robertdevore.com/introducing-stats-for-wordpress/,legacy meta keywords present,"clearer discovery, interpretation, or result presentation",high,low to medium,resolve using factual page-specific or systemic markup,open
baseline,P3,metadata,https://robertdevore.com/introducing-stats-for-wordpress/,large Twitter card has no image,"clearer discovery, interpretation, or result presentation",high,low to medium,resolve using factual page-specific or systemic markup,open
baseline,P3,metadata,https://robertdevore.com/introducing-table-block-enhancer-for-wordpress/,legacy meta keywords present,"clearer discovery, interpretation, or result presentation",high,low to medium,resolve using factual page-specific or systemic markup,open
baseline,P3,metadata,https://robertdevore.com/introducing-table-block-enhancer-for-wordpress/,large Twitter card has no image,"clearer discovery, interpretation, or result presentation",high,low to medium,resolve using factual page-specific or systemic markup,open
baseline,P3,metadata,https://robertdevore.com/introducing-test-orders-for-woocommerce/,legacy meta keywords present,"clearer discovery, interpretation, or result presentation",high,low to medium,resolve using factual page-specific or systemic markup,open
baseline,P3,metadata,https://robertdevore.com/introducing-test-orders-for-woocommerce/,large Twitter card has no image,"clearer discovery, interpretation, or result presentation",high,low to medium,resolve using factual page-specific or systemic markup,open
baseline,P3,metadata,https://robertdevore.com/introducing-the-phlush-permalinks-wordpress-plugin/,legacy meta keywords present,"clearer discovery, interpretation, or result presentation",high,low to medium,resolve using factual page-specific or systemic markup,open
baseline,P3,metadata,https://robertdevore.com/introducing-the-phlush-permalinks-wordpress-plugin/,large Twitter card has no image,"clearer discovery, interpretation, or result presentation",high,low to medium,resolve using factual page-specific or systemic markup,open
baseline,P3,metadata,https://robertdevore.com/introducing-the-prompts-library-a-playground-for-ai-creativity/,legacy meta keywords present,"clearer discovery, interpretation, or result presentation",high,low to medium,resolve using factual page-specific or systemic markup,open
baseline,P3,metadata,https://robertdevore.com/introducing-the-prompts-library-a-playground-for-ai-creativity/,large Twitter card has no image,"clearer discovery, interpretation, or result presentation",high,low to medium,resolve using factual page-specific or systemic markup,open
baseline,P3,metadata,https://robertdevore.com/introducing-the-user-login-status-plugin-for-wordpress/,legacy meta keywords present,"clearer discovery, interpretation, or result presentation",high,low to medium,resolve using factual page-specific or systemic markup,open
baseline,P3,metadata,https://robertdevore.com/introducing-the-user-login-status-plugin-for-wordpress/,large Twitter card has no image,"clearer discovery, interpretation, or result presentation",high,low to medium,resolve using factual page-specific or systemic markup,open
baseline,P2,crawlability,https://robertdevore.com/introducing-the-user-login-status-plugin-for-wordpress/,1 broken internal links,"clearer discovery, interpretation, or result presentation",high,low to medium,resolve using factual page-specific or systemic markup,open
baseline,P3,metadata,https://robertdevore.com/introducing-vertical-gallery-product-display-for-woocommerce/,legacy meta keywords present,"clearer discovery, interpretation, or result presentation",high,low to medium,resolve using factual page-specific or systemic markup,open
baseline,P3,metadata,https://robertdevore.com/introducing-vertical-gallery-product-display-for-woocommerce/,large Twitter card has no image,"clearer discovery, interpretation, or result presentation",high,low to medium,resolve using factual page-specific or systemic markup,open
baseline,P3,metadata,https://robertdevore.com/introducing-widget-usage-tracker-for-elementor/,legacy meta keywords present,"clearer discovery, interpretation, or result presentation",high,low to medium,resolve using factual page-specific or systemic markup,open
baseline,P3,metadata,https://robertdevore.com/introducing-widget-usage-tracker-for-elementor/,large Twitter card has no image,"clearer discovery, interpretation, or result presentation",high,low to medium,resolve using factual page-specific or systemic markup,open
baseline,P3,metadata,https://robertdevore.com/invest-in-yourself/,legacy meta keywords present,"clearer discovery, interpretation, or result presentation",high,low to medium,resolve using factual page-specific or systemic markup,open
baseline,P3,metadata,https://robertdevore.com/invest-in-yourself/,large Twitter card has no image,"clearer discovery, interpretation, or result presentation",high,low to medium,resolve using factual page-specific or systemic markup,open
baseline,P3,crawlability,https://robertdevore.com/invest-in-yourself/,more than three clicks from homepage,"clearer discovery, interpretation, or result presentation",high,low to medium,resolve using factual page-specific or systemic markup,open
baseline,P3,metadata,https://robertdevore.com/kevin-michael-geary-a-hidden-history-of-hate-racism-and-bigotry/,legacy meta keywords present,"clearer discovery, interpretation, or result presentation",high,low to medium,resolve using factual page-specific or systemic markup,open
baseline,P3,metadata,https://robertdevore.com/kevin-michael-geary-a-hidden-history-of-hate-racism-and-bigotry/,large Twitter card has no image,"clearer discovery, interpretation, or result presentation",high,low to medium,resolve using factual page-specific or systemic markup,open
baseline,P3,metadata,https://robertdevore.com/leafly-reviews-wordpress-plugin/,legacy meta keywords present,"clearer discovery, interpretation, or result presentation",high,low to medium,resolve using factual page-specific or systemic markup,open
baseline,P3,metadata,https://robertdevore.com/leafly-reviews-wordpress-plugin/,large Twitter card has no image,"clearer discovery, interpretation, or result presentation",high,low to medium,resolve using factual page-specific or systemic markup,open
baseline,P3,metadata,https://robertdevore.com/leap-the-code-of-extreme-leadership/,legacy meta keywords present,"clearer discovery, interpretation, or result presentation",high,low to medium,resolve using factual page-specific or systemic markup,open
baseline,P3,metadata,https://robertdevore.com/leap-the-code-of-extreme-leadership/,large Twitter card has no image,"clearer discovery, interpretation, or result presentation",high,low to medium,resolve using factual page-specific or systemic markup,open
baseline,P3,metadata,https://robertdevore.com/making-up-for-lost-time/,legacy meta keywords present,"clearer discovery, interpretation, or result presentation",high,low to medium,resolve using factual page-specific or systemic markup,open
baseline,P3,metadata,https://robertdevore.com/making-up-for-lost-time/,large Twitter card has no image,"clearer discovery, interpretation, or result presentation",high,low to medium,resolve using factual page-specific or systemic markup,open
baseline,P3,crawlability,https://robertdevore.com/making-up-for-lost-time/,more than three clicks from homepage,"clearer discovery, interpretation, or result presentation",high,low to medium,resolve using factual page-specific or systemic markup,open
baseline,P3,metadata,https://robertdevore.com/mnml-free-minimalist-wordpress-theme/,legacy meta keywords present,"clearer discovery, interpretation, or result presentation",high,low to medium,resolve using factual page-specific or systemic markup,open
baseline,P3,metadata,https://robertdevore.com/mnml-free-minimalist-wordpress-theme/,large Twitter card has no image,"clearer discovery, interpretation, or result presentation",high,low to medium,resolve using factual page-specific or systemic markup,open
baseline,P3,metadata,https://robertdevore.com/my-brothers-keeper-sons-of-anarchy-fanfiction/,legacy meta keywords present,"clearer discovery, interpretation, or result presentation",high,low to medium,resolve using factual page-specific or systemic markup,open
baseline,P3,metadata,https://robertdevore.com/my-brothers-keeper-sons-of-anarchy-fanfiction/,large Twitter card has no image,"clearer discovery, interpretation, or result presentation",high,low to medium,resolve using factual page-specific or systemic markup,open
baseline,P2,crawlability,https://robertdevore.com/my-brothers-keeper-sons-of-anarchy-fanfiction/,3 broken internal links,"clearer discovery, interpretation, or result presentation",high,low to medium,resolve using factual page-specific or systemic markup,open
baseline,P3,metadata,https://robertdevore.com/my-development-projects/,legacy meta keywords present,"clearer discovery, interpretation, or result presentation",high,low to medium,resolve using factual page-specific or systemic markup,open
baseline,P3,metadata,https://robertdevore.com/my-development-projects/,large Twitter card has no image,"clearer discovery, interpretation, or result presentation",high,low to medium,resolve using factual page-specific or systemic markup,open
baseline,P3,metadata,https://robertdevore.com/open-source-is-anarchism-in-action/,legacy meta keywords present,"clearer discovery, interpretation, or result presentation",high,low to medium,resolve using factual page-specific or systemic markup,open
baseline,P3,metadata,https://robertdevore.com/open-source-is-anarchism-in-action/,large Twitter card has no image,"clearer discovery, interpretation, or result presentation",high,low to medium,resolve using factual page-specific or systemic markup,open
baseline,P3,metadata,https://robertdevore.com/organized-chaos/,legacy meta keywords present,"clearer discovery, interpretation, or result presentation",high,low to medium,resolve using factual page-specific or systemic markup,open
baseline,P3,metadata,https://robertdevore.com/organized-chaos/,large Twitter card has no image,"clearer discovery, interpretation, or result presentation",high,low to medium,resolve using factual page-specific or systemic markup,open
baseline,P3,crawlability,https://robertdevore.com/organized-chaos/,more than three clicks from homepage,"clearer discovery, interpretation, or result presentation",high,low to medium,resolve using factual page-specific or systemic markup,open
baseline,P3,metadata,https://robertdevore.com/page/10/,duplicate title,"clearer discovery, interpretation, or result presentation",high,low to medium,resolve using factual page-specific or systemic markup,open
baseline,P3,metadata,https://robertdevore.com/page/10/,duplicate description,"clearer discovery, interpretation, or result presentation",high,low to medium,resolve using factual page-specific or systemic markup,open
baseline,P3,metadata,https://robertdevore.com/page/10/,legacy meta keywords present,"clearer discovery, interpretation, or result presentation",high,low to medium,resolve using factual page-specific or systemic markup,open
baseline,P3,metadata,https://robertdevore.com/page/10/,large Twitter card has no image,"clearer discovery, interpretation, or result presentation",high,low to medium,resolve using factual page-specific or systemic markup,open
baseline,P2,schema,https://robertdevore.com/page/10/,listing represented as WebSite,"clearer discovery, interpretation, or result presentation",high,low to medium,resolve using factual page-specific or systemic markup,open
baseline,P1,crawlability,https://robertdevore.com/page/10/,orphan,"clearer discovery, interpretation, or result presentation",high,low to medium,resolve using factual page-specific or systemic markup,open
baseline,P3,metadata,https://robertdevore.com/page/11/,duplicate title,"clearer discovery, interpretation, or result presentation",high,low to medium,resolve using factual page-specific or systemic markup,open
baseline,P3,metadata,https://robertdevore.com/page/11/,duplicate description,"clearer discovery, interpretation, or result presentation",high,low to medium,resolve using factual page-specific or systemic markup,open
baseline,P3,metadata,https://robertdevore.com/page/11/,legacy meta keywords present,"clearer discovery, interpretation, or result presentation",high,low to medium,resolve using factual page-specific or systemic markup,open
baseline,P3,metadata,https://robertdevore.com/page/11/,large Twitter card has no image,"clearer discovery, interpretation, or result presentation",high,low to medium,resolve using factual page-specific or systemic markup,open
baseline,P2,schema,https://robertdevore.com/page/11/,listing represented as WebSite,"clearer discovery, interpretation, or result presentation",high,low to medium,resolve using factual page-specific or systemic markup,open
baseline,P1,crawlability,https://robertdevore.com/page/11/,orphan,"clearer discovery, interpretation, or result presentation",high,low to medium,resolve using factual page-specific or systemic markup,open
baseline,P3,metadata,https://robertdevore.com/page/12/,duplicate title,"clearer discovery, interpretation, or result presentation",high,low to medium,resolve using factual page-specific or systemic markup,open
baseline,P3,metadata,https://robertdevore.com/page/12/,duplicate description,"clearer discovery, interpretation, or result presentation",high,low to medium,resolve using factual page-specific or systemic markup,open
baseline,P3,metadata,https://robertdevore.com/page/12/,legacy meta keywords present,"clearer discovery, interpretation, or result presentation",high,low to medium,resolve using factual page-specific or systemic markup,open
baseline,P3,metadata,https://robertdevore.com/page/12/,large Twitter card has no image,"clearer discovery, interpretation, or result presentation",high,low to medium,resolve using factual page-specific or systemic markup,open
baseline,P2,schema,https://robertdevore.com/page/12/,listing represented as WebSite,"clearer discovery, interpretation, or result presentation",high,low to medium,resolve using factual page-specific or systemic markup,open
baseline,P1,crawlability,https://robertdevore.com/page/12/,orphan,"clearer discovery, interpretation, or result presentation",high,low to medium,resolve using factual page-specific or systemic markup,open
baseline,P3,metadata,https://robertdevore.com/page/2/,duplicate title,"clearer discovery, interpretation, or result presentation",high,low to medium,resolve using factual page-specific or systemic markup,open
baseline,P3,metadata,https://robertdevore.com/page/2/,duplicate description,"clearer discovery, interpretation, or result presentation",high,low to medium,resolve using factual page-specific or systemic markup,open
baseline,P3,metadata,https://robertdevore.com/page/2/,legacy meta keywords present,"clearer discovery, interpretation, or result presentation",high,low to medium,resolve using factual page-specific or systemic markup,open
baseline,P3,metadata,https://robertdevore.com/page/2/,large Twitter card has no image,"clearer discovery, interpretation, or result presentation",high,low to medium,resolve using factual page-specific or systemic markup,open
baseline,P2,schema,https://robertdevore.com/page/2/,listing represented as WebSite,"clearer discovery, interpretation, or result presentation",high,low to medium,resolve using factual page-specific or systemic markup,open
baseline,P1,crawlability,https://robertdevore.com/page/2/,orphan,"clearer discovery, interpretation, or result presentation",high,low to medium,resolve using factual page-specific or systemic markup,open
baseline,P3,metadata,https://robertdevore.com/page/3/,duplicate title,"clearer discovery, interpretation, or result presentation",high,low to medium,resolve using factual page-specific or systemic markup,open
baseline,P3,metadata,https://robertdevore.com/page/3/,duplicate description,"clearer discovery, interpretation, or result presentation",high,low to medium,resolve using factual page-specific or systemic markup,open
baseline,P3,metadata,https://robertdevore.com/page/3/,legacy meta keywords present,"clearer discovery, interpretation, or result presentation",high,low to medium,resolve using factual page-specific or systemic markup,open
baseline,P3,metadata,https://robertdevore.com/page/3/,large Twitter card has no image,"clearer discovery, interpretation, or result presentation",high,low to medium,resolve using factual page-specific or systemic markup,open
baseline,P2,schema,https://robertdevore.com/page/3/,listing represented as WebSite,"clearer discovery, interpretation, or result presentation",high,low to medium,resolve using factual page-specific or systemic markup,open
baseline,P1,crawlability,https://robertdevore.com/page/3/,orphan,"clearer discovery, interpretation, or result presentation",high,low to medium,resolve using factual page-specific or systemic markup,open
baseline,P3,metadata,https://robertdevore.com/page/4/,duplicate title,"clearer discovery, interpretation, or result presentation",high,low to medium,resolve using factual page-specific or systemic markup,open
baseline,P3,metadata,https://robertdevore.com/page/4/,duplicate description,"clearer discovery, interpretation, or result presentation",high,low to medium,resolve using factual page-specific or systemic markup,open
baseline,P3,metadata,https://robertdevore.com/page/4/,legacy meta keywords present,"clearer discovery, interpretation, or result presentation",high,low to medium,resolve using factual page-specific or systemic markup,open
baseline,P3,metadata,https://robertdevore.com/page/4/,large Twitter card has no image,"clearer discovery, interpretation, or result presentation",high,low to medium,resolve using factual page-specific or systemic markup,open
baseline,P2,schema,https://robertdevore.com/page/4/,listing represented as WebSite,"clearer discovery, interpretation, or result presentation",high,low to medium,resolve using factual page-specific or systemic markup,open
baseline,P1,crawlability,https://robertdevore.com/page/4/,orphan,"clearer discovery, interpretation, or result presentation",high,low to medium,resolve using factual page-specific or systemic markup,open
baseline,P3,metadata,https://robertdevore.com/page/5/,duplicate title,"clearer discovery, interpretation, or result presentation",high,low to medium,resolve using factual page-specific or systemic markup,open
baseline,P3,metadata,https://robertdevore.com/page/5/,duplicate description,"clearer discovery, interpretation, or result presentation",high,low to medium,resolve using factual page-specific or systemic markup,open
baseline,P3,metadata,https://robertdevore.com/page/5/,legacy meta keywords present,"clearer discovery, interpretation, or result presentation",high,low to medium,resolve using factual page-specific or systemic markup,open
baseline,P3,metadata,https://robertdevore.com/page/5/,large Twitter card has no image,"clearer discovery, interpretation, or result presentation",high,low to medium,resolve using factual page-specific or systemic markup,open
baseline,P2,schema,https://robertdevore.com/page/5/,listing represented as WebSite,"clearer discovery, interpretation, or result presentation",high,low to medium,resolve using factual page-specific or systemic markup,open
baseline,P1,crawlability,https://robertdevore.com/page/5/,orphan,"clearer discovery, interpretation, or result presentation",high,low to medium,resolve using factual page-specific or systemic markup,open
baseline,P3,metadata,https://robertdevore.com/page/6/,duplicate title,"clearer discovery, interpretation, or result presentation",high,low to medium,resolve using factual page-specific or systemic markup,open
baseline,P3,metadata,https://robertdevore.com/page/6/,duplicate description,"clearer discovery, interpretation, or result presentation",high,low to medium,resolve using factual page-specific or systemic markup,open
baseline,P3,metadata,https://robertdevore.com/page/6/,legacy meta keywords present,"clearer discovery, interpretation, or result presentation",high,low to medium,resolve using factual page-specific or systemic markup,open
baseline,P3,metadata,https://robertdevore.com/page/6/,large Twitter card has no image,"clearer discovery, interpretation, or result presentation",high,low to medium,resolve using factual page-specific or systemic markup,open
baseline,P2,schema,https://robertdevore.com/page/6/,listing represented as WebSite,"clearer discovery, interpretation, or result presentation",high,low to medium,resolve using factual page-specific or systemic markup,open
baseline,P1,crawlability,https://robertdevore.com/page/6/,orphan,"clearer discovery, interpretation, or result presentation",high,low to medium,resolve using factual page-specific or systemic markup,open
baseline,P3,metadata,https://robertdevore.com/page/7/,duplicate title,"clearer discovery, interpretation, or result presentation",high,low to medium,resolve using factual page-specific or systemic markup,open
baseline,P3,metadata,https://robertdevore.com/page/7/,duplicate description,"clearer discovery, interpretation, or result presentation",high,low to medium,resolve using factual page-specific or systemic markup,open
baseline,P3,metadata,https://robertdevore.com/page/7/,legacy meta keywords present,"clearer discovery, interpretation, or result presentation",high,low to medium,resolve using factual page-specific or systemic markup,open
baseline,P3,metadata,https://robertdevore.com/page/7/,large Twitter card has no image,"clearer discovery, interpretation, or result presentation",high,low to medium,resolve using factual page-specific or systemic markup,open
baseline,P2,schema,https://robertdevore.com/page/7/,listing represented as WebSite,"clearer discovery, interpretation, or result presentation",high,low to medium,resolve using factual page-specific or systemic markup,open
baseline,P1,crawlability,https://robertdevore.com/page/7/,orphan,"clearer discovery, interpretation, or result presentation",high,low to medium,resolve using factual page-specific or systemic markup,open
baseline,P3,metadata,https://robertdevore.com/page/8/,duplicate title,"clearer discovery, interpretation, or result presentation",high,low to medium,resolve using factual page-specific or systemic markup,open
baseline,P3,metadata,https://robertdevore.com/page/8/,duplicate description,"clearer discovery, interpretation, or result presentation",high,low to medium,resolve using factual page-specific or systemic markup,open
baseline,P3,metadata,https://robertdevore.com/page/8/,legacy meta keywords present,"clearer discovery, interpretation, or result presentation",high,low to medium,resolve using factual page-specific or systemic markup,open
baseline,P3,metadata,https://robertdevore.com/page/8/,large Twitter card has no image,"clearer discovery, interpretation, or result presentation",high,low to medium,resolve using factual page-specific or systemic markup,open
baseline,P2,schema,https://robertdevore.com/page/8/,listing represented as WebSite,"clearer discovery, interpretation, or result presentation",high,low to medium,resolve using factual page-specific or systemic markup,open
baseline,P1,crawlability,https://robertdevore.com/page/8/,orphan,"clearer discovery, interpretation, or result presentation",high,low to medium,resolve using factual page-specific or systemic markup,open
baseline,P3,metadata,https://robertdevore.com/page/9/,duplicate title,"clearer discovery, interpretation, or result presentation",high,low to medium,resolve using factual page-specific or systemic markup,open
baseline,P3,metadata,https://robertdevore.com/page/9/,duplicate description,"clearer discovery, interpretation, or result presentation",high,low to medium,resolve using factual page-specific or systemic markup,open
baseline,P3,metadata,https://robertdevore.com/page/9/,legacy meta keywords present,"clearer discovery, interpretation, or result presentation",high,low to medium,resolve using factual page-specific or systemic markup,open
baseline,P3,metadata,https://robertdevore.com/page/9/,large Twitter card has no image,"clearer discovery, interpretation, or result presentation",high,low to medium,resolve using factual page-specific or systemic markup,open
baseline,P2,schema,https://robertdevore.com/page/9/,listing represented as WebSite,"clearer discovery, interpretation, or result presentation",high,low to medium,resolve using factual page-specific or systemic markup,open
baseline,P1,crawlability,https://robertdevore.com/page/9/,orphan,"clearer discovery, interpretation, or result presentation",high,low to medium,resolve using factual page-specific or systemic markup,open
baseline,P3,metadata,https://robertdevore.com/patience/,legacy meta keywords present,"clearer discovery, interpretation, or result presentation",high,low to medium,resolve using factual page-specific or systemic markup,open
baseline,P3,metadata,https://robertdevore.com/patience/,large Twitter card has no image,"clearer discovery, interpretation, or result presentation",high,low to medium,resolve using factual page-specific or systemic markup,open
baseline,P3,metadata,https://robertdevore.com/peddle-free-wordpress-theme-for-easy-digital-downloads/,legacy meta keywords present,"clearer discovery, interpretation, or result presentation",high,low to medium,resolve using factual page-specific or systemic markup,open
baseline,P3,metadata,https://robertdevore.com/peddle-free-wordpress-theme-for-easy-digital-downloads/,large Twitter card has no image,"clearer discovery, interpretation, or result presentation",high,low to medium,resolve using factual page-specific or systemic markup,open
baseline,P3,metadata,https://robertdevore.com/plan-prompt-publish-a-practical-guide-to-creating-beautifully-useful-content-with-ai/,legacy meta keywords present,"clearer discovery, interpretation, or result presentation",high,low to medium,resolve using factual page-specific or systemic markup,open
baseline,P3,metadata,https://robertdevore.com/plan-prompt-publish-a-practical-guide-to-creating-beautifully-useful-content-with-ai/,large Twitter card has no image,"clearer discovery, interpretation, or result presentation",high,low to medium,resolve using factual page-specific or systemic markup,open
baseline,P3,metadata,https://robertdevore.com/projects/,duplicate description,"clearer discovery, interpretation, or result presentation",high,low to medium,resolve using factual page-specific or systemic markup,open
baseline,P3,metadata,https://robertdevore.com/projects/,legacy meta keywords present,"clearer discovery, interpretation, or result presentation",high,low to medium,resolve using factual page-specific or systemic markup,open
baseline,P3,metadata,https://robertdevore.com/projects/,large Twitter card has no image,"clearer discovery, interpretation, or result presentation",high,low to medium,resolve using factual page-specific or systemic markup,open
baseline,P3,metadata,https://robertdevore.com/projects/agents-sdk/,legacy meta keywords present,"clearer discovery, interpretation, or result presentation",high,low to medium,resolve using factual page-specific or systemic markup,open
baseline,P3,metadata,https://robertdevore.com/projects/agents-sdk/,large Twitter card has no image,"clearer discovery, interpretation, or result presentation",high,low to medium,resolve using factual page-specific or systemic markup,open
baseline,P2,schema,https://robertdevore.com/projects/agents-sdk/,project represented as BlogPosting,"clearer discovery, interpretation, or result presentation",high,low to medium,resolve using factual page-specific or systemic markup,open
baseline,P1,crawlability,https://robertdevore.com/projects/agents-sdk/,orphan,"clearer discovery, interpretation, or result presentation",high,low to medium,resolve using factual page-specific or systemic markup,open
baseline,P3,metadata,https://robertdevore.com/projects/dispatch/,legacy meta keywords present,"clearer discovery, interpretation, or result presentation",high,low to medium,resolve using factual page-specific or systemic markup,open
baseline,P3,metadata,https://robertdevore.com/projects/dispatch/,large Twitter card has no image,"clearer discovery, interpretation, or result presentation",high,low to medium,resolve using factual page-specific or systemic markup,open
baseline,P2,schema,https://robertdevore.com/projects/dispatch/,project represented as BlogPosting,"clearer discovery, interpretation, or result presentation",high,low to medium,resolve using factual page-specific or systemic markup,open
baseline,P1,crawlability,https://robertdevore.com/projects/dispatch/,orphan,"clearer discovery, interpretation, or result presentation",high,low to medium,resolve using factual page-specific or systemic markup,open
baseline,P3,metadata,https://robertdevore.com/projects/kujo/,legacy meta keywords present,"clearer discovery, interpretation, or result presentation",high,low to medium,resolve using factual page-specific or systemic markup,open
baseline,P3,metadata,https://robertdevore.com/projects/kujo/,large Twitter card has no image,"clearer discovery, interpretation, or result presentation",high,low to medium,resolve using factual page-specific or systemic markup,open
baseline,P2,schema,https://robertdevore.com/projects/kujo/,project represented as BlogPosting,"clearer discovery, interpretation, or result presentation",high,low to medium,resolve using factual page-specific or systemic markup,open
baseline,P3,metadata,https://robertdevore.com/projects/lens/,legacy meta keywords present,"clearer discovery, interpretation, or result presentation",high,low to medium,resolve using factual page-specific or systemic markup,open
baseline,P3,metadata,https://robertdevore.com/projects/lens/,large Twitter card has no image,"clearer discovery, interpretation, or result presentation",high,low to medium,resolve using factual page-specific or systemic markup,open
baseline,P2,schema,https://robertdevore.com/projects/lens/,project represented as BlogPosting,"clearer discovery, interpretation, or result presentation",high,low to medium,resolve using factual page-specific or systemic markup,open
baseline,P1,crawlability,https://robertdevore.com/projects/lens/,orphan,"clearer discovery, interpretation, or result presentation",high,low to medium,resolve using factual page-specific or systemic markup,open
baseline,P3,metadata,https://robertdevore.com/projects/sitekit/,legacy meta keywords present,"clearer discovery, interpretation, or result presentation",high,low to medium,resolve using factual page-specific or systemic markup,open
baseline,P3,metadata,https://robertdevore.com/projects/sitekit/,large Twitter card has no image,"clearer discovery, interpretation, or result presentation",high,low to medium,resolve using factual page-specific or systemic markup,open
baseline,P2,schema,https://robertdevore.com/projects/sitekit/,project represented as BlogPosting,"clearer discovery, interpretation, or result presentation",high,low to medium,resolve using factual page-specific or systemic markup,open
baseline,P1,crawlability,https://robertdevore.com/projects/sitekit/,orphan,"clearer discovery, interpretation, or result presentation",high,low to medium,resolve using factual page-specific or systemic markup,open
baseline,P3,metadata,https://robertdevore.com/projects/ssg/,legacy meta keywords present,"clearer discovery, interpretation, or result presentation",high,low to medium,resolve using factual page-specific or systemic markup,open
baseline,P3,metadata,https://robertdevore.com/projects/ssg/,large Twitter card has no image,"clearer discovery, interpretation, or result presentation",high,low to medium,resolve using factual page-specific or systemic markup,open
baseline,P2,schema,https://robertdevore.com/projects/ssg/,project represented as BlogPosting,"clearer discovery, interpretation, or result presentation",high,low to medium,resolve using factual page-specific or systemic markup,open
baseline,P1,crawlability,https://robertdevore.com/projects/ssg/,orphan,"clearer discovery, interpretation, or result presentation",high,low to medium,resolve using factual page-specific or systemic markup,open
baseline,P3,metadata,https://robertdevore.com/release-notes-back-in-stock-notifications-for-woocommerce-free-v1-0-1/,legacy meta keywords present,"clearer discovery, interpretation, or result presentation",high,low to medium,resolve using factual page-specific or systemic markup,open
baseline,P3,metadata,https://robertdevore.com/release-notes-back-in-stock-notifications-for-woocommerce-free-v1-0-1/,large Twitter card has no image,"clearer discovery, interpretation, or result presentation",high,low to medium,resolve using factual page-specific or systemic markup,open
baseline,P3,metadata,https://robertdevore.com/relentless/,legacy meta keywords present,"clearer discovery, interpretation, or result presentation",high,low to medium,resolve using factual page-specific or systemic markup,open
baseline,P3,metadata,https://robertdevore.com/relentless/,large Twitter card has no image,"clearer discovery, interpretation, or result presentation",high,low to medium,resolve using factual page-specific or systemic markup,open
baseline,P3,metadata,https://robertdevore.com/rethinking-keyword-research-in-the-age-of-ai/,legacy meta keywords present,"clearer discovery, interpretation, or result presentation",high,low to medium,resolve using factual page-specific or systemic markup,open
baseline,P3,metadata,https://robertdevore.com/rethinking-keyword-research-in-the-age-of-ai/,large Twitter card has no image,"clearer discovery, interpretation, or result presentation",high,low to medium,resolve using factual page-specific or systemic markup,open
baseline,P3,metadata,https://robertdevore.com/reusable-flask-error-handling-a-step-by-step-guide-to-modular-http-error-responses/,legacy meta keywords present,"clearer discovery, interpretation, or result presentation",high,low to medium,resolve using factual page-specific or systemic markup,open
baseline,P3,metadata,https://robertdevore.com/reusable-flask-error-handling-a-step-by-step-guide-to-modular-http-error-responses/,large Twitter card has no image,"clearer discovery, interpretation, or result presentation",high,low to medium,resolve using factual page-specific or systemic markup,open
baseline,P3,metadata,https://robertdevore.com/run-a-tor-relay/,legacy meta keywords present,"clearer discovery, interpretation, or result presentation",high,low to medium,resolve using factual page-specific or systemic markup,open
baseline,P3,metadata,https://robertdevore.com/run-a-tor-relay/,large Twitter card has no image,"clearer discovery, interpretation, or result presentation",high,low to medium,resolve using factual page-specific or systemic markup,open
baseline,P3,metadata,https://robertdevore.com/say-goodbye-to-wordpress/,legacy meta keywords present,"clearer discovery, interpretation, or result presentation",high,low to medium,resolve using factual page-specific or systemic markup,open
baseline,P3,metadata,https://robertdevore.com/say-goodbye-to-wordpress/,large Twitter card has no image,"clearer discovery, interpretation, or result presentation",high,low to medium,resolve using factual page-specific or systemic markup,open
baseline,P3,metadata,https://robertdevore.com/set-featured-images-programatically-wordpress/,legacy meta keywords present,"clearer discovery, interpretation, or result presentation",high,low to medium,resolve using factual page-specific or systemic markup,open
baseline,P3,metadata,https://robertdevore.com/set-featured-images-programatically-wordpress/,large Twitter card has no image,"clearer discovery, interpretation, or result presentation",high,low to medium,resolve using factual page-specific or systemic markup,open
baseline,P3,metadata,https://robertdevore.com/slackedd/,legacy meta keywords present,"clearer discovery, interpretation, or result presentation",high,low to medium,resolve using factual page-specific or systemic markup,open
baseline,P3,metadata,https://robertdevore.com/slackedd/,large Twitter card has no image,"clearer discovery, interpretation, or result presentation",high,low to medium,resolve using factual page-specific or systemic markup,open
baseline,P3,metadata,https://robertdevore.com/stattic-v0-3-0-release-llms-txt-faster-gifs-leaner-core-and-smarter-routing/,legacy meta keywords present,"clearer discovery, interpretation, or result presentation",high,low to medium,resolve using factual page-specific or systemic markup,open
baseline,P3,metadata,https://robertdevore.com/stattic-v0-3-0-release-llms-txt-faster-gifs-leaner-core-and-smarter-routing/,large Twitter card has no image,"clearer discovery, interpretation, or result presentation",high,low to medium,resolve using factual page-specific or systemic markup,open
baseline,P3,metadata,https://robertdevore.com/stattic-v1-0-the-worlds-fastest-python-based-static-site-generator/,legacy meta keywords present,"clearer discovery, interpretation, or result presentation",high,low to medium,resolve using factual page-specific or systemic markup,open
baseline,P3,metadata,https://robertdevore.com/stattic-v1-0-the-worlds-fastest-python-based-static-site-generator/,large Twitter card has no image,"clearer discovery, interpretation, or result presentation",high,low to medium,resolve using factual page-specific or systemic markup,open
baseline,P3,metadata,https://robertdevore.com/stop-gambling-with-client-trust-why-skipping-a-security-audit-is-a-risk-you-cant-afford/,legacy meta keywords present,"clearer discovery, interpretation, or result presentation",high,low to medium,resolve using factual page-specific or systemic markup,open
baseline,P3,metadata,https://robertdevore.com/stop-gambling-with-client-trust-why-skipping-a-security-audit-is-a-risk-you-cant-afford/,large Twitter card has no image,"clearer discovery, interpretation, or result presentation",high,low to medium,resolve using factual page-specific or systemic markup,open
baseline,P2,crawlability,https://robertdevore.com/stop-gambling-with-client-trust-why-skipping-a-security-audit-is-a-risk-you-cant-afford/,5 broken internal links,"clearer discovery, interpretation, or result presentation",high,low to medium,resolve using factual page-specific or systemic markup,open
baseline,P3,metadata,https://robertdevore.com/tag/,duplicate description,"clearer discovery, interpretation, or result presentation",high,low to medium,resolve using factual page-specific or systemic markup,open
baseline,P3,metadata,https://robertdevore.com/tag/,legacy meta keywords present,"clearer discovery, interpretation, or result presentation",high,low to medium,resolve using factual page-specific or systemic markup,open
baseline,P3,metadata,https://robertdevore.com/tag/,large Twitter card has no image,"clearer discovery, interpretation, or result presentation",high,low to medium,resolve using factual page-specific or systemic markup,open
baseline,P2,schema,https://robertdevore.com/tag/,listing represented as WebSite,"clearer discovery, interpretation, or result presentation",high,low to medium,resolve using factual page-specific or systemic markup,open
baseline,P1,crawlability,https://robertdevore.com/tag/,orphan,"clearer discovery, interpretation, or result presentation",high,low to medium,resolve using factual page-specific or systemic markup,open
baseline,P3,metadata,https://robertdevore.com/tag/ai/,legacy meta keywords present,"clearer discovery, interpretation, or result presentation",high,low to medium,resolve using factual page-specific or systemic markup,open
baseline,P3,metadata,https://robertdevore.com/tag/ai/,large Twitter card has no image,"clearer discovery, interpretation, or result presentation",high,low to medium,resolve using factual page-specific or systemic markup,open
baseline,P3,metadata,https://robertdevore.com/tag/archive/,legacy meta keywords present,"clearer discovery, interpretation, or result presentation",high,low to medium,resolve using factual page-specific or systemic markup,open
baseline,P3,metadata,https://robertdevore.com/tag/archive/,large Twitter card has no image,"clearer discovery, interpretation, or result presentation",high,low to medium,resolve using factual page-specific or systemic markup,open
baseline,P3,metadata,https://robertdevore.com/tag/engineering/,legacy meta keywords present,"clearer discovery, interpretation, or result presentation",high,low to medium,resolve using factual page-specific or systemic markup,open
baseline,P3,metadata,https://robertdevore.com/tag/engineering/,large Twitter card has no image,"clearer discovery, interpretation, or result presentation",high,low to medium,resolve using factual page-specific or systemic markup,open
baseline,P3,metadata,https://robertdevore.com/tag/essays/,legacy meta keywords present,"clearer discovery, interpretation, or result presentation",high,low to medium,resolve using factual page-specific or systemic markup,open
baseline,P3,metadata,https://robertdevore.com/tag/essays/,large Twitter card has no image,"clearer discovery, interpretation, or result presentation",high,low to medium,resolve using factual page-specific or systemic markup,open
baseline,P3,crawlability,https://robertdevore.com/tag/essays/,more than three clicks from homepage,"clearer discovery, interpretation, or result presentation",high,low to medium,resolve using factual page-specific or systemic markup,open
baseline,P3,metadata,https://robertdevore.com/tag/woocommerce/,legacy meta keywords present,"clearer discovery, interpretation, or result presentation",high,low to medium,resolve using factual page-specific or systemic markup,open
baseline,P3,metadata,https://robertdevore.com/tag/woocommerce/,large Twitter card has no image,"clearer discovery, interpretation, or result presentation",high,low to medium,resolve using factual page-specific or systemic markup,open
baseline,P3,metadata,https://robertdevore.com/tag/wordpress/,duplicate title,"clearer discovery, interpretation, or result presentation",high,low to medium,resolve using factual page-specific or systemic markup,open
baseline,P3,metadata,https://robertdevore.com/tag/wordpress/,duplicate description,"clearer discovery, interpretation, or result presentation",high,low to medium,resolve using factual page-specific or systemic markup,open
baseline,P3,metadata,https://robertdevore.com/tag/wordpress/,legacy meta keywords present,"clearer discovery, interpretation, or result presentation",high,low to medium,resolve using factual page-specific or systemic markup,open
baseline,P3,metadata,https://robertdevore.com/tag/wordpress/,large Twitter card has no image,"clearer discovery, interpretation, or result presentation",high,low to medium,resolve using factual page-specific or systemic markup,open
baseline,P3,metadata,https://robertdevore.com/thank-you-wordpress/,legacy meta keywords present,"clearer discovery, interpretation, or result presentation",high,low to medium,resolve using factual page-specific or systemic markup,open
baseline,P3,metadata,https://robertdevore.com/thank-you-wordpress/,large Twitter card has no image,"clearer discovery, interpretation, or result presentation",high,low to medium,resolve using factual page-specific or systemic markup,open
baseline,P3,metadata,https://robertdevore.com/the-fastest-way-for-php-devs-to-learn-python/,legacy meta keywords present,"clearer discovery, interpretation, or result presentation",high,low to medium,resolve using factual page-specific or systemic markup,open
baseline,P3,metadata,https://robertdevore.com/the-fastest-way-for-php-devs-to-learn-python/,large Twitter card has no image,"clearer discovery, interpretation, or result presentation",high,low to medium,resolve using factual page-specific or systemic markup,open
baseline,P3,metadata,https://robertdevore.com/the-past-present-and-future-of-wp-dispensary/,legacy meta keywords present,"clearer discovery, interpretation, or result presentation",high,low to medium,resolve using factual page-specific or systemic markup,open
baseline,P3,metadata,https://robertdevore.com/the-past-present-and-future-of-wp-dispensary/,large Twitter card has no image,"clearer discovery, interpretation, or result presentation",high,low to medium,resolve using factual page-specific or systemic markup,open
baseline,P3,metadata,https://robertdevore.com/tools-and-workflows-for-formatting-visuals-and-citations/,legacy meta keywords present,"clearer discovery, interpretation, or result presentation",high,low to medium,resolve using factual page-specific or systemic markup,open
baseline,P3,metadata,https://robertdevore.com/tools-and-workflows-for-formatting-visuals-and-citations/,large Twitter card has no image,"clearer discovery, interpretation, or result presentation",high,low to medium,resolve using factual page-specific or systemic markup,open
baseline,P3,metadata,https://robertdevore.com/twitter-marketing/,legacy meta keywords present,"clearer discovery, interpretation, or result presentation",high,low to medium,resolve using factual page-specific or systemic markup,open
baseline,P3,metadata,https://robertdevore.com/twitter-marketing/,large Twitter card has no image,"clearer discovery, interpretation, or result presentation",high,low to medium,resolve using factual page-specific or systemic markup,open
baseline,P3,crawlability,https://robertdevore.com/twitter-marketing/,more than three clicks from homepage,"clearer discovery, interpretation, or result presentation",high,low to medium,resolve using factual page-specific or systemic markup,open
baseline,P3,metadata,https://robertdevore.com/two-years-building-wp-dispensary/,legacy meta keywords present,"clearer discovery, interpretation, or result presentation",high,low to medium,resolve using factual page-specific or systemic markup,open
baseline,P3,metadata,https://robertdevore.com/two-years-building-wp-dispensary/,large Twitter card has no image,"clearer discovery, interpretation, or result presentation",high,low to medium,resolve using factual page-specific or systemic markup,open
baseline,P3,metadata,https://robertdevore.com/use-ai-to-create-your-own-wwf-action-figure-blister-packs/,legacy meta keywords present,"clearer discovery, interpretation, or result presentation",high,low to medium,resolve using factual page-specific or systemic markup,open
baseline,P3,metadata,https://robertdevore.com/use-ai-to-create-your-own-wwf-action-figure-blister-packs/,large Twitter card has no image,"clearer discovery, interpretation, or result presentation",high,low to medium,resolve using factual page-specific or systemic markup,open
baseline,P3,metadata,https://robertdevore.com/what-makes-content-beautifully-useful/,legacy meta keywords present,"clearer discovery, interpretation, or result presentation",high,low to medium,resolve using factual page-specific or systemic markup,open
baseline,P3,metadata,https://robertdevore.com/what-makes-content-beautifully-useful/,large Twitter card has no image,"clearer discovery, interpretation, or result presentation",high,low to medium,resolve using factual page-specific or systemic markup,open
baseline,P3,metadata,https://robertdevore.com/why-wordpress-plugin-developers-need-security-audits/,legacy meta keywords present,"clearer discovery, interpretation, or result presentation",high,low to medium,resolve using factual page-specific or systemic markup,open
baseline,P3,metadata,https://robertdevore.com/why-wordpress-plugin-developers-need-security-audits/,large Twitter card has no image,"clearer discovery, interpretation, or result presentation",high,low to medium,resolve using factual page-specific or systemic markup,open
baseline,P2,crawlability,https://robertdevore.com/why-wordpress-plugin-developers-need-security-audits/,4 broken internal links,"clearer discovery, interpretation, or result presentation",high,low to medium,resolve using factual page-specific or systemic markup,open
baseline,P3,metadata,https://robertdevore.com/woocommerce-dispensary-details-plugin/,legacy meta keywords present,"clearer discovery, interpretation, or result presentation",high,low to medium,resolve using factual page-specific or systemic markup,open
baseline,P3,metadata,https://robertdevore.com/woocommerce-dispensary-details-plugin/,large Twitter card has no image,"clearer discovery, interpretation, or result presentation",high,low to medium,resolve using factual page-specific or systemic markup,open
baseline,P3,metadata,https://robertdevore.com/wordpress-custom-post-types-code-snippets/,legacy meta keywords present,"clearer discovery, interpretation, or result presentation",high,low to medium,resolve using factual page-specific or systemic markup,open
baseline,P3,metadata,https://robertdevore.com/wordpress-custom-post-types-code-snippets/,large Twitter card has no image,"clearer discovery, interpretation, or result presentation",high,low to medium,resolve using factual page-specific or systemic markup,open
baseline,P3,metadata,https://robertdevore.com/wordpress-plugin-security-is-a-joke-and-youre-the-punchline/,legacy meta keywords present,"clearer discovery, interpretation, or result presentation",high,low to medium,resolve using factual page-specific or systemic markup,open
baseline,P3,metadata,https://robertdevore.com/wordpress-plugin-security-is-a-joke-and-youre-the-punchline/,large Twitter card has no image,"clearer discovery, interpretation, or result presentation",high,low to medium,resolve using factual page-specific or systemic markup,open
baseline,P3,metadata,https://robertdevore.com/wordpress-woocommerce-plugins-i-will-no-longer-maintain/,legacy meta keywords present,"clearer discovery, interpretation, or result presentation",high,low to medium,resolve using factual page-specific or systemic markup,open
baseline,P3,metadata,https://robertdevore.com/wordpress-woocommerce-plugins-i-will-no-longer-maintain/,large Twitter card has no image,"clearer discovery, interpretation, or result presentation",high,low to medium,resolve using factual page-specific or systemic markup,open
baseline,P2,crawlability,https://robertdevore.com/wordpress-woocommerce-plugins-i-will-no-longer-maintain/,1 broken internal links,"clearer discovery, interpretation, or result presentation",high,low to medium,resolve using factual page-specific or systemic markup,open
baseline,P3,metadata,https://robertdevore.com/wp-dispensary-v2/,legacy meta keywords present,"clearer discovery, interpretation, or result presentation",high,low to medium,resolve using factual page-specific or systemic markup,open
baseline,P3,metadata,https://robertdevore.com/wp-dispensary-v2/,large Twitter card has no image,"clearer discovery, interpretation, or result presentation",high,low to medium,resolve using factual page-specific or systemic markup,open
baseline,P3,metadata,https://robertdevore.com/wp-dispensary/,legacy meta keywords present,"clearer discovery, interpretation, or result presentation",high,low to medium,resolve using factual page-specific or systemic markup,open
baseline,P3,metadata,https://robertdevore.com/wp-dispensary/,large Twitter card has no image,"clearer discovery, interpretation, or result presentation",high,low to medium,resolve using factual page-specific or systemic markup,open
baseline,P3,metadata,https://robertdevore.com/wp-townhall-13-the-debate-kevin-geary-doesnt-want-you-to-see/,legacy meta keywords present,"clearer discovery, interpretation, or result presentation",high,low to medium,resolve using factual page-specific or systemic markup,open
baseline,P3,metadata,https://robertdevore.com/wp-townhall-13-the-debate-kevin-geary-doesnt-want-you-to-see/,large Twitter card has no image,"clearer discovery, interpretation, or result presentation",high,low to medium,resolve using factual page-specific or systemic markup,open
baseline,P2,crawlability,https://robertdevore.com/wp-townhall-13-the-debate-kevin-geary-doesnt-want-you-to-see/,1 broken internal links,"clearer discovery, interpretation, or result presentation",high,low to medium,resolve using factual page-specific or systemic markup,open
baseline,P3,metadata,https://robertdevore.com/wtf-is-wordpress/,legacy meta keywords present,"clearer discovery, interpretation, or result presentation",high,low to medium,resolve using factual page-specific or systemic markup,open
baseline,P3,metadata,https://robertdevore.com/wtf-is-wordpress/,large Twitter card has no image,"clearer discovery, interpretation, or result presentation",high,low to medium,resolve using factual page-specific or systemic markup,open
baseline,P2,crawlability,https://robertdevore.com/wtf-is-wordpress/,1 broken internal links,"clearer discovery, interpretation, or result presentation",high,low to medium,resolve using factual page-specific or systemic markup,open
baseline,P3,metadata,https://robertdevore.com/zero-cool-cli-a-hackers-terminal-from-1995/,legacy meta keywords present,"clearer discovery, interpretation, or result presentation",high,low to medium,resolve using factual page-specific or systemic markup,open
baseline,P3,metadata,https://robertdevore.com/zero-cool-cli-a-hackers-terminal-from-1995/,large Twitter card has no image,"clearer discovery, interpretation, or result presentation",high,low to medium,resolve using factual page-specific or systemic markup,open
baseline,P1,infrastructure,https://www.robertdevore.com/,HTTPS www hostname returned HTTP 521 on repeated public probes,consolidate hostname signals and prevent failed legacy visits,high,medium,fix Cloudflare/DNS/origin routing and permanently redirect www to apex,open
baseline,P2,measurement,site-wide,"Search Console, Bing Webmaster Tools, analytics/logs, field CWV, and independent AI answer data unavailable",measure organic and AI-search outcomes without inference,high,medium,grant read access and preserve 7/28/60/90-day comparison exports,open
after,P3,crawlability,https://robertdevore.com/blog/page/6/,more than three clicks from homepage,"clearer discovery, interpretation, or result presentation",high,low to medium,resolve using factual page-specific or systemic markup,open
after,P3,crawlability,https://robertdevore.com/blog/page/7/,more than three clicks from homepage,"clearer discovery, interpretation, or result presentation",high,low to medium,resolve using factual page-specific or systemic markup,open
after,P3,crawlability,https://robertdevore.com/blog/page/8/,more than three clicks from homepage,"clearer discovery, interpretation, or result presentation",high,low to medium,resolve using factual page-specific or systemic markup,open
after,P3,crawlability,https://robertdevore.com/blog/page/9/,more than three clicks from homepage,"clearer discovery, interpretation, or result presentation",high,low to medium,resolve using factual page-specific or systemic markup,open
after,P3,crawlability,https://robertdevore.com/invest-in-yourself/,more than three clicks from homepage,"clearer discovery, interpretation, or result presentation",high,low to medium,resolve using factual page-specific or systemic markup,open
after,P3,crawlability,https://robertdevore.com/making-up-for-lost-time/,more than three clicks from homepage,"clearer discovery, interpretation, or result presentation",high,low to medium,resolve using factual page-specific or systemic markup,open
after,P3,crawlability,https://robertdevore.com/organized-chaos/,more than three clicks from homepage,"clearer discovery, interpretation, or result presentation",high,low to medium,resolve using factual page-specific or systemic markup,open
after,P3,crawlability,https://robertdevore.com/twitter-marketing/,more than three clicks from homepage,"clearer discovery, interpretation, or result presentation",high,low to medium,resolve using factual page-specific or systemic markup,open
after,P1,infrastructure,https://www.robertdevore.com/,HTTPS www hostname returned HTTP 521 on repeated public probes,consolidate hostname signals and prevent failed legacy visits,high,medium,fix Cloudflare/DNS/origin routing and permanently redirect www to apex,open
after,P2,measurement,site-wide,"Search Console, Bing Webmaster Tools, analytics/logs, field CWV, and independent AI answer data unavailable",measure organic and AI-search outcomes without inference,high,medium,grant read access and preserve 7/28/60/90-day comparison exports,open
after,P2,external links,historical article archive,153 failing external-link instances across 106 unique observed destinations,improve reader trust and citation integrity,medium,high,"manually verify context and update, annotate, or remove stale destinations",open
