phase,url,primary_topic,primary_entity,search_intent,primary_query_theme,secondary_queries,related_entities,relevant_questions,competing_internal_url,content_gap,recommended_action
baseline,https://robertdevore.com/,"Systems, tools, and writing for work that has to hold up.","Systems, tools, and writing for work that has to hold up.",navigational / commercial investigation,"systems, tools, and writing for work that has to hold up.","Language, runtime, and local software workflows; Tools with a visible operating record.; Strata; Snips",RepoRadar; How I build.; Make state visible; Keep work inspectable,"What is Systems, tools, and writing for work that has to hold up.?; How does Systems, tools, and writing for work that has to hold up. work?; Who is Systems, tools, and writing for work that has to hold up. for?",,,retain; monitor search and citation performance
baseline,https://robertdevore.com/5-python-scripts-for-osint-and-pentesting/,5 Python Scripts for OSINT and Pentesting,5 Python Scripts for OSINT and Pentesting,informational,5 python scripts for osint and pentesting,Learning Python; Combine TXT files; Email Scraper; Password Cracker(s),Regex Scanner; XSS Scanner; What’s next?; Related Reading,What is 5 Python Scripts for OSINT and Pentesting?; How does 5 Python Scripts for OSINT and Pentesting work?; Who is 5 Python Scripts for OSINT and Pentesting for?,,no verified modified date,retain; monitor search and citation performance
baseline,https://robertdevore.com/5-questions-you-must-answer-before-writing-anything/,5 Questions You Must Answer Before Writing Anything,5 Questions You Must Answer Before Writing Anything,informational,5 questions you must answer before writing anything,The 5 Questions That Sharpen Everything; 1. Who is this for – _really_?; 2. What problem are they actively trying to solve?; 3. What belief needs to be broken?,4. What do you want them to do next?; 5. What’s the sharpest thing you can say?; This Is How You Aim Before You Fire; Bonus: The “Pre-Prompt Primer”,What is 5 Questions You Must Answer Before Writing Anything?; How does 5 Questions You Must Answer Before Writing Anything work?; Who is 5 Questions You Must Answer Before Writing Anything for?,,no verified modified date,retain; monitor search and citation performance
baseline,https://robertdevore.com/5-things-i-learned-building-my-first-gutenberg-blocks-plugin/,5 Things I’ve learned building my first blocks for Gutenberg,5 Things I’ve learned building my first blocks for Gutenberg,informational,5 things i’ve learned building my first blocks for gutenberg,"Building Blocks with Pillar Press; How to use Node.js and NPM; How to use create-guten-block to build a Blocks plugin; The more I use Gutenberg, the more I like it",Things are changing FAST with Gutenberg's impending release; Final thoughts; Related Reading,What is 5 Things I’ve learned building my first blocks for Gutenberg?; How does 5 Things I’ve learned building my first blocks for Gutenberg work?; Who is 5 Things I’ve learned building my first blocks for Gutenberg for?,,no verified modified date,retain; monitor search and citation performance
baseline,https://robertdevore.com/7-days-full-time-wp-dispensary/,7 days full time at WP Dispensary,7 days full time at WP Dispensary,informational,7 days full time at wp dispensary,"What's been done; Started working on…; Overall, I'm feeling…; Related Reading",,What is 7 days full time at WP Dispensary?; How does 7 days full time at WP Dispensary work?; Who is 7 days full time at WP Dispensary for?,,no verified modified date,retain; monitor search and citation performance
baseline,https://robertdevore.com/about/,About,About,informational,about,I build systems that explain themselves; Through-line; Selected surfaces; Field Notes,Projects; Contact,What is About?; How does About work?; Who is About for?,,thin for a substantive destination; no visible breadcrumb,editorial review: clarify purpose and add only evidence-backed useful detail
baseline,https://robertdevore.com/all-in-one-wp-migration-plugin-ddos-attack/,WordPress plugin with 5M+ active installs can be utilized in DDoS attacks,WordPress plugin with 5M+ active installs can be utilized in DDoS attacks,commercial investigation / product discovery,wordpress plugin with 5m+ active installs can be utilized in ddos attacks,How the exploit works; Recommendation to mitigate this issue; My Recommendations for users; Related Reading,,What is WordPress plugin with 5M+ active installs can be utilized in DDoS attacks?; How does WordPress plugin with 5M+ active installs can be utilized in DDoS attacks work?; Who is WordPress plugin with 5M+ active installs can be utilized in DDoS attacks for?,,no verified modified date,retain; monitor search and citation performance
baseline,https://robertdevore.com/back-to-basics/,Back to Basics,Back to Basics,informational,back to basics,"Getting back to the basics; So, what am I gonna do about it?; Related Reading",,What is Back to Basics?; How does Back to Basics work?; Who is Back to Basics for?,,no verified modified date,retain; monitor search and citation performance
baseline,https://robertdevore.com/blog/,Writing,Writing,navigational / topic discovery,writing,Forever Forward; Zero Cool CLI – A Hacker’s Terminal from 1995; Stattic v1.0: The World’s Fastest Python-based Static Site Generator; Complete Beginner’s Guide: Building a Python URL Checker for Google Sheets,Grateful to See 20 of My WordPress Plugins Live On at WebDevStudios; I Just Launched a Python Course for PHP Developers; The Fastest Way for PHP Devs to Learn Python; WordPress & WooCommerce plugins I will no longer maintain,What is Writing?; How does Writing work?; Who is Writing for?,,no visible breadcrumb,retain; monitor search and citation performance
baseline,https://robertdevore.com/blog/page/10/,Writing,Writing,navigational / topic discovery,writing,? hue.js; Set Featured Images Programmatically in WordPress; WP Dispensary: 2 years after the launch; Dispensary Details for WooCommerce,7 days full time at WP Dispensary; Going all in with WP Dispensary; Enhance the power of your WordPress Custom Post Types; My Brothers Keeper,What is Writing?; How does Writing work?; Who is Writing for?,,,retain; monitor search and citation performance
baseline,https://robertdevore.com/blog/page/11/,Writing,Writing,navigational / topic discovery,writing,Relentless; Chapters for Authors; Twitter Marketing; Invest in Yourself,CannaBiz; Devio Digital; Health Benefits of Cannabis; Recent project updates,What is Writing?; How does Writing work?; Who is Writing for?,,,retain; monitor search and citation performance
baseline,https://robertdevore.com/blog/page/12/,Writing,Writing,navigational / topic discovery,writing,Leafly Reviews; Focus; Peddle; MNML,Run a Tor relay; Clean Blog,What is Writing?; How does Writing work?; Who is Writing for?,,,retain; monitor search and citation performance
baseline,https://robertdevore.com/blog/page/2/,Writing,Writing,navigational / topic discovery,writing,"How I Use TextExpander to Reuse My Best AI Prompts; Introducing: DB Version Control for WordPress; How to build a content engine that scales with you; Tools and Workflows for Formatting, Visuals, and Citations","How to edit AI content so it feels clean, not robotic; How to Build Modular Prompts That Save You Hours Per Week; How to teach AI to match your voice; How to Write Prompts That Get the Tone, Structure, and Intent Right",What is Writing?; How does Writing work?; Who is Writing for?,,,retain; monitor search and citation performance
baseline,https://robertdevore.com/blog/page/3/,Writing,Writing,navigational / topic discovery,writing,Just Released: Stattic v.0.3.0; What Makes Content Beautifully Useful?; Extreme Programming for Extreme Leaders; Plan. Prompt. Publish. A Practical Guide to Creating Beautifully Useful Content with AI,"Celebrating GAAD with IMG A11Y v1.1.0; WordPress Plugin Security Is a Joke, and You’re the Punchline; Use AI to create your own WWF Action Figure Blister Packs; Say Goodbye to WordPress",What is Writing?; How does Writing work?; Who is Writing for?,,,retain; monitor search and citation performance
baseline,https://robertdevore.com/blog/page/4/,Writing,Writing,navigational / topic discovery,writing,LEAP: The Code of Extreme Leadership; Introducing Projects for WordPress®: A Better Way to Showcase Your Work; Rethinking Keyword Research in the Age of AI; Introducing Slop Stopper: A free content checker for WordPress®,Introducing Dispensary Details for WooCommerce®; I’m freelancing again; Stop Gambling With Client Trust: Why Skipping a Security Audit Is a Risk You Can’t Afford; Introducing an experimental new plugin: Email Designer for WooCommerce®,What is Writing?; How does Writing work?; Who is Writing for?,,,retain; monitor search and citation performance
baseline,https://robertdevore.com/blog/page/5/,Writing,Writing,navigational / topic discovery,writing,"How a Security Audit Can Save Your E-Commerce Store from Disaster; IntelliPress: The Smart AF AI Assistant for WordPress®; Hello, Plugin Pal: Your AI Powered Plugin Generator for WordPress®; Introducing Broken Image Scanner",How to Block Website Tracking Data in WooCommerce®; Introducing Block AI Crawlers for WordPress®; Honoring Jesse Petersen with the Revival of “Stealth Login Page”; December 2024: A Retrospective,What is Writing?; How does Writing work?; Who is Writing for?,,,retain; monitor search and citation performance
baseline,https://robertdevore.com/blog/page/6/,Writing,Writing,navigational / topic discovery,writing,Host Your WordPress Plugins on GitHub and Automate Plugin Packaging; Introducing HPOS Compatibility Scanner for WooCommerce® (free); Introducing Shipping Multiple Addresses for WooCommerce® (free); Introducing IMG A11Y,Introducing Vertical Gallery Product Display for WooCommerce®; Introducing Site Vitals for WordPress®; Introducing Associated Taxonomies for WordPress®; Introducing Maintenance Mode for WordPress®,What is Writing?; How does Writing work?; Who is Writing for?,,,retain; monitor search and citation performance
baseline,https://robertdevore.com/blog/page/7/,Writing,Writing,navigational / topic discovery,writing,Introducing Table Block Enhancer for WordPress®; Introducing Metadata Import/Export for Yoast SEO; Introducing Bluesky Feed for WordPress®; Introducing Media Copyright Scanner,Introducing Stats for WordPress®; Introducing Bulk Stock Management for WooCommerce® (free); Introducing Barcodes for WooCommerce® (free); Introducing Brands for WooCommerce® (free),What is Writing?; How does Writing work?; Who is Writing for?,,,retain; monitor search and citation performance
baseline,https://robertdevore.com/blog/page/8/,Writing,Writing,navigational / topic discovery,writing,Introducing Content Restriction for WordPress®; Introducing Widget Usage Tracker for Elementor; Introducing Gift Cards for WooCommerce® (free); Release Notes: Back In Stock Notifications for WooCommerce® (free) v1.0.1,Introducing Back In Stock Notifications for WooCommerce®; Introducing Gallery Modals: Enhance Your WordPress® Galleries with Stunning Popups!; Introducing the User Login Status Plugin for WordPress; WTF is WordPress?,What is Writing?; How does Writing work?; Who is Writing for?,,,retain; monitor search and citation performance
baseline,https://robertdevore.com/blog/page/9/,Writing,Writing,navigational / topic discovery,writing,5 Python Scripts for OSINT and Pentesting; Introducing IntelliPress: The Smart Ai Assistant for WordPress; Creating my own cipher code; “How hungry are you?”,"The past, present and future of WP Dispensary; How to customize the style of your WordPress login screen; Going all in: One year later; Delivery Drivers for WooCommerce",What is Writing?; How does Writing work?; Who is Writing for?,,,retain; monitor search and citation performance
baseline,https://robertdevore.com/boostbox-free-popups-that-work-pro-popups-that-convert/,"BoostBox: Free Popups That Work, Pro Popups That Convert","BoostBox: Free Popups That Work, Pro Popups That Convert",informational,"boostbox: free popups that work, pro popups that convert","1. It Works Inside the WordPress® Editor, Like It Fucking Should; 2. Smart Popups, Not Annoying Popups; 3. Design It However the Hell You Want; 4. Fast as Fuck","5. Free Forever (But Pro Takes It to the Next Level); Why Go Pro?; Final Thoughts: Get BoostBox, Then Get Paid; Related Reading","What is BoostBox: Free Popups That Work, Pro Popups That Convert?; How does BoostBox: Free Popups That Work, Pro Popups That Convert work?; Who is BoostBox: Free Popups That Work, Pro Popups That Convert for?",,no verified modified date,retain; monitor search and citation performance
baseline,https://robertdevore.com/boostbox-wordpress-popup-builder-for-the-core-editor/,Introducing BoostBox: The 1st WordPress popup builder for the core editor,Introducing BoostBox: The 1st WordPress popup builder for the core editor,commercial investigation / product discovery,introducing boostbox: the 1st wordpress popup builder for the core editor,Why build _another popup plugin_ for WordPress?; BoostBox Admin Settings; Popup Display Settings; BoostBox Popup Settings,BoostBox works great with your favorite FSE WordPress theme; Ollie + BoostBox; Powder + BoostBox; Kadence + BoostBox,What is Introducing BoostBox: The 1st WordPress popup builder for the core editor?; How does Introducing BoostBox: The 1st WordPress popup builder for the core editor work?; Who is Introducing BoostBox: The 1st WordPress popup builder for the core editor for?,,no verified modified date,retain; monitor search and citation performance
baseline,https://robertdevore.com/cannabis-health-benefits/,Health Benefits of Cannabis,Health Benefits of Cannabis,informational,health benefits of cannabis,Medical studies on the effects of cannabis; 1. Anti-cancer effects; 2. Control over epileptic seizures; 3. Post-traumatic stress disorder,4. Prevent Alzheimer's; 5. Multiple benefits for HIV patients; Additional marijuana success stories; Helping dispensaries grow online business,What is Health Benefits of Cannabis?; How does Health Benefits of Cannabis work?; Who is Health Benefits of Cannabis for?,,no verified modified date,retain; monitor search and citation performance
baseline,https://robertdevore.com/cannabiz/,CannaBiz,CannaBiz,informational,cannabiz,CannaBiz Features; Current Version; The future of WP Dispensary; Related Reading,,What is CannaBiz?; How does CannaBiz work?; Who is CannaBiz for?,,no verified modified date,retain; monitor search and citation performance
baseline,https://robertdevore.com/category/,Categories,Categories,navigational / topic discovery,categories,Developer Tools; WordPress; AI & Content Systems; Engineering Archive,Field Notes,What is Categories?; How does Categories work?; Who is Categories for?,,no visible breadcrumb,retain; monitor search and citation performance
baseline,https://robertdevore.com/category/ai-content-systems/,AI & Content Systems,AI & Content Systems,navigational / topic discovery,ai & content systems,Articles,,What is AI & Content Systems?; How does AI & Content Systems work?; Who is AI & Content Systems for?,,no visible breadcrumb,retain; monitor search and citation performance
baseline,https://robertdevore.com/category/developer-tools/,Developer Tools,Developer Tools,navigational / topic discovery,developer tools,Articles,,What is Developer Tools?; How does Developer Tools work?; Who is Developer Tools for?,,no visible breadcrumb,retain; monitor search and citation performance
baseline,https://robertdevore.com/category/engineering-archive/,Engineering Archive,Engineering Archive,navigational / topic discovery,engineering archive,Articles,,What is Engineering Archive?; How does Engineering Archive work?; Who is Engineering Archive for?,,no visible breadcrumb,retain; monitor search and citation performance
baseline,https://robertdevore.com/category/field-notes/,Field Notes,Field Notes,navigational / topic discovery,field notes,Articles,,What is Field Notes?; How does Field Notes work?; Who is Field Notes for?,,no visible breadcrumb,retain; monitor search and citation performance
baseline,https://robertdevore.com/category/wordpress-archive/,WordPress,WordPress,navigational / topic discovery,wordpress,Articles,,What is WordPress?; How does WordPress work?; Who is WordPress for?,,no visible breadcrumb,retain; monitor search and citation performance
baseline,https://robertdevore.com/celebrating-gaad-with-img-a11y-v1-1-0/,Celebrating GAAD with IMG A11Y v1.1.0,Celebrating GAAD with IMG A11Y v1.1.0,commercial investigation / product discovery,celebrating gaad with img a11y v1.1.0,"What is GAAD?; IMG A11Y v1.1.0 – Small Changes, Big Impact; 🚫 Removed A11Y Options for Non-Image Media; 🔍 Elementor Support Added",Why This Matters; Why I’m Doing This; How You Can Help; Related Reading,What is Celebrating GAAD with IMG A11Y v1.1.0?; How does Celebrating GAAD with IMG A11Y v1.1.0 work?; Who is Celebrating GAAD with IMG A11Y v1.1.0 for?,,no verified modified date,retain; monitor search and citation performance
baseline,https://robertdevore.com/chapters-for-authors-wordpress-plugin/,Chapters for Authors,Chapters for Authors,informational,chapters for authors,Installing Chapters for Authors; Creating Chapters; Books; Characters,Introduction Quotes; Thank yous; The road ahead; Related Reading,What is Chapters for Authors?; How does Chapters for Authors work?; Who is Chapters for Authors for?,,no verified modified date,retain; monitor search and citation performance
baseline,https://robertdevore.com/clean-blog-free-wordpress-theme/,Clean Blog,Clean Blog,informational,clean blog,Demo & Download; Under the hood; Credits & Thank-you's; The road ahead,Related Reading,What is Clean Blog?; How does Clean Blog work?; Who is Clean Blog for?,,no verified modified date,retain; monitor search and citation performance
baseline,https://robertdevore.com/complete-beginners-guide-building-a-python-url-checker-for-google-sheets/,Complete Beginner’s Guide: Building a Python URL Checker for Google Sheets,Complete Beginner’s Guide: Building a Python URL Checker for Google Sheets,informational / problem-solving,complete beginner’s guide: building a python url checker for google sheets,What We’re Building (In Simple Terms); Before We Start: What You’ll Need; Part 1: The Shopping List (Imports); Part 2: Setting Up Our Configuration (The Settings),Part 3: Connecting to Google Sheets (The Handshake); Part 4: Building Our Memory System (Progress Tracking); Function 1: Remembering Where We Left Off; Function 2: Saving Our Progress,What is Complete Beginner’s Guide: Building a Python URL Checker for Google Sheets?; How does Complete Beginner’s Guide: Building a Python URL Checker for Google Sheets work?; Who is Complete Beginner’s Guide: Building a Python URL Checker for Google Sheets for?,,no verified modified date,retain; monitor search and citation performance
baseline,https://robertdevore.com/contact/,Contact,Contact,informational,contact,Send the useful context first; Useful subjects,,What is Contact?; How does Contact work?; Who is Contact for?,,thin for a substantive destination; no visible breadcrumb,editorial review: clarify purpose and add only evidence-backed useful detail
baseline,https://robertdevore.com/creating-my-own-cipher-code/,Creating my own cipher code,Creating my own cipher code,informational,creating my own cipher code,Example Use Case:; Taking it further; Embedded in an image?; Related Reading,,What is Creating my own cipher code?; How does Creating my own cipher code work?; Who is Creating my own cipher code for?,,no verified modified date,retain; monitor search and citation performance
baseline,https://robertdevore.com/customer-loyalty-for-woocommerce-v2/,Just Released: Customer Loyalty for WooCommerce® v2.0.0!,Just Released: Customer Loyalty for WooCommerce® v2.0.0!,commercial investigation / product discovery,just released: customer loyalty for woocommerce® v2.0.0!,What’s New in Version 2.0.0; How to Use Customer Loyalty for WooCommerce; What to Expect in 2025; Related Reading,,What is Just Released: Customer Loyalty for WooCommerce® v2.0.0!?; How does Just Released: Customer Loyalty for WooCommerce® v2.0.0! work?; Who is Just Released: Customer Loyalty for WooCommerce® v2.0.0! for?,,no verified modified date,retain; monitor search and citation performance
baseline,https://robertdevore.com/db-version-control-wordpress-plugin/,Introducing: DB Version Control for WordPress,Introducing: DB Version Control for WordPress,commercial investigation / product discovery,introducing: db version control for wordpress,The Problem We All Face; A Git-Native Approach to WordPress Content; Here’s How It Works; Real-World Impact: A Success Story,Key Features That Set It Apart; 🎯 Intelligent Content Export; ⚡ Enterprise-Grade Performance; 🔐 Security First,What is Introducing: DB Version Control for WordPress?; How does Introducing: DB Version Control for WordPress work?; Who is Introducing: DB Version Control for WordPress for?,,no verified modified date,retain; monitor search and citation performance
baseline,https://robertdevore.com/december-2024-a-retrospective/,December 2024: A Retrospective,December 2024: A Retrospective,informational,december 2024: a retrospective,"But first, was it a “December to Remember”?; New Plugins; Plugin Updates; Fun Projects","Scripts & Things; Features; Chaos; So, what now?",What is December 2024: A Retrospective?; How does December 2024: A Retrospective work?; Who is December 2024: A Retrospective for?,,no verified modified date,retain; monitor search and citation performance
baseline,https://robertdevore.com/delivery-drivers-for-woocommerce/,Delivery Drivers for WooCommerce,Delivery Drivers for WooCommerce,informational,delivery drivers for woocommerce,Delivery Businesses & WooCommerce; How the plugin works; Delivery Drivers WooCommerce Settings; Assigning a driver to each order,Drivers Capabilities; Views from the Driver dashboard; Order status management by your drivers; Order Status management,What is Delivery Drivers for WooCommerce?; How does Delivery Drivers for WooCommerce work?; Who is Delivery Drivers for WooCommerce for?,,no verified modified date,retain; monitor search and citation performance
baseline,https://robertdevore.com/devio-digital/,Devio Digital,Devio Digital,informational,devio digital,#opensource saved my life; Why WordPress?; Where Devio Digital comes into play; What can I do for you?,Related Reading,What is Devio Digital?; How does Devio Digital work?; Who is Devio Digital for?,,no verified modified date,retain; monitor search and citation performance
baseline,https://robertdevore.com/dispensary-wordpress-plugins-2017/,Top Dispensary WordPress Plugins,Top Dispensary WordPress Plugins,informational,top dispensary wordpress plugins,WordPress SEO Plugins; Yoast SEO; WordPress Backup Plugins; UpdraftPlus,WordPress Security Plugins; Wordfence; WordPress Dispensary Plugins; WP Dispensary,What is Top Dispensary WordPress Plugins?; How does Top Dispensary WordPress Plugins work?; Who is Top Dispensary WordPress Plugins for?,,no verified modified date,retain; monitor search and citation performance
baseline,https://robertdevore.com/do-less-deliver-more/,"Do Less, Deliver More","Do Less, Deliver More",informational,"do less, deliver more",Focus; Cut More; Ship Less; Drop the Vanity,Own the Outcome; What’s Next?; Related Reading,"What is Do Less, Deliver More?; How does Do Less, Deliver More work?; Who is Do Less, Deliver More for?",,no verified modified date,retain; monitor search and citation performance
baseline,https://robertdevore.com/docupress-documentation-plugin-for-wordpress/,DocuPress: documentation simplified.,DocuPress: documentation simplified.,informational,docupress: documentation simplified.,Why build a documentation plugin?; What does DocuPress actually do?; In the pipeline; DocuPress Demo,Where can I download DocuPress?; Related Reading,What is DocuPress: documentation simplified.?; How does DocuPress: documentation simplified. work?; Who is DocuPress: documentation simplified. for?,,no verified modified date,retain; monitor search and citation performance
baseline,https://robertdevore.com/dont-shoot-the-messenger-choose-courage-over-convenience/,Don’t Shoot the Messenger: Choose Courage Over Convenience,Don’t Shoot the Messenger: Choose Courage Over Convenience,informational,don’t shoot the messenger: choose courage over convenience,Why Tone Policing is a Red Flag; Kevin Michael Geary; Early Career; Mid-Career Moves,Recent Actions; The Dust-Up; Why This Matters Beyond Kevin; We Need Clarity Over Comfort,What is Don’t Shoot the Messenger: Choose Courage Over Convenience?; How does Don’t Shoot the Messenger: Choose Courage Over Convenience work?; Who is Don’t Shoot the Messenger: Choose Courage Over Convenience for?,,no verified modified date,retain; monitor search and citation performance
baseline,https://robertdevore.com/extreme-programming-for-extreme-leaders/,Extreme Programming for Extreme Leaders,Extreme Programming for Extreme Leaders,informational,extreme programming for extreme leaders,"How disciplined developers ship faster, adapt smarter, and lead with code; What is Extreme Programming?; Why Extreme Leaders Should Care; Core XP Principles That Map to Leadership",XP Practices to Integrate Into Your Workflow; When to Make It Your Own; I’ll leave you with this…; Related Reading,What is Extreme Programming for Extreme Leaders?; How does Extreme Programming for Extreme Leaders work?; Who is Extreme Programming for Extreme Leaders for?,,no verified modified date,retain; monitor search and citation performance
baseline,https://robertdevore.com/focus/,Focus,Focus,informational,focus,Finding Success; Becoming an expert; Related Reading,,What is Focus?; How does Focus work?; Who is Focus for?,,no verified modified date,retain; monitor search and citation performance
baseline,https://robertdevore.com/forever-forward/,Forever Forward,Forever Forward,informational,forever forward,What I brought back; After the software factory; The Jidoka Files; Extreme leadership made functional,Building something that can outlive me; Coming back different; Related Reading,What is Forever Forward?; How does Forever Forward work?; Who is Forever Forward for?,,no verified modified date,retain; monitor search and citation performance
baseline,https://robertdevore.com/going-all-in-one-year-later/,Going all in: One year later,Going all in: One year later,informational,going all in: one year later,I've learned a lot in the last year; When life gets in the way; I've been freelancing again; Do I feel like a failure?,Adjusting to the changes; It's time for multiple streams of income; My Next Steps; Freelance WordPress Development,What is Going all in: One year later?; How does Going all in: One year later work?; Who is Going all in: One year later for?,,no verified modified date,retain; monitor search and citation performance
baseline,https://robertdevore.com/going-all-in-with-wp-dispensary/,Going all in with WP Dispensary,Going all in with WP Dispensary,informational,going all in with wp dispensary,Taking the plunge; Will it work?; Follow along; Related Reading,,What is Going all in with WP Dispensary?; How does Going all in with WP Dispensary work?; Who is Going all in with WP Dispensary for?,,no verified modified date,retain; monitor search and citation performance
baseline,https://robertdevore.com/goodbye-wordpress-a-eulogy/,Goodbye WordPress: A Eulogy,Goodbye WordPress: A Eulogy,informational,goodbye wordpress: a eulogy,Let me be blunt; All’s fair in love and war; Here’s where I’m at now; What’s next?,Related Reading,What is Goodbye WordPress: A Eulogy?; How does Goodbye WordPress: A Eulogy work?; Who is Goodbye WordPress: A Eulogy for?,,no verified modified date,retain; monitor search and citation performance
baseline,https://robertdevore.com/grateful-to-see-21-of-my-wordpress-plugins-live-on-at-webdevstudios/,Grateful to See 20 of My WordPress Plugins Live On at WebDevStudios,Grateful to See 20 of My WordPress Plugins Live On at WebDevStudios,informational,grateful to see 20 of my wordpress plugins live on at webdevstudios,Here are the plugins WebDevStudios now maintains:; Related Reading,,What is Grateful to See 20 of My WordPress Plugins Live On at WebDevStudios?; How does Grateful to See 20 of My WordPress Plugins Live On at WebDevStudios work?; Who is Grateful to See 20 of My WordPress Plugins Live On at WebDevStudios for?,,no verified modified date,retain; monitor search and citation performance
baseline,https://robertdevore.com/hello-2017/,Hello 2017,Hello 2017,informational,hello 2017,Related Reading,,What is Hello 2017?; How does Hello 2017 work?; Who is Hello 2017 for?,,thin for a substantive destination; no verified modified date,editorial review: clarify purpose and add only evidence-backed useful detail
baseline,https://robertdevore.com/hello-plugin-pal-your-ai-powered-plugin-generator-for-wordpress/,"Hello, Plugin Pal: Your AI Powered Plugin Generator for WordPress®","Hello, Plugin Pal: Your AI Powered Plugin Generator for WordPress®",commercial investigation / product discovery,"hello, plugin pal: your ai powered plugin generator for wordpress®","The Problem: Why WordPress® plugin development benefits from AI; The Solution: Plugin Pal and the power of AI; The Secret Sauce: Why Plugin Pal Works; It’s Built for Developers, by a Developer",It’s More Than Just Code Generation; It’s Low Barrier to Entry; The Bigger Picture: What Plugin Pal Represents; The Road Ahead,"What is Hello, Plugin Pal: Your AI Powered Plugin Generator for WordPress®?; How does Hello, Plugin Pal: Your AI Powered Plugin Generator for WordPress® work?; Who is Hello, Plugin Pal: Your AI Powered Plugin Generator for WordPress® for?",,no verified modified date,retain; monitor search and citation performance
baseline,https://robertdevore.com/honoring-jesse-petersen-with-the-revival-of-stealth-login-page/,Honoring Jesse Petersen with the Revival of “Stealth Login Page”,Honoring Jesse Petersen with the Revival of “Stealth Login Page”,informational,honoring jesse petersen with the revival of “stealth login page”,What Is Stealth Login Page?; Key Features; Why This Matters; A Personal Tribute to Jesse Petersen,How to Get the Plugin; Looking Ahead; Related Reading,What is Honoring Jesse Petersen with the Revival of “Stealth Login Page”?; How does Honoring Jesse Petersen with the Revival of “Stealth Login Page” work?; Who is Honoring Jesse Petersen with the Revival of “Stealth Login Page” for?,,no verified modified date,retain; monitor search and citation performance
baseline,https://robertdevore.com/host-your-wordpress-plugins-on-github-and-automate-plugin-packaging/,Host Your WordPress Plugins on GitHub and Automate Plugin Packaging,Host Your WordPress Plugins on GitHub and Automate Plugin Packaging,commercial investigation / product discovery,host your wordpress plugins on github and automate plugin packaging,Step 1: Host Your Plugin on GitHub; 1.1. Create a New Repository; 1.2. Push Your Plugin Code to GitHub; 1.3. Create a GitHub Release for Easy Downloads,Step 2: Automate Plugin Packaging with a Bash Script; 2.1. Create the Bash Script; 2.2. Add an Alias for Convenience; 2.3. Use the Script,What is Host Your WordPress Plugins on GitHub and Automate Plugin Packaging?; How does Host Your WordPress Plugins on GitHub and Automate Plugin Packaging work?; Who is Host Your WordPress Plugins on GitHub and Automate Plugin Packaging for?,,no verified modified date,retain; monitor search and citation performance
baseline,https://robertdevore.com/how-a-security-audit-can-save-your-e-commerce-store-from-disaster/,How a Security Audit Can Save Your E-Commerce Store from Disaster,How a Security Audit Can Save Your E-Commerce Store from Disaster,informational / problem-solving,how a security audit can save your e-commerce store from disaster,"1. You Are a Target, Even If You Think You Aren’t; 2. One Breach Can Wreck Your Reputation (Forever); 3. Chargebacks, Fines, and Lawsuits – Oh My!; 4. Hackers Can Hijack Your Site (Without You Even Knowing)",5. A Security Audit Costs Less Than a Breach; 6. Google Will Punish You for Being Insecure; 7. A Security Audit Finds the Holes Before Hackers Do; Stop Gambling With Your Business. Get a Security Audit.,What is How a Security Audit Can Save Your E-Commerce Store from Disaster?; How does How a Security Audit Can Save Your E-Commerce Store from Disaster work?; Who is How a Security Audit Can Save Your E-Commerce Store from Disaster for?,,no verified modified date,retain; monitor search and citation performance
baseline,https://robertdevore.com/how-hungry-are-you/,“How hungry are you?”,“How hungry are you?”,informational / problem-solving,“how hungry are you?”,"Thriving under pressure; So am I hitting pause, or not?; Time to eat; Related Reading",,What is “How hungry are you?”?; How does “How hungry are you?” work?; Who is “How hungry are you?” for?,,no verified modified date,retain; monitor search and citation performance
baseline,https://robertdevore.com/how-i-use-textexpander-to-reuse-my-best-ai-prompts/,How I Use TextExpander to Reuse My Best AI Prompts,How I Use TextExpander to Reuse My Best AI Prompts,informational / problem-solving,how i use textexpander to reuse my best ai prompts,Why I Keep My Prompts Outside the AI; The 4 Real Prompts I Reuse Most; 1. ;rdimg – Cyberpunk Image Prompt Profile; 2. ;chatscript – WordPress Plugin Standards Prompt,3 ;bookreview – Strategic Book Breakdown; 4. ;articleseo – AI SEO Generation Prompt; Good Prompts Are Tools. Great Ones Are a System.; Want to build your own stack?,What is How I Use TextExpander to Reuse My Best AI Prompts?; How does How I Use TextExpander to Reuse My Best AI Prompts work?; Who is How I Use TextExpander to Reuse My Best AI Prompts for?,,no verified modified date,retain; monitor search and citation performance
baseline,https://robertdevore.com/how-to-block-website-tracking-data-in-woocommerce/,How to Block Website Tracking Data in WooCommerce®,How to Block Website Tracking Data in WooCommerce®,informational / problem-solving,how to block website tracking data in woocommerce®,Why Does This Plugin Matter?; How It Works; Blocks Outbound Requests; Logs Blocked Requests,Minimal and Efficient; How to Use It?; Debugging Example; Release Features (v1.0.0),What is How to Block Website Tracking Data in WooCommerce®?; How does How to Block Website Tracking Data in WooCommerce® work?; Who is How to Block Website Tracking Data in WooCommerce® for?,,no verified modified date,retain; monitor search and citation performance
baseline,https://robertdevore.com/how-to-build-a-content-engine-that-scales-with-you/,How to build a content engine that scales with you,How to build a content engine that scales with you,informational / problem-solving,how to build a content engine that scales with you,Why You Burn Out Without a Content System; Step 1: Define Your Content Flywheel; 1. Start With a Core Format; 2. Spin It Into Derivatives,"3. Feed the Next Cycle; Step 2: Build a Content Calendar You Can Actually Stick To; 1. Start With Your Capacity; 2. Plan Around Energy, Not Just Time",What is How to build a content engine that scales with you?; How does How to build a content engine that scales with you work?; Who is How to build a content engine that scales with you for?,,no verified modified date,retain; monitor search and citation performance
baseline,https://robertdevore.com/how-to-build-modular-prompts-that-save-you-hours-per-week/,How to Build Modular Prompts That Save You Hours Per Week,How to Build Modular Prompts That Save You Hours Per Week,informational / problem-solving,how to build modular prompts that save you hours per week,Why Modular Prompts Matter; What Modular Prompts Actually Are; The 5 Modules That Belong in Every Writer’s Kit; 1. Tone Module,2. Structure Module; 3. Intent Module; 4. Voice Module; 5. Format Module,What is How to Build Modular Prompts That Save You Hours Per Week?; How does How to Build Modular Prompts That Save You Hours Per Week work?; Who is How to Build Modular Prompts That Save You Hours Per Week for?,,no verified modified date,retain; monitor search and citation performance
baseline,https://robertdevore.com/how-to-customize-the-style-of-your-wordpress-login-screen/,How to customize the style of your WordPress login screen,How to customize the style of your WordPress login screen,informational / problem-solving,how to customize the style of your wordpress login screen,Using the new filter added in WP v5.2; Adding your logo with a custom filter; Extending the code to work with the customizer; Adding a logo image from the customizer,Adding text & button link styles from the customizer; Changing the login screen background color; See the code in action; Related Reading,What is How to customize the style of your WordPress login screen?; How does How to customize the style of your WordPress login screen work?; Who is How to customize the style of your WordPress login screen for?,,no verified modified date,retain; monitor search and citation performance
baseline,https://robertdevore.com/how-to-edit-ai-content-so-it-feels-clean-not-robotic/,"How to edit AI content so it feels clean, not robotic","How to edit AI content so it feels clean, not robotic",informational / problem-solving,"how to edit ai content so it feels clean, not robotic",Why AI Content Often Sounds Robotic; The 5-Part Editing Pass That Brings AI Content to Life; 1. Cut the Fat; 2. Break the Pattern,3. Add Specificity; 4. Sharpen the Voice; 5. Trim the Ending; Bonus: Use a Real-Time Editing Layer,"What is How to edit AI content so it feels clean, not robotic?; How does How to edit AI content so it feels clean, not robotic work?; Who is How to edit AI content so it feels clean, not robotic for?",,no verified modified date,retain; monitor search and citation performance
baseline,https://robertdevore.com/how-to-stop-your-plugins-themes-from-being-used-on-wordpress-com-hosting/,How to Stop Your Plugins & Themes from Being Used on WordPress.com Hosting,How to Stop Your Plugins & Themes from Being Used on WordPress.com Hosting,informational / problem-solving,how to stop your plugins & themes from being used on wordpress.com hosting,The Code; How the Code Works; Centralized Helper Class; Automatic Deactivation,User Feedback; Improved Code Structure; How to Use the Class; Why Use This Code?,What is How to Stop Your Plugins & Themes from Being Used on WordPress.com Hosting?; How does How to Stop Your Plugins & Themes from Being Used on WordPress.com Hosting work?; Who is How to Stop Your Plugins & Themes from Being Used on WordPress.com Hosting for?,,no verified modified date,retain; monitor search and citation performance
baseline,https://robertdevore.com/how-to-teach-ai-to-match-your-voice/,How to teach AI to match your voice,How to teach AI to match your voice,informational / problem-solving,how to teach ai to match your voice,Why AI Struggles With Voice; How to Make AI Write Like _You_; 1. Give It Real Voice Samples (Not Just Vibes); 2. Ask It to Describe Your Voice – Then Edit the Description,3. Create a “Sound Like Me” Prompt Wrapper; 4. Run a Voice Check – Every Time; 5. Fine-Tune With Contrast; Building Your Voice Layer,What is How to teach AI to match your voice?; How does How to teach AI to match your voice work?; Who is How to teach AI to match your voice for?,,no verified modified date,retain; monitor search and citation performance
baseline,https://robertdevore.com/how-to-use-ai-to-research-validate-ideas-and-stay-relevant/,"How to Use AI to Research, Validate Ideas, and Stay Relevant","How to Use AI to Research, Validate Ideas, and Stay Relevant",informational / problem-solving,"how to use ai to research, validate ideas, and stay relevant","Why Research _Matters_ Before You Write; 1. Use AI to Eavesdrop, Not Echo; 2. Validate the Angle Before You Commit; 3. Surface What’s Missing in the Conversation",4. Zoom Out Before You Zoom In; 5. Get Out of Your Own Feed; The Research-to-Relevance Flow; Bonus: 3 Prompts to Sharpen Your Idea,"What is How to Use AI to Research, Validate Ideas, and Stay Relevant?; How does How to Use AI to Research, Validate Ideas, and Stay Relevant work?; Who is How to Use AI to Research, Validate Ideas, and Stay Relevant for?",,no verified modified date,retain; monitor search and citation performance
baseline,https://robertdevore.com/how-to-write-prompts-that-get-the-tone-structure-and-intent-right/,"How to Write Prompts That Get the Tone, Structure, and Intent Right","How to Write Prompts That Get the Tone, Structure, and Intent Right",informational / problem-solving,"how to write prompts that get the tone, structure, and intent right",Why This Matters; Why Most Prompts Fall Flat; What’s Missing?; The 3 Elements Every Prompt Needs,1. Tone: _How should this feel?_; 2. Structure: _What shape should this take?_; 3. Intent: _What’s the takeaway?_; Example Breakdown,"What is How to Write Prompts That Get the Tone, Structure, and Intent Right?; How does How to Write Prompts That Get the Tone, Structure, and Intent Right work?; Who is How to Write Prompts That Get the Tone, Structure, and Intent Right for?",,no verified modified date,retain; monitor search and citation performance
baseline,https://robertdevore.com/hue-js/,? hue.js,? hue.js,informational,? hue.js,I forked a color picker for WordPress; Why a color picker for WordPress?; Sticking a fork in the Iris ?; Contributing to open source,? hue.js download; Adding hue.js to your project; Bug reports & Pull requests; Related Reading,What is ? hue.js?; How does ? hue.js work?; Who is ? hue.js for?,,no verified modified date,retain; monitor search and citation performance
baseline,https://robertdevore.com/i-built-a-python-stego-cipher-tool-and-you-can-have-it/,I Built a Python Stego-Cipher Tool (And You Can Have It),I Built a Python Stego-Cipher Tool (And You Can Have It),commercial investigation / product discovery,i built a python stego-cipher tool (and you can have it),The Cipher Got Smarter; 1. Encrypts Messages with Quote-Based Scrambling; 2. Decrypts Messages Cleanly; 3. Hides Encrypted Messages in Images,4. Command-Line Interface Included; 🧠 How It Works (Quick Version); Grab the Python Code; 🔎 Demo Mode Included,What is I Built a Python Stego-Cipher Tool (And You Can Have It)?; How does I Built a Python Stego-Cipher Tool (And You Can Have It) work?; Who is I Built a Python Stego-Cipher Tool (And You Can Have It) for?,,no verified modified date,retain; monitor search and citation performance
baseline,https://robertdevore.com/i-just-launched-a-python-course-for-php-developers/,I Just Launched a Python Course for PHP Developers,I Just Launched a Python Course for PHP Developers,commercial investigation / product discovery,i just launched a python course for php developers,The WordPress Ecosystem is Broken (And Getting Worse); Most PHP Devs Don’t Hate Python – They’re Just Stuck in Familiarity; This Isn’t “Python 101” – It’s a Translation Layer; Why I Built This (Hint: I Got Tired of Watching Good Devs Suffer),"The Real Benefits of Making the Switch; Who This Course Is Actually For; What You’ll Actually Learn (15 Lessons, No Fluff); Ready to Write Code You’re Actually Proud Of?",What is I Just Launched a Python Course for PHP Developers?; How does I Just Launched a Python Course for PHP Developers work?; Who is I Just Launched a Python Course for PHP Developers for?,,no verified modified date,retain; monitor search and citation performance
baseline,https://robertdevore.com/im-freelancing-again/,I’m freelancing again,I’m freelancing again,informational,i’m freelancing again,What I Offer; 🔧 Custom Development; 🔐 Security Audits; ⚡ Performance Optimization,🚀 MVP Website Builds; 🛠 Retainer Support; 🤘 Have Something Else in Mind?; Related Reading,What is I’m freelancing again?; How does I’m freelancing again work?; Who is I’m freelancing again for?,,no verified modified date,retain; monitor search and citation performance
baseline,https://robertdevore.com/improve-cls-scores-by-dynamically-setting-image-width-and-height/,Improve CLS scores by dynamically setting image width and height,Improve CLS scores by dynamically setting image width and height,informational / problem-solving,improve cls scores by dynamically setting image width and height,"What’s CLS, Anyway?; The issue with your images; Get media ID by image URL; Get width and height by image ID",Get the explicit width and height for HTML output; Bringing it all together; What do you think?; Related Reading,What is Improve CLS scores by dynamically setting image width and height?; How does Improve CLS scores by dynamically setting image width and height work?; Who is Improve CLS scores by dynamically setting image width and height for?,,no verified modified date,retain; monitor search and citation performance
baseline,https://robertdevore.com/intellipress-the-smart-af-ai-assistant-for-wordpress/,IntelliPress: The Smart AF AI Assistant for WordPress®,IntelliPress: The Smart AF AI Assistant for WordPress®,informational,intellipress: the smart af ai assistant for wordpress®,What the Hell is IntelliPress? 🤔; What Can It Do?; How It Works (AKA: How It Saves Your Ass); 1. Write Content Without the Pain,2. SEO Without the Guesswork; 3. AI-Generated Images That Don’t Suck; 4. Turn Words into Audio; Why You Need This Plugin,What is IntelliPress: The Smart AF AI Assistant for WordPress®?; How does IntelliPress: The Smart AF AI Assistant for WordPress® work?; Who is IntelliPress: The Smart AF AI Assistant for WordPress® for?,,no verified modified date,retain; monitor search and citation performance
baseline,https://robertdevore.com/introducing-an-experimental-new-plugin-email-designer-for-woocommerce/,Introducing an experimental new plugin: Email Designer for WooCommerce®,Introducing an experimental new plugin: Email Designer for WooCommerce®,commercial investigation / product discovery,introducing an experimental new plugin: email designer for woocommerce®,What is Email Designer for WooCommerce?; Key Features in Version 0.1:; Current Shortcomings (A Work in Progress); 1. Lack of Blocks for Order Details,2. Custom CSS Challenges; 3. WooCommerce’s Lack of Gutenberg Adoption; Why I’m Building This; Let’s Talk,What is Introducing an experimental new plugin: Email Designer for WooCommerce®?; How does Introducing an experimental new plugin: Email Designer for WooCommerce® work?; Who is Introducing an experimental new plugin: Email Designer for WooCommerce® for?,,no verified modified date,retain; monitor search and citation performance
baseline,https://robertdevore.com/introducing-associated-taxonomies-for-wordpress/,Introducing Associated Taxonomies for WordPress®,Introducing Associated Taxonomies for WordPress®,commercial investigation / product discovery,introducing associated taxonomies for wordpress®,Why I Built Associated Taxonomies; Key Features; How It Works; Associating Terms,Displaying Associated Terms; Displaying Posts by Related Terms; Get Started; A Note to the Community,What is Introducing Associated Taxonomies for WordPress®?; How does Introducing Associated Taxonomies for WordPress® work?; Who is Introducing Associated Taxonomies for WordPress® for?,,no verified modified date,retain; monitor search and citation performance
baseline,https://robertdevore.com/introducing-automattic-css-an-open-source-css-utility-framework/,Introducing automattic.css – An open source CSS Utility Framework,Introducing automattic.css – An open source CSS Utility Framework,commercial investigation / product discovery,introducing automattic.css – an open source css utility framework,"Why I Built It; Plus, a bit of backstory; What’s in v0.1.0; What’s Missing (and Coming)",Proving It Works: The Demo Template; Why Launch Now?; Roadmap; Get Started,What is Introducing automattic.css – An open source CSS Utility Framework?; How does Introducing automattic.css – An open source CSS Utility Framework work?; Who is Introducing automattic.css – An open source CSS Utility Framework for?,,no verified modified date,retain; monitor search and citation performance
baseline,https://robertdevore.com/introducing-back-in-stock-notifications-for-woocommerce/,Introducing Back In Stock Notifications for WooCommerce®,Introducing Back In Stock Notifications for WooCommerce®,commercial investigation / product discovery,introducing back in stock notifications for woocommerce®,Why Back In Stock Notifications?; Key Features; Automated Notifications; Real-Time Demand Analytics,Customizable Email Templates; Automatic Updates with Plugin Update Checker; Who Should Use Back In Stock Notifications?; Getting Started with Back In Stock Notifications,What is Introducing Back In Stock Notifications for WooCommerce®?; How does Introducing Back In Stock Notifications for WooCommerce® work?; Who is Introducing Back In Stock Notifications for WooCommerce® for?,,no verified modified date,retain; monitor search and citation performance
baseline,https://robertdevore.com/introducing-barcodes-for-woocommerce-free/,Introducing Barcodes for WooCommerce® (free),Introducing Barcodes for WooCommerce® (free),commercial investigation / product discovery,introducing barcodes for woocommerce® (free),🚀 Key Features of v0.0.1; 1. Order QR Codes; 2. Product QR Codes; 3. Customizable QR Codes,4. Batch Barcode Generation; 🛠️ How to Get Started; 🔮 What’s Next?; 1. More Barcode Types,What is Introducing Barcodes for WooCommerce® (free)?; How does Introducing Barcodes for WooCommerce® (free) work?; Who is Introducing Barcodes for WooCommerce® (free) for?,,no verified modified date,retain; monitor search and citation performance
baseline,https://robertdevore.com/introducing-benchpress/,Introducing BenchPress: Performance Benchmarks for WordPress®,Introducing BenchPress: Performance Benchmarks for WordPress®,commercial investigation / product discovery,introducing benchpress: performance benchmarks for wordpress®,🎉 What is BenchPress?; 🔥 Features at a Glance; 🔧 How to Use BenchPress; 🎛 Adding Custom Benchmarks,📊 Why Use BenchPress?; 🚀 Ready to Dive In?; Related Reading,What is Introducing BenchPress: Performance Benchmarks for WordPress®?; How does Introducing BenchPress: Performance Benchmarks for WordPress® work?; Who is Introducing BenchPress: Performance Benchmarks for WordPress® for?,,no verified modified date,retain; monitor search and citation performance
baseline,https://robertdevore.com/introducing-block-ai-crawlers-for-wordpress/,Introducing Block AI Crawlers for WordPress®,Introducing Block AI Crawlers for WordPress®,informational / problem-solving,introducing block ai crawlers for wordpress®,Why Block AI Crawlers?; How It Works; A Simple Yet Powerful Feature; Features at a Glance,How to Get Started; Join the Conversation; Empowering the WordPress Community; Related Reading,What is Introducing Block AI Crawlers for WordPress®?; How does Introducing Block AI Crawlers for WordPress® work?; Who is Introducing Block AI Crawlers for WordPress® for?,,no verified modified date,retain; monitor search and citation performance
baseline,https://robertdevore.com/introducing-bluesky-feed-for-wordpress/,Introducing Bluesky Feed for WordPress®,Introducing Bluesky Feed for WordPress®,commercial investigation / product discovery,introducing bluesky feed for wordpress®,What Is Bluesky Feed for WordPress®?; Features; Widgets & Shortcodes; Customizable Display Options,Live Admin Preview; Responsive Design; How to Get Started; Step 1: Install the Plugin,What is Introducing Bluesky Feed for WordPress®?; How does Introducing Bluesky Feed for WordPress® work?; Who is Introducing Bluesky Feed for WordPress® for?,,no verified modified date,retain; monitor search and citation performance
baseline,https://robertdevore.com/introducing-brands-for-woocommerce-free/,Introducing Brands for WooCommerce® (free),Introducing Brands for WooCommerce® (free),commercial investigation / product discovery,introducing brands for woocommerce® (free),What’s Included in v1.0.0 🚀; Full Brand Management; Three Powerful Shortcodes; Custom Widgets,Seamless WooCommerce® Integration; REST API Support; Developer-Friendly; Why Free?,What is Introducing Brands for WooCommerce® (free)?; How does Introducing Brands for WooCommerce® (free) work?; Who is Introducing Brands for WooCommerce® (free) for?,,no verified modified date,retain; monitor search and citation performance
baseline,https://robertdevore.com/introducing-broken-image-scanner/,Introducing Broken Image Scanner,Introducing Broken Image Scanner,commercial investigation / product discovery,introducing broken image scanner,What Does the Plugin Do?; Why Is This Useful?; How to Use the Plugin; What’s Under the Hood?,Who Should Use This Plugin?; Why I Built This Plugin; Related Reading,What is Introducing Broken Image Scanner?; How does Introducing Broken Image Scanner work?; Who is Introducing Broken Image Scanner for?,,no verified modified date,retain; monitor search and citation performance
baseline,https://robertdevore.com/introducing-bulk-stock-management-for-woocommerce-free/,Introducing Bulk Stock Management for WooCommerce® (free),Introducing Bulk Stock Management for WooCommerce® (free),commercial investigation / product discovery,introducing bulk stock management for woocommerce® (free),Why I Built This Plugin; Key Features; ⚡ Bulk Stock Management; 📊 Stock Reporting,🛠️ AJAX-Powered Interface; 🔍 Out-of-Stock Insights; 🎛️ Customizable Settings; How to Get Started,What is Introducing Bulk Stock Management for WooCommerce® (free)?; How does Introducing Bulk Stock Management for WooCommerce® (free) work?; Who is Introducing Bulk Stock Management for WooCommerce® (free) for?,,no verified modified date,retain; monitor search and citation performance
baseline,https://robertdevore.com/introducing-content-restriction-for-wordpress/,Introducing Content Restriction for WordPress®,Introducing Content Restriction for WordPress®,commercial investigation / product discovery,introducing content restriction for wordpress®,Key Features; How to Use Content Restriction for WordPress®; 1. Setting Up Global Restrictions; 2. Applying Individual Restrictions,Filters and Developer Customization; Installation and Getting Started; FAQs; Future plans,What is Introducing Content Restriction for WordPress®?; How does Introducing Content Restriction for WordPress® work?; Who is Introducing Content Restriction for WordPress® for?,,no verified modified date,retain; monitor search and citation performance
baseline,https://robertdevore.com/introducing-delete-inactive-users/,Introducing Delete Inactive Users,Introducing Delete Inactive Users,commercial investigation / product discovery,introducing delete inactive users,Why I Built This Plugin; What Does Delete Inactive Users Do?; Key Features at a Glance; How It Works,Who Is This Plugin For?; Get Started Today; Feedback and Contributions; Related Reading,What is Introducing Delete Inactive Users?; How does Introducing Delete Inactive Users work?; Who is Introducing Delete Inactive Users for?,,no verified modified date,retain; monitor search and citation performance
baseline,https://robertdevore.com/introducing-digg-this-a-social-sharing-plugin-for-wordpress/,Introducing Digg This: A social sharing plugin for WordPress®,Introducing Digg This: A social sharing plugin for WordPress®,commercial investigation / product discovery,introducing digg this: a social sharing plugin for wordpress®,What Makes Digg This Different?; Why I Built This; Features That Matter; Who Should Use It?,Get It Now; Related Reading,What is Introducing Digg This: A social sharing plugin for WordPress®?; How does Introducing Digg This: A social sharing plugin for WordPress® work?; Who is Introducing Digg This: A social sharing plugin for WordPress® for?,,no verified modified date,retain; monitor search and citation performance
baseline,https://robertdevore.com/introducing-dispensary-details-for-woocommerce/,Introducing Dispensary Details for WooCommerce®,Introducing Dispensary Details for WooCommerce®,commercial investigation / product discovery,introducing dispensary details for woocommerce®,Why Dispensary Details for WooCommerce® Matters; Product-Specific Enhancements; Custom WooCommerce Settings; Why Open Source Matters for the Cannabis Industry,Download It for Free; Related Reading,What is Introducing Dispensary Details for WooCommerce®?; How does Introducing Dispensary Details for WooCommerce® work?; Who is Introducing Dispensary Details for WooCommerce® for?,,no verified modified date,retain; monitor search and citation performance
baseline,https://robertdevore.com/introducing-gallery-modals-enhance-your-wordpress-galleries-with-stunning-popups/,Introducing Gallery Modals: Enhance Your WordPress® Galleries with Stunning Popups!,Introducing Gallery Modals: Enhance Your WordPress® Galleries with Stunning Popups!,commercial investigation / product discovery,introducing gallery modals: enhance your wordpress® galleries with stunning popups!,Elevate Your Gallery Experience; Key Features:; Why Gallery Modals?; Get Started Quickly,Customization at Your Fingertips; Looking Ahead; Related Reading,What is Introducing Gallery Modals: Enhance Your WordPress® Galleries with Stunning Popups!?; How does Introducing Gallery Modals: Enhance Your WordPress® Galleries with Stunning Popups! work?; Who is Introducing Gallery Modals: Enhance Your WordPress® Galleries with Stunning Popups! for?,,no verified modified date,retain; monitor search and citation performance
baseline,https://robertdevore.com/introducing-gift-cards-for-woocommerce-free/,Introducing Gift Cards for WooCommerce® (free),Introducing Gift Cards for WooCommerce® (free),commercial investigation / product discovery,introducing gift cards for woocommerce® (free),Key Features; 1. Admin Management Dashboard; 2. Bulk Import and Export; 3. Product Integration,4. Customer Experience Enhancements; 5. Automated Email Notifications; Installation; 1. Download the Plugin,What is Introducing Gift Cards for WooCommerce® (free)?; How does Introducing Gift Cards for WooCommerce® (free) work?; Who is Introducing Gift Cards for WooCommerce® (free) for?,,no verified modified date,retain; monitor search and citation performance
baseline,https://robertdevore.com/introducing-hpos-compatibility-scanner-for-woocommerce-free/,Introducing HPOS Compatibility Scanner for WooCommerce® (free),Introducing HPOS Compatibility Scanner for WooCommerce® (free),commercial investigation / product discovery,introducing hpos compatibility scanner for woocommerce® (free),Why This Plugin?; What Does HPOS Compatibility Scanner Do?; Why Should WooCommerce® Have Built This?; How to Use HPOS Compatibility Scanner,What’s Next?; Get Involved; Related Reading,What is Introducing HPOS Compatibility Scanner for WooCommerce® (free)?; How does Introducing HPOS Compatibility Scanner for WooCommerce® (free) work?; Who is Introducing HPOS Compatibility Scanner for WooCommerce® (free) for?,,no verified modified date,retain; monitor search and citation performance
baseline,https://robertdevore.com/introducing-img-a11y/,Introducing IMG A11Y,Introducing IMG A11Y,commercial investigation / product discovery,introducing img a11y,Key Features; Why I Built IMG A11Y; How to Get Started; What’s Next for IMG A11Y,Try IMG A11Y Today; Related Reading,What is Introducing IMG A11Y?; How does Introducing IMG A11Y work?; Who is Introducing IMG A11Y for?,,no verified modified date,retain; monitor search and citation performance
baseline,https://robertdevore.com/introducing-intellipress-the-smart-ai-assistant-for-wordpress/,Introducing IntelliPress: The Smart Ai Assistant for WordPress,Introducing IntelliPress: The Smart Ai Assistant for WordPress,commercial investigation / product discovery,introducing intellipress: the smart ai assistant for wordpress,WordPress + AI = 😍; The Idea: aka “I wonder if” …; The next two weeks were a blur; What’s under the hood?,Generate content seamlessly in Gutenberg; Optimize SEO with Yoast; Analyze Your Content and Generate Categories; Generate featured images instantly with Pexels integration,What is Introducing IntelliPress: The Smart Ai Assistant for WordPress?; How does Introducing IntelliPress: The Smart Ai Assistant for WordPress work?; Who is Introducing IntelliPress: The Smart Ai Assistant for WordPress for?,,no verified modified date,retain; monitor search and citation performance
baseline,https://robertdevore.com/introducing-maintenance-mode-for-wordpress/,Introducing Maintenance Mode for WordPress®,Introducing Maintenance Mode for WordPress®,commercial investigation / product discovery,introducing maintenance mode for wordpress®,"Why Maintenance Mode for WordPress® Stands Out; 1. Native WordPress® Experience; 2. No Bloat, Just Focus; 3. Total Control",How It Works; Customization for Developers; Maintenance Mode Example; Why I Built This Plugin,What is Introducing Maintenance Mode for WordPress®?; How does Introducing Maintenance Mode for WordPress® work?; Who is Introducing Maintenance Mode for WordPress® for?,,no verified modified date,retain; monitor search and citation performance
baseline,https://robertdevore.com/introducing-markdown-comments-for-wordpress/,Introducing: Markdown Comments for WordPress®,Introducing: Markdown Comments for WordPress®,commercial investigation / product discovery,introducing: markdown comments for wordpress®,Meet the Plugin; Why I Built It; How to Install; What’s Next,Related Reading,What is Introducing: Markdown Comments for WordPress®?; How does Introducing: Markdown Comments for WordPress® work?; Who is Introducing: Markdown Comments for WordPress® for?,,no verified modified date,retain; monitor search and citation performance
baseline,https://robertdevore.com/introducing-markdown-exporter-for-wordpress/,Introducing Markdown Exporter for WordPress®,Introducing Markdown Exporter for WordPress®,commercial investigation / product discovery,introducing markdown exporter for wordpress®,Why _Another_ Plugin?; Introducing Markdown Exporter for WordPress®; Key Features:; Seamless Integration with Stattic,Why Use Markdown with Stattic?; Getting Started; Installation; Usage,What is Introducing Markdown Exporter for WordPress®?; How does Introducing Markdown Exporter for WordPress® work?; Who is Introducing Markdown Exporter for WordPress® for?,,no verified modified date,retain; monitor search and citation performance
baseline,https://robertdevore.com/introducing-media-copyright-scanner/,Introducing Media Copyright Scanner,Introducing Media Copyright Scanner,commercial investigation / product discovery,introducing media copyright scanner,Comprehensive Scanning; User-Friendly Interface; Actionable Results; Customizable and Extensible,Why This Plugin Matters; Mitigate Legal Risks; Support Ethical Practices; Save Time and Resources,What is Introducing Media Copyright Scanner?; How does Introducing Media Copyright Scanner work?; Who is Introducing Media Copyright Scanner for?,,no verified modified date,retain; monitor search and citation performance
baseline,https://robertdevore.com/introducing-media-file-versioning-for-wordpress/,Introducing Media File Versioning for WordPress®,Introducing Media File Versioning for WordPress®,commercial investigation / product discovery,introducing media file versioning for wordpress®,What is Media File Versioning?; Why I Built This Plugin; Key Features; 1. Version Control for Media Files,2. Admin-Friendly Meta Box; 3. Shortcode for Front-End Display; 4. Seamless Integration; How It Works,What is Introducing Media File Versioning for WordPress®?; How does Introducing Media File Versioning for WordPress® work?; Who is Introducing Media File Versioning for WordPress® for?,,no verified modified date,retain; monitor search and citation performance
baseline,https://robertdevore.com/introducing-metadata-import-export-for-yoast-seo/,Introducing Metadata Import/Export for Yoast SEO,Introducing Metadata Import/Export for Yoast SEO,commercial investigation / product discovery,introducing metadata import/export for yoast seo,The Inspiration Behind the Plugin; Key Features; Seamless Import and Export of Metadata; Custom Post Type Support,User Role Access Control; Progress Indicators and Detailed Statistics; Why This Plugin Matters for SEOs; Efficiency and Time Savings,What is Introducing Metadata Import/Export for Yoast SEO?; How does Introducing Metadata Import/Export for Yoast SEO work?; Who is Introducing Metadata Import/Export for Yoast SEO for?,,no verified modified date,retain; monitor search and citation performance
baseline,https://robertdevore.com/introducing-module-usage-tracker-for-wp-bakery/,Introducing the Module Usage Tracker for WP Bakery,Introducing the Module Usage Tracker for WP Bakery,commercial investigation / product discovery,introducing the module usage tracker for wp bakery,Why Use Module Usage Tracker for WP Bakery?; Key Features; How It Works; Who Will Benefit from This Plugin?,Get Started Today; Related Reading,What is Introducing the Module Usage Tracker for WP Bakery?; How does Introducing the Module Usage Tracker for WP Bakery work?; Who is Introducing the Module Usage Tracker for WP Bakery for?,,no verified modified date,retain; monitor search and citation performance
baseline,https://robertdevore.com/introducing-pattern-pal-ai-powered-patterns-for-wordpress/,Introducing Pattern Pal: AI-Powered Patterns for WordPress®,Introducing Pattern Pal: AI-Powered Patterns for WordPress®,commercial investigation / product discovery,introducing pattern pal: ai-powered patterns for wordpress®,What is Pattern Pal?; Why Use Pattern Pal?; Features; How to Use Pattern Pal,Step 1: Install the Plugin; Step 2: Generate a Block Pattern; Step 3: Customize and Publish; Who Is This For?,What is Introducing Pattern Pal: AI-Powered Patterns for WordPress®?; How does Introducing Pattern Pal: AI-Powered Patterns for WordPress® work?; Who is Introducing Pattern Pal: AI-Powered Patterns for WordPress® for?,,no verified modified date,retain; monitor search and citation performance
baseline,https://robertdevore.com/introducing-persistent-dismissible-notices/,Introducing Persistent Dismissible Notices,Introducing Persistent Dismissible Notices,commercial investigation / product discovery,introducing persistent dismissible notices,Why Persistent Dismissible Notices Matters; Key Features; Dismissal Persistence; Compatibility,Scalability and Performance; How to Use the Plugin; Installation; How It Works,What is Introducing Persistent Dismissible Notices?; How does Introducing Persistent Dismissible Notices work?; Who is Introducing Persistent Dismissible Notices for?,,no verified modified date,retain; monitor search and citation performance
baseline,https://robertdevore.com/introducing-projects-for-wordpress-a-better-way-to-showcase-your-work/,Introducing Projects for WordPress®: A Better Way to Showcase Your Work,Introducing Projects for WordPress®: A Better Way to Showcase Your Work,commercial investigation / product discovery,introducing projects for wordpress®: a better way to showcase your work,What Is Projects for WordPress®?; What Developers Get Out of This; Independence; Download Tracking,GitHub-Powered Updates; Full Customization; REST API Ready; Why This Matters,What is Introducing Projects for WordPress®: A Better Way to Showcase Your Work?; How does Introducing Projects for WordPress®: A Better Way to Showcase Your Work work?; Who is Introducing Projects for WordPress®: A Better Way to Showcase Your Work for?,,no verified modified date,retain; monitor search and citation performance
baseline,https://robertdevore.com/introducing-purchase-orders-for-woocommerce-free/,Introducing Purchase Orders for WooCommerce® (free),Introducing Purchase Orders for WooCommerce® (free),commercial investigation / product discovery,introducing purchase orders for woocommerce® (free),Key Features; How to Get Starte d; Why Use This Instead of WooCommerce’s Version?; What’s Next?,Final Thoughts; Related Reading,What is Introducing Purchase Orders for WooCommerce® (free)?; How does Introducing Purchase Orders for WooCommerce® (free) work?; Who is Introducing Purchase Orders for WooCommerce® (free) for?,,no verified modified date,retain; monitor search and citation performance
baseline,https://robertdevore.com/introducing-seo-for-wordpress/,Introducing SEO for WordPress®,Introducing SEO for WordPress®,commercial investigation / product discovery,introducing seo for wordpress®,Why Another SEO Plugin?; What You Can Do with SEO for WordPress; General Settings; Advanced Settings,SEO Metabox; Archive Meta Fields; Getting Started; What’s Coming Next?,What is Introducing SEO for WordPress®?; How does Introducing SEO for WordPress® work?; Who is Introducing SEO for WordPress® for?,,no verified modified date,retain; monitor search and citation performance
baseline,https://robertdevore.com/introducing-shipping-multiple-addresses-for-woocommerce-free/,Introducing Shipping Multiple Addresses for WooCommerce® (free),Introducing Shipping Multiple Addresses for WooCommerce® (free),commercial investigation / product discovery,introducing shipping multiple addresses for woocommerce® (free),Why This Plugin Matters; Key Features; 1. Address Management; 2. Cart Duplication,3. Custom Delivery Options; 4. Automatic Order Splitting; 5. Email Notifications; 6. Admin-Friendly Tools,What is Introducing Shipping Multiple Addresses for WooCommerce® (free)?; How does Introducing Shipping Multiple Addresses for WooCommerce® (free) work?; Who is Introducing Shipping Multiple Addresses for WooCommerce® (free) for?,,no verified modified date,retain; monitor search and citation performance
baseline,https://robertdevore.com/introducing-site-vitals-for-wordpress/,Introducing Site Vitals for WordPress®,Introducing Site Vitals for WordPress®,commercial investigation / product discovery,introducing site vitals for wordpress®,Why I Created Site Vitals for WordPress®; Key Features; Comprehensive Checks; Asynchronous Loading and Caching,Actionable Recommendations; Filters for Developers; Getting Started; Future Plans,What is Introducing Site Vitals for WordPress®?; How does Introducing Site Vitals for WordPress® work?; Who is Introducing Site Vitals for WordPress® for?,,no verified modified date,retain; monitor search and citation performance
baseline,https://robertdevore.com/introducing-slop-stopper-a-free-content-checker-for-wordpress/,Introducing Slop Stopper: A free content checker for WordPress®,Introducing Slop Stopper: A free content checker for WordPress®,commercial investigation / product discovery,introducing slop stopper: a free content checker for wordpress®,The AI Content Apocalypse is Here; Meet Slop Stopper: The AI Slop Bouncer for Your Blog; Why You Need This Plugin Yesterday; Download Slop Stopper Now,Related Reading,What is Introducing Slop Stopper: A free content checker for WordPress®?; How does Introducing Slop Stopper: A free content checker for WordPress® work?; Who is Introducing Slop Stopper: A free content checker for WordPress® for?,,no verified modified date,retain; monitor search and citation performance
baseline,https://robertdevore.com/introducing-stats-for-wordpress/,Introducing Stats for WordPress®,Introducing Stats for WordPress®,commercial investigation / product discovery,introducing stats for wordpress®,Why I Built Stats for WordPress®; What Stats for WordPress® Can Do; How to Get Started; Looking Ahead: Future Plans for Stats for WordPress®,Why Choose Stats for WordPress®?; Get Involved; Related Reading,What is Introducing Stats for WordPress®?; How does Introducing Stats for WordPress® work?; Who is Introducing Stats for WordPress® for?,,no verified modified date,retain; monitor search and citation performance
baseline,https://robertdevore.com/introducing-table-block-enhancer-for-wordpress/,Introducing Table Block Enhancer for WordPress®,Introducing Table Block Enhancer for WordPress®,informational / problem-solving,introducing table block enhancer for wordpress®,Why I Built Table Block Enhancer; Key Features; 🔍 Searching; 🔃 Sorting,📄 Paging; 🎛️ Per-Block Settings; How to Use Table Block Enhancer; 1. Installation,What is Introducing Table Block Enhancer for WordPress®?; How does Introducing Table Block Enhancer for WordPress® work?; Who is Introducing Table Block Enhancer for WordPress® for?,,no verified modified date,retain; monitor search and citation performance
baseline,https://robertdevore.com/introducing-test-orders-for-woocommerce/,Introducing Test Orders for WooCommerce®,Introducing Test Orders for WooCommerce®,commercial investigation / product discovery,introducing test orders for woocommerce®,Key Features; Why Use Test Orders for WooCommerce®?; How to Use; Behind the Scenes,Who Is This For?; Get Started Today; Feedback and Support; Related Reading,What is Introducing Test Orders for WooCommerce®?; How does Introducing Test Orders for WooCommerce® work?; Who is Introducing Test Orders for WooCommerce® for?,,no verified modified date,retain; monitor search and citation performance
baseline,https://robertdevore.com/introducing-the-phlush-permalinks-wordpress-plugin/,Introducing the Phlush Permalinks WordPress Plugin,Introducing the Phlush Permalinks WordPress Plugin,commercial investigation / product discovery,introducing the phlush permalinks wordpress plugin,Why Permalinks Matter:; Key Features of Phlush Permalinks:; How It Works; Getting Started,Looking to extend the plugin and add your own actions?; Example 1: Adding Custom Actions; Example 2: Removing Actions; Related Reading,What is Introducing the Phlush Permalinks WordPress Plugin?; How does Introducing the Phlush Permalinks WordPress Plugin work?; Who is Introducing the Phlush Permalinks WordPress Plugin for?,,no verified modified date,retain; monitor search and citation performance
baseline,https://robertdevore.com/introducing-the-prompts-library-a-playground-for-ai-creativity/,Introducing the Prompts Library – A Playground for AI Creativity,Introducing the Prompts Library – A Playground for AI Creativity,commercial investigation / product discovery,introducing the prompts library – a playground for ai creativity,What’s Inside (So Far); Who’s It For?; Got an Idea? I’m Taking Requests.; Related Reading,,What is Introducing the Prompts Library – A Playground for AI Creativity?; How does Introducing the Prompts Library – A Playground for AI Creativity work?; Who is Introducing the Prompts Library – A Playground for AI Creativity for?,,no verified modified date,retain; monitor search and citation performance
baseline,https://robertdevore.com/introducing-the-user-login-status-plugin-for-wordpress/,Introducing the User Login Status Plugin for WordPress,Introducing the User Login Status Plugin for WordPress,commercial investigation / product discovery,introducing the user login status plugin for wordpress,Key Features; 1. Monitor User Status Directly in the Admin Panel; 2. Bulk Logout Functionality; 3. Real-Time AJAX Polling,4. Optimized for Admins; Installation and Usage; 1. Download and Install the Plugin; 2. How to Monitor User Status,What is Introducing the User Login Status Plugin for WordPress?; How does Introducing the User Login Status Plugin for WordPress work?; Who is Introducing the User Login Status Plugin for WordPress for?,,no verified modified date,retain; monitor search and citation performance
baseline,https://robertdevore.com/introducing-vertical-gallery-product-display-for-woocommerce/,Introducing Vertical Gallery Product Display for WooCommerce®,Introducing Vertical Gallery Product Display for WooCommerce®,commercial investigation / product discovery,introducing vertical gallery product display for woocommerce®,Why Build This Plugin?; How to Use Vertical Gallery Product Display; Behind the Scenes: Building a Plugin Like This; Why Free Matters,Get it on GitHub; Related Reading,What is Introducing Vertical Gallery Product Display for WooCommerce®?; How does Introducing Vertical Gallery Product Display for WooCommerce® work?; Who is Introducing Vertical Gallery Product Display for WooCommerce® for?,,no verified modified date,retain; monitor search and citation performance
baseline,https://robertdevore.com/introducing-widget-usage-tracker-for-elementor/,Introducing Widget Usage Tracker for Elementor,Introducing Widget Usage Tracker for Elementor,commercial investigation / product discovery,introducing widget usage tracker for elementor,What is Widget Usage Tracker for Elementor?; Key Features; 1. Comprehensive Tracking; 2. Detailed Insights,3. User-Friendly Interface; 4. Automatic Updates; 5. Localization Ready; 6. Optimized Performance,What is Introducing Widget Usage Tracker for Elementor?; How does Introducing Widget Usage Tracker for Elementor work?; Who is Introducing Widget Usage Tracker for Elementor for?,,no verified modified date,retain; monitor search and citation performance
baseline,https://robertdevore.com/invest-in-yourself/,Invest in Yourself,Invest in Yourself,informational,invest in yourself,Cash Investments; Business necessities; Business extras; Sweat Equity,Hard work pays off; Focus on the plan; One last piece of advice; Related Reading,What is Invest in Yourself?; How does Invest in Yourself work?; Who is Invest in Yourself for?,,no verified modified date,retain; monitor search and citation performance
baseline,https://robertdevore.com/kevin-michael-geary-a-hidden-history-of-hate-racism-and-bigotry/,"Kevin Michael Geary: A Hidden History of Hate, Racism, and Bigotry","Kevin Michael Geary: A Hidden History of Hate, Racism, and Bigotry",informational,"kevin michael geary: a hidden history of hate, racism, and bigotry",Introduction: Who is Kevin Michael Geary?; Part 1: Kevin Geary’s Early Digital Footprint; Hispanic Hate Speech by Kevin Geary; Kevin Michael Geary Mocking People with Disabilities,Racist Commentary and Stereotyping by Kevin Geary; Misogynistic Attacks by Kevin Geary; Attacking Children and Families; Kevin Geary on Race and Music,"What is Kevin Michael Geary: A Hidden History of Hate, Racism, and Bigotry?; How does Kevin Michael Geary: A Hidden History of Hate, Racism, and Bigotry work?; Who is Kevin Michael Geary: A Hidden History of Hate, Racism, and Bigotry for?",,no verified modified date,retain; monitor search and citation performance
baseline,https://robertdevore.com/leafly-reviews-wordpress-plugin/,Leafly Reviews,Leafly Reviews,informational,leafly reviews,Leafly Reviews WordPress plugin; Download; Adding your APP ID and KEY; Widget Options,Shortcode Options; Credits & Thank-you's; Download; The road ahead,What is Leafly Reviews?; How does Leafly Reviews work?; Who is Leafly Reviews for?,,no verified modified date,retain; monitor search and citation performance
baseline,https://robertdevore.com/leap-the-code-of-extreme-leadership/,LEAP: The Code of Extreme Leadership,LEAP: The Code of Extreme Leadership,informational,leap: the code of extreme leadership,What is LEAP?; Liberate; Execute; Agitate,Persist; Take the LEAP with me; Related Reading,What is LEAP: The Code of Extreme Leadership?; How does LEAP: The Code of Extreme Leadership work?; Who is LEAP: The Code of Extreme Leadership for?,,no verified modified date,retain; monitor search and citation performance
baseline,https://robertdevore.com/making-up-for-lost-time/,Making up for lost time,Making up for lost time,informational,making up for lost time,Learning to let go; Forgiving your past; Moving forward; The road ahead,Related Reading,What is Making up for lost time?; How does Making up for lost time work?; Who is Making up for lost time for?,,no verified modified date,retain; monitor search and citation performance
baseline,https://robertdevore.com/mnml-free-minimalist-wordpress-theme/,MNML,MNML,informational,mnml,Demo & Download; Under the hood; Credits & Thank-you's; The road ahead,Related Reading,What is MNML?; How does MNML work?; Who is MNML for?,,no verified modified date,retain; monitor search and citation performance
baseline,https://robertdevore.com/my-brothers-keeper-sons-of-anarchy-fanfiction/,My Brothers Keeper,My Brothers Keeper,informational,my brothers keeper,Why Sons of Anarchy?; Chapters for Authors; My Brothers Keeper; What's next?,Related Reading,What is My Brothers Keeper?; How does My Brothers Keeper work?; Who is My Brothers Keeper for?,,no verified modified date,retain; monitor search and citation performance
baseline,https://robertdevore.com/my-development-projects/,Recent project updates,Recent project updates,informational,recent project updates,WP Dispensary; Clean Blog; miniQuiz; Slackedd,Leafly Reviews; What development projects are next?; Keep in touch; Related Reading,What is Recent project updates?; How does Recent project updates work?; Who is Recent project updates for?,,no verified modified date,retain; monitor search and citation performance
baseline,https://robertdevore.com/open-source-is-anarchism-in-action/,Open Source is Anarchism in Action,Open Source is Anarchism in Action,informational,open source is anarchism in action,And it’s working.; Shared Foundations; 1. Voluntary Cooperation; 2. Decentralized Power,3. Transparent Accountability; 4. Ownership Without Control; Open Source Was Always Political; Why the Open Source Model Embodies Anarchist Practice,What is Open Source is Anarchism in Action?; How does Open Source is Anarchism in Action work?; Who is Open Source is Anarchism in Action for?,,no verified modified date,retain; monitor search and citation performance
baseline,https://robertdevore.com/organized-chaos/,Organized Chaos,Organized Chaos,informational,organized chaos,Related Reading,,What is Organized Chaos?; How does Organized Chaos work?; Who is Organized Chaos for?,,no verified modified date,retain; monitor search and citation performance
baseline,https://robertdevore.com/page/10/,"Systems, tools, and writing for work that has to hold up.","Systems, tools, and writing for work that has to hold up.",navigational / topic discovery,"systems, tools, and writing for work that has to hold up.","Language, runtime, and local software workflows; Tools with a visible operating record.; Strata; Snips",RepoRadar; How I build.; Make state visible; Keep work inspectable,"What is Systems, tools, and writing for work that has to hold up.?; How does Systems, tools, and writing for work that has to hold up. work?; Who is Systems, tools, and writing for work that has to hold up. for?",,,retain; monitor search and citation performance
baseline,https://robertdevore.com/page/11/,"Systems, tools, and writing for work that has to hold up.","Systems, tools, and writing for work that has to hold up.",navigational / topic discovery,"systems, tools, and writing for work that has to hold up.","Language, runtime, and local software workflows; Tools with a visible operating record.; Strata; Snips",RepoRadar; How I build.; Make state visible; Keep work inspectable,"What is Systems, tools, and writing for work that has to hold up.?; How does Systems, tools, and writing for work that has to hold up. work?; Who is Systems, tools, and writing for work that has to hold up. for?",,,retain; monitor search and citation performance
baseline,https://robertdevore.com/page/12/,"Systems, tools, and writing for work that has to hold up.","Systems, tools, and writing for work that has to hold up.",navigational / topic discovery,"systems, tools, and writing for work that has to hold up.","Language, runtime, and local software workflows; Tools with a visible operating record.; Strata; Snips",RepoRadar; How I build.; Make state visible; Keep work inspectable,"What is Systems, tools, and writing for work that has to hold up.?; How does Systems, tools, and writing for work that has to hold up. work?; Who is Systems, tools, and writing for work that has to hold up. for?",,,retain; monitor search and citation performance
baseline,https://robertdevore.com/page/2/,"Systems, tools, and writing for work that has to hold up.","Systems, tools, and writing for work that has to hold up.",navigational / topic discovery,"systems, tools, and writing for work that has to hold up.","Language, runtime, and local software workflows; Tools with a visible operating record.; Strata; Snips",RepoRadar; How I build.; Make state visible; Keep work inspectable,"What is Systems, tools, and writing for work that has to hold up.?; How does Systems, tools, and writing for work that has to hold up. work?; Who is Systems, tools, and writing for work that has to hold up. for?",,,retain; monitor search and citation performance
baseline,https://robertdevore.com/page/3/,"Systems, tools, and writing for work that has to hold up.","Systems, tools, and writing for work that has to hold up.",navigational / topic discovery,"systems, tools, and writing for work that has to hold up.","Language, runtime, and local software workflows; Tools with a visible operating record.; Strata; Snips",RepoRadar; How I build.; Make state visible; Keep work inspectable,"What is Systems, tools, and writing for work that has to hold up.?; How does Systems, tools, and writing for work that has to hold up. work?; Who is Systems, tools, and writing for work that has to hold up. for?",,,retain; monitor search and citation performance
baseline,https://robertdevore.com/page/4/,"Systems, tools, and writing for work that has to hold up.","Systems, tools, and writing for work that has to hold up.",navigational / topic discovery,"systems, tools, and writing for work that has to hold up.","Language, runtime, and local software workflows; Tools with a visible operating record.; Strata; Snips",RepoRadar; How I build.; Make state visible; Keep work inspectable,"What is Systems, tools, and writing for work that has to hold up.?; How does Systems, tools, and writing for work that has to hold up. work?; Who is Systems, tools, and writing for work that has to hold up. for?",,,retain; monitor search and citation performance
baseline,https://robertdevore.com/page/5/,"Systems, tools, and writing for work that has to hold up.","Systems, tools, and writing for work that has to hold up.",navigational / topic discovery,"systems, tools, and writing for work that has to hold up.","Language, runtime, and local software workflows; Tools with a visible operating record.; Strata; Snips",RepoRadar; How I build.; Make state visible; Keep work inspectable,"What is Systems, tools, and writing for work that has to hold up.?; How does Systems, tools, and writing for work that has to hold up. work?; Who is Systems, tools, and writing for work that has to hold up. for?",,,retain; monitor search and citation performance
baseline,https://robertdevore.com/page/6/,"Systems, tools, and writing for work that has to hold up.","Systems, tools, and writing for work that has to hold up.",navigational / topic discovery,"systems, tools, and writing for work that has to hold up.","Language, runtime, and local software workflows; Tools with a visible operating record.; Strata; Snips",RepoRadar; How I build.; Make state visible; Keep work inspectable,"What is Systems, tools, and writing for work that has to hold up.?; How does Systems, tools, and writing for work that has to hold up. work?; Who is Systems, tools, and writing for work that has to hold up. for?",,,retain; monitor search and citation performance
baseline,https://robertdevore.com/page/7/,"Systems, tools, and writing for work that has to hold up.","Systems, tools, and writing for work that has to hold up.",navigational / topic discovery,"systems, tools, and writing for work that has to hold up.","Language, runtime, and local software workflows; Tools with a visible operating record.; Strata; Snips",RepoRadar; How I build.; Make state visible; Keep work inspectable,"What is Systems, tools, and writing for work that has to hold up.?; How does Systems, tools, and writing for work that has to hold up. work?; Who is Systems, tools, and writing for work that has to hold up. for?",,,retain; monitor search and citation performance
baseline,https://robertdevore.com/page/8/,"Systems, tools, and writing for work that has to hold up.","Systems, tools, and writing for work that has to hold up.",navigational / topic discovery,"systems, tools, and writing for work that has to hold up.","Language, runtime, and local software workflows; Tools with a visible operating record.; Strata; Snips",RepoRadar; How I build.; Make state visible; Keep work inspectable,"What is Systems, tools, and writing for work that has to hold up.?; How does Systems, tools, and writing for work that has to hold up. work?; Who is Systems, tools, and writing for work that has to hold up. for?",,,retain; monitor search and citation performance
baseline,https://robertdevore.com/page/9/,"Systems, tools, and writing for work that has to hold up.","Systems, tools, and writing for work that has to hold up.",navigational / topic discovery,"systems, tools, and writing for work that has to hold up.","Language, runtime, and local software workflows; Tools with a visible operating record.; Strata; Snips",RepoRadar; How I build.; Make state visible; Keep work inspectable,"What is Systems, tools, and writing for work that has to hold up.?; How does Systems, tools, and writing for work that has to hold up. work?; Who is Systems, tools, and writing for work that has to hold up. for?",,,retain; monitor search and citation performance
baseline,https://robertdevore.com/patience/,Patience,Patience,informational,patience,Expecting the unexpected; Finding success in patience; Related Reading,,What is Patience?; How does Patience work?; Who is Patience for?,,no verified modified date,retain; monitor search and citation performance
baseline,https://robertdevore.com/peddle-free-wordpress-theme-for-easy-digital-downloads/,Peddle,Peddle,informational,peddle,Demo & Download; Under the hood; Credits & Thank-you's; The road ahead,Related Reading,What is Peddle?; How does Peddle work?; Who is Peddle for?,,no verified modified date,retain; monitor search and citation performance
baseline,https://robertdevore.com/plan-prompt-publish-a-practical-guide-to-creating-beautifully-useful-content-with-ai/,Plan. Prompt. Publish. A Practical Guide to Creating Beautifully Useful Content with AI,Plan. Prompt. Publish. A Practical Guide to Creating Beautifully Useful Content with AI,informational / problem-solving,plan. prompt. publish. a practical guide to creating beautifully useful content with ai,Why This Guide Exists; What You’ll Learn (And When); PLAN (Days 1-3); PROMPT (Days 4-6),PUBLISH (Days 7-9); Who This Guide Is For; What You’ll Walk Away With; Want the Bundle? 🤔,What is Plan. Prompt. Publish. A Practical Guide to Creating Beautifully Useful Content with AI?; How does Plan. Prompt. Publish. A Practical Guide to Creating Beautifully Useful Content with AI work?; Who is Plan. Prompt. Publish. A Practical Guide to Creating Beautifully Useful Content with AI for?,,no verified modified date,retain; monitor search and citation performance
baseline,https://robertdevore.com/projects/,Projects,Projects,navigational / commercial investigation,projects,Kujo; Active Systems; Strata; Snips,RepoRadar; More Built Tools,What is Projects?; How does Projects work?; Who is Projects for?,,no visible breadcrumb,retain; monitor search and citation performance
baseline,https://robertdevore.com/projects/agents-sdk/,Kujo Agents SDK,Kujo Agents SDK,commercial investigation / adoption,kujo agents sdk,Why Agents SDK exists; What it provides; Run the offline proof; Current boundary,,What is Kujo Agents SDK?; How does Kujo Agents SDK work?; Who is Kujo Agents SDK for?,,thin for a substantive destination; no verified modified date,editorial review: clarify purpose and add only evidence-backed useful detail
baseline,https://robertdevore.com/projects/dispatch/,Dispatch,Dispatch,commercial investigation / adoption,dispatch,Why Dispatch exists; What it provides; Run a fixture workflow; Current boundary,,What is Dispatch?; How does Dispatch work?; Who is Dispatch for?,,thin for a substantive destination; no verified modified date,editorial review: clarify purpose and add only evidence-backed useful detail
baseline,https://robertdevore.com/projects/kujo/,Kujo,Kujo,commercial investigation / adoption,kujo,Why Kujo exists; What it provides; Start from source; Current boundary,,What is Kujo?; How does Kujo work?; Who is Kujo for?,,thin for a substantive destination; no verified modified date,editorial review: clarify purpose and add only evidence-backed useful detail
baseline,https://robertdevore.com/projects/lens/,Lens,Lens,commercial investigation / adoption,lens,Why Lens exists; What it provides; Check a local page; Current boundary,,What is Lens?; How does Lens work?; Who is Lens for?,,thin for a substantive destination; no verified modified date,editorial review: clarify purpose and add only evidence-backed useful detail
baseline,https://robertdevore.com/projects/sitekit/,SiteKit,SiteKit,commercial investigation / adoption,sitekit,Why SiteKit exists; What it provides; Verify the source model; Current boundary,,What is SiteKit?; How does SiteKit work?; Who is SiteKit for?,,thin for a substantive destination; no verified modified date,editorial review: clarify purpose and add only evidence-backed useful detail
baseline,https://robertdevore.com/projects/ssg/,Kujo SSG,Kujo SSG,commercial investigation / adoption,kujo ssg,Why Kujo SSG exists; What it provides; Build a site; Current boundary,,What is Kujo SSG?; How does Kujo SSG work?; Who is Kujo SSG for?,,thin for a substantive destination; no verified modified date,editorial review: clarify purpose and add only evidence-backed useful detail
baseline,https://robertdevore.com/release-notes-back-in-stock-notifications-for-woocommerce-free-v1-0-1/,Release Notes: Back In Stock Notifications for WooCommerce® (free) v1.0.1,Release Notes: Back In Stock Notifications for WooCommerce® (free) v1.0.1,commercial investigation / product discovery,release notes: back in stock notifications for woocommerce® (free) v1.0.1,Key Updates in v1.0.1; 1. Optimized Notification Handling in bisn_notify_waitlist_on_restock; 2. Improved CSV Export with Batching in bisn_export_csv; How These Updates Benefit You,Upgrade Instructions; Related Reading,What is Release Notes: Back In Stock Notifications for WooCommerce® (free) v1.0.1?; How does Release Notes: Back In Stock Notifications for WooCommerce® (free) v1.0.1 work?; Who is Release Notes: Back In Stock Notifications for WooCommerce® (free) v1.0.1 for?,,no verified modified date,retain; monitor search and citation performance
baseline,https://robertdevore.com/relentless/,Relentless,Relentless,informational,relentless,Daily work; Weekly goals; Monthly maintenance; Physical Fitness,Key takeaway; Related Reading,What is Relentless?; How does Relentless work?; Who is Relentless for?,,no verified modified date,retain; monitor search and citation performance
baseline,https://robertdevore.com/rethinking-keyword-research-in-the-age-of-ai/,Rethinking Keyword Research in the Age of AI,Rethinking Keyword Research in the Age of AI,informational,rethinking keyword research in the age of ai,"Keywords Aren’t Strategy – They’re Clues; The Short Report? All Surface, No Soul; The Long Report? Messy, but Valuable; Real Strategy Is Messy (and That’s Okay)","Insight > Keywords Every Time; Strategy Isn’t Optional – It’s The Only Game; If You’re Just Chasing Keywords, You’re Already Behind; Related Reading",What is Rethinking Keyword Research in the Age of AI?; How does Rethinking Keyword Research in the Age of AI work?; Who is Rethinking Keyword Research in the Age of AI for?,,no verified modified date,retain; monitor search and citation performance
baseline,https://robertdevore.com/reusable-flask-error-handling-a-step-by-step-guide-to-modular-http-error-responses/,Reusable Flask Error Handling: A Step-by-Step Guide to Modular HTTP Error Responses,Reusable Flask Error Handling: A Step-by-Step Guide to Modular HTTP Error Responses,informational / problem-solving,reusable flask error handling: a step-by-step guide to modular http error responses,Step 1: Set Up the errors.py Module; Code for errors.py; Step 2: Integrate the errors.py Module; Code for app.py,Step 3: Create Error Templates; HTML Template for 404.html; Other Templates; Step 4: Testing the Error Handlers,What is Reusable Flask Error Handling: A Step-by-Step Guide to Modular HTTP Error Responses?; How does Reusable Flask Error Handling: A Step-by-Step Guide to Modular HTTP Error Responses work?; Who is Reusable Flask Error Handling: A Step-by-Step Guide to Modular HTTP Error Responses for?,,no verified modified date,retain; monitor search and citation performance
baseline,https://robertdevore.com/run-a-tor-relay/,Run a Tor relay,Run a Tor relay,informational,run a tor relay,What is a Tor relay?; Getting started with Digital Ocean; Creating your Droplet; Setting up your Tor relay,My thoughts on the process; Thank You's; Related Reading,What is Run a Tor relay?; How does Run a Tor relay work?; Who is Run a Tor relay for?,,no verified modified date,retain; monitor search and citation performance
baseline,https://robertdevore.com/say-goodbye-to-wordpress/,Say Goodbye to WordPress,Say Goodbye to WordPress,informational,say goodbye to wordpress,🧠 Who Should Migrate?; ⚙️ WordPress vs. Stattic: A Breakdown; 🧭 Why I’m Doing This (and Why Now); ⚠️ Why You Can’t Afford to Wait,✅ What You Get; 🎯 Ready to Move?; Control is the Real Luxury; Related Reading,What is Say Goodbye to WordPress?; How does Say Goodbye to WordPress work?; Who is Say Goodbye to WordPress for?,,no verified modified date,retain; monitor search and citation performance
baseline,https://robertdevore.com/set-featured-images-programatically-wordpress/,Set Featured Images Programmatically in WordPress,Set Featured Images Programmatically in WordPress,informational,set featured images programmatically in wordpress,Why set featured images programmatically?; The Code; Download the plugin from Github; Related Reading,,What is Set Featured Images Programmatically in WordPress?; How does Set Featured Images Programmatically in WordPress work?; Who is Set Featured Images Programmatically in WordPress for?,,no verified modified date,retain; monitor search and citation performance
baseline,https://robertdevore.com/slackedd/,Slackedd,Slackedd,informational,slackedd,Slackedd WordPress plugin; Automatic Updates from Github; Installation; Screenshots,Thank you's; Download; Contribute; Related Reading,What is Slackedd?; How does Slackedd work?; Who is Slackedd for?,,no verified modified date,retain; monitor search and citation performance
baseline,https://robertdevore.com/stattic-v0-3-0-release-llms-txt-faster-gifs-leaner-core-and-smarter-routing/,Just Released: Stattic v.0.3.0,Just Released: Stattic v.0.3.0,informational,just released: stattic v.0.3.0,📦 llms.txt Generator; 🧹 9 Methods Deleted; ⚡ GIF Optimization (Without the Lag); 📑 Sort by Front Matter order,🏠 Smarter Index + Blog Routing; 🔗 Misc Fixes & Cleanup; v0.3.0 TL;DR; Related Reading,What is Just Released: Stattic v.0.3.0?; How does Just Released: Stattic v.0.3.0 work?; Who is Just Released: Stattic v.0.3.0 for?,,no verified modified date,retain; monitor search and citation performance
baseline,https://robertdevore.com/stattic-v1-0-the-worlds-fastest-python-based-static-site-generator/,Stattic v1.0: The World’s Fastest Python-based Static Site Generator,Stattic v1.0: The World’s Fastest Python-based Static Site Generator,commercial investigation / product discovery,stattic v1.0: the world’s fastest python-based static site generator,What’s New in Stattic v1.0.0; 🔧 Core Overhaul; 🔐 Security Upgrades; ⚡ Speed & Performance,🎨 UX & Templates; ⚙️ Config & CLI; 🧹 Code Cleanup; Breaking Changes (Read This),What is Stattic v1.0: The World’s Fastest Python-based Static Site Generator?; How does Stattic v1.0: The World’s Fastest Python-based Static Site Generator work?; Who is Stattic v1.0: The World’s Fastest Python-based Static Site Generator for?,,no verified modified date,retain; monitor search and citation performance
baseline,https://robertdevore.com/stop-gambling-with-client-trust-why-skipping-a-security-audit-is-a-risk-you-cant-afford/,Stop Gambling With Client Trust: Why Skipping a Security Audit Is a Risk You Can’t Afford,Stop Gambling With Client Trust: Why Skipping a Security Audit Is a Risk You Can’t Afford,informational,stop gambling with client trust: why skipping a security audit is a risk you can’t afford,Your Clients Will Blame YOU for Security Failures; A Single Breach Can Kill Your Reputation; You’re Holding Sensitive Client Data (Whether You Realize It or Not); Your Third-Party Tools Could Be the Weak Link,"If Your Agency Gets Hacked, It’s Game Over; A Security Audit Costs Less Than Cleaning Up a Breach; Clients Pay More for Agencies That Actually Give a Shit About Security; A Security Audit Gives You a Clear, Actionable Plan",What is Stop Gambling With Client Trust: Why Skipping a Security Audit Is a Risk You Can’t Afford?; How does Stop Gambling With Client Trust: Why Skipping a Security Audit Is a Risk You Can’t Afford work?; Who is Stop Gambling With Client Trust: Why Skipping a Security Audit Is a Risk You Can’t Afford for?,,no verified modified date,retain; monitor search and citation performance
baseline,https://robertdevore.com/tag/,Tags,Tags,navigational / topic discovery,tags,Engineering; WordPress; WooCommerce; AI,Archive; Essays,What is Tags?; How does Tags work?; Who is Tags for?,,no visible breadcrumb,retain; monitor search and citation performance
baseline,https://robertdevore.com/tag/ai/,AI,AI,navigational / topic discovery,ai,Articles,,What is AI?; How does AI work?; Who is AI for?,,no visible breadcrumb,retain; monitor search and citation performance
baseline,https://robertdevore.com/tag/archive/,Archive,Archive,navigational / topic discovery,archive,Articles,,What is Archive?; How does Archive work?; Who is Archive for?,,no visible breadcrumb,retain; monitor search and citation performance
baseline,https://robertdevore.com/tag/engineering/,Engineering,Engineering,navigational / topic discovery,engineering,Articles,,What is Engineering?; How does Engineering work?; Who is Engineering for?,,no visible breadcrumb,retain; monitor search and citation performance
baseline,https://robertdevore.com/tag/essays/,Essays,Essays,navigational / topic discovery,essays,Articles,,What is Essays?; How does Essays work?; Who is Essays for?,,no visible breadcrumb,retain; monitor search and citation performance
baseline,https://robertdevore.com/tag/woocommerce/,WooCommerce,WooCommerce,navigational / topic discovery,woocommerce,Articles,,What is WooCommerce?; How does WooCommerce work?; Who is WooCommerce for?,,no visible breadcrumb,retain; monitor search and citation performance
baseline,https://robertdevore.com/tag/wordpress/,WordPress,WordPress,navigational / topic discovery,wordpress,Articles,,What is WordPress?; How does WordPress work?; Who is WordPress for?,,no visible breadcrumb,retain; monitor search and citation performance
baseline,https://robertdevore.com/thank-you-wordpress/,Thank You WordPress,Thank You WordPress,informational,thank you wordpress,WordPress saved my life; Thank you WordPress; Related Reading,,What is Thank You WordPress?; How does Thank You WordPress work?; Who is Thank You WordPress for?,,no verified modified date,retain; monitor search and citation performance
baseline,https://robertdevore.com/the-fastest-way-for-php-devs-to-learn-python/,The Fastest Way for PHP Devs to Learn Python,The Fastest Way for PHP Devs to Learn Python,informational,the fastest way for php devs to learn python,1. Variables Are Loosely Typed and Dynamically Assigned; 2. Functions Work the Same; 3. Associative Arrays = Dictionaries; 4. Control Structures Feel Familiar,5. Loops Are Straightforward; 6. String Concatenation Works as Expected; 7. Truthy Logic Is Nearly Identical; 8. You Can Organize Code Into Reusable Modules,What is The Fastest Way for PHP Devs to Learn Python?; How does The Fastest Way for PHP Devs to Learn Python work?; Who is The Fastest Way for PHP Devs to Learn Python for?,,no verified modified date,retain; monitor search and citation performance
baseline,https://robertdevore.com/the-past-present-and-future-of-wp-dispensary/,"The past, present and future of WP Dispensary","The past, present and future of WP Dispensary",informational,"the past, present and future of wp dispensary",What’s been happening?; What’s coming next?; Related Reading,,"What is The past, present and future of WP Dispensary?; How does The past, present and future of WP Dispensary work?; Who is The past, present and future of WP Dispensary for?",,no verified modified date,retain; monitor search and citation performance
baseline,https://robertdevore.com/tools-and-workflows-for-formatting-visuals-and-citations/,"Tools and Workflows for Formatting, Visuals, and Citations","Tools and Workflows for Formatting, Visuals, and Citations",informational,"tools and workflows for formatting, visuals, and citations",Why This Final Layer Matters; Formatting That Doesn’t Feel Like Homework; 1. Use a Visual Hierarchy; 2. Add Section Breaks,Visuals That Actually Add Value; 1. Illustrate the Idea; 2. Caption with Purpose; 3. Compress Like a Pro,"What is Tools and Workflows for Formatting, Visuals, and Citations?; How does Tools and Workflows for Formatting, Visuals, and Citations work?; Who is Tools and Workflows for Formatting, Visuals, and Citations for?",,no verified modified date,retain; monitor search and citation performance
baseline,https://robertdevore.com/twitter-marketing/,Twitter Marketing,Twitter Marketing,informational,twitter marketing,"Twitter Advanced Search Tips; Using Twitter lists to funnel the noise; Utilize your bio, avatar, banner and pinned tweets effectively; Better Twitter Marketing",Related Reading,What is Twitter Marketing?; How does Twitter Marketing work?; Who is Twitter Marketing for?,,no verified modified date,retain; monitor search and citation performance
baseline,https://robertdevore.com/two-years-building-wp-dispensary/,WP Dispensary: 2 years after the launch,WP Dispensary: 2 years after the launch,informational,wp dispensary: 2 years after the launch,How it all started; What happened next; The first year; The second year,What's next?; Related Reading,What is WP Dispensary: 2 years after the launch?; How does WP Dispensary: 2 years after the launch work?; Who is WP Dispensary: 2 years after the launch for?,,no verified modified date,retain; monitor search and citation performance
baseline,https://robertdevore.com/use-ai-to-create-your-own-wwf-action-figure-blister-packs/,Use AI to create your own WWF Action Figure Blister Packs,Use AI to create your own WWF Action Figure Blister Packs,informational / problem-solving,use ai to create your own wwf action figure blister packs,Why a JSON prompt?; Why WWF Action Figures?; Related Reading,,What is Use AI to create your own WWF Action Figure Blister Packs?; How does Use AI to create your own WWF Action Figure Blister Packs work?; Who is Use AI to create your own WWF Action Figure Blister Packs for?,,no verified modified date,retain; monitor search and citation performance
baseline,https://robertdevore.com/what-makes-content-beautifully-useful/,What Makes Content Beautifully Useful?,What Makes Content Beautifully Useful?,informational,what makes content beautifully useful?,"What “Beautifully Useful” Actually Means; Two Versions, Same Topic – Only One Wins; The “Beautifully Useful” Filter; Toolbox for Making Content Hit Harder",Mic-Drop Takeaway; 🧠 Bonus Prompt: The “Before You Hit Publish” Test; Related Reading,What is What Makes Content Beautifully Useful??; How does What Makes Content Beautifully Useful? work?; Who is What Makes Content Beautifully Useful? for?,,no verified modified date,retain; monitor search and citation performance
baseline,https://robertdevore.com/why-wordpress-plugin-developers-need-security-audits/,Why WordPress Plugin Developers Need Security Audits,Why WordPress Plugin Developers Need Security Audits,commercial investigation / product discovery,why wordpress plugin developers need security audits,"If Your Plugin Gets Hacked, Thousands of Sites Are Fucked; Hackers Actively Target WordPress® Plugins; You Are NOT a Security Expert (And That’s Okay, But Get an Audit Anyway); A Security Audit Costs Less Than Cleaning Up a Breach",Users Trust Secure Plugins (And They Pay for Them Too); A Security Audit Finds the Shit That Will Bite You Later; Get a Security Audit Before You Become the Next Horror Story; Related Reading,What is Why WordPress Plugin Developers Need Security Audits?; How does Why WordPress Plugin Developers Need Security Audits work?; Who is Why WordPress Plugin Developers Need Security Audits for?,,no verified modified date,retain; monitor search and citation performance
baseline,https://robertdevore.com/woocommerce-dispensary-details-plugin/,Dispensary Details for WooCommerce,Dispensary Details for WooCommerce,informational,dispensary details for woocommerce,So what does it do?; Keep. It. Simple. Stupid.; Related Reading,,What is Dispensary Details for WooCommerce?; How does Dispensary Details for WooCommerce work?; Who is Dispensary Details for WooCommerce for?,,no verified modified date,retain; monitor search and citation performance
baseline,https://robertdevore.com/wordpress-custom-post-types-code-snippets/,Enhance the power of your WordPress Custom Post Types,Enhance the power of your WordPress Custom Post Types,informational,enhance the power of your wordpress custom post types,1. Custom API endpoints; 2. oEmbed improvements; 3. Flush rewrite rules during your plugin's activation; Additional resources,Related Reading,What is Enhance the power of your WordPress Custom Post Types?; How does Enhance the power of your WordPress Custom Post Types work?; Who is Enhance the power of your WordPress Custom Post Types for?,,no verified modified date,retain; monitor search and citation performance
baseline,https://robertdevore.com/wordpress-plugin-security-is-a-joke-and-youre-the-punchline/,"WordPress Plugin Security Is a Joke, and You’re the Punchline","WordPress Plugin Security Is a Joke, and You’re the Punchline",commercial investigation / product discovery,"wordpress plugin security is a joke, and you’re the punchline",Trigger Warning; The Illusion of Safety; Let’s Talk About the Real Villains; Philosophical Interlude: What Is “Secure Code”?,Code Interlude; A Historical Footnote of Failures; You Get Audited; Lesson Learned,"What is WordPress Plugin Security Is a Joke, and You’re the Punchline?; How does WordPress Plugin Security Is a Joke, and You’re the Punchline work?; Who is WordPress Plugin Security Is a Joke, and You’re the Punchline for?",,no verified modified date,retain; monitor search and citation performance
baseline,https://robertdevore.com/wordpress-woocommerce-plugins-i-will-no-longer-maintain/,WordPress & WooCommerce plugins I will no longer maintain,WordPress & WooCommerce plugins I will no longer maintain,informational,wordpress & woocommerce plugins i will no longer maintain,WordPress Plugins; WooCommerce Plugins; What’s next?; Related Reading,,What is WordPress & WooCommerce plugins I will no longer maintain?; How does WordPress & WooCommerce plugins I will no longer maintain work?; Who is WordPress & WooCommerce plugins I will no longer maintain for?,,no verified modified date,retain; monitor search and citation performance
baseline,https://robertdevore.com/wp-dispensary-v2/,WP Dispensary v2.0 is being released on 4/20,WP Dispensary v2.0 is being released on 4/20,commercial investigation / product discovery,wp dispensary v2.0 is being released on 4/20,Rebuilt Settings Page; Increased control over how to display data; Easier for add-on's to add their own settings; Organized Edit Screens,Default hidden data boxes; Code Optimization & Speed Increases; Calling for beta testers; Related Reading,What is WP Dispensary v2.0 is being released on 4/20?; How does WP Dispensary v2.0 is being released on 4/20 work?; Who is WP Dispensary v2.0 is being released on 4/20 for?,,no verified modified date,retain; monitor search and citation performance
baseline,https://robertdevore.com/wp-dispensary/,WP Dispensary,WP Dispensary,informational,wp dispensary,Professional dispensary websites.; Introducing WP Dispensary; Installation is a breeze; REST API Integration,Example API usage; Download; Want to contribute to the plugin?; Related Reading,What is WP Dispensary?; How does WP Dispensary work?; Who is WP Dispensary for?,,no verified modified date,retain; monitor search and citation performance
baseline,https://robertdevore.com/wp-townhall-13-the-debate-kevin-geary-doesnt-want-you-to-see/,WP Townhall 13: The Debate Kevin Geary Doesn’t Want You to See,WP Townhall 13: The Debate Kevin Geary Doesn’t Want You to See,informational,wp townhall 13: the debate kevin geary doesn’t want you to see,Why It Matters; Related Reading,,What is WP Townhall 13: The Debate Kevin Geary Doesn’t Want You to See?; How does WP Townhall 13: The Debate Kevin Geary Doesn’t Want You to See work?; Who is WP Townhall 13: The Debate Kevin Geary Doesn’t Want You to See for?,,no verified modified date,retain; monitor search and citation performance
baseline,https://robertdevore.com/wtf-is-wordpress/,WTF is WordPress?,WTF is WordPress?,informational,wtf is wordpress?,"If you don’t know where you’ve come from, you don’t know where you’re going; So, what is WordPress?; Why WP Engine and why now?; What if WP Engine just does as they’re asked?",Who is responsible for WordPress’ growth?; So WTF is WordPress?; Community Vibes; Related Reading,What is WTF is WordPress??; How does WTF is WordPress? work?; Who is WTF is WordPress? for?,,no verified modified date,retain; monitor search and citation performance
baseline,https://robertdevore.com/zero-cool-cli-a-hackers-terminal-from-1995/,Zero Cool CLI – A Hacker’s Terminal from 1995,Zero Cool CLI – A Hacker’s Terminal from 1995,informational,zero cool cli – a hacker’s terminal from 1995,Meet the CLI; Why I Built It; How to Install; Educational Value,What’s Next; Built With Love (and PHP); Try It Out; Related Reading,What is Zero Cool CLI – A Hacker’s Terminal from 1995?; How does Zero Cool CLI – A Hacker’s Terminal from 1995 work?; Who is Zero Cool CLI – A Hacker’s Terminal from 1995 for?,,no verified modified date,retain; monitor search and citation performance
after,https://robertdevore.com/,"Systems, tools, and writing for work that has to hold up.","Systems, tools, and writing for work that has to hold up.",navigational / commercial investigation,"systems, tools, and writing for work that has to hold up.","Language, runtime, and local software workflows; Tools with a visible operating record.; Strata; Snips",RepoRadar; How I build.; Make state visible; Keep work inspectable,"What is Systems, tools, and writing for work that has to hold up.?; How does Systems, tools, and writing for work that has to hold up. work?; Who is Systems, tools, and writing for work that has to hold up. for?",,,retain; monitor search and citation performance
after,https://robertdevore.com/5-python-scripts-for-osint-and-pentesting/,5 Python Scripts for OSINT and Pentesting,5 Python Scripts for OSINT and Pentesting,informational,5 python scripts for osint and pentesting,Learning Python; Combine TXT files; Email Scraper; Password Cracker(s),Regex Scanner; XSS Scanner; What’s next?; Related Reading,What is 5 Python Scripts for OSINT and Pentesting?; How does 5 Python Scripts for OSINT and Pentesting work?; Who is 5 Python Scripts for OSINT and Pentesting for?,,no verified modified date,retain; monitor search and citation performance
after,https://robertdevore.com/5-questions-you-must-answer-before-writing-anything/,5 Questions You Must Answer Before Writing Anything,5 Questions You Must Answer Before Writing Anything,informational,5 questions you must answer before writing anything,The 5 Questions That Sharpen Everything; 1. Who is this for – _really_?; 2. What problem are they actively trying to solve?; 3. What belief needs to be broken?,4. What do you want them to do next?; 5. What’s the sharpest thing you can say?; This Is How You Aim Before You Fire; Bonus: The “Pre-Prompt Primer”,What is 5 Questions You Must Answer Before Writing Anything?; How does 5 Questions You Must Answer Before Writing Anything work?; Who is 5 Questions You Must Answer Before Writing Anything for?,,no verified modified date,retain; monitor search and citation performance
after,https://robertdevore.com/5-things-i-learned-building-my-first-gutenberg-blocks-plugin/,5 Things I’ve learned building my first blocks for Gutenberg,5 Things I’ve learned building my first blocks for Gutenberg,informational,5 things i’ve learned building my first blocks for gutenberg,"Building Blocks with Pillar Press; How to use Node.js and NPM; How to use create-guten-block to build a Blocks plugin; The more I use Gutenberg, the more I like it",Things are changing FAST with Gutenberg's impending release; Final thoughts; Related Reading,What is 5 Things I’ve learned building my first blocks for Gutenberg?; How does 5 Things I’ve learned building my first blocks for Gutenberg work?; Who is 5 Things I’ve learned building my first blocks for Gutenberg for?,,no verified modified date,retain; monitor search and citation performance
after,https://robertdevore.com/7-days-full-time-wp-dispensary/,7 days full time at WP Dispensary,7 days full time at WP Dispensary,informational,7 days full time at wp dispensary,"What's been done; Started working on…; Overall, I'm feeling…; Related Reading",,What is 7 days full time at WP Dispensary?; How does 7 days full time at WP Dispensary work?; Who is 7 days full time at WP Dispensary for?,,no verified modified date,retain; monitor search and citation performance
after,https://robertdevore.com/about/,About,About,informational,about,I build systems that explain themselves; Through-line; Selected surfaces; Field Notes,Projects; Contact,What is About?; How does About work?; Who is About for?,,thin for a substantive destination; no visible breadcrumb,editorial review: clarify purpose and add only evidence-backed useful detail
after,https://robertdevore.com/all-in-one-wp-migration-plugin-ddos-attack/,WordPress plugin with 5M+ active installs can be utilized in DDoS attacks,WordPress plugin with 5M+ active installs can be utilized in DDoS attacks,commercial investigation / product discovery,wordpress plugin with 5m+ active installs can be utilized in ddos attacks,How the exploit works; Recommendation to mitigate this issue; My Recommendations for users; Related Reading,,What is WordPress plugin with 5M+ active installs can be utilized in DDoS attacks?; How does WordPress plugin with 5M+ active installs can be utilized in DDoS attacks work?; Who is WordPress plugin with 5M+ active installs can be utilized in DDoS attacks for?,,no verified modified date,retain; monitor search and citation performance
after,https://robertdevore.com/back-to-basics/,Back to Basics,Back to Basics,informational,back to basics,"Getting back to the basics; So, what am I gonna do about it?; Related Reading",,What is Back to Basics?; How does Back to Basics work?; Who is Back to Basics for?,,no verified modified date,retain; monitor search and citation performance
after,https://robertdevore.com/blog/,Writing,Writing,navigational / topic discovery,writing,Forever Forward; Zero Cool CLI – A Hacker’s Terminal from 1995; Stattic v1.0: The World’s Fastest Python-based Static Site Generator; Complete Beginner’s Guide: Building a Python URL Checker for Google Sheets,Grateful to See 20 of My WordPress Plugins Live On at WebDevStudios; I Just Launched a Python Course for PHP Developers; The Fastest Way for PHP Devs to Learn Python; WordPress & WooCommerce plugins I will no longer maintain,What is Writing?; How does Writing work?; Who is Writing for?,,no visible breadcrumb,retain; monitor search and citation performance
after,https://robertdevore.com/blog/page/10/,Writing,Writing,navigational / topic discovery,writing,? hue.js; Set Featured Images Programmatically in WordPress; WP Dispensary: 2 years after the launch; Dispensary Details for WooCommerce,7 days full time at WP Dispensary; Going all in with WP Dispensary; Enhance the power of your WordPress Custom Post Types; My Brothers Keeper,What is Writing?; How does Writing work?; Who is Writing for?,,,retain; monitor search and citation performance
after,https://robertdevore.com/blog/page/11/,Writing,Writing,navigational / topic discovery,writing,Relentless; Chapters for Authors; Twitter Marketing; Invest in Yourself,CannaBiz; Devio Digital; Health Benefits of Cannabis; Recent project updates,What is Writing?; How does Writing work?; Who is Writing for?,,,retain; monitor search and citation performance
after,https://robertdevore.com/blog/page/12/,Writing,Writing,navigational / topic discovery,writing,Leafly Reviews; Focus; Peddle; MNML,Run a Tor relay; Clean Blog,What is Writing?; How does Writing work?; Who is Writing for?,,,retain; monitor search and citation performance
after,https://robertdevore.com/blog/page/2/,Writing,Writing,navigational / topic discovery,writing,"How I Use TextExpander to Reuse My Best AI Prompts; Introducing: DB Version Control for WordPress; How to build a content engine that scales with you; Tools and Workflows for Formatting, Visuals, and Citations","How to edit AI content so it feels clean, not robotic; How to Build Modular Prompts That Save You Hours Per Week; How to teach AI to match your voice; How to Write Prompts That Get the Tone, Structure, and Intent Right",What is Writing?; How does Writing work?; Who is Writing for?,,,retain; monitor search and citation performance
after,https://robertdevore.com/blog/page/3/,Writing,Writing,navigational / topic discovery,writing,Just Released: Stattic v.0.3.0; What Makes Content Beautifully Useful?; Extreme Programming for Extreme Leaders; Plan. Prompt. Publish. A Practical Guide to Creating Beautifully Useful Content with AI,"Celebrating GAAD with IMG A11Y v1.1.0; WordPress Plugin Security Is a Joke, and You’re the Punchline; Use AI to create your own WWF Action Figure Blister Packs; Say Goodbye to WordPress",What is Writing?; How does Writing work?; Who is Writing for?,,,retain; monitor search and citation performance
after,https://robertdevore.com/blog/page/4/,Writing,Writing,navigational / topic discovery,writing,LEAP: The Code of Extreme Leadership; Introducing Projects for WordPress®: A Better Way to Showcase Your Work; Rethinking Keyword Research in the Age of AI; Introducing Slop Stopper: A free content checker for WordPress®,Introducing Dispensary Details for WooCommerce®; I’m freelancing again; Stop Gambling With Client Trust: Why Skipping a Security Audit Is a Risk You Can’t Afford; Introducing an experimental new plugin: Email Designer for WooCommerce®,What is Writing?; How does Writing work?; Who is Writing for?,,,retain; monitor search and citation performance
after,https://robertdevore.com/blog/page/5/,Writing,Writing,navigational / topic discovery,writing,"How a Security Audit Can Save Your E-Commerce Store from Disaster; IntelliPress: The Smart AF AI Assistant for WordPress®; Hello, Plugin Pal: Your AI Powered Plugin Generator for WordPress®; Introducing Broken Image Scanner",How to Block Website Tracking Data in WooCommerce®; Introducing Block AI Crawlers for WordPress®; Honoring Jesse Petersen with the Revival of “Stealth Login Page”; December 2024: A Retrospective,What is Writing?; How does Writing work?; Who is Writing for?,,,retain; monitor search and citation performance
after,https://robertdevore.com/blog/page/6/,Writing,Writing,navigational / topic discovery,writing,Host Your WordPress Plugins on GitHub and Automate Plugin Packaging; Introducing HPOS Compatibility Scanner for WooCommerce® (free); Introducing Shipping Multiple Addresses for WooCommerce® (free); Introducing IMG A11Y,Introducing Vertical Gallery Product Display for WooCommerce®; Introducing Site Vitals for WordPress®; Introducing Associated Taxonomies for WordPress®; Introducing Maintenance Mode for WordPress®,What is Writing?; How does Writing work?; Who is Writing for?,,,retain; monitor search and citation performance
after,https://robertdevore.com/blog/page/7/,Writing,Writing,navigational / topic discovery,writing,Introducing Table Block Enhancer for WordPress®; Introducing Metadata Import/Export for Yoast SEO; Introducing Bluesky Feed for WordPress®; Introducing Media Copyright Scanner,Introducing Stats for WordPress®; Introducing Bulk Stock Management for WooCommerce® (free); Introducing Barcodes for WooCommerce® (free); Introducing Brands for WooCommerce® (free),What is Writing?; How does Writing work?; Who is Writing for?,,,retain; monitor search and citation performance
after,https://robertdevore.com/blog/page/8/,Writing,Writing,navigational / topic discovery,writing,Introducing Content Restriction for WordPress®; Introducing Widget Usage Tracker for Elementor; Introducing Gift Cards for WooCommerce® (free); Release Notes: Back In Stock Notifications for WooCommerce® (free) v1.0.1,Introducing Back In Stock Notifications for WooCommerce®; Introducing Gallery Modals: Enhance Your WordPress® Galleries with Stunning Popups!; Introducing the User Login Status Plugin for WordPress; WTF is WordPress?,What is Writing?; How does Writing work?; Who is Writing for?,,,retain; monitor search and citation performance
after,https://robertdevore.com/blog/page/9/,Writing,Writing,navigational / topic discovery,writing,5 Python Scripts for OSINT and Pentesting; Introducing IntelliPress: The Smart Ai Assistant for WordPress; Creating my own cipher code; “How hungry are you?”,"The past, present and future of WP Dispensary; How to customize the style of your WordPress login screen; Going all in: One year later; Delivery Drivers for WooCommerce",What is Writing?; How does Writing work?; Who is Writing for?,,,retain; monitor search and citation performance
after,https://robertdevore.com/boostbox-free-popups-that-work-pro-popups-that-convert/,"BoostBox: Free Popups That Work, Pro Popups That Convert","BoostBox: Free Popups That Work, Pro Popups That Convert",informational,"boostbox: free popups that work, pro popups that convert","1. It Works Inside the WordPress® Editor, Like It Fucking Should; 2. Smart Popups, Not Annoying Popups; 3. Design It However the Hell You Want; 4. Fast as Fuck","5. Free Forever (But Pro Takes It to the Next Level); Why Go Pro?; Final Thoughts: Get BoostBox, Then Get Paid; Related Reading","What is BoostBox: Free Popups That Work, Pro Popups That Convert?; How does BoostBox: Free Popups That Work, Pro Popups That Convert work?; Who is BoostBox: Free Popups That Work, Pro Popups That Convert for?",,no verified modified date,retain; monitor search and citation performance
after,https://robertdevore.com/boostbox-wordpress-popup-builder-for-the-core-editor/,Introducing BoostBox: The 1st WordPress popup builder for the core editor,Introducing BoostBox: The 1st WordPress popup builder for the core editor,commercial investigation / product discovery,introducing boostbox: the 1st wordpress popup builder for the core editor,Why build _another popup plugin_ for WordPress?; BoostBox Admin Settings; Popup Display Settings; BoostBox Popup Settings,BoostBox works great with your favorite FSE WordPress theme; Ollie + BoostBox; Powder + BoostBox; Kadence + BoostBox,What is Introducing BoostBox: The 1st WordPress popup builder for the core editor?; How does Introducing BoostBox: The 1st WordPress popup builder for the core editor work?; Who is Introducing BoostBox: The 1st WordPress popup builder for the core editor for?,,no verified modified date,retain; monitor search and citation performance
after,https://robertdevore.com/cannabis-health-benefits/,Health Benefits of Cannabis,Health Benefits of Cannabis,informational,health benefits of cannabis,Medical studies on the effects of cannabis; 1. Anti-cancer effects; 2. Control over epileptic seizures; 3. Post-traumatic stress disorder,4. Prevent Alzheimer's; 5. Multiple benefits for HIV patients; Additional marijuana success stories; Helping dispensaries grow online business,What is Health Benefits of Cannabis?; How does Health Benefits of Cannabis work?; Who is Health Benefits of Cannabis for?,,no verified modified date,retain; monitor search and citation performance
after,https://robertdevore.com/cannabiz/,CannaBiz,CannaBiz,informational,cannabiz,CannaBiz Features; Current Version; The future of WP Dispensary; Related Reading,,What is CannaBiz?; How does CannaBiz work?; Who is CannaBiz for?,,no verified modified date,retain; monitor search and citation performance
after,https://robertdevore.com/category/,Categories,Categories,navigational / topic discovery,categories,Developer Tools; WordPress; AI & Content Systems; Engineering Archive,Field Notes,What is Categories?; How does Categories work?; Who is Categories for?,,no visible breadcrumb,retain; monitor search and citation performance
after,https://robertdevore.com/category/ai-content-systems/,AI & Content Systems,AI & Content Systems,navigational / topic discovery,ai & content systems,Articles,,What is AI & Content Systems?; How does AI & Content Systems work?; Who is AI & Content Systems for?,,no visible breadcrumb,retain; monitor search and citation performance
after,https://robertdevore.com/category/developer-tools/,Developer Tools,Developer Tools,navigational / topic discovery,developer tools,Articles,,What is Developer Tools?; How does Developer Tools work?; Who is Developer Tools for?,,no visible breadcrumb,retain; monitor search and citation performance
after,https://robertdevore.com/category/engineering-archive/,Engineering Archive,Engineering Archive,navigational / topic discovery,engineering archive,Articles,,What is Engineering Archive?; How does Engineering Archive work?; Who is Engineering Archive for?,,no visible breadcrumb,retain; monitor search and citation performance
after,https://robertdevore.com/category/field-notes/,Field Notes,Field Notes,navigational / topic discovery,field notes,Articles,,What is Field Notes?; How does Field Notes work?; Who is Field Notes for?,,no visible breadcrumb,retain; monitor search and citation performance
after,https://robertdevore.com/category/wordpress-archive/,WordPress,WordPress,navigational / topic discovery,wordpress,Articles,,What is WordPress?; How does WordPress work?; Who is WordPress for?,,no visible breadcrumb,retain; monitor search and citation performance
after,https://robertdevore.com/celebrating-gaad-with-img-a11y-v1-1-0/,Celebrating GAAD with IMG A11Y v1.1.0,Celebrating GAAD with IMG A11Y v1.1.0,commercial investigation / product discovery,celebrating gaad with img a11y v1.1.0,"What is GAAD?; IMG A11Y v1.1.0 – Small Changes, Big Impact; 🚫 Removed A11Y Options for Non-Image Media; 🔍 Elementor Support Added",Why This Matters; Why I’m Doing This; How You Can Help; Related Reading,What is Celebrating GAAD with IMG A11Y v1.1.0?; How does Celebrating GAAD with IMG A11Y v1.1.0 work?; Who is Celebrating GAAD with IMG A11Y v1.1.0 for?,,no verified modified date,retain; monitor search and citation performance
after,https://robertdevore.com/chapters-for-authors-wordpress-plugin/,Chapters for Authors,Chapters for Authors,informational,chapters for authors,Installing Chapters for Authors; Creating Chapters; Books; Characters,Introduction Quotes; Thank yous; The road ahead; Related Reading,What is Chapters for Authors?; How does Chapters for Authors work?; Who is Chapters for Authors for?,,no verified modified date,retain; monitor search and citation performance
after,https://robertdevore.com/clean-blog-free-wordpress-theme/,Clean Blog,Clean Blog,informational,clean blog,Demo & Download; Under the hood; Credits & Thank-you's; The road ahead,Related Reading,What is Clean Blog?; How does Clean Blog work?; Who is Clean Blog for?,,no verified modified date,retain; monitor search and citation performance
after,https://robertdevore.com/complete-beginners-guide-building-a-python-url-checker-for-google-sheets/,Complete Beginner’s Guide: Building a Python URL Checker for Google Sheets,Complete Beginner’s Guide: Building a Python URL Checker for Google Sheets,informational / problem-solving,complete beginner’s guide: building a python url checker for google sheets,What We’re Building (In Simple Terms); Before We Start: What You’ll Need; Part 1: The Shopping List (Imports); Part 2: Setting Up Our Configuration (The Settings),Part 3: Connecting to Google Sheets (The Handshake); Part 4: Building Our Memory System (Progress Tracking); Function 1: Remembering Where We Left Off; Function 2: Saving Our Progress,What is Complete Beginner’s Guide: Building a Python URL Checker for Google Sheets?; How does Complete Beginner’s Guide: Building a Python URL Checker for Google Sheets work?; Who is Complete Beginner’s Guide: Building a Python URL Checker for Google Sheets for?,,no verified modified date,retain; monitor search and citation performance
after,https://robertdevore.com/contact/,Contact,Contact,informational,contact,Send the useful context first; Useful subjects,,What is Contact?; How does Contact work?; Who is Contact for?,,thin for a substantive destination; no visible breadcrumb,editorial review: clarify purpose and add only evidence-backed useful detail
after,https://robertdevore.com/creating-my-own-cipher-code/,Creating my own cipher code,Creating my own cipher code,informational,creating my own cipher code,Example Use Case:; Taking it further; Embedded in an image?; Related Reading,,What is Creating my own cipher code?; How does Creating my own cipher code work?; Who is Creating my own cipher code for?,,no verified modified date,retain; monitor search and citation performance
after,https://robertdevore.com/customer-loyalty-for-woocommerce-v2/,Just Released: Customer Loyalty for WooCommerce® v2.0.0!,Just Released: Customer Loyalty for WooCommerce® v2.0.0!,commercial investigation / product discovery,just released: customer loyalty for woocommerce® v2.0.0!,What’s New in Version 2.0.0; How to Use Customer Loyalty for WooCommerce; What to Expect in 2025; Related Reading,,What is Just Released: Customer Loyalty for WooCommerce® v2.0.0!?; How does Just Released: Customer Loyalty for WooCommerce® v2.0.0! work?; Who is Just Released: Customer Loyalty for WooCommerce® v2.0.0! for?,,no verified modified date,retain; monitor search and citation performance
after,https://robertdevore.com/db-version-control-wordpress-plugin/,Introducing: DB Version Control for WordPress,Introducing: DB Version Control for WordPress,commercial investigation / product discovery,introducing: db version control for wordpress,The Problem We All Face; A Git-Native Approach to WordPress Content; Here’s How It Works; Real-World Impact: A Success Story,Key Features That Set It Apart; 🎯 Intelligent Content Export; ⚡ Enterprise-Grade Performance; 🔐 Security First,What is Introducing: DB Version Control for WordPress?; How does Introducing: DB Version Control for WordPress work?; Who is Introducing: DB Version Control for WordPress for?,,no verified modified date,retain; monitor search and citation performance
after,https://robertdevore.com/december-2024-a-retrospective/,December 2024: A Retrospective,December 2024: A Retrospective,informational,december 2024: a retrospective,"But first, was it a “December to Remember”?; New Plugins; Plugin Updates; Fun Projects","Scripts & Things; Features; Chaos; So, what now?",What is December 2024: A Retrospective?; How does December 2024: A Retrospective work?; Who is December 2024: A Retrospective for?,,no verified modified date,retain; monitor search and citation performance
after,https://robertdevore.com/delivery-drivers-for-woocommerce/,Delivery Drivers for WooCommerce,Delivery Drivers for WooCommerce,informational,delivery drivers for woocommerce,Delivery Businesses & WooCommerce; How the plugin works; Delivery Drivers WooCommerce Settings; Assigning a driver to each order,Drivers Capabilities; Views from the Driver dashboard; Order status management by your drivers; Order Status management,What is Delivery Drivers for WooCommerce?; How does Delivery Drivers for WooCommerce work?; Who is Delivery Drivers for WooCommerce for?,,no verified modified date,retain; monitor search and citation performance
after,https://robertdevore.com/devio-digital/,Devio Digital,Devio Digital,informational,devio digital,#opensource saved my life; Why WordPress?; Where Devio Digital comes into play; What can I do for you?,Related Reading,What is Devio Digital?; How does Devio Digital work?; Who is Devio Digital for?,,no verified modified date,retain; monitor search and citation performance
after,https://robertdevore.com/dispensary-wordpress-plugins-2017/,Top Dispensary WordPress Plugins,Top Dispensary WordPress Plugins,informational,top dispensary wordpress plugins,WordPress SEO Plugins; Yoast SEO; WordPress Backup Plugins; UpdraftPlus,WordPress Security Plugins; Wordfence; WordPress Dispensary Plugins; WP Dispensary,What is Top Dispensary WordPress Plugins?; How does Top Dispensary WordPress Plugins work?; Who is Top Dispensary WordPress Plugins for?,,no verified modified date,retain; monitor search and citation performance
after,https://robertdevore.com/do-less-deliver-more/,"Do Less, Deliver More","Do Less, Deliver More",informational,"do less, deliver more",Focus; Cut More; Ship Less; Drop the Vanity,Own the Outcome; What’s Next?; Related Reading,"What is Do Less, Deliver More?; How does Do Less, Deliver More work?; Who is Do Less, Deliver More for?",,no verified modified date,retain; monitor search and citation performance
after,https://robertdevore.com/docupress-documentation-plugin-for-wordpress/,DocuPress: documentation simplified.,DocuPress: documentation simplified.,informational,docupress: documentation simplified.,Why build a documentation plugin?; What does DocuPress actually do?; In the pipeline; DocuPress Demo,Where can I download DocuPress?; Related Reading,What is DocuPress: documentation simplified.?; How does DocuPress: documentation simplified. work?; Who is DocuPress: documentation simplified. for?,,no verified modified date,retain; monitor search and citation performance
after,https://robertdevore.com/dont-shoot-the-messenger-choose-courage-over-convenience/,Don’t Shoot the Messenger: Choose Courage Over Convenience,Don’t Shoot the Messenger: Choose Courage Over Convenience,informational,don’t shoot the messenger: choose courage over convenience,Why Tone Policing is a Red Flag; Kevin Michael Geary; Early Career; Mid-Career Moves,Recent Actions; The Dust-Up; Why This Matters Beyond Kevin; We Need Clarity Over Comfort,What is Don’t Shoot the Messenger: Choose Courage Over Convenience?; How does Don’t Shoot the Messenger: Choose Courage Over Convenience work?; Who is Don’t Shoot the Messenger: Choose Courage Over Convenience for?,,no verified modified date,retain; monitor search and citation performance
after,https://robertdevore.com/extreme-programming-for-extreme-leaders/,Extreme Programming for Extreme Leaders,Extreme Programming for Extreme Leaders,informational,extreme programming for extreme leaders,"How disciplined developers ship faster, adapt smarter, and lead with code; What is Extreme Programming?; Why Extreme Leaders Should Care; Core XP Principles That Map to Leadership",XP Practices to Integrate Into Your Workflow; When to Make It Your Own; I’ll leave you with this…; Related Reading,What is Extreme Programming for Extreme Leaders?; How does Extreme Programming for Extreme Leaders work?; Who is Extreme Programming for Extreme Leaders for?,,no verified modified date,retain; monitor search and citation performance
after,https://robertdevore.com/focus/,Focus,Focus,informational,focus,Finding Success; Becoming an expert; Related Reading,,What is Focus?; How does Focus work?; Who is Focus for?,,no verified modified date,retain; monitor search and citation performance
after,https://robertdevore.com/forever-forward/,Forever Forward,Forever Forward,informational,forever forward,What I brought back; After the software factory; The Jidoka Files; Extreme leadership made functional,Building something that can outlive me; Coming back different; Related Reading,What is Forever Forward?; How does Forever Forward work?; Who is Forever Forward for?,,no verified modified date,retain; monitor search and citation performance
after,https://robertdevore.com/going-all-in-one-year-later/,Going all in: One year later,Going all in: One year later,informational,going all in: one year later,I've learned a lot in the last year; When life gets in the way; I've been freelancing again; Do I feel like a failure?,Adjusting to the changes; It's time for multiple streams of income; My Next Steps; Freelance WordPress Development,What is Going all in: One year later?; How does Going all in: One year later work?; Who is Going all in: One year later for?,,no verified modified date,retain; monitor search and citation performance
after,https://robertdevore.com/going-all-in-with-wp-dispensary/,Going all in with WP Dispensary,Going all in with WP Dispensary,informational,going all in with wp dispensary,Taking the plunge; Will it work?; Follow along; Related Reading,,What is Going all in with WP Dispensary?; How does Going all in with WP Dispensary work?; Who is Going all in with WP Dispensary for?,,no verified modified date,retain; monitor search and citation performance
after,https://robertdevore.com/goodbye-wordpress-a-eulogy/,Goodbye WordPress: A Eulogy,Goodbye WordPress: A Eulogy,informational,goodbye wordpress: a eulogy,Let me be blunt; All’s fair in love and war; Here’s where I’m at now; What’s next?,Related Reading,What is Goodbye WordPress: A Eulogy?; How does Goodbye WordPress: A Eulogy work?; Who is Goodbye WordPress: A Eulogy for?,,no verified modified date,retain; monitor search and citation performance
after,https://robertdevore.com/grateful-to-see-21-of-my-wordpress-plugins-live-on-at-webdevstudios/,Grateful to See 20 of My WordPress Plugins Live On at WebDevStudios,Grateful to See 20 of My WordPress Plugins Live On at WebDevStudios,informational,grateful to see 20 of my wordpress plugins live on at webdevstudios,Here are the plugins WebDevStudios now maintains:; Related Reading,,What is Grateful to See 20 of My WordPress Plugins Live On at WebDevStudios?; How does Grateful to See 20 of My WordPress Plugins Live On at WebDevStudios work?; Who is Grateful to See 20 of My WordPress Plugins Live On at WebDevStudios for?,,no verified modified date,retain; monitor search and citation performance
after,https://robertdevore.com/hello-2017/,Hello 2017,Hello 2017,informational,hello 2017,Related Reading,,What is Hello 2017?; How does Hello 2017 work?; Who is Hello 2017 for?,,thin for a substantive destination; no verified modified date,editorial review: clarify purpose and add only evidence-backed useful detail
after,https://robertdevore.com/hello-plugin-pal-your-ai-powered-plugin-generator-for-wordpress/,"Hello, Plugin Pal: Your AI Powered Plugin Generator for WordPress®","Hello, Plugin Pal: Your AI Powered Plugin Generator for WordPress®",commercial investigation / product discovery,"hello, plugin pal: your ai powered plugin generator for wordpress®","The Problem: Why WordPress® plugin development benefits from AI; The Solution: Plugin Pal and the power of AI; The Secret Sauce: Why Plugin Pal Works; It’s Built for Developers, by a Developer",It’s More Than Just Code Generation; It’s Low Barrier to Entry; The Bigger Picture: What Plugin Pal Represents; The Road Ahead,"What is Hello, Plugin Pal: Your AI Powered Plugin Generator for WordPress®?; How does Hello, Plugin Pal: Your AI Powered Plugin Generator for WordPress® work?; Who is Hello, Plugin Pal: Your AI Powered Plugin Generator for WordPress® for?",,no verified modified date,retain; monitor search and citation performance
after,https://robertdevore.com/honoring-jesse-petersen-with-the-revival-of-stealth-login-page/,Honoring Jesse Petersen with the Revival of “Stealth Login Page”,Honoring Jesse Petersen with the Revival of “Stealth Login Page”,informational,honoring jesse petersen with the revival of “stealth login page”,What Is Stealth Login Page?; Key Features; Why This Matters; A Personal Tribute to Jesse Petersen,How to Get the Plugin; Looking Ahead; Related Reading,What is Honoring Jesse Petersen with the Revival of “Stealth Login Page”?; How does Honoring Jesse Petersen with the Revival of “Stealth Login Page” work?; Who is Honoring Jesse Petersen with the Revival of “Stealth Login Page” for?,,no verified modified date,retain; monitor search and citation performance
after,https://robertdevore.com/host-your-wordpress-plugins-on-github-and-automate-plugin-packaging/,Host Your WordPress Plugins on GitHub and Automate Plugin Packaging,Host Your WordPress Plugins on GitHub and Automate Plugin Packaging,commercial investigation / product discovery,host your wordpress plugins on github and automate plugin packaging,Step 1: Host Your Plugin on GitHub; 1.1. Create a New Repository; 1.2. Push Your Plugin Code to GitHub; 1.3. Create a GitHub Release for Easy Downloads,Step 2: Automate Plugin Packaging with a Bash Script; 2.1. Create the Bash Script; 2.2. Add an Alias for Convenience; 2.3. Use the Script,What is Host Your WordPress Plugins on GitHub and Automate Plugin Packaging?; How does Host Your WordPress Plugins on GitHub and Automate Plugin Packaging work?; Who is Host Your WordPress Plugins on GitHub and Automate Plugin Packaging for?,,no verified modified date,retain; monitor search and citation performance
after,https://robertdevore.com/how-a-security-audit-can-save-your-e-commerce-store-from-disaster/,How a Security Audit Can Save Your E-Commerce Store from Disaster,How a Security Audit Can Save Your E-Commerce Store from Disaster,informational / problem-solving,how a security audit can save your e-commerce store from disaster,"1. You Are a Target, Even If You Think You Aren’t; 2. One Breach Can Wreck Your Reputation (Forever); 3. Chargebacks, Fines, and Lawsuits – Oh My!; 4. Hackers Can Hijack Your Site (Without You Even Knowing)",5. A Security Audit Costs Less Than a Breach; 6. Google Will Punish You for Being Insecure; 7. A Security Audit Finds the Holes Before Hackers Do; Stop Gambling With Your Business. Get a Security Audit.,What is How a Security Audit Can Save Your E-Commerce Store from Disaster?; How does How a Security Audit Can Save Your E-Commerce Store from Disaster work?; Who is How a Security Audit Can Save Your E-Commerce Store from Disaster for?,,no verified modified date,retain; monitor search and citation performance
after,https://robertdevore.com/how-hungry-are-you/,“How hungry are you?”,“How hungry are you?”,informational / problem-solving,“how hungry are you?”,"Thriving under pressure; So am I hitting pause, or not?; Time to eat; Related Reading",,What is “How hungry are you?”?; How does “How hungry are you?” work?; Who is “How hungry are you?” for?,,no verified modified date,retain; monitor search and citation performance
after,https://robertdevore.com/how-i-use-textexpander-to-reuse-my-best-ai-prompts/,How I Use TextExpander to Reuse My Best AI Prompts,How I Use TextExpander to Reuse My Best AI Prompts,informational / problem-solving,how i use textexpander to reuse my best ai prompts,Why I Keep My Prompts Outside the AI; The 4 Real Prompts I Reuse Most; 1. ;rdimg – Cyberpunk Image Prompt Profile; 2. ;chatscript – WordPress Plugin Standards Prompt,3 ;bookreview – Strategic Book Breakdown; 4. ;articleseo – AI SEO Generation Prompt; Good Prompts Are Tools. Great Ones Are a System.; Want to build your own stack?,What is How I Use TextExpander to Reuse My Best AI Prompts?; How does How I Use TextExpander to Reuse My Best AI Prompts work?; Who is How I Use TextExpander to Reuse My Best AI Prompts for?,,no verified modified date,retain; monitor search and citation performance
after,https://robertdevore.com/how-to-block-website-tracking-data-in-woocommerce/,How to Block Website Tracking Data in WooCommerce®,How to Block Website Tracking Data in WooCommerce®,informational / problem-solving,how to block website tracking data in woocommerce®,Why Does This Plugin Matter?; How It Works; Blocks Outbound Requests; Logs Blocked Requests,Minimal and Efficient; How to Use It?; Debugging Example; Release Features (v1.0.0),What is How to Block Website Tracking Data in WooCommerce®?; How does How to Block Website Tracking Data in WooCommerce® work?; Who is How to Block Website Tracking Data in WooCommerce® for?,,no verified modified date,retain; monitor search and citation performance
after,https://robertdevore.com/how-to-build-a-content-engine-that-scales-with-you/,How to build a content engine that scales with you,How to build a content engine that scales with you,informational / problem-solving,how to build a content engine that scales with you,Why You Burn Out Without a Content System; Step 1: Define Your Content Flywheel; 1. Start With a Core Format; 2. Spin It Into Derivatives,"3. Feed the Next Cycle; Step 2: Build a Content Calendar You Can Actually Stick To; 1. Start With Your Capacity; 2. Plan Around Energy, Not Just Time",What is How to build a content engine that scales with you?; How does How to build a content engine that scales with you work?; Who is How to build a content engine that scales with you for?,,no verified modified date,retain; monitor search and citation performance
after,https://robertdevore.com/how-to-build-modular-prompts-that-save-you-hours-per-week/,How to Build Modular Prompts That Save You Hours Per Week,How to Build Modular Prompts That Save You Hours Per Week,informational / problem-solving,how to build modular prompts that save you hours per week,Why Modular Prompts Matter; What Modular Prompts Actually Are; The 5 Modules That Belong in Every Writer’s Kit; 1. Tone Module,2. Structure Module; 3. Intent Module; 4. Voice Module; 5. Format Module,What is How to Build Modular Prompts That Save You Hours Per Week?; How does How to Build Modular Prompts That Save You Hours Per Week work?; Who is How to Build Modular Prompts That Save You Hours Per Week for?,,no verified modified date,retain; monitor search and citation performance
after,https://robertdevore.com/how-to-customize-the-style-of-your-wordpress-login-screen/,How to customize the style of your WordPress login screen,How to customize the style of your WordPress login screen,informational / problem-solving,how to customize the style of your wordpress login screen,Using the new filter added in WP v5.2; Adding your logo with a custom filter; Extending the code to work with the customizer; Adding a logo image from the customizer,Adding text & button link styles from the customizer; Changing the login screen background color; See the code in action; Related Reading,What is How to customize the style of your WordPress login screen?; How does How to customize the style of your WordPress login screen work?; Who is How to customize the style of your WordPress login screen for?,,no verified modified date,retain; monitor search and citation performance
after,https://robertdevore.com/how-to-edit-ai-content-so-it-feels-clean-not-robotic/,"How to edit AI content so it feels clean, not robotic","How to edit AI content so it feels clean, not robotic",informational / problem-solving,"how to edit ai content so it feels clean, not robotic",Why AI Content Often Sounds Robotic; The 5-Part Editing Pass That Brings AI Content to Life; 1. Cut the Fat; 2. Break the Pattern,3. Add Specificity; 4. Sharpen the Voice; 5. Trim the Ending; Bonus: Use a Real-Time Editing Layer,"What is How to edit AI content so it feels clean, not robotic?; How does How to edit AI content so it feels clean, not robotic work?; Who is How to edit AI content so it feels clean, not robotic for?",,no verified modified date,retain; monitor search and citation performance
after,https://robertdevore.com/how-to-stop-your-plugins-themes-from-being-used-on-wordpress-com-hosting/,How to Stop Your Plugins & Themes from Being Used on WordPress.com Hosting,How to Stop Your Plugins & Themes from Being Used on WordPress.com Hosting,informational / problem-solving,how to stop your plugins & themes from being used on wordpress.com hosting,The Code; How the Code Works; Centralized Helper Class; Automatic Deactivation,User Feedback; Improved Code Structure; How to Use the Class; Why Use This Code?,What is How to Stop Your Plugins & Themes from Being Used on WordPress.com Hosting?; How does How to Stop Your Plugins & Themes from Being Used on WordPress.com Hosting work?; Who is How to Stop Your Plugins & Themes from Being Used on WordPress.com Hosting for?,,no verified modified date,retain; monitor search and citation performance
after,https://robertdevore.com/how-to-teach-ai-to-match-your-voice/,How to teach AI to match your voice,How to teach AI to match your voice,informational / problem-solving,how to teach ai to match your voice,Why AI Struggles With Voice; How to Make AI Write Like _You_; 1. Give It Real Voice Samples (Not Just Vibes); 2. Ask It to Describe Your Voice – Then Edit the Description,3. Create a “Sound Like Me” Prompt Wrapper; 4. Run a Voice Check – Every Time; 5. Fine-Tune With Contrast; Building Your Voice Layer,What is How to teach AI to match your voice?; How does How to teach AI to match your voice work?; Who is How to teach AI to match your voice for?,,no verified modified date,retain; monitor search and citation performance
after,https://robertdevore.com/how-to-use-ai-to-research-validate-ideas-and-stay-relevant/,"How to Use AI to Research, Validate Ideas, and Stay Relevant","How to Use AI to Research, Validate Ideas, and Stay Relevant",informational / problem-solving,"how to use ai to research, validate ideas, and stay relevant","Why Research _Matters_ Before You Write; 1. Use AI to Eavesdrop, Not Echo; 2. Validate the Angle Before You Commit; 3. Surface What’s Missing in the Conversation",4. Zoom Out Before You Zoom In; 5. Get Out of Your Own Feed; The Research-to-Relevance Flow; Bonus: 3 Prompts to Sharpen Your Idea,"What is How to Use AI to Research, Validate Ideas, and Stay Relevant?; How does How to Use AI to Research, Validate Ideas, and Stay Relevant work?; Who is How to Use AI to Research, Validate Ideas, and Stay Relevant for?",,no verified modified date,retain; monitor search and citation performance
after,https://robertdevore.com/how-to-write-prompts-that-get-the-tone-structure-and-intent-right/,"How to Write Prompts That Get the Tone, Structure, and Intent Right","How to Write Prompts That Get the Tone, Structure, and Intent Right",informational / problem-solving,"how to write prompts that get the tone, structure, and intent right",Why This Matters; Why Most Prompts Fall Flat; What’s Missing?; The 3 Elements Every Prompt Needs,1. Tone: _How should this feel?_; 2. Structure: _What shape should this take?_; 3. Intent: _What’s the takeaway?_; Example Breakdown,"What is How to Write Prompts That Get the Tone, Structure, and Intent Right?; How does How to Write Prompts That Get the Tone, Structure, and Intent Right work?; Who is How to Write Prompts That Get the Tone, Structure, and Intent Right for?",,no verified modified date,retain; monitor search and citation performance
after,https://robertdevore.com/hue-js/,? hue.js,? hue.js,informational,? hue.js,I forked a color picker for WordPress; Why a color picker for WordPress?; Sticking a fork in the Iris ?; Contributing to open source,? hue.js download; Adding hue.js to your project; Bug reports & Pull requests; Related Reading,What is ? hue.js?; How does ? hue.js work?; Who is ? hue.js for?,,no verified modified date,retain; monitor search and citation performance
after,https://robertdevore.com/i-built-a-python-stego-cipher-tool-and-you-can-have-it/,I Built a Python Stego-Cipher Tool (And You Can Have It),I Built a Python Stego-Cipher Tool (And You Can Have It),commercial investigation / product discovery,i built a python stego-cipher tool (and you can have it),The Cipher Got Smarter; 1. Encrypts Messages with Quote-Based Scrambling; 2. Decrypts Messages Cleanly; 3. Hides Encrypted Messages in Images,4. Command-Line Interface Included; 🧠 How It Works (Quick Version); Grab the Python Code; 🔎 Demo Mode Included,What is I Built a Python Stego-Cipher Tool (And You Can Have It)?; How does I Built a Python Stego-Cipher Tool (And You Can Have It) work?; Who is I Built a Python Stego-Cipher Tool (And You Can Have It) for?,,no verified modified date,retain; monitor search and citation performance
after,https://robertdevore.com/i-just-launched-a-python-course-for-php-developers/,I Just Launched a Python Course for PHP Developers,I Just Launched a Python Course for PHP Developers,commercial investigation / product discovery,i just launched a python course for php developers,The WordPress Ecosystem is Broken (And Getting Worse); Most PHP Devs Don’t Hate Python – They’re Just Stuck in Familiarity; This Isn’t “Python 101” – It’s a Translation Layer; Why I Built This (Hint: I Got Tired of Watching Good Devs Suffer),"The Real Benefits of Making the Switch; Who This Course Is Actually For; What You’ll Actually Learn (15 Lessons, No Fluff); Ready to Write Code You’re Actually Proud Of?",What is I Just Launched a Python Course for PHP Developers?; How does I Just Launched a Python Course for PHP Developers work?; Who is I Just Launched a Python Course for PHP Developers for?,,no verified modified date,retain; monitor search and citation performance
after,https://robertdevore.com/im-freelancing-again/,I’m freelancing again,I’m freelancing again,informational,i’m freelancing again,What I Offer; 🔧 Custom Development; 🔐 Security Audits; ⚡ Performance Optimization,🚀 MVP Website Builds; 🛠 Retainer Support; 🤘 Have Something Else in Mind?; Related Reading,What is I’m freelancing again?; How does I’m freelancing again work?; Who is I’m freelancing again for?,,no verified modified date,retain; monitor search and citation performance
after,https://robertdevore.com/improve-cls-scores-by-dynamically-setting-image-width-and-height/,Improve CLS scores by dynamically setting image width and height,Improve CLS scores by dynamically setting image width and height,informational / problem-solving,improve cls scores by dynamically setting image width and height,"What’s CLS, Anyway?; The issue with your images; Get media ID by image URL; Get width and height by image ID",Get the explicit width and height for HTML output; Bringing it all together; What do you think?; Related Reading,What is Improve CLS scores by dynamically setting image width and height?; How does Improve CLS scores by dynamically setting image width and height work?; Who is Improve CLS scores by dynamically setting image width and height for?,,no verified modified date,retain; monitor search and citation performance
after,https://robertdevore.com/intellipress-the-smart-af-ai-assistant-for-wordpress/,IntelliPress: The Smart AF AI Assistant for WordPress®,IntelliPress: The Smart AF AI Assistant for WordPress®,informational,intellipress: the smart af ai assistant for wordpress®,What the Hell is IntelliPress? 🤔; What Can It Do?; How It Works (AKA: How It Saves Your Ass); 1. Write Content Without the Pain,2. SEO Without the Guesswork; 3. AI-Generated Images That Don’t Suck; 4. Turn Words into Audio; Why You Need This Plugin,What is IntelliPress: The Smart AF AI Assistant for WordPress®?; How does IntelliPress: The Smart AF AI Assistant for WordPress® work?; Who is IntelliPress: The Smart AF AI Assistant for WordPress® for?,,no verified modified date,retain; monitor search and citation performance
after,https://robertdevore.com/introducing-an-experimental-new-plugin-email-designer-for-woocommerce/,Introducing an experimental new plugin: Email Designer for WooCommerce®,Introducing an experimental new plugin: Email Designer for WooCommerce®,commercial investigation / product discovery,introducing an experimental new plugin: email designer for woocommerce®,What is Email Designer for WooCommerce?; Key Features in Version 0.1:; Current Shortcomings (A Work in Progress); 1. Lack of Blocks for Order Details,2. Custom CSS Challenges; 3. WooCommerce’s Lack of Gutenberg Adoption; Why I’m Building This; Let’s Talk,What is Introducing an experimental new plugin: Email Designer for WooCommerce®?; How does Introducing an experimental new plugin: Email Designer for WooCommerce® work?; Who is Introducing an experimental new plugin: Email Designer for WooCommerce® for?,,no verified modified date,retain; monitor search and citation performance
after,https://robertdevore.com/introducing-associated-taxonomies-for-wordpress/,Introducing Associated Taxonomies for WordPress®,Introducing Associated Taxonomies for WordPress®,commercial investigation / product discovery,introducing associated taxonomies for wordpress®,Why I Built Associated Taxonomies; Key Features; How It Works; Associating Terms,Displaying Associated Terms; Displaying Posts by Related Terms; Get Started; A Note to the Community,What is Introducing Associated Taxonomies for WordPress®?; How does Introducing Associated Taxonomies for WordPress® work?; Who is Introducing Associated Taxonomies for WordPress® for?,,no verified modified date,retain; monitor search and citation performance
after,https://robertdevore.com/introducing-automattic-css-an-open-source-css-utility-framework/,Introducing automattic.css – An open source CSS Utility Framework,Introducing automattic.css – An open source CSS Utility Framework,commercial investigation / product discovery,introducing automattic.css – an open source css utility framework,"Why I Built It; Plus, a bit of backstory; What’s in v0.1.0; What’s Missing (and Coming)",Proving It Works: The Demo Template; Why Launch Now?; Roadmap; Get Started,What is Introducing automattic.css – An open source CSS Utility Framework?; How does Introducing automattic.css – An open source CSS Utility Framework work?; Who is Introducing automattic.css – An open source CSS Utility Framework for?,,no verified modified date,retain; monitor search and citation performance
after,https://robertdevore.com/introducing-back-in-stock-notifications-for-woocommerce/,Introducing Back In Stock Notifications for WooCommerce®,Introducing Back In Stock Notifications for WooCommerce®,commercial investigation / product discovery,introducing back in stock notifications for woocommerce®,Why Back In Stock Notifications?; Key Features; Automated Notifications; Real-Time Demand Analytics,Customizable Email Templates; Automatic Updates with Plugin Update Checker; Who Should Use Back In Stock Notifications?; Getting Started with Back In Stock Notifications,What is Introducing Back In Stock Notifications for WooCommerce®?; How does Introducing Back In Stock Notifications for WooCommerce® work?; Who is Introducing Back In Stock Notifications for WooCommerce® for?,,no verified modified date,retain; monitor search and citation performance
after,https://robertdevore.com/introducing-barcodes-for-woocommerce-free/,Introducing Barcodes for WooCommerce® (free),Introducing Barcodes for WooCommerce® (free),commercial investigation / product discovery,introducing barcodes for woocommerce® (free),🚀 Key Features of v0.0.1; 1. Order QR Codes; 2. Product QR Codes; 3. Customizable QR Codes,4. Batch Barcode Generation; 🛠️ How to Get Started; 🔮 What’s Next?; 1. More Barcode Types,What is Introducing Barcodes for WooCommerce® (free)?; How does Introducing Barcodes for WooCommerce® (free) work?; Who is Introducing Barcodes for WooCommerce® (free) for?,,no verified modified date,retain; monitor search and citation performance
after,https://robertdevore.com/introducing-benchpress/,Introducing BenchPress: Performance Benchmarks for WordPress®,Introducing BenchPress: Performance Benchmarks for WordPress®,commercial investigation / product discovery,introducing benchpress: performance benchmarks for wordpress®,🎉 What is BenchPress?; 🔥 Features at a Glance; 🔧 How to Use BenchPress; 🎛 Adding Custom Benchmarks,📊 Why Use BenchPress?; 🚀 Ready to Dive In?; Related Reading,What is Introducing BenchPress: Performance Benchmarks for WordPress®?; How does Introducing BenchPress: Performance Benchmarks for WordPress® work?; Who is Introducing BenchPress: Performance Benchmarks for WordPress® for?,,no verified modified date,retain; monitor search and citation performance
after,https://robertdevore.com/introducing-block-ai-crawlers-for-wordpress/,Introducing Block AI Crawlers for WordPress®,Introducing Block AI Crawlers for WordPress®,informational / problem-solving,introducing block ai crawlers for wordpress®,Why Block AI Crawlers?; How It Works; A Simple Yet Powerful Feature; Features at a Glance,How to Get Started; Join the Conversation; Empowering the WordPress Community; Related Reading,What is Introducing Block AI Crawlers for WordPress®?; How does Introducing Block AI Crawlers for WordPress® work?; Who is Introducing Block AI Crawlers for WordPress® for?,,no verified modified date,retain; monitor search and citation performance
after,https://robertdevore.com/introducing-bluesky-feed-for-wordpress/,Introducing Bluesky Feed for WordPress®,Introducing Bluesky Feed for WordPress®,commercial investigation / product discovery,introducing bluesky feed for wordpress®,What Is Bluesky Feed for WordPress®?; Features; Widgets & Shortcodes; Customizable Display Options,Live Admin Preview; Responsive Design; How to Get Started; Step 1: Install the Plugin,What is Introducing Bluesky Feed for WordPress®?; How does Introducing Bluesky Feed for WordPress® work?; Who is Introducing Bluesky Feed for WordPress® for?,,no verified modified date,retain; monitor search and citation performance
after,https://robertdevore.com/introducing-brands-for-woocommerce-free/,Introducing Brands for WooCommerce® (free),Introducing Brands for WooCommerce® (free),commercial investigation / product discovery,introducing brands for woocommerce® (free),What’s Included in v1.0.0 🚀; Full Brand Management; Three Powerful Shortcodes; Custom Widgets,Seamless WooCommerce® Integration; REST API Support; Developer-Friendly; Why Free?,What is Introducing Brands for WooCommerce® (free)?; How does Introducing Brands for WooCommerce® (free) work?; Who is Introducing Brands for WooCommerce® (free) for?,,no verified modified date,retain; monitor search and citation performance
after,https://robertdevore.com/introducing-broken-image-scanner/,Introducing Broken Image Scanner,Introducing Broken Image Scanner,commercial investigation / product discovery,introducing broken image scanner,What Does the Plugin Do?; Why Is This Useful?; How to Use the Plugin; What’s Under the Hood?,Who Should Use This Plugin?; Why I Built This Plugin; Related Reading,What is Introducing Broken Image Scanner?; How does Introducing Broken Image Scanner work?; Who is Introducing Broken Image Scanner for?,,no verified modified date,retain; monitor search and citation performance
after,https://robertdevore.com/introducing-bulk-stock-management-for-woocommerce-free/,Introducing Bulk Stock Management for WooCommerce® (free),Introducing Bulk Stock Management for WooCommerce® (free),commercial investigation / product discovery,introducing bulk stock management for woocommerce® (free),Why I Built This Plugin; Key Features; ⚡ Bulk Stock Management; 📊 Stock Reporting,🛠️ AJAX-Powered Interface; 🔍 Out-of-Stock Insights; 🎛️ Customizable Settings; How to Get Started,What is Introducing Bulk Stock Management for WooCommerce® (free)?; How does Introducing Bulk Stock Management for WooCommerce® (free) work?; Who is Introducing Bulk Stock Management for WooCommerce® (free) for?,,no verified modified date,retain; monitor search and citation performance
after,https://robertdevore.com/introducing-content-restriction-for-wordpress/,Introducing Content Restriction for WordPress®,Introducing Content Restriction for WordPress®,commercial investigation / product discovery,introducing content restriction for wordpress®,Key Features; How to Use Content Restriction for WordPress®; 1. Setting Up Global Restrictions; 2. Applying Individual Restrictions,Filters and Developer Customization; Installation and Getting Started; FAQs; Future plans,What is Introducing Content Restriction for WordPress®?; How does Introducing Content Restriction for WordPress® work?; Who is Introducing Content Restriction for WordPress® for?,,no verified modified date,retain; monitor search and citation performance
after,https://robertdevore.com/introducing-delete-inactive-users/,Introducing Delete Inactive Users,Introducing Delete Inactive Users,commercial investigation / product discovery,introducing delete inactive users,Why I Built This Plugin; What Does Delete Inactive Users Do?; Key Features at a Glance; How It Works,Who Is This Plugin For?; Get Started Today; Feedback and Contributions; Related Reading,What is Introducing Delete Inactive Users?; How does Introducing Delete Inactive Users work?; Who is Introducing Delete Inactive Users for?,,no verified modified date,retain; monitor search and citation performance
after,https://robertdevore.com/introducing-digg-this-a-social-sharing-plugin-for-wordpress/,Introducing Digg This: A social sharing plugin for WordPress®,Introducing Digg This: A social sharing plugin for WordPress®,commercial investigation / product discovery,introducing digg this: a social sharing plugin for wordpress®,What Makes Digg This Different?; Why I Built This; Features That Matter; Who Should Use It?,Get It Now; Related Reading,What is Introducing Digg This: A social sharing plugin for WordPress®?; How does Introducing Digg This: A social sharing plugin for WordPress® work?; Who is Introducing Digg This: A social sharing plugin for WordPress® for?,,no verified modified date,retain; monitor search and citation performance
after,https://robertdevore.com/introducing-dispensary-details-for-woocommerce/,Introducing Dispensary Details for WooCommerce®,Introducing Dispensary Details for WooCommerce®,commercial investigation / product discovery,introducing dispensary details for woocommerce®,Why Dispensary Details for WooCommerce® Matters; Product-Specific Enhancements; Custom WooCommerce Settings; Why Open Source Matters for the Cannabis Industry,Download It for Free; Related Reading,What is Introducing Dispensary Details for WooCommerce®?; How does Introducing Dispensary Details for WooCommerce® work?; Who is Introducing Dispensary Details for WooCommerce® for?,,no verified modified date,retain; monitor search and citation performance
after,https://robertdevore.com/introducing-gallery-modals-enhance-your-wordpress-galleries-with-stunning-popups/,Introducing Gallery Modals: Enhance Your WordPress® Galleries with Stunning Popups!,Introducing Gallery Modals: Enhance Your WordPress® Galleries with Stunning Popups!,commercial investigation / product discovery,introducing gallery modals: enhance your wordpress® galleries with stunning popups!,Elevate Your Gallery Experience; Key Features:; Why Gallery Modals?; Get Started Quickly,Customization at Your Fingertips; Looking Ahead; Related Reading,What is Introducing Gallery Modals: Enhance Your WordPress® Galleries with Stunning Popups!?; How does Introducing Gallery Modals: Enhance Your WordPress® Galleries with Stunning Popups! work?; Who is Introducing Gallery Modals: Enhance Your WordPress® Galleries with Stunning Popups! for?,,no verified modified date,retain; monitor search and citation performance
after,https://robertdevore.com/introducing-gift-cards-for-woocommerce-free/,Introducing Gift Cards for WooCommerce® (free),Introducing Gift Cards for WooCommerce® (free),commercial investigation / product discovery,introducing gift cards for woocommerce® (free),Key Features; 1. Admin Management Dashboard; 2. Bulk Import and Export; 3. Product Integration,4. Customer Experience Enhancements; 5. Automated Email Notifications; Installation; 1. Download the Plugin,What is Introducing Gift Cards for WooCommerce® (free)?; How does Introducing Gift Cards for WooCommerce® (free) work?; Who is Introducing Gift Cards for WooCommerce® (free) for?,,no verified modified date,retain; monitor search and citation performance
after,https://robertdevore.com/introducing-hpos-compatibility-scanner-for-woocommerce-free/,Introducing HPOS Compatibility Scanner for WooCommerce® (free),Introducing HPOS Compatibility Scanner for WooCommerce® (free),commercial investigation / product discovery,introducing hpos compatibility scanner for woocommerce® (free),Why This Plugin?; What Does HPOS Compatibility Scanner Do?; Why Should WooCommerce® Have Built This?; How to Use HPOS Compatibility Scanner,What’s Next?; Get Involved; Related Reading,What is Introducing HPOS Compatibility Scanner for WooCommerce® (free)?; How does Introducing HPOS Compatibility Scanner for WooCommerce® (free) work?; Who is Introducing HPOS Compatibility Scanner for WooCommerce® (free) for?,,no verified modified date,retain; monitor search and citation performance
after,https://robertdevore.com/introducing-img-a11y/,Introducing IMG A11Y,Introducing IMG A11Y,commercial investigation / product discovery,introducing img a11y,Key Features; Why I Built IMG A11Y; How to Get Started; What’s Next for IMG A11Y,Try IMG A11Y Today; Related Reading,What is Introducing IMG A11Y?; How does Introducing IMG A11Y work?; Who is Introducing IMG A11Y for?,,no verified modified date,retain; monitor search and citation performance
after,https://robertdevore.com/introducing-intellipress-the-smart-ai-assistant-for-wordpress/,Introducing IntelliPress: The Smart Ai Assistant for WordPress,Introducing IntelliPress: The Smart Ai Assistant for WordPress,commercial investigation / product discovery,introducing intellipress: the smart ai assistant for wordpress,WordPress + AI = 😍; The Idea: aka “I wonder if” …; The next two weeks were a blur; What’s under the hood?,Generate content seamlessly in Gutenberg; Optimize SEO with Yoast; Analyze Your Content and Generate Categories; Generate featured images instantly with Pexels integration,What is Introducing IntelliPress: The Smart Ai Assistant for WordPress?; How does Introducing IntelliPress: The Smart Ai Assistant for WordPress work?; Who is Introducing IntelliPress: The Smart Ai Assistant for WordPress for?,,no verified modified date,retain; monitor search and citation performance
after,https://robertdevore.com/introducing-maintenance-mode-for-wordpress/,Introducing Maintenance Mode for WordPress®,Introducing Maintenance Mode for WordPress®,commercial investigation / product discovery,introducing maintenance mode for wordpress®,"Why Maintenance Mode for WordPress® Stands Out; 1. Native WordPress® Experience; 2. No Bloat, Just Focus; 3. Total Control",How It Works; Customization for Developers; Maintenance Mode Example; Why I Built This Plugin,What is Introducing Maintenance Mode for WordPress®?; How does Introducing Maintenance Mode for WordPress® work?; Who is Introducing Maintenance Mode for WordPress® for?,,no verified modified date,retain; monitor search and citation performance
after,https://robertdevore.com/introducing-markdown-comments-for-wordpress/,Introducing: Markdown Comments for WordPress®,Introducing: Markdown Comments for WordPress®,commercial investigation / product discovery,introducing: markdown comments for wordpress®,Meet the Plugin; Why I Built It; How to Install; What’s Next,Related Reading,What is Introducing: Markdown Comments for WordPress®?; How does Introducing: Markdown Comments for WordPress® work?; Who is Introducing: Markdown Comments for WordPress® for?,,no verified modified date,retain; monitor search and citation performance
after,https://robertdevore.com/introducing-markdown-exporter-for-wordpress/,Introducing Markdown Exporter for WordPress®,Introducing Markdown Exporter for WordPress®,commercial investigation / product discovery,introducing markdown exporter for wordpress®,Why _Another_ Plugin?; Introducing Markdown Exporter for WordPress®; Key Features:; Seamless Integration with Stattic,Why Use Markdown with Stattic?; Getting Started; Installation; Usage,What is Introducing Markdown Exporter for WordPress®?; How does Introducing Markdown Exporter for WordPress® work?; Who is Introducing Markdown Exporter for WordPress® for?,,no verified modified date,retain; monitor search and citation performance
after,https://robertdevore.com/introducing-media-copyright-scanner/,Introducing Media Copyright Scanner,Introducing Media Copyright Scanner,commercial investigation / product discovery,introducing media copyright scanner,Comprehensive Scanning; User-Friendly Interface; Actionable Results; Customizable and Extensible,Why This Plugin Matters; Mitigate Legal Risks; Support Ethical Practices; Save Time and Resources,What is Introducing Media Copyright Scanner?; How does Introducing Media Copyright Scanner work?; Who is Introducing Media Copyright Scanner for?,,no verified modified date,retain; monitor search and citation performance
after,https://robertdevore.com/introducing-media-file-versioning-for-wordpress/,Introducing Media File Versioning for WordPress®,Introducing Media File Versioning for WordPress®,commercial investigation / product discovery,introducing media file versioning for wordpress®,What is Media File Versioning?; Why I Built This Plugin; Key Features; 1. Version Control for Media Files,2. Admin-Friendly Meta Box; 3. Shortcode for Front-End Display; 4. Seamless Integration; How It Works,What is Introducing Media File Versioning for WordPress®?; How does Introducing Media File Versioning for WordPress® work?; Who is Introducing Media File Versioning for WordPress® for?,,no verified modified date,retain; monitor search and citation performance
after,https://robertdevore.com/introducing-metadata-import-export-for-yoast-seo/,Introducing Metadata Import/Export for Yoast SEO,Introducing Metadata Import/Export for Yoast SEO,commercial investigation / product discovery,introducing metadata import/export for yoast seo,The Inspiration Behind the Plugin; Key Features; Seamless Import and Export of Metadata; Custom Post Type Support,User Role Access Control; Progress Indicators and Detailed Statistics; Why This Plugin Matters for SEOs; Efficiency and Time Savings,What is Introducing Metadata Import/Export for Yoast SEO?; How does Introducing Metadata Import/Export for Yoast SEO work?; Who is Introducing Metadata Import/Export for Yoast SEO for?,,no verified modified date,retain; monitor search and citation performance
after,https://robertdevore.com/introducing-module-usage-tracker-for-wp-bakery/,Introducing the Module Usage Tracker for WP Bakery,Introducing the Module Usage Tracker for WP Bakery,commercial investigation / product discovery,introducing the module usage tracker for wp bakery,Why Use Module Usage Tracker for WP Bakery?; Key Features; How It Works; Who Will Benefit from This Plugin?,Get Started Today; Related Reading,What is Introducing the Module Usage Tracker for WP Bakery?; How does Introducing the Module Usage Tracker for WP Bakery work?; Who is Introducing the Module Usage Tracker for WP Bakery for?,,no verified modified date,retain; monitor search and citation performance
after,https://robertdevore.com/introducing-pattern-pal-ai-powered-patterns-for-wordpress/,Introducing Pattern Pal: AI-Powered Patterns for WordPress®,Introducing Pattern Pal: AI-Powered Patterns for WordPress®,commercial investigation / product discovery,introducing pattern pal: ai-powered patterns for wordpress®,What is Pattern Pal?; Why Use Pattern Pal?; Features; How to Use Pattern Pal,Step 1: Install the Plugin; Step 2: Generate a Block Pattern; Step 3: Customize and Publish; Who Is This For?,What is Introducing Pattern Pal: AI-Powered Patterns for WordPress®?; How does Introducing Pattern Pal: AI-Powered Patterns for WordPress® work?; Who is Introducing Pattern Pal: AI-Powered Patterns for WordPress® for?,,no verified modified date,retain; monitor search and citation performance
after,https://robertdevore.com/introducing-persistent-dismissible-notices/,Introducing Persistent Dismissible Notices,Introducing Persistent Dismissible Notices,commercial investigation / product discovery,introducing persistent dismissible notices,Why Persistent Dismissible Notices Matters; Key Features; Dismissal Persistence; Compatibility,Scalability and Performance; How to Use the Plugin; Installation; How It Works,What is Introducing Persistent Dismissible Notices?; How does Introducing Persistent Dismissible Notices work?; Who is Introducing Persistent Dismissible Notices for?,,no verified modified date,retain; monitor search and citation performance
after,https://robertdevore.com/introducing-projects-for-wordpress-a-better-way-to-showcase-your-work/,Introducing Projects for WordPress®: A Better Way to Showcase Your Work,Introducing Projects for WordPress®: A Better Way to Showcase Your Work,commercial investigation / product discovery,introducing projects for wordpress®: a better way to showcase your work,What Is Projects for WordPress®?; What Developers Get Out of This; Independence; Download Tracking,GitHub-Powered Updates; Full Customization; REST API Ready; Why This Matters,What is Introducing Projects for WordPress®: A Better Way to Showcase Your Work?; How does Introducing Projects for WordPress®: A Better Way to Showcase Your Work work?; Who is Introducing Projects for WordPress®: A Better Way to Showcase Your Work for?,,no verified modified date,retain; monitor search and citation performance
after,https://robertdevore.com/introducing-purchase-orders-for-woocommerce-free/,Introducing Purchase Orders for WooCommerce® (free),Introducing Purchase Orders for WooCommerce® (free),commercial investigation / product discovery,introducing purchase orders for woocommerce® (free),Key Features; How to Get Starte d; Why Use This Instead of WooCommerce’s Version?; What’s Next?,Final Thoughts; Related Reading,What is Introducing Purchase Orders for WooCommerce® (free)?; How does Introducing Purchase Orders for WooCommerce® (free) work?; Who is Introducing Purchase Orders for WooCommerce® (free) for?,,no verified modified date,retain; monitor search and citation performance
after,https://robertdevore.com/introducing-seo-for-wordpress/,Introducing SEO for WordPress®,Introducing SEO for WordPress®,commercial investigation / product discovery,introducing seo for wordpress®,Why Another SEO Plugin?; What You Can Do with SEO for WordPress; General Settings; Advanced Settings,SEO Metabox; Archive Meta Fields; Getting Started; What’s Coming Next?,What is Introducing SEO for WordPress®?; How does Introducing SEO for WordPress® work?; Who is Introducing SEO for WordPress® for?,,no verified modified date,retain; monitor search and citation performance
after,https://robertdevore.com/introducing-shipping-multiple-addresses-for-woocommerce-free/,Introducing Shipping Multiple Addresses for WooCommerce® (free),Introducing Shipping Multiple Addresses for WooCommerce® (free),commercial investigation / product discovery,introducing shipping multiple addresses for woocommerce® (free),Why This Plugin Matters; Key Features; 1. Address Management; 2. Cart Duplication,3. Custom Delivery Options; 4. Automatic Order Splitting; 5. Email Notifications; 6. Admin-Friendly Tools,What is Introducing Shipping Multiple Addresses for WooCommerce® (free)?; How does Introducing Shipping Multiple Addresses for WooCommerce® (free) work?; Who is Introducing Shipping Multiple Addresses for WooCommerce® (free) for?,,no verified modified date,retain; monitor search and citation performance
after,https://robertdevore.com/introducing-site-vitals-for-wordpress/,Introducing Site Vitals for WordPress®,Introducing Site Vitals for WordPress®,commercial investigation / product discovery,introducing site vitals for wordpress®,Why I Created Site Vitals for WordPress®; Key Features; Comprehensive Checks; Asynchronous Loading and Caching,Actionable Recommendations; Filters for Developers; Getting Started; Future Plans,What is Introducing Site Vitals for WordPress®?; How does Introducing Site Vitals for WordPress® work?; Who is Introducing Site Vitals for WordPress® for?,,no verified modified date,retain; monitor search and citation performance
after,https://robertdevore.com/introducing-slop-stopper-a-free-content-checker-for-wordpress/,Introducing Slop Stopper: A free content checker for WordPress®,Introducing Slop Stopper: A free content checker for WordPress®,commercial investigation / product discovery,introducing slop stopper: a free content checker for wordpress®,The AI Content Apocalypse is Here; Meet Slop Stopper: The AI Slop Bouncer for Your Blog; Why You Need This Plugin Yesterday; Download Slop Stopper Now,Related Reading,What is Introducing Slop Stopper: A free content checker for WordPress®?; How does Introducing Slop Stopper: A free content checker for WordPress® work?; Who is Introducing Slop Stopper: A free content checker for WordPress® for?,,no verified modified date,retain; monitor search and citation performance
after,https://robertdevore.com/introducing-stats-for-wordpress/,Introducing Stats for WordPress®,Introducing Stats for WordPress®,commercial investigation / product discovery,introducing stats for wordpress®,Why I Built Stats for WordPress®; What Stats for WordPress® Can Do; How to Get Started; Looking Ahead: Future Plans for Stats for WordPress®,Why Choose Stats for WordPress®?; Get Involved; Related Reading,What is Introducing Stats for WordPress®?; How does Introducing Stats for WordPress® work?; Who is Introducing Stats for WordPress® for?,,no verified modified date,retain; monitor search and citation performance
after,https://robertdevore.com/introducing-table-block-enhancer-for-wordpress/,Introducing Table Block Enhancer for WordPress®,Introducing Table Block Enhancer for WordPress®,informational / problem-solving,introducing table block enhancer for wordpress®,Why I Built Table Block Enhancer; Key Features; 🔍 Searching; 🔃 Sorting,📄 Paging; 🎛️ Per-Block Settings; How to Use Table Block Enhancer; 1. Installation,What is Introducing Table Block Enhancer for WordPress®?; How does Introducing Table Block Enhancer for WordPress® work?; Who is Introducing Table Block Enhancer for WordPress® for?,,no verified modified date,retain; monitor search and citation performance
after,https://robertdevore.com/introducing-test-orders-for-woocommerce/,Introducing Test Orders for WooCommerce®,Introducing Test Orders for WooCommerce®,commercial investigation / product discovery,introducing test orders for woocommerce®,Key Features; Why Use Test Orders for WooCommerce®?; How to Use; Behind the Scenes,Who Is This For?; Get Started Today; Feedback and Support; Related Reading,What is Introducing Test Orders for WooCommerce®?; How does Introducing Test Orders for WooCommerce® work?; Who is Introducing Test Orders for WooCommerce® for?,,no verified modified date,retain; monitor search and citation performance
after,https://robertdevore.com/introducing-the-phlush-permalinks-wordpress-plugin/,Introducing the Phlush Permalinks WordPress Plugin,Introducing the Phlush Permalinks WordPress Plugin,commercial investigation / product discovery,introducing the phlush permalinks wordpress plugin,Why Permalinks Matter:; Key Features of Phlush Permalinks:; How It Works; Getting Started,Looking to extend the plugin and add your own actions?; Example 1: Adding Custom Actions; Example 2: Removing Actions; Related Reading,What is Introducing the Phlush Permalinks WordPress Plugin?; How does Introducing the Phlush Permalinks WordPress Plugin work?; Who is Introducing the Phlush Permalinks WordPress Plugin for?,,no verified modified date,retain; monitor search and citation performance
after,https://robertdevore.com/introducing-the-prompts-library-a-playground-for-ai-creativity/,Introducing the Prompts Library – A Playground for AI Creativity,Introducing the Prompts Library – A Playground for AI Creativity,commercial investigation / product discovery,introducing the prompts library – a playground for ai creativity,What’s Inside (So Far); Who’s It For?; Got an Idea? I’m Taking Requests.; Related Reading,,What is Introducing the Prompts Library – A Playground for AI Creativity?; How does Introducing the Prompts Library – A Playground for AI Creativity work?; Who is Introducing the Prompts Library – A Playground for AI Creativity for?,,no verified modified date,retain; monitor search and citation performance
after,https://robertdevore.com/introducing-the-user-login-status-plugin-for-wordpress/,Introducing the User Login Status Plugin for WordPress,Introducing the User Login Status Plugin for WordPress,commercial investigation / product discovery,introducing the user login status plugin for wordpress,Key Features; 1. Monitor User Status Directly in the Admin Panel; 2. Bulk Logout Functionality; 3. Real-Time AJAX Polling,4. Optimized for Admins; Installation and Usage; 1. Download and Install the Plugin; 2. How to Monitor User Status,What is Introducing the User Login Status Plugin for WordPress?; How does Introducing the User Login Status Plugin for WordPress work?; Who is Introducing the User Login Status Plugin for WordPress for?,,no verified modified date,retain; monitor search and citation performance
after,https://robertdevore.com/introducing-vertical-gallery-product-display-for-woocommerce/,Introducing Vertical Gallery Product Display for WooCommerce®,Introducing Vertical Gallery Product Display for WooCommerce®,commercial investigation / product discovery,introducing vertical gallery product display for woocommerce®,Why Build This Plugin?; How to Use Vertical Gallery Product Display; Behind the Scenes: Building a Plugin Like This; Why Free Matters,Get it on GitHub; Related Reading,What is Introducing Vertical Gallery Product Display for WooCommerce®?; How does Introducing Vertical Gallery Product Display for WooCommerce® work?; Who is Introducing Vertical Gallery Product Display for WooCommerce® for?,,no verified modified date,retain; monitor search and citation performance
after,https://robertdevore.com/introducing-widget-usage-tracker-for-elementor/,Introducing Widget Usage Tracker for Elementor,Introducing Widget Usage Tracker for Elementor,commercial investigation / product discovery,introducing widget usage tracker for elementor,What is Widget Usage Tracker for Elementor?; Key Features; 1. Comprehensive Tracking; 2. Detailed Insights,3. User-Friendly Interface; 4. Automatic Updates; 5. Localization Ready; 6. Optimized Performance,What is Introducing Widget Usage Tracker for Elementor?; How does Introducing Widget Usage Tracker for Elementor work?; Who is Introducing Widget Usage Tracker for Elementor for?,,no verified modified date,retain; monitor search and citation performance
after,https://robertdevore.com/invest-in-yourself/,Invest in Yourself,Invest in Yourself,informational,invest in yourself,Cash Investments; Business necessities; Business extras; Sweat Equity,Hard work pays off; Focus on the plan; One last piece of advice; Related Reading,What is Invest in Yourself?; How does Invest in Yourself work?; Who is Invest in Yourself for?,,no verified modified date,retain; monitor search and citation performance
after,https://robertdevore.com/kevin-michael-geary-a-hidden-history-of-hate-racism-and-bigotry/,"Kevin Michael Geary: A Hidden History of Hate, Racism, and Bigotry","Kevin Michael Geary: A Hidden History of Hate, Racism, and Bigotry",informational,"kevin michael geary: a hidden history of hate, racism, and bigotry",Introduction: Who is Kevin Michael Geary?; Part 1: Kevin Geary’s Early Digital Footprint; Hispanic Hate Speech by Kevin Geary; Kevin Michael Geary Mocking People with Disabilities,Racist Commentary and Stereotyping by Kevin Geary; Misogynistic Attacks by Kevin Geary; Attacking Children and Families; Kevin Geary on Race and Music,"What is Kevin Michael Geary: A Hidden History of Hate, Racism, and Bigotry?; How does Kevin Michael Geary: A Hidden History of Hate, Racism, and Bigotry work?; Who is Kevin Michael Geary: A Hidden History of Hate, Racism, and Bigotry for?",,no verified modified date,retain; monitor search and citation performance
after,https://robertdevore.com/leafly-reviews-wordpress-plugin/,Leafly Reviews,Leafly Reviews,informational,leafly reviews,Leafly Reviews WordPress plugin; Download; Adding your APP ID and KEY; Widget Options,Shortcode Options; Credits & Thank-you's; Download; The road ahead,What is Leafly Reviews?; How does Leafly Reviews work?; Who is Leafly Reviews for?,,no verified modified date,retain; monitor search and citation performance
after,https://robertdevore.com/leap-the-code-of-extreme-leadership/,LEAP: The Code of Extreme Leadership,LEAP: The Code of Extreme Leadership,informational,leap: the code of extreme leadership,What is LEAP?; Liberate; Execute; Agitate,Persist; Take the LEAP with me; Related Reading,What is LEAP: The Code of Extreme Leadership?; How does LEAP: The Code of Extreme Leadership work?; Who is LEAP: The Code of Extreme Leadership for?,,no verified modified date,retain; monitor search and citation performance
after,https://robertdevore.com/making-up-for-lost-time/,Making up for lost time,Making up for lost time,informational,making up for lost time,Learning to let go; Forgiving your past; Moving forward; The road ahead,Related Reading,What is Making up for lost time?; How does Making up for lost time work?; Who is Making up for lost time for?,,no verified modified date,retain; monitor search and citation performance
after,https://robertdevore.com/mnml-free-minimalist-wordpress-theme/,MNML,MNML,informational,mnml,Demo & Download; Under the hood; Credits & Thank-you's; The road ahead,Related Reading,What is MNML?; How does MNML work?; Who is MNML for?,,no verified modified date,retain; monitor search and citation performance
after,https://robertdevore.com/my-brothers-keeper-sons-of-anarchy-fanfiction/,My Brothers Keeper,My Brothers Keeper,informational,my brothers keeper,Why Sons of Anarchy?; Chapters for Authors; My Brothers Keeper; What's next?,Related Reading,What is My Brothers Keeper?; How does My Brothers Keeper work?; Who is My Brothers Keeper for?,,no verified modified date,retain; monitor search and citation performance
after,https://robertdevore.com/my-development-projects/,Recent project updates,Recent project updates,informational,recent project updates,WP Dispensary; Clean Blog; miniQuiz; Slackedd,Leafly Reviews; What development projects are next?; Keep in touch; Related Reading,What is Recent project updates?; How does Recent project updates work?; Who is Recent project updates for?,,no verified modified date,retain; monitor search and citation performance
after,https://robertdevore.com/open-source-is-anarchism-in-action/,Open Source is Anarchism in Action,Open Source is Anarchism in Action,informational,open source is anarchism in action,And it’s working.; Shared Foundations; 1. Voluntary Cooperation; 2. Decentralized Power,3. Transparent Accountability; 4. Ownership Without Control; Open Source Was Always Political; Why the Open Source Model Embodies Anarchist Practice,What is Open Source is Anarchism in Action?; How does Open Source is Anarchism in Action work?; Who is Open Source is Anarchism in Action for?,,no verified modified date,retain; monitor search and citation performance
after,https://robertdevore.com/organized-chaos/,Organized Chaos,Organized Chaos,informational,organized chaos,Related Reading,,What is Organized Chaos?; How does Organized Chaos work?; Who is Organized Chaos for?,,no verified modified date,retain; monitor search and citation performance
after,https://robertdevore.com/patience/,Patience,Patience,informational,patience,Expecting the unexpected; Finding success in patience; Related Reading,,What is Patience?; How does Patience work?; Who is Patience for?,,no verified modified date,retain; monitor search and citation performance
after,https://robertdevore.com/peddle-free-wordpress-theme-for-easy-digital-downloads/,Peddle,Peddle,informational,peddle,Demo & Download; Under the hood; Credits & Thank-you's; The road ahead,Related Reading,What is Peddle?; How does Peddle work?; Who is Peddle for?,,no verified modified date,retain; monitor search and citation performance
after,https://robertdevore.com/plan-prompt-publish-a-practical-guide-to-creating-beautifully-useful-content-with-ai/,Plan. Prompt. Publish. A Practical Guide to Creating Beautifully Useful Content with AI,Plan. Prompt. Publish. A Practical Guide to Creating Beautifully Useful Content with AI,informational / problem-solving,plan. prompt. publish. a practical guide to creating beautifully useful content with ai,Why This Guide Exists; What You’ll Learn (And When); PLAN (Days 1-3); PROMPT (Days 4-6),PUBLISH (Days 7-9); Who This Guide Is For; What You’ll Walk Away With; Want the Bundle? 🤔,What is Plan. Prompt. Publish. A Practical Guide to Creating Beautifully Useful Content with AI?; How does Plan. Prompt. Publish. A Practical Guide to Creating Beautifully Useful Content with AI work?; Who is Plan. Prompt. Publish. A Practical Guide to Creating Beautifully Useful Content with AI for?,,no verified modified date,retain; monitor search and citation performance
after,https://robertdevore.com/projects/,Projects,Projects,navigational / commercial investigation,projects,Kujo; Kujo Ecosystem; Active Systems; Strata,Snips; RepoRadar; More Built Tools,What is Projects?; How does Projects work?; Who is Projects for?,,no visible breadcrumb,retain; monitor search and citation performance
after,https://robertdevore.com/projects/agents-sdk/,Kujo Agents SDK,Kujo Agents SDK,commercial investigation / adoption,kujo agents sdk,Why Agents SDK exists; What it provides; Run the offline proof; Current boundary,,What is Kujo Agents SDK?; How does Kujo Agents SDK work?; Who is Kujo Agents SDK for?,,thin for a substantive destination; no verified modified date,editorial review: clarify purpose and add only evidence-backed useful detail
after,https://robertdevore.com/projects/dispatch/,Dispatch,Dispatch,commercial investigation / adoption,dispatch,Why Dispatch exists; What it provides; Run a fixture workflow; Current boundary,,What is Dispatch?; How does Dispatch work?; Who is Dispatch for?,,thin for a substantive destination; no verified modified date,editorial review: clarify purpose and add only evidence-backed useful detail
after,https://robertdevore.com/projects/kujo/,Kujo,Kujo,commercial investigation / adoption,kujo,Why Kujo exists; What it provides; Start from source; Current boundary,,What is Kujo?; How does Kujo work?; Who is Kujo for?,,thin for a substantive destination; no verified modified date,editorial review: clarify purpose and add only evidence-backed useful detail
after,https://robertdevore.com/projects/lens/,Lens,Lens,commercial investigation / adoption,lens,Why Lens exists; What it provides; Check a local page; Current boundary,,What is Lens?; How does Lens work?; Who is Lens for?,,thin for a substantive destination; no verified modified date,editorial review: clarify purpose and add only evidence-backed useful detail
after,https://robertdevore.com/projects/sitekit/,SiteKit,SiteKit,commercial investigation / adoption,sitekit,Why SiteKit exists; What it provides; Verify the source model; Current boundary,,What is SiteKit?; How does SiteKit work?; Who is SiteKit for?,,thin for a substantive destination; no verified modified date,editorial review: clarify purpose and add only evidence-backed useful detail
after,https://robertdevore.com/projects/ssg/,Kujo SSG,Kujo SSG,commercial investigation / adoption,kujo ssg,Why Kujo SSG exists; What it provides; Build a site; Current boundary,,What is Kujo SSG?; How does Kujo SSG work?; Who is Kujo SSG for?,,thin for a substantive destination; no verified modified date,editorial review: clarify purpose and add only evidence-backed useful detail
after,https://robertdevore.com/release-notes-back-in-stock-notifications-for-woocommerce-free-v1-0-1/,Release Notes: Back In Stock Notifications for WooCommerce® (free) v1.0.1,Release Notes: Back In Stock Notifications for WooCommerce® (free) v1.0.1,commercial investigation / product discovery,release notes: back in stock notifications for woocommerce® (free) v1.0.1,Key Updates in v1.0.1; 1. Optimized Notification Handling in bisn_notify_waitlist_on_restock; 2. Improved CSV Export with Batching in bisn_export_csv; How These Updates Benefit You,Upgrade Instructions; Related Reading,What is Release Notes: Back In Stock Notifications for WooCommerce® (free) v1.0.1?; How does Release Notes: Back In Stock Notifications for WooCommerce® (free) v1.0.1 work?; Who is Release Notes: Back In Stock Notifications for WooCommerce® (free) v1.0.1 for?,,no verified modified date,retain; monitor search and citation performance
after,https://robertdevore.com/relentless/,Relentless,Relentless,informational,relentless,Daily work; Weekly goals; Monthly maintenance; Physical Fitness,Key takeaway; Related Reading,What is Relentless?; How does Relentless work?; Who is Relentless for?,,no verified modified date,retain; monitor search and citation performance
after,https://robertdevore.com/rethinking-keyword-research-in-the-age-of-ai/,Rethinking Keyword Research in the Age of AI,Rethinking Keyword Research in the Age of AI,informational,rethinking keyword research in the age of ai,"Keywords Aren’t Strategy – They’re Clues; The Short Report? All Surface, No Soul; The Long Report? Messy, but Valuable; Real Strategy Is Messy (and That’s Okay)","Insight > Keywords Every Time; Strategy Isn’t Optional – It’s The Only Game; If You’re Just Chasing Keywords, You’re Already Behind; Related Reading",What is Rethinking Keyword Research in the Age of AI?; How does Rethinking Keyword Research in the Age of AI work?; Who is Rethinking Keyword Research in the Age of AI for?,,no verified modified date,retain; monitor search and citation performance
after,https://robertdevore.com/reusable-flask-error-handling-a-step-by-step-guide-to-modular-http-error-responses/,Reusable Flask Error Handling: A Step-by-Step Guide to Modular HTTP Error Responses,Reusable Flask Error Handling: A Step-by-Step Guide to Modular HTTP Error Responses,informational / problem-solving,reusable flask error handling: a step-by-step guide to modular http error responses,Step 1: Set Up the errors.py Module; Code for errors.py; Step 2: Integrate the errors.py Module; Code for app.py,Step 3: Create Error Templates; HTML Template for 404.html; Other Templates; Step 4: Testing the Error Handlers,What is Reusable Flask Error Handling: A Step-by-Step Guide to Modular HTTP Error Responses?; How does Reusable Flask Error Handling: A Step-by-Step Guide to Modular HTTP Error Responses work?; Who is Reusable Flask Error Handling: A Step-by-Step Guide to Modular HTTP Error Responses for?,,no verified modified date,retain; monitor search and citation performance
after,https://robertdevore.com/run-a-tor-relay/,Run a Tor relay,Run a Tor relay,informational,run a tor relay,What is a Tor relay?; Getting started with Digital Ocean; Creating your Droplet; Setting up your Tor relay,My thoughts on the process; Thank You's; Related Reading,What is Run a Tor relay?; How does Run a Tor relay work?; Who is Run a Tor relay for?,,no verified modified date,retain; monitor search and citation performance
after,https://robertdevore.com/say-goodbye-to-wordpress/,Say Goodbye to WordPress,Say Goodbye to WordPress,informational,say goodbye to wordpress,🧠 Who Should Migrate?; ⚙️ WordPress vs. Stattic: A Breakdown; 🧭 Why I’m Doing This (and Why Now); ⚠️ Why You Can’t Afford to Wait,✅ What You Get; 🎯 Ready to Move?; Control is the Real Luxury; Related Reading,What is Say Goodbye to WordPress?; How does Say Goodbye to WordPress work?; Who is Say Goodbye to WordPress for?,,no verified modified date,retain; monitor search and citation performance
after,https://robertdevore.com/set-featured-images-programatically-wordpress/,Set Featured Images Programmatically in WordPress,Set Featured Images Programmatically in WordPress,informational,set featured images programmatically in wordpress,Why set featured images programmatically?; The Code; Download the plugin from Github; Related Reading,,What is Set Featured Images Programmatically in WordPress?; How does Set Featured Images Programmatically in WordPress work?; Who is Set Featured Images Programmatically in WordPress for?,,no verified modified date,retain; monitor search and citation performance
after,https://robertdevore.com/slackedd/,Slackedd,Slackedd,informational,slackedd,Slackedd WordPress plugin; Automatic Updates from Github; Installation; Screenshots,Thank you's; Download; Contribute; Related Reading,What is Slackedd?; How does Slackedd work?; Who is Slackedd for?,,no verified modified date,retain; monitor search and citation performance
after,https://robertdevore.com/stattic-v0-3-0-release-llms-txt-faster-gifs-leaner-core-and-smarter-routing/,Just Released: Stattic v.0.3.0,Just Released: Stattic v.0.3.0,informational,just released: stattic v.0.3.0,📦 llms.txt Generator; 🧹 9 Methods Deleted; ⚡ GIF Optimization (Without the Lag); 📑 Sort by Front Matter order,🏠 Smarter Index + Blog Routing; 🔗 Misc Fixes & Cleanup; v0.3.0 TL;DR; Related Reading,What is Just Released: Stattic v.0.3.0?; How does Just Released: Stattic v.0.3.0 work?; Who is Just Released: Stattic v.0.3.0 for?,,no verified modified date,retain; monitor search and citation performance
after,https://robertdevore.com/stattic-v1-0-the-worlds-fastest-python-based-static-site-generator/,Stattic v1.0: The World’s Fastest Python-based Static Site Generator,Stattic v1.0: The World’s Fastest Python-based Static Site Generator,commercial investigation / product discovery,stattic v1.0: the world’s fastest python-based static site generator,What’s New in Stattic v1.0.0; 🔧 Core Overhaul; 🔐 Security Upgrades; ⚡ Speed & Performance,🎨 UX & Templates; ⚙️ Config & CLI; 🧹 Code Cleanup; Breaking Changes (Read This),What is Stattic v1.0: The World’s Fastest Python-based Static Site Generator?; How does Stattic v1.0: The World’s Fastest Python-based Static Site Generator work?; Who is Stattic v1.0: The World’s Fastest Python-based Static Site Generator for?,,no verified modified date,retain; monitor search and citation performance
after,https://robertdevore.com/stop-gambling-with-client-trust-why-skipping-a-security-audit-is-a-risk-you-cant-afford/,Stop Gambling With Client Trust: Why Skipping a Security Audit Is a Risk You Can’t Afford,Stop Gambling With Client Trust: Why Skipping a Security Audit Is a Risk You Can’t Afford,informational,stop gambling with client trust: why skipping a security audit is a risk you can’t afford,Your Clients Will Blame YOU for Security Failures; A Single Breach Can Kill Your Reputation; You’re Holding Sensitive Client Data (Whether You Realize It or Not); Your Third-Party Tools Could Be the Weak Link,"If Your Agency Gets Hacked, It’s Game Over; A Security Audit Costs Less Than Cleaning Up a Breach; Clients Pay More for Agencies That Actually Give a Shit About Security; A Security Audit Gives You a Clear, Actionable Plan",What is Stop Gambling With Client Trust: Why Skipping a Security Audit Is a Risk You Can’t Afford?; How does Stop Gambling With Client Trust: Why Skipping a Security Audit Is a Risk You Can’t Afford work?; Who is Stop Gambling With Client Trust: Why Skipping a Security Audit Is a Risk You Can’t Afford for?,,no verified modified date,retain; monitor search and citation performance
after,https://robertdevore.com/tag/,Tags,Tags,navigational / topic discovery,tags,Engineering; WordPress; WooCommerce; AI,Archive; Essays,What is Tags?; How does Tags work?; Who is Tags for?,,no visible breadcrumb,retain; monitor search and citation performance
after,https://robertdevore.com/tag/ai/,AI,AI,navigational / topic discovery,ai,Articles,,What is AI?; How does AI work?; Who is AI for?,,no visible breadcrumb,retain; monitor search and citation performance
after,https://robertdevore.com/tag/archive/,Archive,Archive,navigational / topic discovery,archive,Articles,,What is Archive?; How does Archive work?; Who is Archive for?,,no visible breadcrumb,retain; monitor search and citation performance
after,https://robertdevore.com/tag/engineering/,Engineering,Engineering,navigational / topic discovery,engineering,Articles,,What is Engineering?; How does Engineering work?; Who is Engineering for?,,no visible breadcrumb,retain; monitor search and citation performance
after,https://robertdevore.com/tag/essays/,Essays,Essays,navigational / topic discovery,essays,Articles,,What is Essays?; How does Essays work?; Who is Essays for?,,no visible breadcrumb,retain; monitor search and citation performance
after,https://robertdevore.com/tag/woocommerce/,WooCommerce,WooCommerce,navigational / topic discovery,woocommerce,Articles,,What is WooCommerce?; How does WooCommerce work?; Who is WooCommerce for?,,no visible breadcrumb,retain; monitor search and citation performance
after,https://robertdevore.com/tag/wordpress/,WordPress,WordPress,navigational / topic discovery,wordpress,Articles,,What is WordPress?; How does WordPress work?; Who is WordPress for?,,no visible breadcrumb,retain; monitor search and citation performance
after,https://robertdevore.com/thank-you-wordpress/,Thank You WordPress,Thank You WordPress,informational,thank you wordpress,WordPress saved my life; Thank you WordPress; Related Reading,,What is Thank You WordPress?; How does Thank You WordPress work?; Who is Thank You WordPress for?,,no verified modified date,retain; monitor search and citation performance
after,https://robertdevore.com/the-fastest-way-for-php-devs-to-learn-python/,The Fastest Way for PHP Devs to Learn Python,The Fastest Way for PHP Devs to Learn Python,informational,the fastest way for php devs to learn python,1. Variables Are Loosely Typed and Dynamically Assigned; 2. Functions Work the Same; 3. Associative Arrays = Dictionaries; 4. Control Structures Feel Familiar,5. Loops Are Straightforward; 6. String Concatenation Works as Expected; 7. Truthy Logic Is Nearly Identical; 8. You Can Organize Code Into Reusable Modules,What is The Fastest Way for PHP Devs to Learn Python?; How does The Fastest Way for PHP Devs to Learn Python work?; Who is The Fastest Way for PHP Devs to Learn Python for?,,no verified modified date,retain; monitor search and citation performance
after,https://robertdevore.com/the-past-present-and-future-of-wp-dispensary/,"The past, present and future of WP Dispensary","The past, present and future of WP Dispensary",informational,"the past, present and future of wp dispensary",What’s been happening?; What’s coming next?; Related Reading,,"What is The past, present and future of WP Dispensary?; How does The past, present and future of WP Dispensary work?; Who is The past, present and future of WP Dispensary for?",,no verified modified date,retain; monitor search and citation performance
after,https://robertdevore.com/tools-and-workflows-for-formatting-visuals-and-citations/,"Tools and Workflows for Formatting, Visuals, and Citations","Tools and Workflows for Formatting, Visuals, and Citations",informational,"tools and workflows for formatting, visuals, and citations",Why This Final Layer Matters; Formatting That Doesn’t Feel Like Homework; 1. Use a Visual Hierarchy; 2. Add Section Breaks,Visuals That Actually Add Value; 1. Illustrate the Idea; 2. Caption with Purpose; 3. Compress Like a Pro,"What is Tools and Workflows for Formatting, Visuals, and Citations?; How does Tools and Workflows for Formatting, Visuals, and Citations work?; Who is Tools and Workflows for Formatting, Visuals, and Citations for?",,no verified modified date,retain; monitor search and citation performance
after,https://robertdevore.com/twitter-marketing/,Twitter Marketing,Twitter Marketing,informational,twitter marketing,"Twitter Advanced Search Tips; Using Twitter lists to funnel the noise; Utilize your bio, avatar, banner and pinned tweets effectively; Better Twitter Marketing",Related Reading,What is Twitter Marketing?; How does Twitter Marketing work?; Who is Twitter Marketing for?,,no verified modified date,retain; monitor search and citation performance
after,https://robertdevore.com/two-years-building-wp-dispensary/,WP Dispensary: 2 years after the launch,WP Dispensary: 2 years after the launch,informational,wp dispensary: 2 years after the launch,How it all started; What happened next; The first year; The second year,What's next?; Related Reading,What is WP Dispensary: 2 years after the launch?; How does WP Dispensary: 2 years after the launch work?; Who is WP Dispensary: 2 years after the launch for?,,no verified modified date,retain; monitor search and citation performance
after,https://robertdevore.com/use-ai-to-create-your-own-wwf-action-figure-blister-packs/,Use AI to create your own WWF Action Figure Blister Packs,Use AI to create your own WWF Action Figure Blister Packs,informational / problem-solving,use ai to create your own wwf action figure blister packs,Why a JSON prompt?; Why WWF Action Figures?; Related Reading,,What is Use AI to create your own WWF Action Figure Blister Packs?; How does Use AI to create your own WWF Action Figure Blister Packs work?; Who is Use AI to create your own WWF Action Figure Blister Packs for?,,no verified modified date,retain; monitor search and citation performance
after,https://robertdevore.com/what-makes-content-beautifully-useful/,What Makes Content Beautifully Useful?,What Makes Content Beautifully Useful?,informational,what makes content beautifully useful?,"What “Beautifully Useful” Actually Means; Two Versions, Same Topic – Only One Wins; The “Beautifully Useful” Filter; Toolbox for Making Content Hit Harder",Mic-Drop Takeaway; 🧠 Bonus Prompt: The “Before You Hit Publish” Test; Related Reading,What is What Makes Content Beautifully Useful??; How does What Makes Content Beautifully Useful? work?; Who is What Makes Content Beautifully Useful? for?,,no verified modified date,retain; monitor search and citation performance
after,https://robertdevore.com/why-wordpress-plugin-developers-need-security-audits/,Why WordPress Plugin Developers Need Security Audits,Why WordPress Plugin Developers Need Security Audits,commercial investigation / product discovery,why wordpress plugin developers need security audits,"If Your Plugin Gets Hacked, Thousands of Sites Are Fucked; Hackers Actively Target WordPress® Plugins; You Are NOT a Security Expert (And That’s Okay, But Get an Audit Anyway); A Security Audit Costs Less Than Cleaning Up a Breach",Users Trust Secure Plugins (And They Pay for Them Too); A Security Audit Finds the Shit That Will Bite You Later; Get a Security Audit Before You Become the Next Horror Story; Related Reading,What is Why WordPress Plugin Developers Need Security Audits?; How does Why WordPress Plugin Developers Need Security Audits work?; Who is Why WordPress Plugin Developers Need Security Audits for?,,no verified modified date,retain; monitor search and citation performance
after,https://robertdevore.com/woocommerce-dispensary-details-plugin/,Dispensary Details for WooCommerce,Dispensary Details for WooCommerce,informational,dispensary details for woocommerce,So what does it do?; Keep. It. Simple. Stupid.; Related Reading,,What is Dispensary Details for WooCommerce?; How does Dispensary Details for WooCommerce work?; Who is Dispensary Details for WooCommerce for?,,no verified modified date,retain; monitor search and citation performance
after,https://robertdevore.com/wordpress-custom-post-types-code-snippets/,Enhance the power of your WordPress Custom Post Types,Enhance the power of your WordPress Custom Post Types,informational,enhance the power of your wordpress custom post types,1. Custom API endpoints; 2. oEmbed improvements; 3. Flush rewrite rules during your plugin's activation; Additional resources,Related Reading,What is Enhance the power of your WordPress Custom Post Types?; How does Enhance the power of your WordPress Custom Post Types work?; Who is Enhance the power of your WordPress Custom Post Types for?,,no verified modified date,retain; monitor search and citation performance
after,https://robertdevore.com/wordpress-plugin-security-is-a-joke-and-youre-the-punchline/,"WordPress Plugin Security Is a Joke, and You’re the Punchline","WordPress Plugin Security Is a Joke, and You’re the Punchline",commercial investigation / product discovery,"wordpress plugin security is a joke, and you’re the punchline",Trigger Warning; The Illusion of Safety; Let’s Talk About the Real Villains; Philosophical Interlude: What Is “Secure Code”?,Code Interlude; A Historical Footnote of Failures; You Get Audited; Lesson Learned,"What is WordPress Plugin Security Is a Joke, and You’re the Punchline?; How does WordPress Plugin Security Is a Joke, and You’re the Punchline work?; Who is WordPress Plugin Security Is a Joke, and You’re the Punchline for?",,no verified modified date,retain; monitor search and citation performance
after,https://robertdevore.com/wordpress-woocommerce-plugins-i-will-no-longer-maintain/,WordPress & WooCommerce plugins I will no longer maintain,WordPress & WooCommerce plugins I will no longer maintain,informational,wordpress & woocommerce plugins i will no longer maintain,WordPress Plugins; WooCommerce Plugins; What’s next?; Related Reading,,What is WordPress & WooCommerce plugins I will no longer maintain?; How does WordPress & WooCommerce plugins I will no longer maintain work?; Who is WordPress & WooCommerce plugins I will no longer maintain for?,,no verified modified date,retain; monitor search and citation performance
after,https://robertdevore.com/wp-dispensary-v2/,WP Dispensary v2.0 is being released on 4/20,WP Dispensary v2.0 is being released on 4/20,commercial investigation / product discovery,wp dispensary v2.0 is being released on 4/20,Rebuilt Settings Page; Increased control over how to display data; Easier for add-on's to add their own settings; Organized Edit Screens,Default hidden data boxes; Code Optimization & Speed Increases; Calling for beta testers; Related Reading,What is WP Dispensary v2.0 is being released on 4/20?; How does WP Dispensary v2.0 is being released on 4/20 work?; Who is WP Dispensary v2.0 is being released on 4/20 for?,,no verified modified date,retain; monitor search and citation performance
after,https://robertdevore.com/wp-dispensary/,WP Dispensary,WP Dispensary,informational,wp dispensary,Professional dispensary websites.; Introducing WP Dispensary; Installation is a breeze; REST API Integration,Example API usage; Download; Want to contribute to the plugin?; Related Reading,What is WP Dispensary?; How does WP Dispensary work?; Who is WP Dispensary for?,,no verified modified date,retain; monitor search and citation performance
after,https://robertdevore.com/wp-townhall-13-the-debate-kevin-geary-doesnt-want-you-to-see/,WP Townhall 13: The Debate Kevin Geary Doesn’t Want You to See,WP Townhall 13: The Debate Kevin Geary Doesn’t Want You to See,informational,wp townhall 13: the debate kevin geary doesn’t want you to see,Why It Matters; Related Reading,,What is WP Townhall 13: The Debate Kevin Geary Doesn’t Want You to See?; How does WP Townhall 13: The Debate Kevin Geary Doesn’t Want You to See work?; Who is WP Townhall 13: The Debate Kevin Geary Doesn’t Want You to See for?,,no verified modified date,retain; monitor search and citation performance
after,https://robertdevore.com/wtf-is-wordpress/,WTF is WordPress?,WTF is WordPress?,informational,wtf is wordpress?,"If you don’t know where you’ve come from, you don’t know where you’re going; So, what is WordPress?; Why WP Engine and why now?; What if WP Engine just does as they’re asked?",Who is responsible for WordPress’ growth?; So WTF is WordPress?; Community Vibes; Related Reading,What is WTF is WordPress??; How does WTF is WordPress? work?; Who is WTF is WordPress? for?,,no verified modified date,retain; monitor search and citation performance
after,https://robertdevore.com/zero-cool-cli-a-hackers-terminal-from-1995/,Zero Cool CLI – A Hacker’s Terminal from 1995,Zero Cool CLI – A Hacker’s Terminal from 1995,informational,zero cool cli – a hacker’s terminal from 1995,Meet the CLI; Why I Built It; How to Install; Educational Value,What’s Next; Built With Love (and PHP); Try It Out; Related Reading,What is Zero Cool CLI – A Hacker’s Terminal from 1995?; How does Zero Cool CLI – A Hacker’s Terminal from 1995 work?; Who is Zero Cool CLI – A Hacker’s Terminal from 1995 for?,,no verified modified date,retain; monitor search and citation performance
