phase,url,source_file,page_type,title,title_length,meta_description,description_length,canonical,robots_directives,lang,author,og_title,og_description,og_url,og_type,og_image,twitter_card,twitter_title,twitter_description,twitter_image,duplicate_title,duplicate_description,issues
baseline,https://robertdevore.com/,templates/page-home.html,homepage,Robert DeVore,13,"Software systems, developer tools, agentic workflows, and technical writing.",76,https://robertdevore.com/,"index, follow (default)",en,Robert DeVore,Robert DeVore,"Software systems, developer tools, agentic workflows, and technical writing.",https://robertdevore.com/,website,,summary_large_image,Robert DeVore,"Software systems, developer tools, agentic workflows, and technical writing.",,True,True,duplicate title; duplicate description; legacy meta keywords present; large Twitter card has no image
baseline,https://robertdevore.com/5-python-scripts-for-osint-and-pentesting/,content/posts/5-python-scripts-for-osint-and-pentesting.md,article,5 Python Scripts for OSINT and Pentesting | Robert DeVore,57,Everything is insecure and you’re one bad decision away from being p0wn3d harder than you ever have in your entire life. It’s a harsh reality and one you’ve got to accept in full or ignore altogether. I’m from the group…,220,https://robertdevore.com/5-python-scripts-for-osint-and-pentesting/,"index, follow (default)",en,Robert DeVore,5 Python Scripts for OSINT and Pentesting,Everything is insecure and you’re one bad decision away from being p0wn3d harder than you ever have in your entire life. It’s a harsh reality and one you’ve got to accept in full or ignore altogether. I’m from the group…,https://robertdevore.com/5-python-scripts-for-osint-and-pentesting/,article,,summary_large_image,5 Python Scripts for OSINT and Pentesting,Everything is insecure and you’re one bad decision away from being p0wn3d harder than you ever have in your entire life. It’s a harsh reality and one you’ve got to accept in full or ignore altogether. I’m from the group…,,False,False,legacy meta keywords present; large Twitter card has no image
baseline,https://robertdevore.com/5-questions-you-must-answer-before-writing-anything/,content/posts/5-questions-you-must-answer-before-writing-anything.md,article,5 Questions You Must Answer Before Writing Anything | Robert DeVore,67,"You know the biggest problem with what people are publishing today? Most people treat AI like a vending machine. Drop in a half-baked prompt, hit enter, and expect magic to come out. They type: “Write a blog post about…",219,https://robertdevore.com/5-questions-you-must-answer-before-writing-anything/,"index, follow (default)",en,Robert DeVore,5 Questions You Must Answer Before Writing Anything,"You know the biggest problem with what people are publishing today? Most people treat AI like a vending machine. Drop in a half-baked prompt, hit enter, and expect magic to come out. They type: “Write a blog post about…",https://robertdevore.com/5-questions-you-must-answer-before-writing-anything/,article,,summary_large_image,5 Questions You Must Answer Before Writing Anything,"You know the biggest problem with what people are publishing today? Most people treat AI like a vending machine. Drop in a half-baked prompt, hit enter, and expect magic to come out. They type: “Write a blog post about…",,False,False,legacy meta keywords present; large Twitter card has no image
baseline,https://robertdevore.com/5-things-i-learned-building-my-first-gutenberg-blocks-plugin/,content/posts/5-things-i-learned-building-my-first-gutenberg-blocks-plugin.md,article,5 Things I’ve learned building my first blocks for Gutenberg | Robert DeVore,76,"Over the last few months I've watched as Gutenberg has been developed, silently taking notes, watching for patterns and possible areas to excel in. Then I found that the domain Pillar.Press was available and it snapped…",219,https://robertdevore.com/5-things-i-learned-building-my-first-gutenberg-blocks-plugin/,"index, follow (default)",en,Robert DeVore,5 Things I’ve learned building my first blocks for Gutenberg,"Over the last few months I've watched as Gutenberg has been developed, silently taking notes, watching for patterns and possible areas to excel in. Then I found that the domain Pillar.Press was available and it snapped…",https://robertdevore.com/5-things-i-learned-building-my-first-gutenberg-blocks-plugin/,article,,summary_large_image,5 Things I’ve learned building my first blocks for Gutenberg,"Over the last few months I've watched as Gutenberg has been developed, silently taking notes, watching for patterns and possible areas to excel in. Then I found that the domain Pillar.Press was available and it snapped…",,False,False,legacy meta keywords present; large Twitter card has no image
baseline,https://robertdevore.com/7-days-full-time-wp-dispensary/,content/posts/7-days-full-time-wp-dispensary.md,article,7 days full time at WP Dispensary | Robert DeVore,49,There's now been 7 days in the books for me working full time on WP Dispensary and I want to take a little bit of time to talk about what I've been up to. What's been done I made it a point to put some solid hours in…,217,https://robertdevore.com/7-days-full-time-wp-dispensary/,"index, follow (default)",en,Robert DeVore,7 days full time at WP Dispensary,There's now been 7 days in the books for me working full time on WP Dispensary and I want to take a little bit of time to talk about what I've been up to. What's been done I made it a point to put some solid hours in…,https://robertdevore.com/7-days-full-time-wp-dispensary/,article,,summary_large_image,7 days full time at WP Dispensary,There's now been 7 days in the books for me working full time on WP Dispensary and I want to take a little bit of time to talk about what I've been up to. What's been done I made it a point to put some solid hours in…,,False,False,legacy meta keywords present; large Twitter card has no image
baseline,https://robertdevore.com/about/,content/pages/about.md,page,About | Robert DeVore,21,"Robert DeVore builds software systems, developer tools, programming-language infrastructure, and agentic workflows.",115,https://robertdevore.com/about/,"index, follow (default)",en,Robert DeVore,About,"Robert DeVore builds software systems, developer tools, programming-language infrastructure, and agentic workflows.",https://robertdevore.com/about/,website,,summary_large_image,About,"Robert DeVore builds software systems, developer tools, programming-language infrastructure, and agentic workflows.",,False,False,legacy meta keywords present; large Twitter card has no image
baseline,https://robertdevore.com/all-in-one-wp-migration-plugin-ddos-attack/,content/posts/all-in-one-wp-migration-plugin-ddos-attack.md,article,WordPress plugin with 5M+ active installs can be utilized in DDoS attacks | Robert DeVore,89,"While doing some vulnerability research for WordPress plugins myself and my clients use, I came across a plugin with 5M+ active installs that can be used in DDoS attacks by non-authenticated users. Let me preface this…",218,https://robertdevore.com/all-in-one-wp-migration-plugin-ddos-attack/,"index, follow (default)",en,Robert DeVore,WordPress plugin with 5M+ active installs can be utilized in DDoS attacks,"While doing some vulnerability research for WordPress plugins myself and my clients use, I came across a plugin with 5M+ active installs that can be used in DDoS attacks by non-authenticated users. Let me preface this…",https://robertdevore.com/all-in-one-wp-migration-plugin-ddos-attack/,article,,summary_large_image,WordPress plugin with 5M+ active installs can be utilized in DDoS attacks,"While doing some vulnerability research for WordPress plugins myself and my clients use, I came across a plugin with 5M+ active installs that can be used in DDoS attacks by non-authenticated users. Let me preface this…",,False,False,legacy meta keywords present; large Twitter card has no image
baseline,https://robertdevore.com/back-to-basics/,content/posts/back-to-basics.md,article,Back to Basics | Robert DeVore,30,"I always thought Impostor Syndrome was bullshit. Then I realized I was 6 months in to running WP Dispensary full time and I had no idea what I was doing. Recently, I've been working on WPD v2.0 and have pushed myself to…",220,https://robertdevore.com/back-to-basics/,"index, follow (default)",en,Robert DeVore,Back to Basics,"I always thought Impostor Syndrome was bullshit. Then I realized I was 6 months in to running WP Dispensary full time and I had no idea what I was doing. Recently, I've been working on WPD v2.0 and have pushed myself to…",https://robertdevore.com/back-to-basics/,article,,summary_large_image,Back to Basics,"I always thought Impostor Syndrome was bullshit. Then I realized I was 6 months in to running WP Dispensary full time and I had no idea what I was doing. Recently, I've been working on WPD v2.0 and have pushed myself to…",,False,False,legacy meta keywords present; large Twitter card has no image
baseline,https://robertdevore.com/blog/,templates/page-blog.html,blog-index,Blog | Robert DeVore,20,"Software systems, developer tools, agentic workflows, and technical writing.",76,https://robertdevore.com/blog/,"index, follow (default)",en,Robert DeVore,Blog,"Software systems, developer tools, agentic workflows, and technical writing.",https://robertdevore.com/blog/,website,,summary_large_image,Blog,"Software systems, developer tools, agentic workflows, and technical writing.",,True,True,duplicate title; duplicate description; legacy meta keywords present; large Twitter card has no image
baseline,https://robertdevore.com/blog/page/10/,generated listing/archive,pagination,Blog | Robert DeVore,20,"Software systems, developer tools, agentic workflows, and technical writing.",76,https://robertdevore.com/blog/page/10/,"index, follow (default)",en,Robert DeVore,Blog,"Software systems, developer tools, agentic workflows, and technical writing.",https://robertdevore.com/blog/page/10/,website,,summary_large_image,Blog,"Software systems, developer tools, agentic workflows, and technical writing.",,True,True,duplicate title; duplicate description; legacy meta keywords present; large Twitter card has no image
baseline,https://robertdevore.com/blog/page/11/,generated listing/archive,pagination,Blog | Robert DeVore,20,"Software systems, developer tools, agentic workflows, and technical writing.",76,https://robertdevore.com/blog/page/11/,"index, follow (default)",en,Robert DeVore,Blog,"Software systems, developer tools, agentic workflows, and technical writing.",https://robertdevore.com/blog/page/11/,website,,summary_large_image,Blog,"Software systems, developer tools, agentic workflows, and technical writing.",,True,True,duplicate title; duplicate description; legacy meta keywords present; large Twitter card has no image
baseline,https://robertdevore.com/blog/page/12/,generated listing/archive,pagination,Blog | Robert DeVore,20,"Software systems, developer tools, agentic workflows, and technical writing.",76,https://robertdevore.com/blog/page/12/,"index, follow (default)",en,Robert DeVore,Blog,"Software systems, developer tools, agentic workflows, and technical writing.",https://robertdevore.com/blog/page/12/,website,,summary_large_image,Blog,"Software systems, developer tools, agentic workflows, and technical writing.",,True,True,duplicate title; duplicate description; legacy meta keywords present; large Twitter card has no image
baseline,https://robertdevore.com/blog/page/2/,generated listing/archive,pagination,Blog | Robert DeVore,20,"Software systems, developer tools, agentic workflows, and technical writing.",76,https://robertdevore.com/blog/page/2/,"index, follow (default)",en,Robert DeVore,Blog,"Software systems, developer tools, agentic workflows, and technical writing.",https://robertdevore.com/blog/page/2/,website,,summary_large_image,Blog,"Software systems, developer tools, agentic workflows, and technical writing.",,True,True,duplicate title; duplicate description; legacy meta keywords present; large Twitter card has no image
baseline,https://robertdevore.com/blog/page/3/,generated listing/archive,pagination,Blog | Robert DeVore,20,"Software systems, developer tools, agentic workflows, and technical writing.",76,https://robertdevore.com/blog/page/3/,"index, follow (default)",en,Robert DeVore,Blog,"Software systems, developer tools, agentic workflows, and technical writing.",https://robertdevore.com/blog/page/3/,website,,summary_large_image,Blog,"Software systems, developer tools, agentic workflows, and technical writing.",,True,True,duplicate title; duplicate description; legacy meta keywords present; large Twitter card has no image
baseline,https://robertdevore.com/blog/page/4/,generated listing/archive,pagination,Blog | Robert DeVore,20,"Software systems, developer tools, agentic workflows, and technical writing.",76,https://robertdevore.com/blog/page/4/,"index, follow (default)",en,Robert DeVore,Blog,"Software systems, developer tools, agentic workflows, and technical writing.",https://robertdevore.com/blog/page/4/,website,,summary_large_image,Blog,"Software systems, developer tools, agentic workflows, and technical writing.",,True,True,duplicate title; duplicate description; legacy meta keywords present; large Twitter card has no image
baseline,https://robertdevore.com/blog/page/5/,generated listing/archive,pagination,Blog | Robert DeVore,20,"Software systems, developer tools, agentic workflows, and technical writing.",76,https://robertdevore.com/blog/page/5/,"index, follow (default)",en,Robert DeVore,Blog,"Software systems, developer tools, agentic workflows, and technical writing.",https://robertdevore.com/blog/page/5/,website,,summary_large_image,Blog,"Software systems, developer tools, agentic workflows, and technical writing.",,True,True,duplicate title; duplicate description; legacy meta keywords present; large Twitter card has no image
baseline,https://robertdevore.com/blog/page/6/,generated listing/archive,pagination,Blog | Robert DeVore,20,"Software systems, developer tools, agentic workflows, and technical writing.",76,https://robertdevore.com/blog/page/6/,"index, follow (default)",en,Robert DeVore,Blog,"Software systems, developer tools, agentic workflows, and technical writing.",https://robertdevore.com/blog/page/6/,website,,summary_large_image,Blog,"Software systems, developer tools, agentic workflows, and technical writing.",,True,True,duplicate title; duplicate description; legacy meta keywords present; large Twitter card has no image
baseline,https://robertdevore.com/blog/page/7/,generated listing/archive,pagination,Blog | Robert DeVore,20,"Software systems, developer tools, agentic workflows, and technical writing.",76,https://robertdevore.com/blog/page/7/,"index, follow (default)",en,Robert DeVore,Blog,"Software systems, developer tools, agentic workflows, and technical writing.",https://robertdevore.com/blog/page/7/,website,,summary_large_image,Blog,"Software systems, developer tools, agentic workflows, and technical writing.",,True,True,duplicate title; duplicate description; legacy meta keywords present; large Twitter card has no image
baseline,https://robertdevore.com/blog/page/8/,generated listing/archive,pagination,Blog | Robert DeVore,20,"Software systems, developer tools, agentic workflows, and technical writing.",76,https://robertdevore.com/blog/page/8/,"index, follow (default)",en,Robert DeVore,Blog,"Software systems, developer tools, agentic workflows, and technical writing.",https://robertdevore.com/blog/page/8/,website,,summary_large_image,Blog,"Software systems, developer tools, agentic workflows, and technical writing.",,True,True,duplicate title; duplicate description; legacy meta keywords present; large Twitter card has no image
baseline,https://robertdevore.com/blog/page/9/,generated listing/archive,pagination,Blog | Robert DeVore,20,"Software systems, developer tools, agentic workflows, and technical writing.",76,https://robertdevore.com/blog/page/9/,"index, follow (default)",en,Robert DeVore,Blog,"Software systems, developer tools, agentic workflows, and technical writing.",https://robertdevore.com/blog/page/9/,website,,summary_large_image,Blog,"Software systems, developer tools, agentic workflows, and technical writing.",,True,True,duplicate title; duplicate description; legacy meta keywords present; large Twitter card has no image
baseline,https://robertdevore.com/boostbox-free-popups-that-work-pro-popups-that-convert/,content/posts/boostbox-free-popups-that-work-pro-popups-that-convert.md,article,"BoostBox: Free Popups That Work, Pro Popups That Convert | Robert DeVore",72,"Popups are fucking powerful – when they don’t suck. The problem? Most popup plugins are bloated, slow, and designed by people who clearly hate web performance . They force you into some janky drag-and-drop builder, load…",220,https://robertdevore.com/boostbox-free-popups-that-work-pro-popups-that-convert/,"index, follow (default)",en,Robert DeVore,"BoostBox: Free Popups That Work, Pro Popups That Convert","Popups are fucking powerful – when they don’t suck. The problem? Most popup plugins are bloated, slow, and designed by people who clearly hate web performance . They force you into some janky drag-and-drop builder, load…",https://robertdevore.com/boostbox-free-popups-that-work-pro-popups-that-convert/,article,,summary_large_image,"BoostBox: Free Popups That Work, Pro Popups That Convert","Popups are fucking powerful – when they don’t suck. The problem? Most popup plugins are bloated, slow, and designed by people who clearly hate web performance . They force you into some janky drag-and-drop builder, load…",,False,False,legacy meta keywords present; large Twitter card has no image
baseline,https://robertdevore.com/boostbox-wordpress-popup-builder-for-the-core-editor/,content/posts/boostbox-wordpress-popup-builder-for-the-core-editor.md,article,Introducing BoostBox: The 1st WordPress popup builder for the core editor | Robert DeVore,89,What better way to start off the year than to release a free WordPress plugin that lets you design your popups using the core WordPress editor? That’s exactly what I’m doing today – say hello to BoostBox 😎 Whether you…,218,https://robertdevore.com/boostbox-wordpress-popup-builder-for-the-core-editor/,"index, follow (default)",en,Robert DeVore,Introducing BoostBox: The 1st WordPress popup builder for the core editor,What better way to start off the year than to release a free WordPress plugin that lets you design your popups using the core WordPress editor? That’s exactly what I’m doing today – say hello to BoostBox 😎 Whether you…,https://robertdevore.com/boostbox-wordpress-popup-builder-for-the-core-editor/,article,,summary_large_image,Introducing BoostBox: The 1st WordPress popup builder for the core editor,What better way to start off the year than to release a free WordPress plugin that lets you design your popups using the core WordPress editor? That’s exactly what I’m doing today – say hello to BoostBox 😎 Whether you…,,False,False,legacy meta keywords present; large Twitter card has no image
baseline,https://robertdevore.com/cannabis-health-benefits/,content/posts/cannabis-health-benefits.md,article,Health Benefits of Cannabis | Robert DeVore,43,"Nature is mans best medicine, even when those who benefit off of sick people tell you otherwise. Within the marijuana plant there are two main properties, cannabidiol (CBD) — which works without the 'high' effect - and…",219,https://robertdevore.com/cannabis-health-benefits/,"index, follow (default)",en,Robert DeVore,Health Benefits of Cannabis,"Nature is mans best medicine, even when those who benefit off of sick people tell you otherwise. Within the marijuana plant there are two main properties, cannabidiol (CBD) — which works without the 'high' effect - and…",https://robertdevore.com/cannabis-health-benefits/,article,,summary_large_image,Health Benefits of Cannabis,"Nature is mans best medicine, even when those who benefit off of sick people tell you otherwise. Within the marijuana plant there are two main properties, cannabidiol (CBD) — which works without the 'high' effect - and…",,False,False,legacy meta keywords present; large Twitter card has no image
baseline,https://robertdevore.com/cannabiz/,content/posts/cannabiz.md,article,CannaBiz | Robert DeVore,24,"After building the WP Dispensary plugin and and add-on's like MMJMenu Sync, WooCommerce Connect, Inventory Management, & Locations it was time to work on a top shelf theme that brings the entire package together. Last…",218,https://robertdevore.com/cannabiz/,"index, follow (default)",en,Robert DeVore,CannaBiz,"After building the WP Dispensary plugin and and add-on's like MMJMenu Sync, WooCommerce Connect, Inventory Management, & Locations it was time to work on a top shelf theme that brings the entire package together. Last…",https://robertdevore.com/cannabiz/,article,,summary_large_image,CannaBiz,"After building the WP Dispensary plugin and and add-on's like MMJMenu Sync, WooCommerce Connect, Inventory Management, & Locations it was time to work on a top shelf theme that brings the entire package together. Last…",,False,False,legacy meta keywords present; large Twitter card has no image
baseline,https://robertdevore.com/category/,generated listing/archive,category-archive,Category | Robert DeVore,24,"Software systems, developer tools, agentic workflows, and technical writing.",76,https://robertdevore.com/category/,"index, follow (default)",en,Robert DeVore,Category,"Software systems, developer tools, agentic workflows, and technical writing.",https://robertdevore.com/category/,website,,summary_large_image,Category,"Software systems, developer tools, agentic workflows, and technical writing.",,False,True,duplicate description; legacy meta keywords present; large Twitter card has no image
baseline,https://robertdevore.com/category/ai-content-systems/,content/category/ai-content-systems.md,category-archive,AI & Content Systems | Robert DeVore,36,Writing filed under AI & Content Systems.,41,https://robertdevore.com/category/ai-content-systems/,"index, follow (default)",en,Robert DeVore,AI & Content Systems,Writing filed under AI & Content Systems.,https://robertdevore.com/category/ai-content-systems/,article,,summary_large_image,AI & Content Systems,Writing filed under AI & Content Systems.,,False,False,legacy meta keywords present; large Twitter card has no image
baseline,https://robertdevore.com/category/developer-tools/,content/category/developer-tools.md,category-archive,Developer Tools | Robert DeVore,31,Writing filed under Developer Tools.,36,https://robertdevore.com/category/developer-tools/,"index, follow (default)",en,Robert DeVore,Developer Tools,Writing filed under Developer Tools.,https://robertdevore.com/category/developer-tools/,article,,summary_large_image,Developer Tools,Writing filed under Developer Tools.,,False,False,legacy meta keywords present; large Twitter card has no image
baseline,https://robertdevore.com/category/engineering-archive/,content/category/engineering-archive.md,category-archive,Engineering Archive | Robert DeVore,35,Writing filed under Engineering Archive.,40,https://robertdevore.com/category/engineering-archive/,"index, follow (default)",en,Robert DeVore,Engineering Archive,Writing filed under Engineering Archive.,https://robertdevore.com/category/engineering-archive/,article,,summary_large_image,Engineering Archive,Writing filed under Engineering Archive.,,False,False,legacy meta keywords present; large Twitter card has no image
baseline,https://robertdevore.com/category/field-notes/,content/category/field-notes.md,category-archive,Field Notes | Robert DeVore,27,Writing filed under Field Notes.,32,https://robertdevore.com/category/field-notes/,"index, follow (default)",en,Robert DeVore,Field Notes,Writing filed under Field Notes.,https://robertdevore.com/category/field-notes/,article,,summary_large_image,Field Notes,Writing filed under Field Notes.,,False,False,legacy meta keywords present; large Twitter card has no image
baseline,https://robertdevore.com/category/wordpress-archive/,content/category/wordpress-archive.md,category-archive,WordPress | Robert DeVore,25,Writing filed under WordPress.,30,https://robertdevore.com/category/wordpress-archive/,"index, follow (default)",en,Robert DeVore,WordPress,Writing filed under WordPress.,https://robertdevore.com/category/wordpress-archive/,article,,summary_large_image,WordPress,Writing filed under WordPress.,,True,True,duplicate title; duplicate description; legacy meta keywords present; large Twitter card has no image
baseline,https://robertdevore.com/celebrating-gaad-with-img-a11y-v1-1-0/,content/posts/celebrating-gaad-with-img-a11y-v1-1-0.md,article,Celebrating GAAD with IMG A11Y v1.1.0 | Robert DeVore,53,"Today is Global Accessibility Awareness Day (GAAD) , and I’m celebrating the only way I know how: shipping code that actually helps. I pledged time with Equalize Digital to focus my time on the IMG A11Y plugin, and…",215,https://robertdevore.com/celebrating-gaad-with-img-a11y-v1-1-0/,"index, follow (default)",en,Robert DeVore,Celebrating GAAD with IMG A11Y v1.1.0,"Today is Global Accessibility Awareness Day (GAAD) , and I’m celebrating the only way I know how: shipping code that actually helps. I pledged time with Equalize Digital to focus my time on the IMG A11Y plugin, and…",https://robertdevore.com/celebrating-gaad-with-img-a11y-v1-1-0/,article,,summary_large_image,Celebrating GAAD with IMG A11Y v1.1.0,"Today is Global Accessibility Awareness Day (GAAD) , and I’m celebrating the only way I know how: shipping code that actually helps. I pledged time with Equalize Digital to focus my time on the IMG A11Y plugin, and…",,False,False,legacy meta keywords present; large Twitter card has no image
baseline,https://robertdevore.com/chapters-for-authors-wordpress-plugin/,content/posts/chapters-for-authors-wordpress-plugin.md,article,Chapters for Authors | Robert DeVore,36,It's amazing what you can come up with randomly over the weekend while doing a dozen other things ? Case in point - Chapters for Authors ? This is a new plugin I built from an idea I got when I read a tweet from Ines…,217,https://robertdevore.com/chapters-for-authors-wordpress-plugin/,"index, follow (default)",en,Robert DeVore,Chapters for Authors,It's amazing what you can come up with randomly over the weekend while doing a dozen other things ? Case in point - Chapters for Authors ? This is a new plugin I built from an idea I got when I read a tweet from Ines…,https://robertdevore.com/chapters-for-authors-wordpress-plugin/,article,,summary_large_image,Chapters for Authors,It's amazing what you can come up with randomly over the weekend while doing a dozen other things ? Case in point - Chapters for Authors ? This is a new plugin I built from an idea I got when I read a tweet from Ines…,,False,False,legacy meta keywords present; large Twitter card has no image
baseline,https://robertdevore.com/clean-blog-free-wordpress-theme/,content/posts/clean-blog-free-wordpress-theme.md,article,Clean Blog | Robert DeVore,26,"Today, I am releasing my first official open source WordPress theme. I've worked with WordPress for years, but have never created anything that is free to download … until now. Being able to create open source projects,…",220,https://robertdevore.com/clean-blog-free-wordpress-theme/,"index, follow (default)",en,Robert DeVore,Clean Blog,"Today, I am releasing my first official open source WordPress theme. I've worked with WordPress for years, but have never created anything that is free to download … until now. Being able to create open source projects,…",https://robertdevore.com/clean-blog-free-wordpress-theme/,article,,summary_large_image,Clean Blog,"Today, I am releasing my first official open source WordPress theme. I've worked with WordPress for years, but have never created anything that is free to download … until now. Being able to create open source projects,…",,False,False,legacy meta keywords present; large Twitter card has no image
baseline,https://robertdevore.com/complete-beginners-guide-building-a-python-url-checker-for-google-sheets/,content/posts/complete-beginners-guide-building-a-python-url-checker-for-google-sheets.md,article,Complete Beginner’s Guide: Building a Python URL Checker for Google Sheets | Robert DeVore,90,Don’t worry if you’ve never written Python before! This tutorial will explain every single line of code so you understand exactly what’s happening. Think of this like you’re building with LEGO blocks – we’ll add one…,216,https://robertdevore.com/complete-beginners-guide-building-a-python-url-checker-for-google-sheets/,"index, follow (default)",en,Robert DeVore,Complete Beginner’s Guide: Building a Python URL Checker for Google Sheets,Don’t worry if you’ve never written Python before! This tutorial will explain every single line of code so you understand exactly what’s happening. Think of this like you’re building with LEGO blocks – we’ll add one…,https://robertdevore.com/complete-beginners-guide-building-a-python-url-checker-for-google-sheets/,article,,summary_large_image,Complete Beginner’s Guide: Building a Python URL Checker for Google Sheets,Don’t worry if you’ve never written Python before! This tutorial will explain every single line of code so you understand exactly what’s happening. Think of this like you’re building with LEGO blocks – we’ll add one…,,False,False,legacy meta keywords present; large Twitter card has no image
baseline,https://robertdevore.com/contact/,content/pages/contact.md,page,Contact | Robert DeVore,23,"Contact Robert DeVore about software systems, developer tools, agent workflows, publishing, and open-source work.",113,https://robertdevore.com/contact/,"index, follow (default)",en,Robert DeVore,Contact,"Contact Robert DeVore about software systems, developer tools, agent workflows, publishing, and open-source work.",https://robertdevore.com/contact/,website,,summary_large_image,Contact,"Contact Robert DeVore about software systems, developer tools, agent workflows, publishing, and open-source work.",,False,False,legacy meta keywords present; large Twitter card has no image
baseline,https://robertdevore.com/creating-my-own-cipher-code/,content/posts/creating-my-own-cipher-code.md,article,Creating my own cipher code | Robert DeVore,43,"I can’t remember what sparked the idea, but I got bit by a strong urge to create my own cipher. Maybe it’s all the spy shit I watch on TV 😂 Regardless, I knew that there were a couple of things that I needed to figure…",218,https://robertdevore.com/creating-my-own-cipher-code/,"index, follow (default)",en,Robert DeVore,Creating my own cipher code,"I can’t remember what sparked the idea, but I got bit by a strong urge to create my own cipher. Maybe it’s all the spy shit I watch on TV 😂 Regardless, I knew that there were a couple of things that I needed to figure…",https://robertdevore.com/creating-my-own-cipher-code/,article,,summary_large_image,Creating my own cipher code,"I can’t remember what sparked the idea, but I got bit by a strong urge to create my own cipher. Maybe it’s all the spy shit I watch on TV 😂 Regardless, I knew that there were a couple of things that I needed to figure…",,False,False,legacy meta keywords present; large Twitter card has no image
baseline,https://robertdevore.com/customer-loyalty-for-woocommerce-v2/,content/posts/customer-loyalty-for-woocommerce-v2.md,article,Just Released: Customer Loyalty for WooCommerce® v2.0.0! | Robert DeVore,72,"Welcome to another edition of #WooWednesday ! This week, I’m excited to unveil a significant update to Customer Loyalty for WooCommerce® with the release of version 2.0.0 . I’m committed to bringing you feature-rich,…",217,https://robertdevore.com/customer-loyalty-for-woocommerce-v2/,"index, follow (default)",en,Robert DeVore,Just Released: Customer Loyalty for WooCommerce® v2.0.0!,"Welcome to another edition of #WooWednesday ! This week, I’m excited to unveil a significant update to Customer Loyalty for WooCommerce® with the release of version 2.0.0 . I’m committed to bringing you feature-rich,…",https://robertdevore.com/customer-loyalty-for-woocommerce-v2/,article,,summary_large_image,Just Released: Customer Loyalty for WooCommerce® v2.0.0!,"Welcome to another edition of #WooWednesday ! This week, I’m excited to unveil a significant update to Customer Loyalty for WooCommerce® with the release of version 2.0.0 . I’m committed to bringing you feature-rich,…",,False,False,legacy meta keywords present; large Twitter card has no image
baseline,https://robertdevore.com/db-version-control-wordpress-plugin/,content/posts/db-version-control-wordpress-plugin.md,article,Introducing: DB Version Control for WordPress | Robert DeVore,61,"Finally, a WordPress plugin that treats your content like code. After years of wrestling with database dumps, manual content migrations, and the constant fear of losing site changes, I’m excited to introduce DB Version…",219,https://robertdevore.com/db-version-control-wordpress-plugin/,"index, follow (default)",en,Robert DeVore,Introducing: DB Version Control for WordPress,"Finally, a WordPress plugin that treats your content like code. After years of wrestling with database dumps, manual content migrations, and the constant fear of losing site changes, I’m excited to introduce DB Version…",https://robertdevore.com/db-version-control-wordpress-plugin/,article,,summary_large_image,Introducing: DB Version Control for WordPress,"Finally, a WordPress plugin that treats your content like code. After years of wrestling with database dumps, manual content migrations, and the constant fear of losing site changes, I’m excited to introduce DB Version…",,False,False,legacy meta keywords present; large Twitter card has no image
baseline,https://robertdevore.com/december-2024-a-retrospective/,content/posts/december-2024-a-retrospective.md,article,December 2024: A Retrospective | Robert DeVore,46,"Talk about a December to Remember , amirite? 😂💪💯 In November of 2024 I started releasing free WordPress® and WooCommerce® plugins, and I liked the way it felt. So I decided to do some more of that in December. I called…",219,https://robertdevore.com/december-2024-a-retrospective/,"index, follow (default)",en,Robert DeVore,December 2024: A Retrospective,"Talk about a December to Remember , amirite? 😂💪💯 In November of 2024 I started releasing free WordPress® and WooCommerce® plugins, and I liked the way it felt. So I decided to do some more of that in December. I called…",https://robertdevore.com/december-2024-a-retrospective/,article,,summary_large_image,December 2024: A Retrospective,"Talk about a December to Remember , amirite? 😂💪💯 In November of 2024 I started releasing free WordPress® and WooCommerce® plugins, and I liked the way it felt. So I decided to do some more of that in December. I called…",,False,False,legacy meta keywords present; large Twitter card has no image
baseline,https://robertdevore.com/delivery-drivers-for-woocommerce/,content/posts/delivery-drivers-for-woocommerce.md,article,Delivery Drivers for WooCommerce | Robert DeVore,48,"Today I am happy to announce the release of my newest open source plugin, Delivery Drivers for WooCommerce . As you can probably guess by the name, it's a plugin for WooCommerce that adds functionality for businesses…",217,https://robertdevore.com/delivery-drivers-for-woocommerce/,"index, follow (default)",en,Robert DeVore,Delivery Drivers for WooCommerce,"Today I am happy to announce the release of my newest open source plugin, Delivery Drivers for WooCommerce . As you can probably guess by the name, it's a plugin for WooCommerce that adds functionality for businesses…",https://robertdevore.com/delivery-drivers-for-woocommerce/,article,,summary_large_image,Delivery Drivers for WooCommerce,"Today I am happy to announce the release of my newest open source plugin, Delivery Drivers for WooCommerce . As you can probably guess by the name, it's a plugin for WooCommerce that adds functionality for businesses…",,False,False,legacy meta keywords present; large Twitter card has no image
baseline,https://robertdevore.com/devio-digital/,content/posts/devio-digital.md,article,Devio Digital | Robert DeVore,29,It's taken me three tries to sit here and begin writing this blog post. I've put so much of myself into my work these last six months that I am feeling something unique to me; pride in myself and my work. Over the last…,219,https://robertdevore.com/devio-digital/,"index, follow (default)",en,Robert DeVore,Devio Digital,It's taken me three tries to sit here and begin writing this blog post. I've put so much of myself into my work these last six months that I am feeling something unique to me; pride in myself and my work. Over the last…,https://robertdevore.com/devio-digital/,article,,summary_large_image,Devio Digital,It's taken me three tries to sit here and begin writing this blog post. I've put so much of myself into my work these last six months that I am feeling something unique to me; pride in myself and my work. Over the last…,,False,False,legacy meta keywords present; large Twitter card has no image
baseline,https://robertdevore.com/dispensary-wordpress-plugins-2017/,content/posts/dispensary-wordpress-plugins-2017.md,article,Top Dispensary WordPress Plugins | Robert DeVore,48,Notice: This post has been updated for 2018. Within the last few months we've seen medical and recreational marijuana laws pass in 8 out of 9 states. This means there is going to be an influx of websites being built for…,220,https://robertdevore.com/dispensary-wordpress-plugins-2017/,"index, follow (default)",en,Robert DeVore,Top Dispensary WordPress Plugins,Notice: This post has been updated for 2018. Within the last few months we've seen medical and recreational marijuana laws pass in 8 out of 9 states. This means there is going to be an influx of websites being built for…,https://robertdevore.com/dispensary-wordpress-plugins-2017/,article,,summary_large_image,Top Dispensary WordPress Plugins,Notice: This post has been updated for 2018. Within the last few months we've seen medical and recreational marijuana laws pass in 8 out of 9 states. This means there is going to be an influx of websites being built for…,,False,False,legacy meta keywords present; large Twitter card has no image
baseline,https://robertdevore.com/do-less-deliver-more/,content/posts/do-less-deliver-more.md,article,"Do Less, Deliver More | Robert DeVore",37,"There's a lie that's been passed around in every business Slack channel, every ""educational"" YouTube video, every founder AMA: Do more to get ahead. ✅ More features. ✅ More tasks. ✅ More tools. ✅ More outreach. ✅ More…",218,https://robertdevore.com/do-less-deliver-more/,"index, follow (default)",en,Robert DeVore,"Do Less, Deliver More","There's a lie that's been passed around in every business Slack channel, every ""educational"" YouTube video, every founder AMA: Do more to get ahead. ✅ More features. ✅ More tasks. ✅ More tools. ✅ More outreach. ✅ More…",https://robertdevore.com/do-less-deliver-more/,article,,summary_large_image,"Do Less, Deliver More","There's a lie that's been passed around in every business Slack channel, every ""educational"" YouTube video, every founder AMA: Do more to get ahead. ✅ More features. ✅ More tasks. ✅ More tools. ✅ More outreach. ✅ More…",,False,False,legacy meta keywords present; large Twitter card has no image
baseline,https://robertdevore.com/docupress-documentation-plugin-for-wordpress/,content/posts/docupress-documentation-plugin-for-wordpress.md,article,DocuPress: documentation simplified. | Robert DeVore,52,"DocuPress is a documentation plugin for WordPress that lets you, you guessed it , add documentation directly from your website's WordPress dashboard. This is the 6th free plugin I've released in the WordPress plugin…",216,https://robertdevore.com/docupress-documentation-plugin-for-wordpress/,"index, follow (default)",en,Robert DeVore,DocuPress: documentation simplified.,"DocuPress is a documentation plugin for WordPress that lets you, you guessed it , add documentation directly from your website's WordPress dashboard. This is the 6th free plugin I've released in the WordPress plugin…",https://robertdevore.com/docupress-documentation-plugin-for-wordpress/,article,,summary_large_image,DocuPress: documentation simplified.,"DocuPress is a documentation plugin for WordPress that lets you, you guessed it , add documentation directly from your website's WordPress dashboard. This is the 6th free plugin I've released in the WordPress plugin…",,False,False,legacy meta keywords present; large Twitter card has no image
baseline,https://robertdevore.com/dont-shoot-the-messenger-choose-courage-over-convenience/,content/posts/dont-shoot-the-messenger-choose-courage-over-convenience.md,article,Don’t Shoot the Messenger: Choose Courage Over Convenience | Robert DeVore,74,"Over recent days, there’s been a lot of noise around my exchange with Kevin Geary, from the WP Townhall Debate on YouTube , to the public knowledge I gathered about his history of hate and racism and shared on social…",217,https://robertdevore.com/dont-shoot-the-messenger-choose-courage-over-convenience/,"index, follow (default)",en,Robert DeVore,Don’t Shoot the Messenger: Choose Courage Over Convenience,"Over recent days, there’s been a lot of noise around my exchange with Kevin Geary, from the WP Townhall Debate on YouTube , to the public knowledge I gathered about his history of hate and racism and shared on social…",https://robertdevore.com/dont-shoot-the-messenger-choose-courage-over-convenience/,article,,summary_large_image,Don’t Shoot the Messenger: Choose Courage Over Convenience,"Over recent days, there’s been a lot of noise around my exchange with Kevin Geary, from the WP Townhall Debate on YouTube , to the public knowledge I gathered about his history of hate and racism and shared on social…",,False,False,legacy meta keywords present; large Twitter card has no image
baseline,https://robertdevore.com/extreme-programming-for-extreme-leaders/,content/posts/extreme-programming-for-extreme-leaders.md,article,Extreme Programming for Extreme Leaders | Robert DeVore,55,"How disciplined developers ship faster, adapt smarter, and lead with code You don’t need permission. You don’t need a bloated roadmap or a management playbook. You need clarity, decisiveness, and the ability to turn…",216,https://robertdevore.com/extreme-programming-for-extreme-leaders/,"index, follow (default)",en,Robert DeVore,Extreme Programming for Extreme Leaders,"How disciplined developers ship faster, adapt smarter, and lead with code You don’t need permission. You don’t need a bloated roadmap or a management playbook. You need clarity, decisiveness, and the ability to turn…",https://robertdevore.com/extreme-programming-for-extreme-leaders/,article,,summary_large_image,Extreme Programming for Extreme Leaders,"How disciplined developers ship faster, adapt smarter, and lead with code You don’t need permission. You don’t need a bloated roadmap or a management playbook. You need clarity, decisiveness, and the ability to turn…",,False,False,legacy meta keywords present; large Twitter card has no image
baseline,https://robertdevore.com/focus/,content/posts/focus.md,article,Focus | Robert DeVore,21,"One question I've been asking myself lately is, how productive can you really claim to be if you 're not seeing results from your work ? Being motivated is great, and finding yourself putting a lot of rubber to the road…",220,https://robertdevore.com/focus/,"index, follow (default)",en,Robert DeVore,Focus,"One question I've been asking myself lately is, how productive can you really claim to be if you 're not seeing results from your work ? Being motivated is great, and finding yourself putting a lot of rubber to the road…",https://robertdevore.com/focus/,article,,summary_large_image,Focus,"One question I've been asking myself lately is, how productive can you really claim to be if you 're not seeing results from your work ? Being motivated is great, and finding yourself putting a lot of rubber to the road…",,False,False,legacy meta keywords present; large Twitter card has no image
baseline,https://robertdevore.com/forever-forward/,content/posts/forever-forward.md,article,Forever Forward | Robert DeVore,31,"I have been mostly quiet online for the last year. A lot of life fit inside the quiet silence. Most importantly, I gave myself room to think.",141,https://robertdevore.com/forever-forward/,"index, follow (default)",en,Robert DeVore,Forever Forward,"I have been mostly quiet online for the last year. A lot of life fit inside the quiet silence. Most importantly, I gave myself room to think.",https://robertdevore.com/forever-forward/,article,https://robertdevore.com/images/forever-forward-social-29e8020c49c5.webp,summary_large_image,Forever Forward,"I have been mostly quiet online for the last year. A lot of life fit inside the quiet silence. Most importantly, I gave myself room to think.",https://robertdevore.com/images/forever-forward-social-29e8020c49c5.webp,False,False,legacy meta keywords present
baseline,https://robertdevore.com/going-all-in-one-year-later/,content/posts/going-all-in-one-year-later.md,article,Going all in: One year later | Robert DeVore,44,"On this day last year I went all in with WP Dispensary, leaving behind 10+ years of full time freelancing. It was one of the most exciting times in my life, both professionally and personally. I felt a huge weight…",214,https://robertdevore.com/going-all-in-one-year-later/,"index, follow (default)",en,Robert DeVore,Going all in: One year later,"On this day last year I went all in with WP Dispensary, leaving behind 10+ years of full time freelancing. It was one of the most exciting times in my life, both professionally and personally. I felt a huge weight…",https://robertdevore.com/going-all-in-one-year-later/,article,,summary_large_image,Going all in: One year later,"On this day last year I went all in with WP Dispensary, leaving behind 10+ years of full time freelancing. It was one of the most exciting times in my life, both professionally and personally. I felt a huge weight…",,False,False,legacy meta keywords present; large Twitter card has no image
baseline,https://robertdevore.com/going-all-in-with-wp-dispensary/,content/posts/going-all-in-with-wp-dispensary.md,article,Going all in with WP Dispensary | Robert DeVore,47,"If not now, then when? Today is the day I start working full time on my own product! 90 days until Christmas 🙌 What are you doing to make the most of the time left? I'm going full time at @WPDispensary starting today…",217,https://robertdevore.com/going-all-in-with-wp-dispensary/,"index, follow (default)",en,Robert DeVore,Going all in with WP Dispensary,"If not now, then when? Today is the day I start working full time on my own product! 90 days until Christmas 🙌 What are you doing to make the most of the time left? I'm going full time at @WPDispensary starting today…",https://robertdevore.com/going-all-in-with-wp-dispensary/,article,,summary_large_image,Going all in with WP Dispensary,"If not now, then when? Today is the day I start working full time on my own product! 90 days until Christmas 🙌 What are you doing to make the most of the time left? I'm going full time at @WPDispensary starting today…",,False,False,legacy meta keywords present; large Twitter card has no image
baseline,https://robertdevore.com/goodbye-wordpress-a-eulogy/,content/posts/goodbye-wordpress-a-eulogy.md,article,Goodbye WordPress: A Eulogy | Robert DeVore,43,"From “ Thank You WordPress “, to “ WTF is WordPress? “, to this. The day WordPress becomes dead to me. From this day forward, I will not freely write another line of code for the WordPress® platform. No more releasing…",218,https://robertdevore.com/goodbye-wordpress-a-eulogy/,"index, follow (default)",en,Robert DeVore,Goodbye WordPress: A Eulogy,"From “ Thank You WordPress “, to “ WTF is WordPress? “, to this. The day WordPress becomes dead to me. From this day forward, I will not freely write another line of code for the WordPress® platform. No more releasing…",https://robertdevore.com/goodbye-wordpress-a-eulogy/,article,,summary_large_image,Goodbye WordPress: A Eulogy,"From “ Thank You WordPress “, to “ WTF is WordPress? “, to this. The day WordPress becomes dead to me. From this day forward, I will not freely write another line of code for the WordPress® platform. No more releasing…",,False,False,legacy meta keywords present; large Twitter card has no image
baseline,https://robertdevore.com/grateful-to-see-21-of-my-wordpress-plugins-live-on-at-webdevstudios/,content/posts/grateful-to-see-21-of-my-wordpress-plugins-live-on-at-webdevstudios.md,article,Grateful to See 20 of My WordPress Plugins Live On at WebDevStudios | Robert DeVore,83,"A little over a week ago, I announced that I was stepping away from the WordPress® community and giving away all of my open source plugins. It wasn’t a light decision, but it was the right one for me. Today, I want to…",218,https://robertdevore.com/grateful-to-see-21-of-my-wordpress-plugins-live-on-at-webdevstudios/,"index, follow (default)",en,Robert DeVore,Grateful to See 20 of My WordPress Plugins Live On at WebDevStudios,"A little over a week ago, I announced that I was stepping away from the WordPress® community and giving away all of my open source plugins. It wasn’t a light decision, but it was the right one for me. Today, I want to…",https://robertdevore.com/grateful-to-see-21-of-my-wordpress-plugins-live-on-at-webdevstudios/,article,,summary_large_image,Grateful to See 20 of My WordPress Plugins Live On at WebDevStudios,"A little over a week ago, I announced that I was stepping away from the WordPress® community and giving away all of my open source plugins. It wasn’t a light decision, but it was the right one for me. Today, I want to…",,False,False,legacy meta keywords present; large Twitter card has no image
baseline,https://robertdevore.com/hello-2017/,content/posts/hello-2017.md,article,Hello 2017 | Robert DeVore,26,"This isn't your average ""2017 Goals"" article with a list of bullshit and nonsense that I know damn well gets forgotten within the first couple of weeks into January. There's no exhaustive list of totally awesome shit I…",219,https://robertdevore.com/hello-2017/,"index, follow (default)",en,Robert DeVore,Hello 2017,"This isn't your average ""2017 Goals"" article with a list of bullshit and nonsense that I know damn well gets forgotten within the first couple of weeks into January. There's no exhaustive list of totally awesome shit I…",https://robertdevore.com/hello-2017/,article,,summary_large_image,Hello 2017,"This isn't your average ""2017 Goals"" article with a list of bullshit and nonsense that I know damn well gets forgotten within the first couple of weeks into January. There's no exhaustive list of totally awesome shit I…",,False,False,legacy meta keywords present; large Twitter card has no image
baseline,https://robertdevore.com/hello-plugin-pal-your-ai-powered-plugin-generator-for-wordpress/,content/posts/hello-plugin-pal-your-ai-powered-plugin-generator-for-wordpress.md,article,"Hello, Plugin Pal: Your AI Powered Plugin Generator for WordPress® | Robert DeVore",82,"What if I told you there’s a way to build WordPress® plugins that’s not just faster, but fundamentally better? That the tedious, time-consuming process of writing boilerplate code, debugging, and ensuring security could…",220,https://robertdevore.com/hello-plugin-pal-your-ai-powered-plugin-generator-for-wordpress/,"index, follow (default)",en,Robert DeVore,"Hello, Plugin Pal: Your AI Powered Plugin Generator for WordPress®","What if I told you there’s a way to build WordPress® plugins that’s not just faster, but fundamentally better? That the tedious, time-consuming process of writing boilerplate code, debugging, and ensuring security could…",https://robertdevore.com/hello-plugin-pal-your-ai-powered-plugin-generator-for-wordpress/,article,,summary_large_image,"Hello, Plugin Pal: Your AI Powered Plugin Generator for WordPress®","What if I told you there’s a way to build WordPress® plugins that’s not just faster, but fundamentally better? That the tedious, time-consuming process of writing boilerplate code, debugging, and ensuring security could…",,False,False,legacy meta keywords present; large Twitter card has no image
baseline,https://robertdevore.com/honoring-jesse-petersen-with-the-revival-of-stealth-login-page/,content/posts/honoring-jesse-petersen-with-the-revival-of-stealth-login-page.md,article,Honoring Jesse Petersen with the Revival of “Stealth Login Page” | Robert DeVore,80,"The WordPress® community has always been defined by its people – the contributors, developers, and advocates who have shaped the ecosystem into what it is today. Among these individuals, Jesse Petersen stood out as a…",217,https://robertdevore.com/honoring-jesse-petersen-with-the-revival-of-stealth-login-page/,"index, follow (default)",en,Robert DeVore,Honoring Jesse Petersen with the Revival of “Stealth Login Page”,"The WordPress® community has always been defined by its people – the contributors, developers, and advocates who have shaped the ecosystem into what it is today. Among these individuals, Jesse Petersen stood out as a…",https://robertdevore.com/honoring-jesse-petersen-with-the-revival-of-stealth-login-page/,article,,summary_large_image,Honoring Jesse Petersen with the Revival of “Stealth Login Page”,"The WordPress® community has always been defined by its people – the contributors, developers, and advocates who have shaped the ecosystem into what it is today. Among these individuals, Jesse Petersen stood out as a…",,False,False,legacy meta keywords present; large Twitter card has no image
baseline,https://robertdevore.com/host-your-wordpress-plugins-on-github-and-automate-plugin-packaging/,content/posts/host-your-wordpress-plugins-on-github-and-automate-plugin-packaging.md,article,Host Your WordPress Plugins on GitHub and Automate Plugin Packaging | Robert DeVore,83,"Let’s talk plugin distribution. Hosting your plugins on GitHub provides powerful benefits such as version control, collaboration, and easy sharing. But distributing your plugin as a proper .zip file for users can be…",216,https://robertdevore.com/host-your-wordpress-plugins-on-github-and-automate-plugin-packaging/,"index, follow (default)",en,Robert DeVore,Host Your WordPress Plugins on GitHub and Automate Plugin Packaging,"Let’s talk plugin distribution. Hosting your plugins on GitHub provides powerful benefits such as version control, collaboration, and easy sharing. But distributing your plugin as a proper .zip file for users can be…",https://robertdevore.com/host-your-wordpress-plugins-on-github-and-automate-plugin-packaging/,article,,summary_large_image,Host Your WordPress Plugins on GitHub and Automate Plugin Packaging,"Let’s talk plugin distribution. Hosting your plugins on GitHub provides powerful benefits such as version control, collaboration, and easy sharing. But distributing your plugin as a proper .zip file for users can be…",,False,False,legacy meta keywords present; large Twitter card has no image
baseline,https://robertdevore.com/how-a-security-audit-can-save-your-e-commerce-store-from-disaster/,content/posts/how-a-security-audit-can-save-your-e-commerce-store-from-disaster.md,article,How a Security Audit Can Save Your E-Commerce Store from Disaster | Robert DeVore,81,"Fact: If you run an e-commerce store, your security is either making you money or losing it . There’s no middle ground 🤷‍♂️ Every unpatched vulnerability, weak password, or outdated plugin is basically an invitation for…",220,https://robertdevore.com/how-a-security-audit-can-save-your-e-commerce-store-from-disaster/,"index, follow (default)",en,Robert DeVore,How a Security Audit Can Save Your E-Commerce Store from Disaster,"Fact: If you run an e-commerce store, your security is either making you money or losing it . There’s no middle ground 🤷‍♂️ Every unpatched vulnerability, weak password, or outdated plugin is basically an invitation for…",https://robertdevore.com/how-a-security-audit-can-save-your-e-commerce-store-from-disaster/,article,,summary_large_image,How a Security Audit Can Save Your E-Commerce Store from Disaster,"Fact: If you run an e-commerce store, your security is either making you money or losing it . There’s no middle ground 🤷‍♂️ Every unpatched vulnerability, weak password, or outdated plugin is basically an invitation for…",,False,False,legacy meta keywords present; large Twitter card has no image
baseline,https://robertdevore.com/how-hungry-are-you/,content/posts/how-hungry-are-you.md,article,“How hungry are you?” | Robert DeVore,37,"This question changed everything. I was in the middle of writing a blog post titled “Hitting pause”, outlining how I was going to be pushing back the CannaBiz Software launch and focus my efforts elsewhere. Then out of…",219,https://robertdevore.com/how-hungry-are-you/,"index, follow (default)",en,Robert DeVore,“How hungry are you?”,"This question changed everything. I was in the middle of writing a blog post titled “Hitting pause”, outlining how I was going to be pushing back the CannaBiz Software launch and focus my efforts elsewhere. Then out of…",https://robertdevore.com/how-hungry-are-you/,article,,summary_large_image,“How hungry are you?”,"This question changed everything. I was in the middle of writing a blog post titled “Hitting pause”, outlining how I was going to be pushing back the CannaBiz Software launch and focus my efforts elsewhere. Then out of…",,False,False,legacy meta keywords present; large Twitter card has no image
baseline,https://robertdevore.com/how-i-use-textexpander-to-reuse-my-best-ai-prompts/,content/posts/how-i-use-textexpander-to-reuse-my-best-ai-prompts.md,article,How I Use TextExpander to Reuse My Best AI Prompts | Robert DeVore,66,"Most AI tools are bad at memory - I mean, bad-bad . You come up with a strong prompt, you use it, and it works. Then it's gone. Lost in the sidebar, buried in a thread, or locked into one app's context window. And when…",219,https://robertdevore.com/how-i-use-textexpander-to-reuse-my-best-ai-prompts/,"index, follow (default)",en,Robert DeVore,How I Use TextExpander to Reuse My Best AI Prompts,"Most AI tools are bad at memory - I mean, bad-bad . You come up with a strong prompt, you use it, and it works. Then it's gone. Lost in the sidebar, buried in a thread, or locked into one app's context window. And when…",https://robertdevore.com/how-i-use-textexpander-to-reuse-my-best-ai-prompts/,article,,summary_large_image,How I Use TextExpander to Reuse My Best AI Prompts,"Most AI tools are bad at memory - I mean, bad-bad . You come up with a strong prompt, you use it, and it works. Then it's gone. Lost in the sidebar, buried in a thread, or locked into one app's context window. And when…",,False,False,legacy meta keywords present; large Twitter card has no image
baseline,https://robertdevore.com/how-to-block-website-tracking-data-in-woocommerce/,content/posts/how-to-block-website-tracking-data-in-woocommerce.md,article,How to Block Website Tracking Data in WooCommerce® | Robert DeVore,66,"Let’s be perfectly clear here: WooCommerce’s reliance on tracking.woocommerce.com to gather telemetry data about your site is an overreach that we’re going to rectify today. While data collection isn’t inherently bad,…",218,https://robertdevore.com/how-to-block-website-tracking-data-in-woocommerce/,"index, follow (default)",en,Robert DeVore,How to Block Website Tracking Data in WooCommerce®,"Let’s be perfectly clear here: WooCommerce’s reliance on tracking.woocommerce.com to gather telemetry data about your site is an overreach that we’re going to rectify today. While data collection isn’t inherently bad,…",https://robertdevore.com/how-to-block-website-tracking-data-in-woocommerce/,article,,summary_large_image,How to Block Website Tracking Data in WooCommerce®,"Let’s be perfectly clear here: WooCommerce’s reliance on tracking.woocommerce.com to gather telemetry data about your site is an overreach that we’re going to rectify today. While data collection isn’t inherently bad,…",,False,False,legacy meta keywords present; large Twitter card has no image
baseline,https://robertdevore.com/how-to-build-a-content-engine-that-scales-with-you/,content/posts/how-to-build-a-content-engine-that-scales-with-you.md,article,How to build a content engine that scales with you | Robert DeVore,66,"You published your first post. Then your second. By the third, you’re tired. The fourth? Forgotten. And the fifth one? Still sitting in drafts. This is what happens when content depends entirely on willpower. No…",212,https://robertdevore.com/how-to-build-a-content-engine-that-scales-with-you/,"index, follow (default)",en,Robert DeVore,How to build a content engine that scales with you,"You published your first post. Then your second. By the third, you’re tired. The fourth? Forgotten. And the fifth one? Still sitting in drafts. This is what happens when content depends entirely on willpower. No…",https://robertdevore.com/how-to-build-a-content-engine-that-scales-with-you/,article,,summary_large_image,How to build a content engine that scales with you,"You published your first post. Then your second. By the third, you’re tired. The fourth? Forgotten. And the fifth one? Still sitting in drafts. This is what happens when content depends entirely on willpower. No…",,False,False,legacy meta keywords present; large Twitter card has no image
baseline,https://robertdevore.com/how-to-build-modular-prompts-that-save-you-hours-per-week/,content/posts/how-to-build-modular-prompts-that-save-you-hours-per-week.md,article,How to Build Modular Prompts That Save You Hours Per Week | Robert DeVore,73,"If you're typing out a brand-new prompt every time you sit down to write, you're wasting time - and likely getting inconsistent results. This post fixes that. Because the secret to writing faster, better content with AI…",220,https://robertdevore.com/how-to-build-modular-prompts-that-save-you-hours-per-week/,"index, follow (default)",en,Robert DeVore,How to Build Modular Prompts That Save You Hours Per Week,"If you're typing out a brand-new prompt every time you sit down to write, you're wasting time - and likely getting inconsistent results. This post fixes that. Because the secret to writing faster, better content with AI…",https://robertdevore.com/how-to-build-modular-prompts-that-save-you-hours-per-week/,article,,summary_large_image,How to Build Modular Prompts That Save You Hours Per Week,"If you're typing out a brand-new prompt every time you sit down to write, you're wasting time - and likely getting inconsistent results. This post fixes that. Because the secret to writing faster, better content with AI…",,False,False,legacy meta keywords present; large Twitter card has no image
baseline,https://robertdevore.com/how-to-customize-the-style-of-your-wordpress-login-screen/,content/posts/how-to-customize-the-style-of-your-wordpress-login-screen.md,article,How to customize the style of your WordPress login screen | Robert DeVore,73,This post is going to show you how to add a few small code snippets to change the appearance of the WordPress login screen. We’ll walk through the process of changing the default WordPress logo to your own using the…,216,https://robertdevore.com/how-to-customize-the-style-of-your-wordpress-login-screen/,"index, follow (default)",en,Robert DeVore,How to customize the style of your WordPress login screen,This post is going to show you how to add a few small code snippets to change the appearance of the WordPress login screen. We’ll walk through the process of changing the default WordPress logo to your own using the…,https://robertdevore.com/how-to-customize-the-style-of-your-wordpress-login-screen/,article,,summary_large_image,How to customize the style of your WordPress login screen,This post is going to show you how to add a few small code snippets to change the appearance of the WordPress login screen. We’ll walk through the process of changing the default WordPress logo to your own using the…,,False,False,legacy meta keywords present; large Twitter card has no image
baseline,https://robertdevore.com/how-to-edit-ai-content-so-it-feels-clean-not-robotic/,content/posts/how-to-edit-ai-content-so-it-feels-clean-not-robotic.md,article,"How to edit AI content so it feels clean, not robotic | Robert DeVore",69,"You let AI write your first draft. Smart move. But now you're reading it back … and something’s off. It’s not wrong. It’s just soulless. Technically solid, and emotionally sterile. It says things, but it doesn’t say…",216,https://robertdevore.com/how-to-edit-ai-content-so-it-feels-clean-not-robotic/,"index, follow (default)",en,Robert DeVore,"How to edit AI content so it feels clean, not robotic","You let AI write your first draft. Smart move. But now you're reading it back … and something’s off. It’s not wrong. It’s just soulless. Technically solid, and emotionally sterile. It says things, but it doesn’t say…",https://robertdevore.com/how-to-edit-ai-content-so-it-feels-clean-not-robotic/,article,,summary_large_image,"How to edit AI content so it feels clean, not robotic","You let AI write your first draft. Smart move. But now you're reading it back … and something’s off. It’s not wrong. It’s just soulless. Technically solid, and emotionally sterile. It says things, but it doesn’t say…",,False,False,legacy meta keywords present; large Twitter card has no image
baseline,https://robertdevore.com/how-to-stop-your-plugins-themes-from-being-used-on-wordpress-com-hosting/,content/posts/how-to-stop-your-plugins-themes-from-being-used-on-wordpress-com-hosting.md,article,How to Stop Your Plugins & Themes from Being Used on WordPress.com Hosting | Robert DeVore,90,"In recent months, the WordPress® community has faced increasing challenges stemming from nuclear decisions made by Automattic’s CEO, Matthew Charles Mullenweg. During WordCamp US 2024, Mullenweg launched what he…",212,https://robertdevore.com/how-to-stop-your-plugins-themes-from-being-used-on-wordpress-com-hosting/,"index, follow (default)",en,Robert DeVore,How to Stop Your Plugins & Themes from Being Used on WordPress.com Hosting,"In recent months, the WordPress® community has faced increasing challenges stemming from nuclear decisions made by Automattic’s CEO, Matthew Charles Mullenweg. During WordCamp US 2024, Mullenweg launched what he…",https://robertdevore.com/how-to-stop-your-plugins-themes-from-being-used-on-wordpress-com-hosting/,article,,summary_large_image,How to Stop Your Plugins & Themes from Being Used on WordPress.com Hosting,"In recent months, the WordPress® community has faced increasing challenges stemming from nuclear decisions made by Automattic’s CEO, Matthew Charles Mullenweg. During WordCamp US 2024, Mullenweg launched what he…",,False,False,legacy meta keywords present; large Twitter card has no image
baseline,https://robertdevore.com/how-to-teach-ai-to-match-your-voice/,content/posts/how-to-teach-ai-to-match-your-voice.md,article,How to teach AI to match your voice | Robert DeVore,51,"Most people ask AI to ""sound more like me"" - then get frustrated when it doesn't. But here's the truth: AI can't match your voice if you don't know what your voice actually sounds like. You don't need branding decks or…",219,https://robertdevore.com/how-to-teach-ai-to-match-your-voice/,"index, follow (default)",en,Robert DeVore,How to teach AI to match your voice,"Most people ask AI to ""sound more like me"" - then get frustrated when it doesn't. But here's the truth: AI can't match your voice if you don't know what your voice actually sounds like. You don't need branding decks or…",https://robertdevore.com/how-to-teach-ai-to-match-your-voice/,article,,summary_large_image,How to teach AI to match your voice,"Most people ask AI to ""sound more like me"" - then get frustrated when it doesn't. But here's the truth: AI can't match your voice if you don't know what your voice actually sounds like. You don't need branding decks or…",,False,False,legacy meta keywords present; large Twitter card has no image
baseline,https://robertdevore.com/how-to-use-ai-to-research-validate-ideas-and-stay-relevant/,content/posts/how-to-use-ai-to-research-validate-ideas-and-stay-relevant.md,article,"How to Use AI to Research, Validate Ideas, and Stay Relevant | Robert DeVore",76,"Let's be honest: Most ""AI research"" is just asking ChatGPT, "" Give me 10 blog post ideas about [insert niche]"" … and hoping one of them sticks. It's fast, and it feels** productive. But it's usually just slop dressed up…",220,https://robertdevore.com/how-to-use-ai-to-research-validate-ideas-and-stay-relevant/,"index, follow (default)",en,Robert DeVore,"How to Use AI to Research, Validate Ideas, and Stay Relevant","Let's be honest: Most ""AI research"" is just asking ChatGPT, "" Give me 10 blog post ideas about [insert niche]"" … and hoping one of them sticks. It's fast, and it feels** productive. But it's usually just slop dressed up…",https://robertdevore.com/how-to-use-ai-to-research-validate-ideas-and-stay-relevant/,article,,summary_large_image,"How to Use AI to Research, Validate Ideas, and Stay Relevant","Let's be honest: Most ""AI research"" is just asking ChatGPT, "" Give me 10 blog post ideas about [insert niche]"" … and hoping one of them sticks. It's fast, and it feels** productive. But it's usually just slop dressed up…",,False,False,legacy meta keywords present; large Twitter card has no image
baseline,https://robertdevore.com/how-to-write-prompts-that-get-the-tone-structure-and-intent-right/,content/posts/how-to-write-prompts-that-get-the-tone-structure-and-intent-right.md,article,"How to Write Prompts That Get the Tone, Structure, and Intent Right | Robert DeVore",83,"If you’ve ever typed a prompt into ChatGPT, hit enter, and thought … “Well, that’s not quite it” … you’re not alone. That moment of disappointment usually comes from a mismatch between what you meant and what you asked…",219,https://robertdevore.com/how-to-write-prompts-that-get-the-tone-structure-and-intent-right/,"index, follow (default)",en,Robert DeVore,"How to Write Prompts That Get the Tone, Structure, and Intent Right","If you’ve ever typed a prompt into ChatGPT, hit enter, and thought … “Well, that’s not quite it” … you’re not alone. That moment of disappointment usually comes from a mismatch between what you meant and what you asked…",https://robertdevore.com/how-to-write-prompts-that-get-the-tone-structure-and-intent-right/,article,,summary_large_image,"How to Write Prompts That Get the Tone, Structure, and Intent Right","If you’ve ever typed a prompt into ChatGPT, hit enter, and thought … “Well, that’s not quite it” … you’re not alone. That moment of disappointment usually comes from a mismatch between what you meant and what you asked…",,False,False,legacy meta keywords present; large Twitter card has no image
baseline,https://robertdevore.com/hue-js/,content/posts/hue-js.md,article,? hue.js | Robert DeVore,24,"I forked a color picker for WordPress I know what you're thinking. _Isn 't there a color picker in WordPress already? _ Yeah … ? Not another color picker?!?! Why a color picker for WordPress? Technically, the hue.js…",216,https://robertdevore.com/hue-js/,"index, follow (default)",en,Robert DeVore,? hue.js,"I forked a color picker for WordPress I know what you're thinking. _Isn 't there a color picker in WordPress already? _ Yeah … ? Not another color picker?!?! Why a color picker for WordPress? Technically, the hue.js…",https://robertdevore.com/hue-js/,article,,summary_large_image,? hue.js,"I forked a color picker for WordPress I know what you're thinking. _Isn 't there a color picker in WordPress already? _ Yeah … ? Not another color picker?!?! Why a color picker for WordPress? Technically, the hue.js…",,False,False,legacy meta keywords present; large Twitter card has no image
baseline,https://robertdevore.com/i-built-a-python-stego-cipher-tool-and-you-can-have-it/,content/posts/i-built-a-python-stego-cipher-tool-and-you-can-have-it.md,article,I Built a Python Stego-Cipher Tool (And You Can Have It) | Robert DeVore,72,"Back in 2022, I got the itch (no, not that itch) An itch to build a cipher. A custom cipher that I could call my own. Why? IDK. Probably too much spy shit on TV. 😂 So I scratched the itch. I came up with a system where…",219,https://robertdevore.com/i-built-a-python-stego-cipher-tool-and-you-can-have-it/,"index, follow (default)",en,Robert DeVore,I Built a Python Stego-Cipher Tool (And You Can Have It),"Back in 2022, I got the itch (no, not that itch) An itch to build a cipher. A custom cipher that I could call my own. Why? IDK. Probably too much spy shit on TV. 😂 So I scratched the itch. I came up with a system where…",https://robertdevore.com/i-built-a-python-stego-cipher-tool-and-you-can-have-it/,article,,summary_large_image,I Built a Python Stego-Cipher Tool (And You Can Have It),"Back in 2022, I got the itch (no, not that itch) An itch to build a cipher. A custom cipher that I could call my own. Why? IDK. Probably too much spy shit on TV. 😂 So I scratched the itch. I came up with a system where…",,False,False,legacy meta keywords present; large Twitter card has no image
baseline,https://robertdevore.com/i-just-launched-a-python-course-for-php-developers/,content/posts/i-just-launched-a-python-course-for-php-developers.md,article,I Just Launched a Python Course for PHP Developers | Robert DeVore,66,"After 20+ years of wrestling with WordPress and PHP, I’ve had enough . If you’ve been writing PHP for years – wrangling WordPress® sites, duct-taping functions together, or shipping WooCommerce hacks – this is for you.…",219,https://robertdevore.com/i-just-launched-a-python-course-for-php-developers/,"index, follow (default)",en,Robert DeVore,I Just Launched a Python Course for PHP Developers,"After 20+ years of wrestling with WordPress and PHP, I’ve had enough . If you’ve been writing PHP for years – wrangling WordPress® sites, duct-taping functions together, or shipping WooCommerce hacks – this is for you.…",https://robertdevore.com/i-just-launched-a-python-course-for-php-developers/,article,,summary_large_image,I Just Launched a Python Course for PHP Developers,"After 20+ years of wrestling with WordPress and PHP, I’ve had enough . If you’ve been writing PHP for years – wrangling WordPress® sites, duct-taping functions together, or shipping WooCommerce hacks – this is for you.…",,False,False,legacy meta keywords present; large Twitter card has no image
baseline,https://robertdevore.com/im-freelancing-again/,content/posts/im-freelancing-again.md,article,I’m freelancing again | Robert DeVore,37,"At the end of 2019, I made a big shift – I took a full-time job for the first time in nearly 15 years. It was right before my first kid was born, and just a few months later, COVID hit. Looking back, the timing couldn’t…",220,https://robertdevore.com/im-freelancing-again/,"index, follow (default)",en,Robert DeVore,I’m freelancing again,"At the end of 2019, I made a big shift – I took a full-time job for the first time in nearly 15 years. It was right before my first kid was born, and just a few months later, COVID hit. Looking back, the timing couldn’t…",https://robertdevore.com/im-freelancing-again/,article,,summary_large_image,I’m freelancing again,"At the end of 2019, I made a big shift – I took a full-time job for the first time in nearly 15 years. It was right before my first kid was born, and just a few months later, COVID hit. Looking back, the timing couldn’t…",,False,False,legacy meta keywords present; large Twitter card has no image
baseline,https://robertdevore.com/improve-cls-scores-by-dynamically-setting-image-width-and-height/,content/posts/improve-cls-scores-by-dynamically-setting-image-width-and-height.md,article,Improve CLS scores by dynamically setting image width and height | Robert DeVore,80,"While working on WordPress performance optimization for myself and for my clients, I’ve come across an issue that repeatedly affected CLS scores in a negative way. Luckily for myself (and now you, too), I created a fix…",219,https://robertdevore.com/improve-cls-scores-by-dynamically-setting-image-width-and-height/,"index, follow (default)",en,Robert DeVore,Improve CLS scores by dynamically setting image width and height,"While working on WordPress performance optimization for myself and for my clients, I’ve come across an issue that repeatedly affected CLS scores in a negative way. Luckily for myself (and now you, too), I created a fix…",https://robertdevore.com/improve-cls-scores-by-dynamically-setting-image-width-and-height/,article,,summary_large_image,Improve CLS scores by dynamically setting image width and height,"While working on WordPress performance optimization for myself and for my clients, I’ve come across an issue that repeatedly affected CLS scores in a negative way. Luckily for myself (and now you, too), I created a fix…",,False,False,legacy meta keywords present; large Twitter card has no image
baseline,https://robertdevore.com/intellipress-the-smart-af-ai-assistant-for-wordpress/,content/posts/intellipress-the-smart-af-ai-assistant-for-wordpress.md,article,IntelliPress: The Smart AF AI Assistant for WordPress® | Robert DeVore,70,"Let’s be real – managing a WordPress® site is a full-time job, and I’m not even talking about page speed optimization , server maintenance, security audits , etc. Writing content? Takes forever. SEO? A god damn maze.…",217,https://robertdevore.com/intellipress-the-smart-af-ai-assistant-for-wordpress/,"index, follow (default)",en,Robert DeVore,IntelliPress: The Smart AF AI Assistant for WordPress®,"Let’s be real – managing a WordPress® site is a full-time job, and I’m not even talking about page speed optimization , server maintenance, security audits , etc. Writing content? Takes forever. SEO? A god damn maze.…",https://robertdevore.com/intellipress-the-smart-af-ai-assistant-for-wordpress/,article,,summary_large_image,IntelliPress: The Smart AF AI Assistant for WordPress®,"Let’s be real – managing a WordPress® site is a full-time job, and I’m not even talking about page speed optimization , server maintenance, security audits , etc. Writing content? Takes forever. SEO? A god damn maze.…",,False,False,legacy meta keywords present; large Twitter card has no image
baseline,https://robertdevore.com/introducing-an-experimental-new-plugin-email-designer-for-woocommerce/,content/posts/introducing-an-experimental-new-plugin-email-designer-for-woocommerce.md,article,Introducing an experimental new plugin: Email Designer for WooCommerce® | Robert DeVore,87,WooCommerce emails have always been a pain point for store owners looking to create beautifully branded transactional emails without diving deep into custom PHP templates. While WooCommerce recently improved its email…,218,https://robertdevore.com/introducing-an-experimental-new-plugin-email-designer-for-woocommerce/,"index, follow (default)",en,Robert DeVore,Introducing an experimental new plugin: Email Designer for WooCommerce®,WooCommerce emails have always been a pain point for store owners looking to create beautifully branded transactional emails without diving deep into custom PHP templates. While WooCommerce recently improved its email…,https://robertdevore.com/introducing-an-experimental-new-plugin-email-designer-for-woocommerce/,article,,summary_large_image,Introducing an experimental new plugin: Email Designer for WooCommerce®,WooCommerce emails have always been a pain point for store owners looking to create beautifully branded transactional emails without diving deep into custom PHP templates. While WooCommerce recently improved its email…,,False,False,legacy meta keywords present; large Twitter card has no image
baseline,https://robertdevore.com/introducing-associated-taxonomies-for-wordpress/,content/posts/introducing-associated-taxonomies-for-wordpress.md,article,Introducing Associated Taxonomies for WordPress® | Robert DeVore,64,"I’m thrilled to announce the release of Associated Taxonomies , a free WordPress® plugin designed to streamline taxonomy management by enabling you to associate terms within the same taxonomy. This plugin was built with…",220,https://robertdevore.com/introducing-associated-taxonomies-for-wordpress/,"index, follow (default)",en,Robert DeVore,Introducing Associated Taxonomies for WordPress®,"I’m thrilled to announce the release of Associated Taxonomies , a free WordPress® plugin designed to streamline taxonomy management by enabling you to associate terms within the same taxonomy. This plugin was built with…",https://robertdevore.com/introducing-associated-taxonomies-for-wordpress/,article,,summary_large_image,Introducing Associated Taxonomies for WordPress®,"I’m thrilled to announce the release of Associated Taxonomies , a free WordPress® plugin designed to streamline taxonomy management by enabling you to associate terms within the same taxonomy. This plugin was built with…",,False,False,legacy meta keywords present; large Twitter card has no image
baseline,https://robertdevore.com/introducing-automattic-css-an-open-source-css-utility-framework/,content/posts/introducing-automattic-css-an-open-source-css-utility-framework.md,article,Introducing automattic.css – An open source CSS Utility Framework | Robert DeVore,81,"Today I’m releasing v0.1.0 of automattic.css – a new utility-first CSS framework inspired by the structure and philosophy of Automatic.css, but with a twist: it’s lean, builder-agnostic, and open to the community from…",218,https://robertdevore.com/introducing-automattic-css-an-open-source-css-utility-framework/,"index, follow (default)",en,Robert DeVore,Introducing automattic.css – An open source CSS Utility Framework,"Today I’m releasing v0.1.0 of automattic.css – a new utility-first CSS framework inspired by the structure and philosophy of Automatic.css, but with a twist: it’s lean, builder-agnostic, and open to the community from…",https://robertdevore.com/introducing-automattic-css-an-open-source-css-utility-framework/,article,,summary_large_image,Introducing automattic.css – An open source CSS Utility Framework,"Today I’m releasing v0.1.0 of automattic.css – a new utility-first CSS framework inspired by the structure and philosophy of Automatic.css, but with a twist: it’s lean, builder-agnostic, and open to the community from…",,False,False,legacy meta keywords present; large Twitter card has no image
baseline,https://robertdevore.com/introducing-back-in-stock-notifications-for-woocommerce/,content/posts/introducing-back-in-stock-notifications-for-woocommerce.md,article,Introducing Back In Stock Notifications for WooCommerce® | Robert DeVore,72,Today I am super excited to introduce the release of my newest free plugin – Back In Stock Notifications 🚀 This is a 100% free plugin for WooCommerce® that lets your customers stay connected with products they love…,215,https://robertdevore.com/introducing-back-in-stock-notifications-for-woocommerce/,"index, follow (default)",en,Robert DeVore,Introducing Back In Stock Notifications for WooCommerce®,Today I am super excited to introduce the release of my newest free plugin – Back In Stock Notifications 🚀 This is a 100% free plugin for WooCommerce® that lets your customers stay connected with products they love…,https://robertdevore.com/introducing-back-in-stock-notifications-for-woocommerce/,article,,summary_large_image,Introducing Back In Stock Notifications for WooCommerce®,Today I am super excited to introduce the release of my newest free plugin – Back In Stock Notifications 🚀 This is a 100% free plugin for WooCommerce® that lets your customers stay connected with products they love…,,False,False,legacy meta keywords present; large Twitter card has no image
baseline,https://robertdevore.com/introducing-barcodes-for-woocommerce-free/,content/posts/introducing-barcodes-for-woocommerce-free.md,article,Introducing Barcodes for WooCommerce® (free) | Robert DeVore,60,"I’m thrilled to announce the release of Barcodes for WooCommerce® , a free plugin I’ve developed to make managing WooCommerce® stores more efficient. By integrating QR code functionality, this tool simplifies how you…",217,https://robertdevore.com/introducing-barcodes-for-woocommerce-free/,"index, follow (default)",en,Robert DeVore,Introducing Barcodes for WooCommerce® (free),"I’m thrilled to announce the release of Barcodes for WooCommerce® , a free plugin I’ve developed to make managing WooCommerce® stores more efficient. By integrating QR code functionality, this tool simplifies how you…",https://robertdevore.com/introducing-barcodes-for-woocommerce-free/,article,,summary_large_image,Introducing Barcodes for WooCommerce® (free),"I’m thrilled to announce the release of Barcodes for WooCommerce® , a free plugin I’ve developed to make managing WooCommerce® stores more efficient. By integrating QR code functionality, this tool simplifies how you…",,False,False,legacy meta keywords present; large Twitter card has no image
baseline,https://robertdevore.com/introducing-benchpress/,content/posts/introducing-benchpress.md,article,Introducing BenchPress: Performance Benchmarks for WordPress® | Robert DeVore,77,"I’m pumped to announce the release of BenchPress , a free WordPress® plugin designed to help developers identify performance bottlenecks in our code and optimize for speed! BenchPress provides an easy way to measure the…",220,https://robertdevore.com/introducing-benchpress/,"index, follow (default)",en,Robert DeVore,Introducing BenchPress: Performance Benchmarks for WordPress®,"I’m pumped to announce the release of BenchPress , a free WordPress® plugin designed to help developers identify performance bottlenecks in our code and optimize for speed! BenchPress provides an easy way to measure the…",https://robertdevore.com/introducing-benchpress/,article,,summary_large_image,Introducing BenchPress: Performance Benchmarks for WordPress®,"I’m pumped to announce the release of BenchPress , a free WordPress® plugin designed to help developers identify performance bottlenecks in our code and optimize for speed! BenchPress provides an easy way to measure the…",,False,False,legacy meta keywords present; large Twitter card has no image
baseline,https://robertdevore.com/introducing-block-ai-crawlers-for-wordpress/,content/posts/introducing-block-ai-crawlers-for-wordpress.md,article,Introducing Block AI Crawlers for WordPress® | Robert DeVore,60,"I’m excited to announce the release of Block AI Crawlers , a new WordPress plugin designed to give website owners control over how AI crawlers interact with their site. This lightweight, user-friendly plugin makes it…",217,https://robertdevore.com/introducing-block-ai-crawlers-for-wordpress/,"index, follow (default)",en,Robert DeVore,Introducing Block AI Crawlers for WordPress®,"I’m excited to announce the release of Block AI Crawlers , a new WordPress plugin designed to give website owners control over how AI crawlers interact with their site. This lightweight, user-friendly plugin makes it…",https://robertdevore.com/introducing-block-ai-crawlers-for-wordpress/,article,,summary_large_image,Introducing Block AI Crawlers for WordPress®,"I’m excited to announce the release of Block AI Crawlers , a new WordPress plugin designed to give website owners control over how AI crawlers interact with their site. This lightweight, user-friendly plugin makes it…",,False,False,legacy meta keywords present; large Twitter card has no image
baseline,https://robertdevore.com/introducing-bluesky-feed-for-wordpress/,content/posts/introducing-bluesky-feed-for-wordpress.md,article,Introducing Bluesky Feed for WordPress® | Robert DeVore,55,"I’m excited to announce the release of my latest free plugin, Bluesky Feed for WordPress® 🚀 This is a free WordPress plugin designed to integrate your Bluesky feed into your WordPress® powered website. Whether you’re…",217,https://robertdevore.com/introducing-bluesky-feed-for-wordpress/,"index, follow (default)",en,Robert DeVore,Introducing Bluesky Feed for WordPress®,"I’m excited to announce the release of my latest free plugin, Bluesky Feed for WordPress® 🚀 This is a free WordPress plugin designed to integrate your Bluesky feed into your WordPress® powered website. Whether you’re…",https://robertdevore.com/introducing-bluesky-feed-for-wordpress/,article,,summary_large_image,Introducing Bluesky Feed for WordPress®,"I’m excited to announce the release of my latest free plugin, Bluesky Feed for WordPress® 🚀 This is a free WordPress plugin designed to integrate your Bluesky feed into your WordPress® powered website. Whether you’re…",,False,False,legacy meta keywords present; large Twitter card has no image
baseline,https://robertdevore.com/introducing-brands-for-woocommerce-free/,content/posts/introducing-brands-for-woocommerce-free.md,article,Introducing Brands for WooCommerce® (free) | Robert DeVore,58,"Just a few days ago, WooCommerce® officially added a brands integration as a feature flag option, available by default some time in December. However, this late addition of the brands functionality in Woo Core and the…",218,https://robertdevore.com/introducing-brands-for-woocommerce-free/,"index, follow (default)",en,Robert DeVore,Introducing Brands for WooCommerce® (free),"Just a few days ago, WooCommerce® officially added a brands integration as a feature flag option, available by default some time in December. However, this late addition of the brands functionality in Woo Core and the…",https://robertdevore.com/introducing-brands-for-woocommerce-free/,article,,summary_large_image,Introducing Brands for WooCommerce® (free),"Just a few days ago, WooCommerce® officially added a brands integration as a feature flag option, available by default some time in December. However, this late addition of the brands functionality in Woo Core and the…",,False,False,legacy meta keywords present; large Twitter card has no image
baseline,https://robertdevore.com/introducing-broken-image-scanner/,content/posts/introducing-broken-image-scanner.md,article,Introducing Broken Image Scanner | Robert DeVore,48,"Let’s face it: broken image links are like ghosts haunting your website – annoying, scary for your users, and not great for your SEO. That’s why I’m excited to release the Broken Image Scanner , a free WordPress® plugin…",220,https://robertdevore.com/introducing-broken-image-scanner/,"index, follow (default)",en,Robert DeVore,Introducing Broken Image Scanner,"Let’s face it: broken image links are like ghosts haunting your website – annoying, scary for your users, and not great for your SEO. That’s why I’m excited to release the Broken Image Scanner , a free WordPress® plugin…",https://robertdevore.com/introducing-broken-image-scanner/,article,,summary_large_image,Introducing Broken Image Scanner,"Let’s face it: broken image links are like ghosts haunting your website – annoying, scary for your users, and not great for your SEO. That’s why I’m excited to release the Broken Image Scanner , a free WordPress® plugin…",,False,False,legacy meta keywords present; large Twitter card has no image
baseline,https://robertdevore.com/introducing-bulk-stock-management-for-woocommerce-free/,content/posts/introducing-bulk-stock-management-for-woocommerce-free.md,article,Introducing Bulk Stock Management for WooCommerce® (free) | Robert DeVore,73,"It’s WooWednesday again, and I’m happy to introduce Bulk Stock Management for WooCommerce® – a free plugin designed to simplify your stock management workflow. Whether you’re managing hundreds of products or just a few,…",220,https://robertdevore.com/introducing-bulk-stock-management-for-woocommerce-free/,"index, follow (default)",en,Robert DeVore,Introducing Bulk Stock Management for WooCommerce® (free),"It’s WooWednesday again, and I’m happy to introduce Bulk Stock Management for WooCommerce® – a free plugin designed to simplify your stock management workflow. Whether you’re managing hundreds of products or just a few,…",https://robertdevore.com/introducing-bulk-stock-management-for-woocommerce-free/,article,,summary_large_image,Introducing Bulk Stock Management for WooCommerce® (free),"It’s WooWednesday again, and I’m happy to introduce Bulk Stock Management for WooCommerce® – a free plugin designed to simplify your stock management workflow. Whether you’re managing hundreds of products or just a few,…",,False,False,legacy meta keywords present; large Twitter card has no image
baseline,https://robertdevore.com/introducing-content-restriction-for-wordpress/,content/posts/introducing-content-restriction-for-wordpress.md,article,Introducing Content Restriction for WordPress® | Robert DeVore,62,"I’m excited to announce the launch of my 6th new free plugin in the last 11 days 🚀 Content Restriction for WordPress® , a sophisticatedly simple solution for managing content visibility on your WordPress® site. With the…",220,https://robertdevore.com/introducing-content-restriction-for-wordpress/,"index, follow (default)",en,Robert DeVore,Introducing Content Restriction for WordPress®,"I’m excited to announce the launch of my 6th new free plugin in the last 11 days 🚀 Content Restriction for WordPress® , a sophisticatedly simple solution for managing content visibility on your WordPress® site. With the…",https://robertdevore.com/introducing-content-restriction-for-wordpress/,article,,summary_large_image,Introducing Content Restriction for WordPress®,"I’m excited to announce the launch of my 6th new free plugin in the last 11 days 🚀 Content Restriction for WordPress® , a sophisticatedly simple solution for managing content visibility on your WordPress® site. With the…",,False,False,legacy meta keywords present; large Twitter card has no image
baseline,https://robertdevore.com/introducing-delete-inactive-users/,content/posts/introducing-delete-inactive-users.md,article,Introducing Delete Inactive Users | Robert DeVore,49,"Managing a WordPress® website can often feel like a juggling act, especially when dealing with thousands of users. Keeping your database lean and mean is not just about performance; it’s also about maintaining clean,…",217,https://robertdevore.com/introducing-delete-inactive-users/,"index, follow (default)",en,Robert DeVore,Introducing Delete Inactive Users,"Managing a WordPress® website can often feel like a juggling act, especially when dealing with thousands of users. Keeping your database lean and mean is not just about performance; it’s also about maintaining clean,…",https://robertdevore.com/introducing-delete-inactive-users/,article,,summary_large_image,Introducing Delete Inactive Users,"Managing a WordPress® website can often feel like a juggling act, especially when dealing with thousands of users. Keeping your database lean and mean is not just about performance; it’s also about maintaining clean,…",,False,False,legacy meta keywords present; large Twitter card has no image
baseline,https://robertdevore.com/introducing-digg-this-a-social-sharing-plugin-for-wordpress/,content/posts/introducing-digg-this-a-social-sharing-plugin-for-wordpress.md,article,Introducing Digg This: A social sharing plugin for WordPress® | Robert DeVore,77,"There are a million social sharing plugins out there. Most of them suck 🤷‍♂️ They either slow your site to a crawl, inject bloated tracking scripts, or just look like they were designed in 2008 and never updated. So in…",219,https://robertdevore.com/introducing-digg-this-a-social-sharing-plugin-for-wordpress/,"index, follow (default)",en,Robert DeVore,Introducing Digg This: A social sharing plugin for WordPress®,"There are a million social sharing plugins out there. Most of them suck 🤷‍♂️ They either slow your site to a crawl, inject bloated tracking scripts, or just look like they were designed in 2008 and never updated. So in…",https://robertdevore.com/introducing-digg-this-a-social-sharing-plugin-for-wordpress/,article,,summary_large_image,Introducing Digg This: A social sharing plugin for WordPress®,"There are a million social sharing plugins out there. Most of them suck 🤷‍♂️ They either slow your site to a crawl, inject bloated tracking scripts, or just look like they were designed in 2008 and never updated. So in…",,False,False,legacy meta keywords present; large Twitter card has no image
baseline,https://robertdevore.com/introducing-dispensary-details-for-woocommerce/,content/posts/introducing-dispensary-details-for-woocommerce.md,article,Introducing Dispensary Details for WooCommerce® | Robert DeVore,63,"Back in 2018, I built Dispensary Details for WooCommerce® to solve a problem: WooCommerce® lacked the essential cannabis-specific product details that dispensaries needed. Lab results, strain information, effects, and…",218,https://robertdevore.com/introducing-dispensary-details-for-woocommerce/,"index, follow (default)",en,Robert DeVore,Introducing Dispensary Details for WooCommerce®,"Back in 2018, I built Dispensary Details for WooCommerce® to solve a problem: WooCommerce® lacked the essential cannabis-specific product details that dispensaries needed. Lab results, strain information, effects, and…",https://robertdevore.com/introducing-dispensary-details-for-woocommerce/,article,,summary_large_image,Introducing Dispensary Details for WooCommerce®,"Back in 2018, I built Dispensary Details for WooCommerce® to solve a problem: WooCommerce® lacked the essential cannabis-specific product details that dispensaries needed. Lab results, strain information, effects, and…",,False,False,legacy meta keywords present; large Twitter card has no image
baseline,https://robertdevore.com/introducing-gallery-modals-enhance-your-wordpress-galleries-with-stunning-popups/,content/posts/introducing-gallery-modals-enhance-your-wordpress-galleries-with-stunning-popups.md,article,Introducing Gallery Modals: Enhance Your WordPress® Galleries with Stunning Popups! | Robert DeVore,99,"I am happy to release Gallery Modals , a new free WordPress® plugin designed to transform your WordPress® galleries into immersive, interactive experiences. If you’ve ever wanted to give your site’s images that extra…",217,https://robertdevore.com/introducing-gallery-modals-enhance-your-wordpress-galleries-with-stunning-popups/,"index, follow (default)",en,Robert DeVore,Introducing Gallery Modals: Enhance Your WordPress® Galleries with Stunning Popups!,"I am happy to release Gallery Modals , a new free WordPress® plugin designed to transform your WordPress® galleries into immersive, interactive experiences. If you’ve ever wanted to give your site’s images that extra…",https://robertdevore.com/introducing-gallery-modals-enhance-your-wordpress-galleries-with-stunning-popups/,article,,summary_large_image,Introducing Gallery Modals: Enhance Your WordPress® Galleries with Stunning Popups!,"I am happy to release Gallery Modals , a new free WordPress® plugin designed to transform your WordPress® galleries into immersive, interactive experiences. If you’ve ever wanted to give your site’s images that extra…",,False,False,legacy meta keywords present; large Twitter card has no image
baseline,https://robertdevore.com/introducing-gift-cards-for-woocommerce-free/,content/posts/introducing-gift-cards-for-woocommerce-free.md,article,Introducing Gift Cards for WooCommerce® (free) | Robert DeVore,62,"Today I’m happy to announce the official release of the free Gift Cards for WooCommerce® plugin! This plugin seamlessly integrates gift card functionality into your WooCommerce® store, letting you to enhance customer…",217,https://robertdevore.com/introducing-gift-cards-for-woocommerce-free/,"index, follow (default)",en,Robert DeVore,Introducing Gift Cards for WooCommerce® (free),"Today I’m happy to announce the official release of the free Gift Cards for WooCommerce® plugin! This plugin seamlessly integrates gift card functionality into your WooCommerce® store, letting you to enhance customer…",https://robertdevore.com/introducing-gift-cards-for-woocommerce-free/,article,,summary_large_image,Introducing Gift Cards for WooCommerce® (free),"Today I’m happy to announce the official release of the free Gift Cards for WooCommerce® plugin! This plugin seamlessly integrates gift card functionality into your WooCommerce® store, letting you to enhance customer…",,False,False,legacy meta keywords present; large Twitter card has no image
baseline,https://robertdevore.com/introducing-hpos-compatibility-scanner-for-woocommerce-free/,content/posts/introducing-hpos-compatibility-scanner-for-woocommerce-free.md,article,Introducing HPOS Compatibility Scanner for WooCommerce® (free) | Robert DeVore,78,"I’m excited to announce the release of HPOS Compatibility Scanner , a free WordPress® plugin designed to help developers identify and fix compatibility issues with WooCommerce’s High-Performance Order Storage (HPOS).…",217,https://robertdevore.com/introducing-hpos-compatibility-scanner-for-woocommerce-free/,"index, follow (default)",en,Robert DeVore,Introducing HPOS Compatibility Scanner for WooCommerce® (free),"I’m excited to announce the release of HPOS Compatibility Scanner , a free WordPress® plugin designed to help developers identify and fix compatibility issues with WooCommerce’s High-Performance Order Storage (HPOS).…",https://robertdevore.com/introducing-hpos-compatibility-scanner-for-woocommerce-free/,article,,summary_large_image,Introducing HPOS Compatibility Scanner for WooCommerce® (free),"I’m excited to announce the release of HPOS Compatibility Scanner , a free WordPress® plugin designed to help developers identify and fix compatibility issues with WooCommerce’s High-Performance Order Storage (HPOS).…",,False,False,legacy meta keywords present; large Twitter card has no image
baseline,https://robertdevore.com/introducing-img-a11y/,content/posts/introducing-img-a11y.md,article,Introducing IMG A11Y | Robert DeVore,36,"Today marks the release of IMG A11Y , a free WordPress® plugin designed to make image accessibility compliance easier than ever. I created IMG A11Y to help WordPress users address one of the most important aspects of…",217,https://robertdevore.com/introducing-img-a11y/,"index, follow (default)",en,Robert DeVore,Introducing IMG A11Y,"Today marks the release of IMG A11Y , a free WordPress® plugin designed to make image accessibility compliance easier than ever. I created IMG A11Y to help WordPress users address one of the most important aspects of…",https://robertdevore.com/introducing-img-a11y/,article,,summary_large_image,Introducing IMG A11Y,"Today marks the release of IMG A11Y , a free WordPress® plugin designed to make image accessibility compliance easier than ever. I created IMG A11Y to help WordPress users address one of the most important aspects of…",,False,False,legacy meta keywords present; large Twitter card has no image
baseline,https://robertdevore.com/introducing-intellipress-the-smart-ai-assistant-for-wordpress/,content/posts/introducing-intellipress-the-smart-ai-assistant-for-wordpress.md,article,Introducing IntelliPress: The Smart Ai Assistant for WordPress | Robert DeVore,78,"The last time I was this excited to announce a new baby, it was my son 😂 Today I’d like to formally introduce you to IntelliPress , an AI WordPress plugin that integrates with the OpenAI API . It’s built to help you…",216,https://robertdevore.com/introducing-intellipress-the-smart-ai-assistant-for-wordpress/,"index, follow (default)",en,Robert DeVore,Introducing IntelliPress: The Smart Ai Assistant for WordPress,"The last time I was this excited to announce a new baby, it was my son 😂 Today I’d like to formally introduce you to IntelliPress , an AI WordPress plugin that integrates with the OpenAI API . It’s built to help you…",https://robertdevore.com/introducing-intellipress-the-smart-ai-assistant-for-wordpress/,article,,summary_large_image,Introducing IntelliPress: The Smart Ai Assistant for WordPress,"The last time I was this excited to announce a new baby, it was my son 😂 Today I’d like to formally introduce you to IntelliPress , an AI WordPress plugin that integrates with the OpenAI API . It’s built to help you…",,False,False,legacy meta keywords present; large Twitter card has no image
baseline,https://robertdevore.com/introducing-maintenance-mode-for-wordpress/,content/posts/introducing-maintenance-mode-for-wordpress.md,article,Introducing Maintenance Mode for WordPress® | Robert DeVore,59,"Today, I’m thrilled to announce the release of Maintenance Mode for WordPress® 🔥 This is a 100% free plugin designed to bring simplicity, flexibility, and true WordPress® integration to a task often overcomplicated by…",218,https://robertdevore.com/introducing-maintenance-mode-for-wordpress/,"index, follow (default)",en,Robert DeVore,Introducing Maintenance Mode for WordPress®,"Today, I’m thrilled to announce the release of Maintenance Mode for WordPress® 🔥 This is a 100% free plugin designed to bring simplicity, flexibility, and true WordPress® integration to a task often overcomplicated by…",https://robertdevore.com/introducing-maintenance-mode-for-wordpress/,article,,summary_large_image,Introducing Maintenance Mode for WordPress®,"Today, I’m thrilled to announce the release of Maintenance Mode for WordPress® 🔥 This is a 100% free plugin designed to bring simplicity, flexibility, and true WordPress® integration to a task often overcomplicated by…",,False,False,legacy meta keywords present; large Twitter card has no image
baseline,https://robertdevore.com/introducing-markdown-comments-for-wordpress/,content/posts/introducing-markdown-comments-for-wordpress.md,article,Introducing: Markdown Comments for WordPress® | Robert DeVore,61,Markdown ALL THE THINGS 🔥 I built this plugin because I couldn’t stand how unnatural it felt to write HTML or plain text in WordPress comments. If you’ve followed my work – especially around Stattic – you know I write…,218,https://robertdevore.com/introducing-markdown-comments-for-wordpress/,"index, follow (default)",en,Robert DeVore,Introducing: Markdown Comments for WordPress®,Markdown ALL THE THINGS 🔥 I built this plugin because I couldn’t stand how unnatural it felt to write HTML or plain text in WordPress comments. If you’ve followed my work – especially around Stattic – you know I write…,https://robertdevore.com/introducing-markdown-comments-for-wordpress/,article,,summary_large_image,Introducing: Markdown Comments for WordPress®,Markdown ALL THE THINGS 🔥 I built this plugin because I couldn’t stand how unnatural it felt to write HTML or plain text in WordPress comments. If you’ve followed my work – especially around Stattic – you know I write…,,False,False,legacy meta keywords present; large Twitter card has no image
baseline,https://robertdevore.com/introducing-markdown-exporter-for-wordpress/,content/posts/introducing-markdown-exporter-for-wordpress.md,article,Introducing Markdown Exporter for WordPress® | Robert DeVore,60,"This month has been a whirlwind of development and releases, and today continues that tradition. I’m happy to proudly release my 7th free plugin this month 🔥 Each plugin represents a step forward in enhancing your…",214,https://robertdevore.com/introducing-markdown-exporter-for-wordpress/,"index, follow (default)",en,Robert DeVore,Introducing Markdown Exporter for WordPress®,"This month has been a whirlwind of development and releases, and today continues that tradition. I’m happy to proudly release my 7th free plugin this month 🔥 Each plugin represents a step forward in enhancing your…",https://robertdevore.com/introducing-markdown-exporter-for-wordpress/,article,,summary_large_image,Introducing Markdown Exporter for WordPress®,"This month has been a whirlwind of development and releases, and today continues that tradition. I’m happy to proudly release my 7th free plugin this month 🔥 Each plugin represents a step forward in enhancing your…",,False,False,legacy meta keywords present; large Twitter card has no image
baseline,https://robertdevore.com/introducing-media-copyright-scanner/,content/posts/introducing-media-copyright-scanner.md,article,Introducing Media Copyright Scanner | Robert DeVore,51,"I’m excited to introduce my latest plugin 👀 Media Copyright Scanner . This free tool is crafted to assist website owners, content managers, and developers in identifying potentially copyrighted images within their…",214,https://robertdevore.com/introducing-media-copyright-scanner/,"index, follow (default)",en,Robert DeVore,Introducing Media Copyright Scanner,"I’m excited to introduce my latest plugin 👀 Media Copyright Scanner . This free tool is crafted to assist website owners, content managers, and developers in identifying potentially copyrighted images within their…",https://robertdevore.com/introducing-media-copyright-scanner/,article,,summary_large_image,Introducing Media Copyright Scanner,"I’m excited to introduce my latest plugin 👀 Media Copyright Scanner . This free tool is crafted to assist website owners, content managers, and developers in identifying potentially copyrighted images within their…",,False,False,legacy meta keywords present; large Twitter card has no image
baseline,https://robertdevore.com/introducing-media-file-versioning-for-wordpress/,content/posts/introducing-media-file-versioning-for-wordpress.md,article,Introducing Media File Versioning for WordPress® | Robert DeVore,64,"Another day, another plugin 💪 Today, I’m happy to announce the release of Media File Versioning , a lightweight yet powerful plugin designed to bring version control to your WordPress Media Library. Whether you’re…",214,https://robertdevore.com/introducing-media-file-versioning-for-wordpress/,"index, follow (default)",en,Robert DeVore,Introducing Media File Versioning for WordPress®,"Another day, another plugin 💪 Today, I’m happy to announce the release of Media File Versioning , a lightweight yet powerful plugin designed to bring version control to your WordPress Media Library. Whether you’re…",https://robertdevore.com/introducing-media-file-versioning-for-wordpress/,article,,summary_large_image,Introducing Media File Versioning for WordPress®,"Another day, another plugin 💪 Today, I’m happy to announce the release of Media File Versioning , a lightweight yet powerful plugin designed to bring version control to your WordPress Media Library. Whether you’re…",,False,False,legacy meta keywords present; large Twitter card has no image
baseline,https://robertdevore.com/introducing-metadata-import-export-for-yoast-seo/,content/posts/introducing-metadata-import-export-for-yoast-seo.md,article,Introducing Metadata Import/Export for Yoast SEO | Robert DeVore,64,Today I’m really happy to release this new free plugin for the WordPress® and Yoast SEO communities 💪💯 The Metadata Import/Export for Yoast plugin is designed to empower SEO’s and content managers who use Yoast SEO by…,218,https://robertdevore.com/introducing-metadata-import-export-for-yoast-seo/,"index, follow (default)",en,Robert DeVore,Introducing Metadata Import/Export for Yoast SEO,Today I’m really happy to release this new free plugin for the WordPress® and Yoast SEO communities 💪💯 The Metadata Import/Export for Yoast plugin is designed to empower SEO’s and content managers who use Yoast SEO by…,https://robertdevore.com/introducing-metadata-import-export-for-yoast-seo/,article,,summary_large_image,Introducing Metadata Import/Export for Yoast SEO,Today I’m really happy to release this new free plugin for the WordPress® and Yoast SEO communities 💪💯 The Metadata Import/Export for Yoast plugin is designed to empower SEO’s and content managers who use Yoast SEO by…,,False,False,legacy meta keywords present; large Twitter card has no image
baseline,https://robertdevore.com/introducing-module-usage-tracker-for-wp-bakery/,content/posts/introducing-module-usage-tracker-for-wp-bakery.md,article,Introducing the Module Usage Tracker for WP Bakery | Robert DeVore,66,I’m excited to announce the release of ANOTHER new free WordPress® plugin for 💪💯 The free Module Usage Tracker for WP Bakery plugin is a new tool for anyone looking to get a closer view of how WP Bakery modules are…,215,https://robertdevore.com/introducing-module-usage-tracker-for-wp-bakery/,"index, follow (default)",en,Robert DeVore,Introducing the Module Usage Tracker for WP Bakery,I’m excited to announce the release of ANOTHER new free WordPress® plugin for 💪💯 The free Module Usage Tracker for WP Bakery plugin is a new tool for anyone looking to get a closer view of how WP Bakery modules are…,https://robertdevore.com/introducing-module-usage-tracker-for-wp-bakery/,article,,summary_large_image,Introducing the Module Usage Tracker for WP Bakery,I’m excited to announce the release of ANOTHER new free WordPress® plugin for 💪💯 The free Module Usage Tracker for WP Bakery plugin is a new tool for anyone looking to get a closer view of how WP Bakery modules are…,,False,False,legacy meta keywords present; large Twitter card has no image
baseline,https://robertdevore.com/introducing-pattern-pal-ai-powered-patterns-for-wordpress/,content/posts/introducing-pattern-pal-ai-powered-patterns-for-wordpress.md,article,Introducing Pattern Pal: AI-Powered Patterns for WordPress® | Robert DeVore,75,"I’m excited to introduce Pattern Pal , a new free WordPress® plugin that leverages OpenAI to generate custom block patterns right inside the WordPress® editor! Whether you’re a content creator, designer, or developer,…",218,https://robertdevore.com/introducing-pattern-pal-ai-powered-patterns-for-wordpress/,"index, follow (default)",en,Robert DeVore,Introducing Pattern Pal: AI-Powered Patterns for WordPress®,"I’m excited to introduce Pattern Pal , a new free WordPress® plugin that leverages OpenAI to generate custom block patterns right inside the WordPress® editor! Whether you’re a content creator, designer, or developer,…",https://robertdevore.com/introducing-pattern-pal-ai-powered-patterns-for-wordpress/,article,,summary_large_image,Introducing Pattern Pal: AI-Powered Patterns for WordPress®,"I’m excited to introduce Pattern Pal , a new free WordPress® plugin that leverages OpenAI to generate custom block patterns right inside the WordPress® editor! Whether you’re a content creator, designer, or developer,…",,False,False,legacy meta keywords present; large Twitter card has no image
baseline,https://robertdevore.com/introducing-persistent-dismissible-notices/,content/posts/introducing-persistent-dismissible-notices.md,article,Introducing Persistent Dismissible Notices | Robert DeVore,58,"I’m excited to announce the release of my new free WordPress® plugin, Persistent Dismissible Notices , designed to solve a long-standing annoyance in the WordPress admin experience. If you’ve ever been frustrated by…",216,https://robertdevore.com/introducing-persistent-dismissible-notices/,"index, follow (default)",en,Robert DeVore,Introducing Persistent Dismissible Notices,"I’m excited to announce the release of my new free WordPress® plugin, Persistent Dismissible Notices , designed to solve a long-standing annoyance in the WordPress admin experience. If you’ve ever been frustrated by…",https://robertdevore.com/introducing-persistent-dismissible-notices/,article,,summary_large_image,Introducing Persistent Dismissible Notices,"I’m excited to announce the release of my new free WordPress® plugin, Persistent Dismissible Notices , designed to solve a long-standing annoyance in the WordPress admin experience. If you’ve ever been frustrated by…",,False,False,legacy meta keywords present; large Twitter card has no image
baseline,https://robertdevore.com/introducing-projects-for-wordpress-a-better-way-to-showcase-your-work/,content/posts/introducing-projects-for-wordpress-a-better-way-to-showcase-your-work.md,article,Introducing Projects for WordPress®: A Better Way to Showcase Your Work | Robert DeVore,87,"Let me start by saying this isn’t simply about hate. It’s about clarity, control, and community. WordPress – the open source project – has been the foundation of my entire career. I’m grateful for it. And I’ve even gone…",220,https://robertdevore.com/introducing-projects-for-wordpress-a-better-way-to-showcase-your-work/,"index, follow (default)",en,Robert DeVore,Introducing Projects for WordPress®: A Better Way to Showcase Your Work,"Let me start by saying this isn’t simply about hate. It’s about clarity, control, and community. WordPress – the open source project – has been the foundation of my entire career. I’m grateful for it. And I’ve even gone…",https://robertdevore.com/introducing-projects-for-wordpress-a-better-way-to-showcase-your-work/,article,,summary_large_image,Introducing Projects for WordPress®: A Better Way to Showcase Your Work,"Let me start by saying this isn’t simply about hate. It’s about clarity, control, and community. WordPress – the open source project – has been the foundation of my entire career. I’m grateful for it. And I’ve even gone…",,False,False,legacy meta keywords present; large Twitter card has no image
baseline,https://robertdevore.com/introducing-purchase-orders-for-woocommerce-free/,content/posts/introducing-purchase-orders-for-woocommerce-free.md,article,Introducing Purchase Orders for WooCommerce® (free) | Robert DeVore,67,"Welcome to week 4 of the #WooWednesday plugin series! Today we’ve got the Purchase Orders for WooCommerce® plugin which is a simple, free, and functional alternative to Woo’s $49/year offering. It adds a purchase order…",219,https://robertdevore.com/introducing-purchase-orders-for-woocommerce-free/,"index, follow (default)",en,Robert DeVore,Introducing Purchase Orders for WooCommerce® (free),"Welcome to week 4 of the #WooWednesday plugin series! Today we’ve got the Purchase Orders for WooCommerce® plugin which is a simple, free, and functional alternative to Woo’s $49/year offering. It adds a purchase order…",https://robertdevore.com/introducing-purchase-orders-for-woocommerce-free/,article,,summary_large_image,Introducing Purchase Orders for WooCommerce® (free),"Welcome to week 4 of the #WooWednesday plugin series! Today we’ve got the Purchase Orders for WooCommerce® plugin which is a simple, free, and functional alternative to Woo’s $49/year offering. It adds a purchase order…",,False,False,legacy meta keywords present; large Twitter card has no image
baseline,https://robertdevore.com/introducing-seo-for-wordpress/,content/posts/introducing-seo-for-wordpress.md,article,Introducing SEO for WordPress® | Robert DeVore,46,"Finding a reliable, lightweight SEO plugin without constant upsells or unnecessary features can feel like searching for a needle in a haystack. Many SEO tools claim to empower your website, yet they often come with…",215,https://robertdevore.com/introducing-seo-for-wordpress/,"index, follow (default)",en,Robert DeVore,Introducing SEO for WordPress®,"Finding a reliable, lightweight SEO plugin without constant upsells or unnecessary features can feel like searching for a needle in a haystack. Many SEO tools claim to empower your website, yet they often come with…",https://robertdevore.com/introducing-seo-for-wordpress/,article,,summary_large_image,Introducing SEO for WordPress®,"Finding a reliable, lightweight SEO plugin without constant upsells or unnecessary features can feel like searching for a needle in a haystack. Many SEO tools claim to empower your website, yet they often come with…",,False,False,legacy meta keywords present; large Twitter card has no image
baseline,https://robertdevore.com/introducing-shipping-multiple-addresses-for-woocommerce-free/,content/posts/introducing-shipping-multiple-addresses-for-woocommerce-free.md,article,Introducing Shipping Multiple Addresses for WooCommerce® (free) | Robert DeVore,79,"I’m thrilled to share my latest plugin that aims to make WooCommerce® even more powerful and versatile. Introducing Shipping Multiple Addresses for WooCommerce® , the free plugin that simplifies sending items to…",212,https://robertdevore.com/introducing-shipping-multiple-addresses-for-woocommerce-free/,"index, follow (default)",en,Robert DeVore,Introducing Shipping Multiple Addresses for WooCommerce® (free),"I’m thrilled to share my latest plugin that aims to make WooCommerce® even more powerful and versatile. Introducing Shipping Multiple Addresses for WooCommerce® , the free plugin that simplifies sending items to…",https://robertdevore.com/introducing-shipping-multiple-addresses-for-woocommerce-free/,article,,summary_large_image,Introducing Shipping Multiple Addresses for WooCommerce® (free),"I’m thrilled to share my latest plugin that aims to make WooCommerce® even more powerful and versatile. Introducing Shipping Multiple Addresses for WooCommerce® , the free plugin that simplifies sending items to…",,False,False,legacy meta keywords present; large Twitter card has no image
baseline,https://robertdevore.com/introducing-site-vitals-for-wordpress/,content/posts/introducing-site-vitals-for-wordpress.md,article,Introducing Site Vitals for WordPress® | Robert DeVore,54,"I’m thrilled to introduce Site Vitals for WordPress® – a free plugin designed to help you monitor, evaluate, and improve key aspects of your WordPress® website’s health. From performance and security to SEO, UX, and…",216,https://robertdevore.com/introducing-site-vitals-for-wordpress/,"index, follow (default)",en,Robert DeVore,Introducing Site Vitals for WordPress®,"I’m thrilled to introduce Site Vitals for WordPress® – a free plugin designed to help you monitor, evaluate, and improve key aspects of your WordPress® website’s health. From performance and security to SEO, UX, and…",https://robertdevore.com/introducing-site-vitals-for-wordpress/,article,,summary_large_image,Introducing Site Vitals for WordPress®,"I’m thrilled to introduce Site Vitals for WordPress® – a free plugin designed to help you monitor, evaluate, and improve key aspects of your WordPress® website’s health. From performance and security to SEO, UX, and…",,False,False,legacy meta keywords present; large Twitter card has no image
baseline,https://robertdevore.com/introducing-slop-stopper-a-free-content-checker-for-wordpress/,content/posts/introducing-slop-stopper-a-free-content-checker-for-wordpress.md,article,Introducing Slop Stopper: A free content checker for WordPress® | Robert DeVore,79,"You ever read an article and just know it was written by ChatGPT? You know, the ones where you don’t even have to check. The second you see “delve into the intricacies” or “tapestry of experiences” , you know you’re…",216,https://robertdevore.com/introducing-slop-stopper-a-free-content-checker-for-wordpress/,"index, follow (default)",en,Robert DeVore,Introducing Slop Stopper: A free content checker for WordPress®,"You ever read an article and just know it was written by ChatGPT? You know, the ones where you don’t even have to check. The second you see “delve into the intricacies” or “tapestry of experiences” , you know you’re…",https://robertdevore.com/introducing-slop-stopper-a-free-content-checker-for-wordpress/,article,,summary_large_image,Introducing Slop Stopper: A free content checker for WordPress®,"You ever read an article and just know it was written by ChatGPT? You know, the ones where you don’t even have to check. The second you see “delve into the intricacies” or “tapestry of experiences” , you know you’re…",,False,False,legacy meta keywords present; large Twitter card has no image
baseline,https://robertdevore.com/introducing-stats-for-wordpress/,content/posts/introducing-stats-for-wordpress.md,article,Introducing Stats for WordPress® | Robert DeVore,48,"The tools we rely on to manage our websites need to reflect our values, both professionally and personally. Recently, Jetpack, a popular WordPress plugin, has changed its usage restrictions , requiring non-profits to…",217,https://robertdevore.com/introducing-stats-for-wordpress/,"index, follow (default)",en,Robert DeVore,Introducing Stats for WordPress®,"The tools we rely on to manage our websites need to reflect our values, both professionally and personally. Recently, Jetpack, a popular WordPress plugin, has changed its usage restrictions , requiring non-profits to…",https://robertdevore.com/introducing-stats-for-wordpress/,article,,summary_large_image,Introducing Stats for WordPress®,"The tools we rely on to manage our websites need to reflect our values, both professionally and personally. Recently, Jetpack, a popular WordPress plugin, has changed its usage restrictions , requiring non-profits to…",,False,False,legacy meta keywords present; large Twitter card has no image
baseline,https://robertdevore.com/introducing-table-block-enhancer-for-wordpress/,content/posts/introducing-table-block-enhancer-for-wordpress.md,article,Introducing Table Block Enhancer for WordPress® | Robert DeVore,63,"Today I’m happy to announce the release of a new free plugin for WordPress® called Table Block Enhancer 🚀 This WordPress® plugin designed to supercharge the default WordPress® Table block, which is lacking in features…",218,https://robertdevore.com/introducing-table-block-enhancer-for-wordpress/,"index, follow (default)",en,Robert DeVore,Introducing Table Block Enhancer for WordPress®,"Today I’m happy to announce the release of a new free plugin for WordPress® called Table Block Enhancer 🚀 This WordPress® plugin designed to supercharge the default WordPress® Table block, which is lacking in features…",https://robertdevore.com/introducing-table-block-enhancer-for-wordpress/,article,,summary_large_image,Introducing Table Block Enhancer for WordPress®,"Today I’m happy to announce the release of a new free plugin for WordPress® called Table Block Enhancer 🚀 This WordPress® plugin designed to supercharge the default WordPress® Table block, which is lacking in features…",,False,False,legacy meta keywords present; large Twitter card has no image
baseline,https://robertdevore.com/introducing-test-orders-for-woocommerce/,content/posts/introducing-test-orders-for-woocommerce.md,article,Introducing Test Orders for WooCommerce® | Robert DeVore,56,"I’m thrilled to announce the release of Test Orders for WooCommerce® , a free plugin designed to simplify testing workflows for WooCommerce® store owners. This plugin adds a “Test Order” payment gateway to your store,…",218,https://robertdevore.com/introducing-test-orders-for-woocommerce/,"index, follow (default)",en,Robert DeVore,Introducing Test Orders for WooCommerce®,"I’m thrilled to announce the release of Test Orders for WooCommerce® , a free plugin designed to simplify testing workflows for WooCommerce® store owners. This plugin adds a “Test Order” payment gateway to your store,…",https://robertdevore.com/introducing-test-orders-for-woocommerce/,article,,summary_large_image,Introducing Test Orders for WooCommerce®,"I’m thrilled to announce the release of Test Orders for WooCommerce® , a free plugin designed to simplify testing workflows for WooCommerce® store owners. This plugin adds a “Test Order” payment gateway to your store,…",,False,False,legacy meta keywords present; large Twitter card has no image
baseline,https://robertdevore.com/introducing-the-phlush-permalinks-wordpress-plugin/,content/posts/introducing-the-phlush-permalinks-wordpress-plugin.md,article,Introducing the Phlush Permalinks WordPress Plugin | Robert DeVore,66,"Another day, another free WordPress plugin release 🚀💪 Are you tired of manually flushing your permalinks every time you make structural changes to your WordPress site? Phlush Permalinks , a new WordPress plugin I…",213,https://robertdevore.com/introducing-the-phlush-permalinks-wordpress-plugin/,"index, follow (default)",en,Robert DeVore,Introducing the Phlush Permalinks WordPress Plugin,"Another day, another free WordPress plugin release 🚀💪 Are you tired of manually flushing your permalinks every time you make structural changes to your WordPress site? Phlush Permalinks , a new WordPress plugin I…",https://robertdevore.com/introducing-the-phlush-permalinks-wordpress-plugin/,article,,summary_large_image,Introducing the Phlush Permalinks WordPress Plugin,"Another day, another free WordPress plugin release 🚀💪 Are you tired of manually flushing your permalinks every time you make structural changes to your WordPress site? Phlush Permalinks , a new WordPress plugin I…",,False,False,legacy meta keywords present; large Twitter card has no image
baseline,https://robertdevore.com/introducing-the-prompts-library-a-playground-for-ai-creativity/,content/posts/introducing-the-prompts-library-a-playground-for-ai-creativity.md,article,Introducing the Prompts Library – A Playground for AI Creativity | Robert DeVore,80,"Over the last few months, I’ve been experimenting with ways to push generative AI further – not just to create images, but to design tools that help you consistently create great ones. That’s where the Prompts Library…",218,https://robertdevore.com/introducing-the-prompts-library-a-playground-for-ai-creativity/,"index, follow (default)",en,Robert DeVore,Introducing the Prompts Library – A Playground for AI Creativity,"Over the last few months, I’ve been experimenting with ways to push generative AI further – not just to create images, but to design tools that help you consistently create great ones. That’s where the Prompts Library…",https://robertdevore.com/introducing-the-prompts-library-a-playground-for-ai-creativity/,article,,summary_large_image,Introducing the Prompts Library – A Playground for AI Creativity,"Over the last few months, I’ve been experimenting with ways to push generative AI further – not just to create images, but to design tools that help you consistently create great ones. That’s where the Prompts Library…",,False,False,legacy meta keywords present; large Twitter card has no image
baseline,https://robertdevore.com/introducing-the-user-login-status-plugin-for-wordpress/,content/posts/introducing-the-user-login-status-plugin-for-wordpress.md,article,Introducing the User Login Status Plugin for WordPress | Robert DeVore,70,"Today I’m happy to announce the release of User Login Status , a WordPress plugin designed to help administrators easily monitor user activity and manage user sessions with ease. This plugin comes with a couple key…",215,https://robertdevore.com/introducing-the-user-login-status-plugin-for-wordpress/,"index, follow (default)",en,Robert DeVore,Introducing the User Login Status Plugin for WordPress,"Today I’m happy to announce the release of User Login Status , a WordPress plugin designed to help administrators easily monitor user activity and manage user sessions with ease. This plugin comes with a couple key…",https://robertdevore.com/introducing-the-user-login-status-plugin-for-wordpress/,article,,summary_large_image,Introducing the User Login Status Plugin for WordPress,"Today I’m happy to announce the release of User Login Status , a WordPress plugin designed to help administrators easily monitor user activity and manage user sessions with ease. This plugin comes with a couple key…",,False,False,legacy meta keywords present; large Twitter card has no image
baseline,https://robertdevore.com/introducing-vertical-gallery-product-display-for-woocommerce/,content/posts/introducing-vertical-gallery-product-display-for-woocommerce.md,article,Introducing Vertical Gallery Product Display for WooCommerce® | Robert DeVore,77,"I’m thrilled to announce the release of my latest WordPress plugin, Vertical Gallery Product Display for WooCommerce® . This plugin is designed to enhance the shopping experience by transforming the WooCommerce® product…",220,https://robertdevore.com/introducing-vertical-gallery-product-display-for-woocommerce/,"index, follow (default)",en,Robert DeVore,Introducing Vertical Gallery Product Display for WooCommerce®,"I’m thrilled to announce the release of my latest WordPress plugin, Vertical Gallery Product Display for WooCommerce® . This plugin is designed to enhance the shopping experience by transforming the WooCommerce® product…",https://robertdevore.com/introducing-vertical-gallery-product-display-for-woocommerce/,article,,summary_large_image,Introducing Vertical Gallery Product Display for WooCommerce®,"I’m thrilled to announce the release of my latest WordPress plugin, Vertical Gallery Product Display for WooCommerce® . This plugin is designed to enhance the shopping experience by transforming the WooCommerce® product…",,False,False,legacy meta keywords present; large Twitter card has no image
baseline,https://robertdevore.com/introducing-widget-usage-tracker-for-elementor/,content/posts/introducing-widget-usage-tracker-for-elementor.md,article,Introducing Widget Usage Tracker for Elementor | Robert DeVore,62,"Another day, another plugin release 💪 I’m happy to launch Widget Usage Tracker for Elementor , a WordPress® plugin designed to help you monitor and analyze the usage of Elementor widgets across your website. Whether…",216,https://robertdevore.com/introducing-widget-usage-tracker-for-elementor/,"index, follow (default)",en,Robert DeVore,Introducing Widget Usage Tracker for Elementor,"Another day, another plugin release 💪 I’m happy to launch Widget Usage Tracker for Elementor , a WordPress® plugin designed to help you monitor and analyze the usage of Elementor widgets across your website. Whether…",https://robertdevore.com/introducing-widget-usage-tracker-for-elementor/,article,,summary_large_image,Introducing Widget Usage Tracker for Elementor,"Another day, another plugin release 💪 I’m happy to launch Widget Usage Tracker for Elementor , a WordPress® plugin designed to help you monitor and analyze the usage of Elementor widgets across your website. Whether…",,False,False,legacy meta keywords present; large Twitter card has no image
baseline,https://robertdevore.com/invest-in-yourself/,content/posts/invest-in-yourself.md,article,Invest in Yourself | Robert DeVore,34,"When it comes to building something that you want to turn into a business and earn a living from, there's a lot of paths to success. Sometimes you go viral because one specific person tweeted you. Other times there's…",217,https://robertdevore.com/invest-in-yourself/,"index, follow (default)",en,Robert DeVore,Invest in Yourself,"When it comes to building something that you want to turn into a business and earn a living from, there's a lot of paths to success. Sometimes you go viral because one specific person tweeted you. Other times there's…",https://robertdevore.com/invest-in-yourself/,article,,summary_large_image,Invest in Yourself,"When it comes to building something that you want to turn into a business and earn a living from, there's a lot of paths to success. Sometimes you go viral because one specific person tweeted you. Other times there's…",,False,False,legacy meta keywords present; large Twitter card has no image
baseline,https://robertdevore.com/kevin-michael-geary-a-hidden-history-of-hate-racism-and-bigotry/,content/posts/kevin-michael-geary-a-hidden-history-of-hate-racism-and-bigotry.md,article,"Kevin Michael Geary: A Hidden History of Hate, Racism, and Bigotry | Robert DeVore",82,"⚠ Content Warning: This article contains archived examples of racism, sexism, ableism, and hateful language used by Kevin Michael Geary. Reader discretion is advised. Introduction: Who is Kevin Michael Geary? Kevin…",215,https://robertdevore.com/kevin-michael-geary-a-hidden-history-of-hate-racism-and-bigotry/,"index, follow (default)",en,Robert DeVore,"Kevin Michael Geary: A Hidden History of Hate, Racism, and Bigotry","⚠ Content Warning: This article contains archived examples of racism, sexism, ableism, and hateful language used by Kevin Michael Geary. Reader discretion is advised. Introduction: Who is Kevin Michael Geary? Kevin…",https://robertdevore.com/kevin-michael-geary-a-hidden-history-of-hate-racism-and-bigotry/,article,,summary_large_image,"Kevin Michael Geary: A Hidden History of Hate, Racism, and Bigotry","⚠ Content Warning: This article contains archived examples of racism, sexism, ableism, and hateful language used by Kevin Michael Geary. Reader discretion is advised. Introduction: Who is Kevin Michael Geary? Kevin…",,False,False,legacy meta keywords present; large Twitter card has no image
baseline,https://robertdevore.com/leafly-reviews-wordpress-plugin/,content/posts/leafly-reviews-wordpress-plugin.md,article,Leafly Reviews | Robert DeVore,30,"You know those moments in your life where you step back and look around, knowing that things are about to change? Yeah, I'm having one of those moments right now. I've wrote a lot of code in my lifetime and customized…",218,https://robertdevore.com/leafly-reviews-wordpress-plugin/,"index, follow (default)",en,Robert DeVore,Leafly Reviews,"You know those moments in your life where you step back and look around, knowing that things are about to change? Yeah, I'm having one of those moments right now. I've wrote a lot of code in my lifetime and customized…",https://robertdevore.com/leafly-reviews-wordpress-plugin/,article,,summary_large_image,Leafly Reviews,"You know those moments in your life where you step back and look around, knowing that things are about to change? Yeah, I'm having one of those moments right now. I've wrote a lot of code in my lifetime and customized…",,False,False,legacy meta keywords present; large Twitter card has no image
baseline,https://robertdevore.com/leap-the-code-of-extreme-leadership/,content/posts/leap-the-code-of-extreme-leadership.md,article,LEAP: The Code of Extreme Leadership | Robert DeVore,52,"In a world drowning in bloat and broken systems, leadership needs more than charisma. It needs a code. A compass. A creed that doesn’t just sound good in a keynote, but works when it’s 2AM and the product still isn’t…",217,https://robertdevore.com/leap-the-code-of-extreme-leadership/,"index, follow (default)",en,Robert DeVore,LEAP: The Code of Extreme Leadership,"In a world drowning in bloat and broken systems, leadership needs more than charisma. It needs a code. A compass. A creed that doesn’t just sound good in a keynote, but works when it’s 2AM and the product still isn’t…",https://robertdevore.com/leap-the-code-of-extreme-leadership/,article,,summary_large_image,LEAP: The Code of Extreme Leadership,"In a world drowning in bloat and broken systems, leadership needs more than charisma. It needs a code. A compass. A creed that doesn’t just sound good in a keynote, but works when it’s 2AM and the product still isn’t…",,False,False,legacy meta keywords present; large Twitter card has no image
baseline,https://robertdevore.com/making-up-for-lost-time/,content/posts/making-up-for-lost-time.md,article,Making up for lost time | Robert DeVore,39,"Growing pains are a part of everyone's life. From the time you're little and you wake up in the middle of the night with leg cramps because you're getting taller, to the time you have to bite your tongue when someone…",217,https://robertdevore.com/making-up-for-lost-time/,"index, follow (default)",en,Robert DeVore,Making up for lost time,"Growing pains are a part of everyone's life. From the time you're little and you wake up in the middle of the night with leg cramps because you're getting taller, to the time you have to bite your tongue when someone…",https://robertdevore.com/making-up-for-lost-time/,article,,summary_large_image,Making up for lost time,"Growing pains are a part of everyone's life. From the time you're little and you wake up in the middle of the night with leg cramps because you're getting taller, to the time you have to bite your tongue when someone…",,False,False,legacy meta keywords present; large Twitter card has no image
baseline,https://robertdevore.com/mnml-free-minimalist-wordpress-theme/,content/posts/mnml-free-minimalist-wordpress-theme.md,article,MNML | Robert DeVore,20,"Minimalism is beautiful. There's something about the clean, airy feeling you get when you look at a design that's truly minimalist in it's execution that makes you feel all warm and fuzzy inside. At least that's how it…",219,https://robertdevore.com/mnml-free-minimalist-wordpress-theme/,"index, follow (default)",en,Robert DeVore,MNML,"Minimalism is beautiful. There's something about the clean, airy feeling you get when you look at a design that's truly minimalist in it's execution that makes you feel all warm and fuzzy inside. At least that's how it…",https://robertdevore.com/mnml-free-minimalist-wordpress-theme/,article,,summary_large_image,MNML,"Minimalism is beautiful. There's something about the clean, airy feeling you get when you look at a design that's truly minimalist in it's execution that makes you feel all warm and fuzzy inside. At least that's how it…",,False,False,legacy meta keywords present; large Twitter card has no image
baseline,https://robertdevore.com/my-brothers-keeper-sons-of-anarchy-fanfiction/,content/posts/my-brothers-keeper-sons-of-anarchy-fanfiction.md,article,My Brothers Keeper | Robert DeVore,34,"Creativity comes in many forms. Today, I would like to display another form of creative expression I have been interested in with a Sons of Anarchy fanfiction story. I've wrote fiction for as long as I can remember, and…",220,https://robertdevore.com/my-brothers-keeper-sons-of-anarchy-fanfiction/,"index, follow (default)",en,Robert DeVore,My Brothers Keeper,"Creativity comes in many forms. Today, I would like to display another form of creative expression I have been interested in with a Sons of Anarchy fanfiction story. I've wrote fiction for as long as I can remember, and…",https://robertdevore.com/my-brothers-keeper-sons-of-anarchy-fanfiction/,article,,summary_large_image,My Brothers Keeper,"Creativity comes in many forms. Today, I would like to display another form of creative expression I have been interested in with a Sons of Anarchy fanfiction story. I've wrote fiction for as long as I can remember, and…",,False,False,legacy meta keywords present; large Twitter card has no image
baseline,https://robertdevore.com/my-development-projects/,content/posts/my-development-projects.md,article,Recent project updates | Robert DeVore,38,"Since late last year I've been hard at work on various development projects. While I've spent time blogging about each of them here, I haven't updated the posts with new details about each of the projects. This post is…",219,https://robertdevore.com/my-development-projects/,"index, follow (default)",en,Robert DeVore,Recent project updates,"Since late last year I've been hard at work on various development projects. While I've spent time blogging about each of them here, I haven't updated the posts with new details about each of the projects. This post is…",https://robertdevore.com/my-development-projects/,article,,summary_large_image,Recent project updates,"Since late last year I've been hard at work on various development projects. While I've spent time blogging about each of them here, I haven't updated the posts with new details about each of the projects. This post is…",,False,False,legacy meta keywords present; large Twitter card has no image
baseline,https://robertdevore.com/open-source-is-anarchism-in-action/,content/posts/open-source-is-anarchism-in-action.md,article,Open Source is Anarchism in Action | Robert DeVore,50,Most people think of anarchism as chaos – burning dumpsters and smashed windows. But real anarchism is far more dangerous to power than broken glass. It’s about building systems without masters. It’s about horizontal…,217,https://robertdevore.com/open-source-is-anarchism-in-action/,"index, follow (default)",en,Robert DeVore,Open Source is Anarchism in Action,Most people think of anarchism as chaos – burning dumpsters and smashed windows. But real anarchism is far more dangerous to power than broken glass. It’s about building systems without masters. It’s about horizontal…,https://robertdevore.com/open-source-is-anarchism-in-action/,article,,summary_large_image,Open Source is Anarchism in Action,Most people think of anarchism as chaos – burning dumpsters and smashed windows. But real anarchism is far more dangerous to power than broken glass. It’s about building systems without masters. It’s about horizontal…,,False,False,legacy meta keywords present; large Twitter card has no image
baseline,https://robertdevore.com/organized-chaos/,content/posts/organized-chaos.md,article,Organized Chaos | Robert DeVore,31,"Life is chaotic, and beyond death nothing is ever guaranteed to you. While your goal should never change to fit your current life situation, the path you take to achieve it may have to for reasons far beyond your…",213,https://robertdevore.com/organized-chaos/,"index, follow (default)",en,Robert DeVore,Organized Chaos,"Life is chaotic, and beyond death nothing is ever guaranteed to you. While your goal should never change to fit your current life situation, the path you take to achieve it may have to for reasons far beyond your…",https://robertdevore.com/organized-chaos/,article,,summary_large_image,Organized Chaos,"Life is chaotic, and beyond death nothing is ever guaranteed to you. While your goal should never change to fit your current life situation, the path you take to achieve it may have to for reasons far beyond your…",,False,False,legacy meta keywords present; large Twitter card has no image
baseline,https://robertdevore.com/page/10/,generated listing/archive,pagination,Robert DeVore,13,"Software systems, developer tools, agentic workflows, and technical writing.",76,https://robertdevore.com/page/10/,"index, follow (default)",en,Robert DeVore,Robert DeVore,"Software systems, developer tools, agentic workflows, and technical writing.",https://robertdevore.com/page/10/,website,,summary_large_image,Robert DeVore,"Software systems, developer tools, agentic workflows, and technical writing.",,True,True,duplicate title; duplicate description; legacy meta keywords present; large Twitter card has no image
baseline,https://robertdevore.com/page/11/,generated listing/archive,pagination,Robert DeVore,13,"Software systems, developer tools, agentic workflows, and technical writing.",76,https://robertdevore.com/page/11/,"index, follow (default)",en,Robert DeVore,Robert DeVore,"Software systems, developer tools, agentic workflows, and technical writing.",https://robertdevore.com/page/11/,website,,summary_large_image,Robert DeVore,"Software systems, developer tools, agentic workflows, and technical writing.",,True,True,duplicate title; duplicate description; legacy meta keywords present; large Twitter card has no image
baseline,https://robertdevore.com/page/12/,generated listing/archive,pagination,Robert DeVore,13,"Software systems, developer tools, agentic workflows, and technical writing.",76,https://robertdevore.com/page/12/,"index, follow (default)",en,Robert DeVore,Robert DeVore,"Software systems, developer tools, agentic workflows, and technical writing.",https://robertdevore.com/page/12/,website,,summary_large_image,Robert DeVore,"Software systems, developer tools, agentic workflows, and technical writing.",,True,True,duplicate title; duplicate description; legacy meta keywords present; large Twitter card has no image
baseline,https://robertdevore.com/page/2/,generated listing/archive,pagination,Robert DeVore,13,"Software systems, developer tools, agentic workflows, and technical writing.",76,https://robertdevore.com/page/2/,"index, follow (default)",en,Robert DeVore,Robert DeVore,"Software systems, developer tools, agentic workflows, and technical writing.",https://robertdevore.com/page/2/,website,,summary_large_image,Robert DeVore,"Software systems, developer tools, agentic workflows, and technical writing.",,True,True,duplicate title; duplicate description; legacy meta keywords present; large Twitter card has no image
baseline,https://robertdevore.com/page/3/,generated listing/archive,pagination,Robert DeVore,13,"Software systems, developer tools, agentic workflows, and technical writing.",76,https://robertdevore.com/page/3/,"index, follow (default)",en,Robert DeVore,Robert DeVore,"Software systems, developer tools, agentic workflows, and technical writing.",https://robertdevore.com/page/3/,website,,summary_large_image,Robert DeVore,"Software systems, developer tools, agentic workflows, and technical writing.",,True,True,duplicate title; duplicate description; legacy meta keywords present; large Twitter card has no image
baseline,https://robertdevore.com/page/4/,generated listing/archive,pagination,Robert DeVore,13,"Software systems, developer tools, agentic workflows, and technical writing.",76,https://robertdevore.com/page/4/,"index, follow (default)",en,Robert DeVore,Robert DeVore,"Software systems, developer tools, agentic workflows, and technical writing.",https://robertdevore.com/page/4/,website,,summary_large_image,Robert DeVore,"Software systems, developer tools, agentic workflows, and technical writing.",,True,True,duplicate title; duplicate description; legacy meta keywords present; large Twitter card has no image
baseline,https://robertdevore.com/page/5/,generated listing/archive,pagination,Robert DeVore,13,"Software systems, developer tools, agentic workflows, and technical writing.",76,https://robertdevore.com/page/5/,"index, follow (default)",en,Robert DeVore,Robert DeVore,"Software systems, developer tools, agentic workflows, and technical writing.",https://robertdevore.com/page/5/,website,,summary_large_image,Robert DeVore,"Software systems, developer tools, agentic workflows, and technical writing.",,True,True,duplicate title; duplicate description; legacy meta keywords present; large Twitter card has no image
baseline,https://robertdevore.com/page/6/,generated listing/archive,pagination,Robert DeVore,13,"Software systems, developer tools, agentic workflows, and technical writing.",76,https://robertdevore.com/page/6/,"index, follow (default)",en,Robert DeVore,Robert DeVore,"Software systems, developer tools, agentic workflows, and technical writing.",https://robertdevore.com/page/6/,website,,summary_large_image,Robert DeVore,"Software systems, developer tools, agentic workflows, and technical writing.",,True,True,duplicate title; duplicate description; legacy meta keywords present; large Twitter card has no image
baseline,https://robertdevore.com/page/7/,generated listing/archive,pagination,Robert DeVore,13,"Software systems, developer tools, agentic workflows, and technical writing.",76,https://robertdevore.com/page/7/,"index, follow (default)",en,Robert DeVore,Robert DeVore,"Software systems, developer tools, agentic workflows, and technical writing.",https://robertdevore.com/page/7/,website,,summary_large_image,Robert DeVore,"Software systems, developer tools, agentic workflows, and technical writing.",,True,True,duplicate title; duplicate description; legacy meta keywords present; large Twitter card has no image
baseline,https://robertdevore.com/page/8/,generated listing/archive,pagination,Robert DeVore,13,"Software systems, developer tools, agentic workflows, and technical writing.",76,https://robertdevore.com/page/8/,"index, follow (default)",en,Robert DeVore,Robert DeVore,"Software systems, developer tools, agentic workflows, and technical writing.",https://robertdevore.com/page/8/,website,,summary_large_image,Robert DeVore,"Software systems, developer tools, agentic workflows, and technical writing.",,True,True,duplicate title; duplicate description; legacy meta keywords present; large Twitter card has no image
baseline,https://robertdevore.com/page/9/,generated listing/archive,pagination,Robert DeVore,13,"Software systems, developer tools, agentic workflows, and technical writing.",76,https://robertdevore.com/page/9/,"index, follow (default)",en,Robert DeVore,Robert DeVore,"Software systems, developer tools, agentic workflows, and technical writing.",https://robertdevore.com/page/9/,website,,summary_large_image,Robert DeVore,"Software systems, developer tools, agentic workflows, and technical writing.",,True,True,duplicate title; duplicate description; legacy meta keywords present; large Twitter card has no image
baseline,https://robertdevore.com/patience/,content/posts/patience.md,article,Patience | Robert DeVore,24,"The concept of not getting what I want right now, without having to wait, has been completely lost on me. I'm eager for the results, and a lot of the time, I lose any patience that's required in order to get the results…",220,https://robertdevore.com/patience/,"index, follow (default)",en,Robert DeVore,Patience,"The concept of not getting what I want right now, without having to wait, has been completely lost on me. I'm eager for the results, and a lot of the time, I lose any patience that's required in order to get the results…",https://robertdevore.com/patience/,article,,summary_large_image,Patience,"The concept of not getting what I want right now, without having to wait, has been completely lost on me. I'm eager for the results, and a lot of the time, I lose any patience that's required in order to get the results…",,False,False,legacy meta keywords present; large Twitter card has no image
baseline,https://robertdevore.com/peddle-free-wordpress-theme-for-easy-digital-downloads/,content/posts/peddle-free-wordpress-theme-for-easy-digital-downloads.md,article,Peddle | Robert DeVore,22,"Pushing your product online is about to get a lot easier. Today I am releasing my newest WordPress theme, Peddle** , into the wild. It's a free WordPress theme that fully integrates with the Easy Digital Downloads…",214,https://robertdevore.com/peddle-free-wordpress-theme-for-easy-digital-downloads/,"index, follow (default)",en,Robert DeVore,Peddle,"Pushing your product online is about to get a lot easier. Today I am releasing my newest WordPress theme, Peddle** , into the wild. It's a free WordPress theme that fully integrates with the Easy Digital Downloads…",https://robertdevore.com/peddle-free-wordpress-theme-for-easy-digital-downloads/,article,,summary_large_image,Peddle,"Pushing your product online is about to get a lot easier. Today I am releasing my newest WordPress theme, Peddle** , into the wild. It's a free WordPress theme that fully integrates with the Easy Digital Downloads…",,False,False,legacy meta keywords present; large Twitter card has no image
baseline,https://robertdevore.com/plan-prompt-publish-a-practical-guide-to-creating-beautifully-useful-content-with-ai/,content/posts/plan-prompt-publish-a-practical-guide-to-creating-beautifully-useful-content-with-ai.md,article,Plan. Prompt. Publish. A Practical Guide to Creating Beautifully Useful Content with AI | Robert DeVore,103,"Most people use AI to make bad content faster. This guide flips that on its head. Over the next 9 days, I'm breaking down a complete system for using AI to create content that's actually worth reading - content that…",216,https://robertdevore.com/plan-prompt-publish-a-practical-guide-to-creating-beautifully-useful-content-with-ai/,"index, follow (default)",en,Robert DeVore,Plan. Prompt. Publish. A Practical Guide to Creating Beautifully Useful Content with AI,"Most people use AI to make bad content faster. This guide flips that on its head. Over the next 9 days, I'm breaking down a complete system for using AI to create content that's actually worth reading - content that…",https://robertdevore.com/plan-prompt-publish-a-practical-guide-to-creating-beautifully-useful-content-with-ai/,article,,summary_large_image,Plan. Prompt. Publish. A Practical Guide to Creating Beautifully Useful Content with AI,"Most people use AI to make bad content faster. This guide flips that on its head. Over the next 9 days, I'm breaking down a complete system for using AI to create content that's actually worth reading - content that…",,False,False,legacy meta keywords present; large Twitter card has no image
baseline,https://robertdevore.com/projects/,templates/page-projects.html,project-index,Projects | Robert DeVore,24,"Software systems, developer tools, agentic workflows, and technical writing.",76,https://robertdevore.com/projects/,"index, follow (default)",en,Robert DeVore,Projects,"Software systems, developer tools, agentic workflows, and technical writing.",https://robertdevore.com/projects/,website,,summary_large_image,Projects,"Software systems, developer tools, agentic workflows, and technical writing.",,False,True,duplicate description; legacy meta keywords present; large Twitter card has no image
baseline,https://robertdevore.com/projects/agents-sdk/,content/projects/agents-sdk.md,project,Kujo Agents SDK | Robert DeVore,31,"Runtime primitives and examples for building bounded, testable agents with Kujo.",80,https://robertdevore.com/projects/agents-sdk/,"index, follow (default)",en,Robert DeVore,Kujo Agents SDK,"Runtime primitives and examples for building bounded, testable agents with Kujo.",https://robertdevore.com/projects/agents-sdk/,article,,summary_large_image,Kujo Agents SDK,"Runtime primitives and examples for building bounded, testable agents with Kujo.",,False,False,legacy meta keywords present; large Twitter card has no image
baseline,https://robertdevore.com/projects/dispatch/,content/projects/dispatch.md,project,Dispatch | Robert DeVore,24,"Reliable AI workflow orchestration with resumable runs, approvals, policies, and trace artifacts.",97,https://robertdevore.com/projects/dispatch/,"index, follow (default)",en,Robert DeVore,Dispatch,"Reliable AI workflow orchestration with resumable runs, approvals, policies, and trace artifacts.",https://robertdevore.com/projects/dispatch/,article,,summary_large_image,Dispatch,"Reliable AI workflow orchestration with resumable runs, approvals, policies, and trace artifacts.",,False,False,legacy meta keywords present; large Twitter card has no image
baseline,https://robertdevore.com/projects/kujo/,content/projects/kujo.md,project,Kujo | Robert DeVore,20,The programming language and ecosystem at the center of Robert DeVore's current systems work.,93,https://robertdevore.com/projects/kujo/,"index, follow (default)",en,Robert DeVore,Kujo,The programming language and ecosystem at the center of Robert DeVore's current systems work.,https://robertdevore.com/projects/kujo/,article,,summary_large_image,Kujo,The programming language and ecosystem at the center of Robert DeVore's current systems work.,,False,False,legacy meta keywords present; large Twitter card has no image
baseline,https://robertdevore.com/projects/lens/,content/projects/lens.md,project,Lens | Robert DeVore,20,Deterministic browser and visual QA workflows for local web projects.,69,https://robertdevore.com/projects/lens/,"index, follow (default)",en,Robert DeVore,Lens,Deterministic browser and visual QA workflows for local web projects.,https://robertdevore.com/projects/lens/,article,,summary_large_image,Lens,Deterministic browser and visual QA workflows for local web projects.,,False,False,legacy meta keywords present; large Twitter card has no image
baseline,https://robertdevore.com/projects/sitekit/,content/projects/sitekit.md,project,SiteKit | Robert DeVore,23,"An AI-readable, human-verifiable design system and semantic component library.",78,https://robertdevore.com/projects/sitekit/,"index, follow (default)",en,Robert DeVore,SiteKit,"An AI-readable, human-verifiable design system and semantic component library.",https://robertdevore.com/projects/sitekit/,article,,summary_large_image,SiteKit,"An AI-readable, human-verifiable design system and semantic component library.",,False,False,legacy meta keywords present; large Twitter card has no image
baseline,https://robertdevore.com/projects/ssg/,content/projects/ssg.md,project,Kujo SSG | Robert DeVore,24,"A deterministic static-site generator with visible content, templates, metadata, feeds, and release checks.",107,https://robertdevore.com/projects/ssg/,"index, follow (default)",en,Robert DeVore,Kujo SSG,"A deterministic static-site generator with visible content, templates, metadata, feeds, and release checks.",https://robertdevore.com/projects/ssg/,article,,summary_large_image,Kujo SSG,"A deterministic static-site generator with visible content, templates, metadata, feeds, and release checks.",,False,False,legacy meta keywords present; large Twitter card has no image
baseline,https://robertdevore.com/release-notes-back-in-stock-notifications-for-woocommerce-free-v1-0-1/,content/posts/release-notes-back-in-stock-notifications-for-woocommerce-free-v1-0-1.md,article,Release Notes: Back In Stock Notifications for WooCommerce® (free) v1.0.1 | Robert DeVore,89,"I’m happy to announce the release of Back In Stock Notifications for WooCommerce® (free) v1.0.1 ! This release focuses on improving the plugin’s performance, especially for sites that manage large volumes of waitlisted…",219,https://robertdevore.com/release-notes-back-in-stock-notifications-for-woocommerce-free-v1-0-1/,"index, follow (default)",en,Robert DeVore,Release Notes: Back In Stock Notifications for WooCommerce® (free) v1.0.1,"I’m happy to announce the release of Back In Stock Notifications for WooCommerce® (free) v1.0.1 ! This release focuses on improving the plugin’s performance, especially for sites that manage large volumes of waitlisted…",https://robertdevore.com/release-notes-back-in-stock-notifications-for-woocommerce-free-v1-0-1/,article,,summary_large_image,Release Notes: Back In Stock Notifications for WooCommerce® (free) v1.0.1,"I’m happy to announce the release of Back In Stock Notifications for WooCommerce® (free) v1.0.1 ! This release focuses on improving the plugin’s performance, especially for sites that manage large volumes of waitlisted…",,False,False,legacy meta keywords present; large Twitter card has no image
baseline,https://robertdevore.com/relentless/,content/posts/relentless.md,article,Relentless | Robert DeVore,26,"I will hold $1,000,000 in my hands. Bold statement, right? Well, if fortune favors the bold, I plan on cashing in on it. I understand that overnight success doesn't mean that tomorrow morning I'll wake up and be rich.…",218,https://robertdevore.com/relentless/,"index, follow (default)",en,Robert DeVore,Relentless,"I will hold $1,000,000 in my hands. Bold statement, right? Well, if fortune favors the bold, I plan on cashing in on it. I understand that overnight success doesn't mean that tomorrow morning I'll wake up and be rich.…",https://robertdevore.com/relentless/,article,,summary_large_image,Relentless,"I will hold $1,000,000 in my hands. Bold statement, right? Well, if fortune favors the bold, I plan on cashing in on it. I understand that overnight success doesn't mean that tomorrow morning I'll wake up and be rich.…",,False,False,legacy meta keywords present; large Twitter card has no image
baseline,https://robertdevore.com/rethinking-keyword-research-in-the-age-of-ai/,content/posts/rethinking-keyword-research-in-the-age-of-ai.md,article,Rethinking Keyword Research in the Age of AI | Robert DeVore,60,"Most people think keyword research means opening up Ahrefs , dumping out a spreadsheet, and calling it a day. That’s not strategy – that’s inventory . I believe that with the help of AI you can go way beyond the surface…",220,https://robertdevore.com/rethinking-keyword-research-in-the-age-of-ai/,"index, follow (default)",en,Robert DeVore,Rethinking Keyword Research in the Age of AI,"Most people think keyword research means opening up Ahrefs , dumping out a spreadsheet, and calling it a day. That’s not strategy – that’s inventory . I believe that with the help of AI you can go way beyond the surface…",https://robertdevore.com/rethinking-keyword-research-in-the-age-of-ai/,article,,summary_large_image,Rethinking Keyword Research in the Age of AI,"Most people think keyword research means opening up Ahrefs , dumping out a spreadsheet, and calling it a day. That’s not strategy – that’s inventory . I believe that with the help of AI you can go way beyond the surface…",,False,False,legacy meta keywords present; large Twitter card has no image
baseline,https://robertdevore.com/reusable-flask-error-handling-a-step-by-step-guide-to-modular-http-error-responses/,content/posts/reusable-flask-error-handling-a-step-by-step-guide-to-modular-http-error-responses.md,article,Reusable Flask Error Handling: A Step-by-Step Guide to Modular HTTP Error Responses | Robert DeVore,99,"I don’t know about you, but in code and in real life, I hate repeating myself 🤦‍♂️ And after building the Savage Scanner and Vuln Search apps, I realized quickly that I’ll be creating a lot of the same code for my Flask…",220,https://robertdevore.com/reusable-flask-error-handling-a-step-by-step-guide-to-modular-http-error-responses/,"index, follow (default)",en,Robert DeVore,Reusable Flask Error Handling: A Step-by-Step Guide to Modular HTTP Error Responses,"I don’t know about you, but in code and in real life, I hate repeating myself 🤦‍♂️ And after building the Savage Scanner and Vuln Search apps, I realized quickly that I’ll be creating a lot of the same code for my Flask…",https://robertdevore.com/reusable-flask-error-handling-a-step-by-step-guide-to-modular-http-error-responses/,article,,summary_large_image,Reusable Flask Error Handling: A Step-by-Step Guide to Modular HTTP Error Responses,"I don’t know about you, but in code and in real life, I hate repeating myself 🤦‍♂️ And after building the Savage Scanner and Vuln Search apps, I realized quickly that I’ll be creating a lot of the same code for my Flask…",,False,False,legacy meta keywords present; large Twitter card has no image
baseline,https://robertdevore.com/run-a-tor-relay/,content/posts/run-a-tor-relay.md,article,Run a Tor relay | Robert DeVore,31,"Tor is an important tool for your privacy, security and freedom of speech. In an increasingly Orwellian world, Tor has become one of the most important tools, in my opinion, for you to be truly free online. I would like…",220,https://robertdevore.com/run-a-tor-relay/,"index, follow (default)",en,Robert DeVore,Run a Tor relay,"Tor is an important tool for your privacy, security and freedom of speech. In an increasingly Orwellian world, Tor has become one of the most important tools, in my opinion, for you to be truly free online. I would like…",https://robertdevore.com/run-a-tor-relay/,article,,summary_large_image,Run a Tor relay,"Tor is an important tool for your privacy, security and freedom of speech. In an increasingly Orwellian world, Tor has become one of the most important tools, in my opinion, for you to be truly free online. I would like…",,False,False,legacy meta keywords present; large Twitter card has no image
baseline,https://robertdevore.com/say-goodbye-to-wordpress/,content/posts/say-goodbye-to-wordpress.md,article,Say Goodbye to WordPress | Robert DeVore,40,"I’ve spent the past two decades working in the WordPress ecosystem – building, fixing, debugging, migrating, and patching sites for clients large and small. Here’s what I’ve learned: Most of those sites never needed…",216,https://robertdevore.com/say-goodbye-to-wordpress/,"index, follow (default)",en,Robert DeVore,Say Goodbye to WordPress,"I’ve spent the past two decades working in the WordPress ecosystem – building, fixing, debugging, migrating, and patching sites for clients large and small. Here’s what I’ve learned: Most of those sites never needed…",https://robertdevore.com/say-goodbye-to-wordpress/,article,,summary_large_image,Say Goodbye to WordPress,"I’ve spent the past two decades working in the WordPress ecosystem – building, fixing, debugging, migrating, and patching sites for clients large and small. Here’s what I’ve learned: Most of those sites never needed…",,False,False,legacy meta keywords present; large Twitter card has no image
baseline,https://robertdevore.com/set-featured-images-programatically-wordpress/,content/posts/set-featured-images-programatically-wordpress.md,article,Set Featured Images Programmatically in WordPress | Robert DeVore,65,"Recently, I found myself needing to auto-set 300+ featured images for a customers WooCommerce store. After the initial panic phased itself out, I took a couple of deep breathes and realized I've done a few kinda-sorta…",218,https://robertdevore.com/set-featured-images-programatically-wordpress/,"index, follow (default)",en,Robert DeVore,Set Featured Images Programmatically in WordPress,"Recently, I found myself needing to auto-set 300+ featured images for a customers WooCommerce store. After the initial panic phased itself out, I took a couple of deep breathes and realized I've done a few kinda-sorta…",https://robertdevore.com/set-featured-images-programatically-wordpress/,article,,summary_large_image,Set Featured Images Programmatically in WordPress,"Recently, I found myself needing to auto-set 300+ featured images for a customers WooCommerce store. After the initial panic phased itself out, I took a couple of deep breathes and realized I've done a few kinda-sorta…",,False,False,legacy meta keywords present; large Twitter card has no image
baseline,https://robertdevore.com/slackedd/,content/posts/slackedd.md,article,Slackedd | Robert DeVore,24,"Towards the end of last year, I tweeted that I was working on something with the Easy Digital Downloads payment success function, and today I am able to share the fruits of that labor. Slackedd WordPress plugin Receive…",219,https://robertdevore.com/slackedd/,"index, follow (default)",en,Robert DeVore,Slackedd,"Towards the end of last year, I tweeted that I was working on something with the Easy Digital Downloads payment success function, and today I am able to share the fruits of that labor. Slackedd WordPress plugin Receive…",https://robertdevore.com/slackedd/,article,,summary_large_image,Slackedd,"Towards the end of last year, I tweeted that I was working on something with the Easy Digital Downloads payment success function, and today I am able to share the fruits of that labor. Slackedd WordPress plugin Receive…",,False,False,legacy meta keywords present; large Twitter card has no image
baseline,https://robertdevore.com/stattic-v0-3-0-release-llms-txt-faster-gifs-leaner-core-and-smarter-routing/,content/posts/stattic-v0-3-0-release-llms-txt-faster-gifs-leaner-core-and-smarter-routing.md,article,Just Released: Stattic v.0.3.0 | Robert DeVore,46,"Another release. Another step forward. Stattic v0.3.0 isn’t a flashy overhaul – it’s a focused upgrade that makes the core tighter, the output cleaner, and the tooling smarter. Here’s what’s new (and why it matters): 📦…",219,https://robertdevore.com/stattic-v0-3-0-release-llms-txt-faster-gifs-leaner-core-and-smarter-routing/,"index, follow (default)",en,Robert DeVore,Just Released: Stattic v.0.3.0,"Another release. Another step forward. Stattic v0.3.0 isn’t a flashy overhaul – it’s a focused upgrade that makes the core tighter, the output cleaner, and the tooling smarter. Here’s what’s new (and why it matters): 📦…",https://robertdevore.com/stattic-v0-3-0-release-llms-txt-faster-gifs-leaner-core-and-smarter-routing/,article,,summary_large_image,Just Released: Stattic v.0.3.0,"Another release. Another step forward. Stattic v0.3.0 isn’t a flashy overhaul – it’s a focused upgrade that makes the core tighter, the output cleaner, and the tooling smarter. Here’s what’s new (and why it matters): 📦…",,False,False,legacy meta keywords present; large Twitter card has no image
baseline,https://robertdevore.com/stattic-v1-0-the-worlds-fastest-python-based-static-site-generator/,content/posts/stattic-v1-0-the-worlds-fastest-python-based-static-site-generator.md,article,Stattic v1.0: The World’s Fastest Python-based Static Site Generator | Robert DeVore,84,"Over the last few months, I’ve gone all-in on Python. Not just because it's powerful - but because it’s accessible. I've been building tools , writing tutorials , dropping full cipher projects , and even releasing a…",216,https://robertdevore.com/stattic-v1-0-the-worlds-fastest-python-based-static-site-generator/,"index, follow (default)",en,Robert DeVore,Stattic v1.0: The World’s Fastest Python-based Static Site Generator,"Over the last few months, I’ve gone all-in on Python. Not just because it's powerful - but because it’s accessible. I've been building tools , writing tutorials , dropping full cipher projects , and even releasing a…",https://robertdevore.com/stattic-v1-0-the-worlds-fastest-python-based-static-site-generator/,article,,summary_large_image,Stattic v1.0: The World’s Fastest Python-based Static Site Generator,"Over the last few months, I’ve gone all-in on Python. Not just because it's powerful - but because it’s accessible. I've been building tools , writing tutorials , dropping full cipher projects , and even releasing a…",,False,False,legacy meta keywords present; large Twitter card has no image
baseline,https://robertdevore.com/stop-gambling-with-client-trust-why-skipping-a-security-audit-is-a-risk-you-cant-afford/,content/posts/stop-gambling-with-client-trust-why-skipping-a-security-audit-is-a-risk-you-cant-afford.md,article,Stop Gambling With Client Trust: Why Skipping a Security Audit Is a Risk You Can’t Afford | Robert DeVore,105,"If you run an agency – whether it’s maintenance, web development, marketing, branding, or anything in between – you probably think security is someone else’s problem. Spoiler alert: it’s yours. You build websites, run…",218,https://robertdevore.com/stop-gambling-with-client-trust-why-skipping-a-security-audit-is-a-risk-you-cant-afford/,"index, follow (default)",en,Robert DeVore,Stop Gambling With Client Trust: Why Skipping a Security Audit Is a Risk You Can’t Afford,"If you run an agency – whether it’s maintenance, web development, marketing, branding, or anything in between – you probably think security is someone else’s problem. Spoiler alert: it’s yours. You build websites, run…",https://robertdevore.com/stop-gambling-with-client-trust-why-skipping-a-security-audit-is-a-risk-you-cant-afford/,article,,summary_large_image,Stop Gambling With Client Trust: Why Skipping a Security Audit Is a Risk You Can’t Afford,"If you run an agency – whether it’s maintenance, web development, marketing, branding, or anything in between – you probably think security is someone else’s problem. Spoiler alert: it’s yours. You build websites, run…",,False,False,legacy meta keywords present; large Twitter card has no image
baseline,https://robertdevore.com/tag/,generated listing/archive,tag-archive,Tag | Robert DeVore,19,"Software systems, developer tools, agentic workflows, and technical writing.",76,https://robertdevore.com/tag/,"index, follow (default)",en,Robert DeVore,Tag,"Software systems, developer tools, agentic workflows, and technical writing.",https://robertdevore.com/tag/,website,,summary_large_image,Tag,"Software systems, developer tools, agentic workflows, and technical writing.",,False,True,duplicate description; legacy meta keywords present; large Twitter card has no image
baseline,https://robertdevore.com/tag/ai/,content/tag/ai.md,tag-archive,AI | Robert DeVore,18,Writing filed under AI.,23,https://robertdevore.com/tag/ai/,"index, follow (default)",en,Robert DeVore,AI,Writing filed under AI.,https://robertdevore.com/tag/ai/,article,,summary_large_image,AI,Writing filed under AI.,,False,False,legacy meta keywords present; large Twitter card has no image
baseline,https://robertdevore.com/tag/archive/,content/tag/archive.md,tag-archive,Archive | Robert DeVore,23,Writing filed under Archive.,28,https://robertdevore.com/tag/archive/,"index, follow (default)",en,Robert DeVore,Archive,Writing filed under Archive.,https://robertdevore.com/tag/archive/,article,,summary_large_image,Archive,Writing filed under Archive.,,False,False,legacy meta keywords present; large Twitter card has no image
baseline,https://robertdevore.com/tag/engineering/,content/tag/engineering.md,tag-archive,Engineering | Robert DeVore,27,Writing filed under Engineering.,32,https://robertdevore.com/tag/engineering/,"index, follow (default)",en,Robert DeVore,Engineering,Writing filed under Engineering.,https://robertdevore.com/tag/engineering/,article,,summary_large_image,Engineering,Writing filed under Engineering.,,False,False,legacy meta keywords present; large Twitter card has no image
baseline,https://robertdevore.com/tag/essays/,content/tag/essays.md,tag-archive,Essays | Robert DeVore,22,Writing filed under Essays.,27,https://robertdevore.com/tag/essays/,"index, follow (default)",en,Robert DeVore,Essays,Writing filed under Essays.,https://robertdevore.com/tag/essays/,article,,summary_large_image,Essays,Writing filed under Essays.,,False,False,legacy meta keywords present; large Twitter card has no image
baseline,https://robertdevore.com/tag/woocommerce/,content/tag/woocommerce.md,tag-archive,WooCommerce | Robert DeVore,27,Writing filed under WooCommerce.,32,https://robertdevore.com/tag/woocommerce/,"index, follow (default)",en,Robert DeVore,WooCommerce,Writing filed under WooCommerce.,https://robertdevore.com/tag/woocommerce/,article,,summary_large_image,WooCommerce,Writing filed under WooCommerce.,,False,False,legacy meta keywords present; large Twitter card has no image
baseline,https://robertdevore.com/tag/wordpress/,content/tag/wordpress.md,tag-archive,WordPress | Robert DeVore,25,Writing filed under WordPress.,30,https://robertdevore.com/tag/wordpress/,"index, follow (default)",en,Robert DeVore,WordPress,Writing filed under WordPress.,https://robertdevore.com/tag/wordpress/,article,,summary_large_image,WordPress,Writing filed under WordPress.,,True,True,duplicate title; duplicate description; legacy meta keywords present; large Twitter card has no image
baseline,https://robertdevore.com/thank-you-wordpress/,content/posts/thank-you-wordpress.md,article,Thank You WordPress | Robert DeVore,35,"WordPress version 1.5, named Strayhorn after the pianist Billy Strayhorn because "" we thought he was perfect to represent the power and elegance of this release"" was released February 17th, 2002._ _ That seems to hold…",218,https://robertdevore.com/thank-you-wordpress/,"index, follow (default)",en,Robert DeVore,Thank You WordPress,"WordPress version 1.5, named Strayhorn after the pianist Billy Strayhorn because "" we thought he was perfect to represent the power and elegance of this release"" was released February 17th, 2002._ _ That seems to hold…",https://robertdevore.com/thank-you-wordpress/,article,,summary_large_image,Thank You WordPress,"WordPress version 1.5, named Strayhorn after the pianist Billy Strayhorn because "" we thought he was perfect to represent the power and elegance of this release"" was released February 17th, 2002._ _ That seems to hold…",,False,False,legacy meta keywords present; large Twitter card has no image
baseline,https://robertdevore.com/the-fastest-way-for-php-devs-to-learn-python/,content/posts/the-fastest-way-for-php-devs-to-learn-python.md,article,The Fastest Way for PHP Devs to Learn Python | Robert DeVore,60,"So you’ve been writing PHP for years, maybe shipping WordPress® sites, WooCommerce® stores, or custom plugins. Now you’re stepping into the Python world – maybe because you found Stattic and realized you don’t need a…",217,https://robertdevore.com/the-fastest-way-for-php-devs-to-learn-python/,"index, follow (default)",en,Robert DeVore,The Fastest Way for PHP Devs to Learn Python,"So you’ve been writing PHP for years, maybe shipping WordPress® sites, WooCommerce® stores, or custom plugins. Now you’re stepping into the Python world – maybe because you found Stattic and realized you don’t need a…",https://robertdevore.com/the-fastest-way-for-php-devs-to-learn-python/,article,,summary_large_image,The Fastest Way for PHP Devs to Learn Python,"So you’ve been writing PHP for years, maybe shipping WordPress® sites, WooCommerce® stores, or custom plugins. Now you’re stepping into the Python world – maybe because you found Stattic and realized you don’t need a…",,False,False,legacy meta keywords present; large Twitter card has no image
baseline,https://robertdevore.com/the-past-present-and-future-of-wp-dispensary/,content/posts/the-past-present-and-future-of-wp-dispensary.md,article,"The past, present and future of WP Dispensary | Robert DeVore",61,"It’s been nearly 7 years since I first released WP Dispensary 😲 On November 26th, 2015 I published this article announcing to the world that I built the first cannabis menu plugin for WordPress. Needless to say, it was…",219,https://robertdevore.com/the-past-present-and-future-of-wp-dispensary/,"index, follow (default)",en,Robert DeVore,"The past, present and future of WP Dispensary","It’s been nearly 7 years since I first released WP Dispensary 😲 On November 26th, 2015 I published this article announcing to the world that I built the first cannabis menu plugin for WordPress. Needless to say, it was…",https://robertdevore.com/the-past-present-and-future-of-wp-dispensary/,article,,summary_large_image,"The past, present and future of WP Dispensary","It’s been nearly 7 years since I first released WP Dispensary 😲 On November 26th, 2015 I published this article announcing to the world that I built the first cannabis menu plugin for WordPress. Needless to say, it was…",,False,False,legacy meta keywords present; large Twitter card has no image
baseline,https://robertdevore.com/tools-and-workflows-for-formatting-visuals-and-citations/,content/posts/tools-and-workflows-for-formatting-visuals-and-citations.md,article,"Tools and Workflows for Formatting, Visuals, and Citations | Robert DeVore",74,"You wrote the draft and on your first read-through, it hits. But now it’s sitting there like a great idea in sweatpants – unstyled and unfinished. No visuals. No formatting. No sources. Just vibes 🤦‍♂️ This post fixes…",218,https://robertdevore.com/tools-and-workflows-for-formatting-visuals-and-citations/,"index, follow (default)",en,Robert DeVore,"Tools and Workflows for Formatting, Visuals, and Citations","You wrote the draft and on your first read-through, it hits. But now it’s sitting there like a great idea in sweatpants – unstyled and unfinished. No visuals. No formatting. No sources. Just vibes 🤦‍♂️ This post fixes…",https://robertdevore.com/tools-and-workflows-for-formatting-visuals-and-citations/,article,,summary_large_image,"Tools and Workflows for Formatting, Visuals, and Citations","You wrote the draft and on your first read-through, it hits. But now it’s sitting there like a great idea in sweatpants – unstyled and unfinished. No visuals. No formatting. No sources. Just vibes 🤦‍♂️ This post fixes…",,False,False,legacy meta keywords present; large Twitter card has no image
baseline,https://robertdevore.com/twitter-marketing/,content/posts/twitter-marketing.md,article,Twitter Marketing | Robert DeVore,33,"When building your digital marketing strategy, social media websites like Twitter are usually at the top of the list. I mean, with over 300 million active users on Twitter, you'd be hard pressed to find a marketing blog…",220,https://robertdevore.com/twitter-marketing/,"index, follow (default)",en,Robert DeVore,Twitter Marketing,"When building your digital marketing strategy, social media websites like Twitter are usually at the top of the list. I mean, with over 300 million active users on Twitter, you'd be hard pressed to find a marketing blog…",https://robertdevore.com/twitter-marketing/,article,,summary_large_image,Twitter Marketing,"When building your digital marketing strategy, social media websites like Twitter are usually at the top of the list. I mean, with over 300 million active users on Twitter, you'd be hard pressed to find a marketing blog…",,False,False,legacy meta keywords present; large Twitter card has no image
baseline,https://robertdevore.com/two-years-building-wp-dispensary/,content/posts/two-years-building-wp-dispensary.md,article,WP Dispensary: 2 years after the launch | Robert DeVore,55,"Over the last two years, the WP Dispensary WordPress plugin has changed my entire life. In these last two years, WP Dispensary** has gone from being just a ""thing"" I built to a thing that powers hundreds of websites for…",220,https://robertdevore.com/two-years-building-wp-dispensary/,"index, follow (default)",en,Robert DeVore,WP Dispensary: 2 years after the launch,"Over the last two years, the WP Dispensary WordPress plugin has changed my entire life. In these last two years, WP Dispensary** has gone from being just a ""thing"" I built to a thing that powers hundreds of websites for…",https://robertdevore.com/two-years-building-wp-dispensary/,article,,summary_large_image,WP Dispensary: 2 years after the launch,"Over the last two years, the WP Dispensary WordPress plugin has changed my entire life. In these last two years, WP Dispensary** has gone from being just a ""thing"" I built to a thing that powers hundreds of websites for…",,False,False,legacy meta keywords present; large Twitter card has no image
baseline,https://robertdevore.com/use-ai-to-create-your-own-wwf-action-figure-blister-packs/,content/posts/use-ai-to-create-your-own-wwf-action-figure-blister-packs.md,article,Use AI to create your own WWF Action Figure Blister Packs | Robert DeVore,73,"The best there is, the best there was, and the best there ever will be 😎 I just released an AI prompt to turn your headshot into it’s own WWF action figure blister pack ! We’re talking full on retro fig glory – the…",215,https://robertdevore.com/use-ai-to-create-your-own-wwf-action-figure-blister-packs/,"index, follow (default)",en,Robert DeVore,Use AI to create your own WWF Action Figure Blister Packs,"The best there is, the best there was, and the best there ever will be 😎 I just released an AI prompt to turn your headshot into it’s own WWF action figure blister pack ! We’re talking full on retro fig glory – the…",https://robertdevore.com/use-ai-to-create-your-own-wwf-action-figure-blister-packs/,article,,summary_large_image,Use AI to create your own WWF Action Figure Blister Packs,"The best there is, the best there was, and the best there ever will be 😎 I just released an AI prompt to turn your headshot into it’s own WWF action figure blister pack ! We’re talking full on retro fig glory – the…",,False,False,legacy meta keywords present; large Twitter card has no image
baseline,https://robertdevore.com/what-makes-content-beautifully-useful/,content/posts/what-makes-content-beautifully-useful.md,article,What Makes Content Beautifully Useful? | Robert DeVore,54,"Most AI content isn’t wrong. It’s just lifeless. It ticks boxes, hits the keyword and follows the format. And still gets ignored 😭 That’s the real problem: Content that’s technically fine - but emotionally flat. It…",215,https://robertdevore.com/what-makes-content-beautifully-useful/,"index, follow (default)",en,Robert DeVore,What Makes Content Beautifully Useful?,"Most AI content isn’t wrong. It’s just lifeless. It ticks boxes, hits the keyword and follows the format. And still gets ignored 😭 That’s the real problem: Content that’s technically fine - but emotionally flat. It…",https://robertdevore.com/what-makes-content-beautifully-useful/,article,,summary_large_image,What Makes Content Beautifully Useful?,"Most AI content isn’t wrong. It’s just lifeless. It ticks boxes, hits the keyword and follows the format. And still gets ignored 😭 That’s the real problem: Content that’s technically fine - but emotionally flat. It…",,False,False,legacy meta keywords present; large Twitter card has no image
baseline,https://robertdevore.com/why-wordpress-plugin-developers-need-security-audits/,content/posts/why-wordpress-plugin-developers-need-security-audits.md,article,Why WordPress Plugin Developers Need Security Audits | Robert DeVore,68,"If you develop WordPress plugins and haven’t had a third-party security audit , you’re playing a dangerous fucking game . I get it. You write solid code. You test your features. You’re confident in your work. But that…",218,https://robertdevore.com/why-wordpress-plugin-developers-need-security-audits/,"index, follow (default)",en,Robert DeVore,Why WordPress Plugin Developers Need Security Audits,"If you develop WordPress plugins and haven’t had a third-party security audit , you’re playing a dangerous fucking game . I get it. You write solid code. You test your features. You’re confident in your work. But that…",https://robertdevore.com/why-wordpress-plugin-developers-need-security-audits/,article,,summary_large_image,Why WordPress Plugin Developers Need Security Audits,"If you develop WordPress plugins and haven’t had a third-party security audit , you’re playing a dangerous fucking game . I get it. You write solid code. You test your features. You’re confident in your work. But that…",,False,False,legacy meta keywords present; large Twitter card has no image
baseline,https://robertdevore.com/woocommerce-dispensary-details-plugin/,content/posts/woocommerce-dispensary-details-plugin.md,article,Dispensary Details for WooCommerce | Robert DeVore,50,"I recently built and released a new plugin on WP Dispensary that works 100% without WP Dispensary . ""But didn't you just jump in full time to build WP Dispensary? Why create something that doesn't work with it?"" I know,…",220,https://robertdevore.com/woocommerce-dispensary-details-plugin/,"index, follow (default)",en,Robert DeVore,Dispensary Details for WooCommerce,"I recently built and released a new plugin on WP Dispensary that works 100% without WP Dispensary . ""But didn't you just jump in full time to build WP Dispensary? Why create something that doesn't work with it?"" I know,…",https://robertdevore.com/woocommerce-dispensary-details-plugin/,article,,summary_large_image,Dispensary Details for WooCommerce,"I recently built and released a new plugin on WP Dispensary that works 100% without WP Dispensary . ""But didn't you just jump in full time to build WP Dispensary? Why create something that doesn't work with it?"" I know,…",,False,False,legacy meta keywords present; large Twitter card has no image
baseline,https://robertdevore.com/wordpress-custom-post-types-code-snippets/,content/posts/wordpress-custom-post-types-code-snippets.md,article,Enhance the power of your WordPress Custom Post Types | Robert DeVore,69,I've been working on extending the WP Dispensary plugin and wanted to share some of the ways I've found to help boost the power of the Custom Post Types you create. Custom Post Types are a great building block for…,214,https://robertdevore.com/wordpress-custom-post-types-code-snippets/,"index, follow (default)",en,Robert DeVore,Enhance the power of your WordPress Custom Post Types,I've been working on extending the WP Dispensary plugin and wanted to share some of the ways I've found to help boost the power of the Custom Post Types you create. Custom Post Types are a great building block for…,https://robertdevore.com/wordpress-custom-post-types-code-snippets/,article,,summary_large_image,Enhance the power of your WordPress Custom Post Types,I've been working on extending the WP Dispensary plugin and wanted to share some of the ways I've found to help boost the power of the Custom Post Types you create. Custom Post Types are a great building block for…,,False,False,legacy meta keywords present; large Twitter card has no image
baseline,https://robertdevore.com/wordpress-plugin-security-is-a-joke-and-youre-the-punchline/,content/posts/wordpress-plugin-security-is-a-joke-and-youre-the-punchline.md,article,"WordPress Plugin Security Is a Joke, and You’re the Punchline | Robert DeVore",77,"Trigger Warning Unfiltered technical opinions. Brutal honesty. WordPress plugins held accountable. OK, so, once again we find ourselves in the land of infinite possibilities – and infinite insecurities – called…",211,https://robertdevore.com/wordpress-plugin-security-is-a-joke-and-youre-the-punchline/,"index, follow (default)",en,Robert DeVore,"WordPress Plugin Security Is a Joke, and You’re the Punchline","Trigger Warning Unfiltered technical opinions. Brutal honesty. WordPress plugins held accountable. OK, so, once again we find ourselves in the land of infinite possibilities – and infinite insecurities – called…",https://robertdevore.com/wordpress-plugin-security-is-a-joke-and-youre-the-punchline/,article,,summary_large_image,"WordPress Plugin Security Is a Joke, and You’re the Punchline","Trigger Warning Unfiltered technical opinions. Brutal honesty. WordPress plugins held accountable. OK, so, once again we find ourselves in the land of infinite possibilities – and infinite insecurities – called…",,False,False,legacy meta keywords present; large Twitter card has no image
baseline,https://robertdevore.com/wordpress-woocommerce-plugins-i-will-no-longer-maintain/,content/posts/wordpress-woocommerce-plugins-i-will-no-longer-maintain.md,article,WordPress & WooCommerce plugins I will no longer maintain | Robert DeVore,73,"In an effort to help the code below potentially find new homes, I've compiled all of the free WordPress and WooCommerce plugins I've released. These will all be archived in GitHub eventually, and the Projects page on…",217,https://robertdevore.com/wordpress-woocommerce-plugins-i-will-no-longer-maintain/,"index, follow (default)",en,Robert DeVore,WordPress & WooCommerce plugins I will no longer maintain,"In an effort to help the code below potentially find new homes, I've compiled all of the free WordPress and WooCommerce plugins I've released. These will all be archived in GitHub eventually, and the Projects page on…",https://robertdevore.com/wordpress-woocommerce-plugins-i-will-no-longer-maintain/,article,,summary_large_image,WordPress & WooCommerce plugins I will no longer maintain,"In an effort to help the code below potentially find new homes, I've compiled all of the free WordPress and WooCommerce plugins I've released. These will all be archived in GitHub eventually, and the Projects page on…",,False,False,legacy meta keywords present; large Twitter card has no image
baseline,https://robertdevore.com/wp-dispensary-v2/,content/posts/wp-dispensary-v2.md,article,WP Dispensary v2.0 is being released on 4/20 | Robert DeVore,60,"It is now less than 2 weeks until I release version 2.0** of WP Dispensary . And if you're not looking at a calendar, yes, the release date is 4/20 ? After working on this release, I took a step back and realized that…",218,https://robertdevore.com/wp-dispensary-v2/,"index, follow (default)",en,Robert DeVore,WP Dispensary v2.0 is being released on 4/20,"It is now less than 2 weeks until I release version 2.0** of WP Dispensary . And if you're not looking at a calendar, yes, the release date is 4/20 ? After working on this release, I took a step back and realized that…",https://robertdevore.com/wp-dispensary-v2/,article,,summary_large_image,WP Dispensary v2.0 is being released on 4/20,"It is now less than 2 weeks until I release version 2.0** of WP Dispensary . And if you're not looking at a calendar, yes, the release date is 4/20 ? After working on this release, I took a step back and realized that…",,False,False,legacy meta keywords present; large Twitter card has no image
baseline,https://robertdevore.com/wp-dispensary/,content/posts/wp-dispensary.md,article,WP Dispensary | Robert DeVore,29,"Within the last few months I have been developing this plugin from the ground up. I've ensured that when the product was released, there would be a great use for it, and a demand for more solutions like it. With a…",214,https://robertdevore.com/wp-dispensary/,"index, follow (default)",en,Robert DeVore,WP Dispensary,"Within the last few months I have been developing this plugin from the ground up. I've ensured that when the product was released, there would be a great use for it, and a demand for more solutions like it. With a…",https://robertdevore.com/wp-dispensary/,article,,summary_large_image,WP Dispensary,"Within the last few months I have been developing this plugin from the ground up. I've ensured that when the product was released, there would be a great use for it, and a demand for more solutions like it. With a…",,False,False,legacy meta keywords present; large Twitter card has no image
baseline,https://robertdevore.com/wp-townhall-13-the-debate-kevin-geary-doesnt-want-you-to-see/,content/posts/wp-townhall-13-the-debate-kevin-geary-doesnt-want-you-to-see.md,article,WP Townhall 13: The Debate Kevin Geary Doesn’t Want You to See | Robert DeVore,78,"A little over a month ago, I joined Kevin Geary on WP Townhall for what was supposed to be an honest debate about WordPress, pricing, and how to actually help clients win. It didn’t go the way he expected. I challenged…",219,https://robertdevore.com/wp-townhall-13-the-debate-kevin-geary-doesnt-want-you-to-see/,"index, follow (default)",en,Robert DeVore,WP Townhall 13: The Debate Kevin Geary Doesn’t Want You to See,"A little over a month ago, I joined Kevin Geary on WP Townhall for what was supposed to be an honest debate about WordPress, pricing, and how to actually help clients win. It didn’t go the way he expected. I challenged…",https://robertdevore.com/wp-townhall-13-the-debate-kevin-geary-doesnt-want-you-to-see/,article,,summary_large_image,WP Townhall 13: The Debate Kevin Geary Doesn’t Want You to See,"A little over a month ago, I joined Kevin Geary on WP Townhall for what was supposed to be an honest debate about WordPress, pricing, and how to actually help clients win. It didn’t go the way he expected. I challenged…",,False,False,legacy meta keywords present; large Twitter card has no image
baseline,https://robertdevore.com/wtf-is-wordpress/,content/posts/wtf-is-wordpress.md,article,WTF is WordPress? | Robert DeVore,33,"The soundtrack for this blog post is the Ted Dibiase Million Dollar Man Theme Song ( youtube ) WordPress – real name, no gimmicks 🙄 First, let me say that I’m thankful for WordPress . I’d also like to say that I agree…",218,https://robertdevore.com/wtf-is-wordpress/,"index, follow (default)",en,Robert DeVore,WTF is WordPress?,"The soundtrack for this blog post is the Ted Dibiase Million Dollar Man Theme Song ( youtube ) WordPress – real name, no gimmicks 🙄 First, let me say that I’m thankful for WordPress . I’d also like to say that I agree…",https://robertdevore.com/wtf-is-wordpress/,article,,summary_large_image,WTF is WordPress?,"The soundtrack for this blog post is the Ted Dibiase Million Dollar Man Theme Song ( youtube ) WordPress – real name, no gimmicks 🙄 First, let me say that I’m thankful for WordPress . I’d also like to say that I agree…",,False,False,legacy meta keywords present; large Twitter card has no image
baseline,https://robertdevore.com/zero-cool-cli-a-hackers-terminal-from-1995/,content/posts/zero-cool-cli-a-hackers-terminal-from-1995.md,article,Zero Cool CLI – A Hacker’s Terminal from 1995 | Robert DeVore,61,HACK THE PLANET 🌍💻 I built this CLI tool because I couldn’t get the movie “Hackers” out of my head after rewatching it recently. If you’ve followed my work – especially around terminal tools and developer utilities –…,217,https://robertdevore.com/zero-cool-cli-a-hackers-terminal-from-1995/,"index, follow (default)",en,Robert DeVore,Zero Cool CLI – A Hacker’s Terminal from 1995,HACK THE PLANET 🌍💻 I built this CLI tool because I couldn’t get the movie “Hackers” out of my head after rewatching it recently. If you’ve followed my work – especially around terminal tools and developer utilities –…,https://robertdevore.com/zero-cool-cli-a-hackers-terminal-from-1995/,article,,summary_large_image,Zero Cool CLI – A Hacker’s Terminal from 1995,HACK THE PLANET 🌍💻 I built this CLI tool because I couldn’t get the movie “Hackers” out of my head after rewatching it recently. If you’ve followed my work – especially around terminal tools and developer utilities –…,,False,False,legacy meta keywords present; large Twitter card has no image
after,https://robertdevore.com/,templates/page-home.html,homepage,Robert DeVore,13,"Software systems, developer tools, agentic workflows, and technical writing.",76,https://robertdevore.com/,"index, follow (default)",en,Robert DeVore,Robert DeVore,"Software systems, developer tools, agentic workflows, and technical writing.",https://robertdevore.com/,website,,summary,Robert DeVore,"Software systems, developer tools, agentic workflows, and technical writing.",,False,False,
after,https://robertdevore.com/5-python-scripts-for-osint-and-pentesting/,content/posts/5-python-scripts-for-osint-and-pentesting.md,article,5 Python Scripts for OSINT and Pentesting | Robert DeVore,57,Everything is insecure and you’re one bad decision away from being p0wn3d harder than you ever have in your entire life. It’s a harsh reality and one you’ve got to accept in full or ignore altogether. I’m from the group…,220,https://robertdevore.com/5-python-scripts-for-osint-and-pentesting/,"index, follow (default)",en,Robert DeVore,5 Python Scripts for OSINT and Pentesting,Everything is insecure and you’re one bad decision away from being p0wn3d harder than you ever have in your entire life. It’s a harsh reality and one you’ve got to accept in full or ignore altogether. I’m from the group…,https://robertdevore.com/5-python-scripts-for-osint-and-pentesting/,article,,summary,5 Python Scripts for OSINT and Pentesting,Everything is insecure and you’re one bad decision away from being p0wn3d harder than you ever have in your entire life. It’s a harsh reality and one you’ve got to accept in full or ignore altogether. I’m from the group…,,False,False,
after,https://robertdevore.com/5-questions-you-must-answer-before-writing-anything/,content/posts/5-questions-you-must-answer-before-writing-anything.md,article,5 Questions You Must Answer Before Writing Anything | Robert DeVore,67,"You know the biggest problem with what people are publishing today? Most people treat AI like a vending machine. Drop in a half-baked prompt, hit enter, and expect magic to come out. They type: “Write a blog post about…",219,https://robertdevore.com/5-questions-you-must-answer-before-writing-anything/,"index, follow (default)",en,Robert DeVore,5 Questions You Must Answer Before Writing Anything,"You know the biggest problem with what people are publishing today? Most people treat AI like a vending machine. Drop in a half-baked prompt, hit enter, and expect magic to come out. They type: “Write a blog post about…",https://robertdevore.com/5-questions-you-must-answer-before-writing-anything/,article,,summary,5 Questions You Must Answer Before Writing Anything,"You know the biggest problem with what people are publishing today? Most people treat AI like a vending machine. Drop in a half-baked prompt, hit enter, and expect magic to come out. They type: “Write a blog post about…",,False,False,
after,https://robertdevore.com/5-things-i-learned-building-my-first-gutenberg-blocks-plugin/,content/posts/5-things-i-learned-building-my-first-gutenberg-blocks-plugin.md,article,5 Things I’ve learned building my first blocks for Gutenberg | Robert DeVore,76,"Over the last few months I've watched as Gutenberg has been developed, silently taking notes, watching for patterns and possible areas to excel in. Then I found that the domain Pillar.Press was available and it snapped…",219,https://robertdevore.com/5-things-i-learned-building-my-first-gutenberg-blocks-plugin/,"index, follow (default)",en,Robert DeVore,5 Things I’ve learned building my first blocks for Gutenberg,"Over the last few months I've watched as Gutenberg has been developed, silently taking notes, watching for patterns and possible areas to excel in. Then I found that the domain Pillar.Press was available and it snapped…",https://robertdevore.com/5-things-i-learned-building-my-first-gutenberg-blocks-plugin/,article,,summary,5 Things I’ve learned building my first blocks for Gutenberg,"Over the last few months I've watched as Gutenberg has been developed, silently taking notes, watching for patterns and possible areas to excel in. Then I found that the domain Pillar.Press was available and it snapped…",,False,False,
after,https://robertdevore.com/7-days-full-time-wp-dispensary/,content/posts/7-days-full-time-wp-dispensary.md,article,7 days full time at WP Dispensary | Robert DeVore,49,There's now been 7 days in the books for me working full time on WP Dispensary and I want to take a little bit of time to talk about what I've been up to. What's been done I made it a point to put some solid hours in…,217,https://robertdevore.com/7-days-full-time-wp-dispensary/,"index, follow (default)",en,Robert DeVore,7 days full time at WP Dispensary,There's now been 7 days in the books for me working full time on WP Dispensary and I want to take a little bit of time to talk about what I've been up to. What's been done I made it a point to put some solid hours in…,https://robertdevore.com/7-days-full-time-wp-dispensary/,article,,summary,7 days full time at WP Dispensary,There's now been 7 days in the books for me working full time on WP Dispensary and I want to take a little bit of time to talk about what I've been up to. What's been done I made it a point to put some solid hours in…,,False,False,
after,https://robertdevore.com/about/,content/pages/about.md,page,About | Robert DeVore,21,"Robert DeVore builds software systems, developer tools, programming-language infrastructure, and agentic workflows.",115,https://robertdevore.com/about/,"index, follow (default)",en,Robert DeVore,About,"Robert DeVore builds software systems, developer tools, programming-language infrastructure, and agentic workflows.",https://robertdevore.com/about/,website,,summary,About,"Robert DeVore builds software systems, developer tools, programming-language infrastructure, and agentic workflows.",,False,False,
after,https://robertdevore.com/all-in-one-wp-migration-plugin-ddos-attack/,content/posts/all-in-one-wp-migration-plugin-ddos-attack.md,article,WordPress plugin with 5M+ active installs can be utilized in DDoS attacks | Robert DeVore,89,"While doing some vulnerability research for WordPress plugins myself and my clients use, I came across a plugin with 5M+ active installs that can be used in DDoS attacks by non-authenticated users. Let me preface this…",218,https://robertdevore.com/all-in-one-wp-migration-plugin-ddos-attack/,"index, follow (default)",en,Robert DeVore,WordPress plugin with 5M+ active installs can be utilized in DDoS attacks,"While doing some vulnerability research for WordPress plugins myself and my clients use, I came across a plugin with 5M+ active installs that can be used in DDoS attacks by non-authenticated users. Let me preface this…",https://robertdevore.com/all-in-one-wp-migration-plugin-ddos-attack/,article,,summary,WordPress plugin with 5M+ active installs can be utilized in DDoS attacks,"While doing some vulnerability research for WordPress plugins myself and my clients use, I came across a plugin with 5M+ active installs that can be used in DDoS attacks by non-authenticated users. Let me preface this…",,False,False,
after,https://robertdevore.com/back-to-basics/,content/posts/back-to-basics.md,article,Back to Basics | Robert DeVore,30,"I always thought Impostor Syndrome was bullshit. Then I realized I was 6 months in to running WP Dispensary full time and I had no idea what I was doing. Recently, I've been working on WPD v2.0 and have pushed myself to…",220,https://robertdevore.com/back-to-basics/,"index, follow (default)",en,Robert DeVore,Back to Basics,"I always thought Impostor Syndrome was bullshit. Then I realized I was 6 months in to running WP Dispensary full time and I had no idea what I was doing. Recently, I've been working on WPD v2.0 and have pushed myself to…",https://robertdevore.com/back-to-basics/,article,,summary,Back to Basics,"I always thought Impostor Syndrome was bullshit. Then I realized I was 6 months in to running WP Dispensary full time and I had no idea what I was doing. Recently, I've been working on WPD v2.0 and have pushed myself to…",,False,False,
after,https://robertdevore.com/blog/,templates/page-blog.html,blog-index,Writing | Robert DeVore,23,"Field notes on software systems, developer tools, AI workflows, open source, and Robert DeVore's earlier web-development work.",126,https://robertdevore.com/blog/,"index, follow (default)",en,Robert DeVore,Writing,"Field notes on software systems, developer tools, AI workflows, open source, and Robert DeVore's earlier web-development work.",https://robertdevore.com/blog/,website,,summary,Writing,"Field notes on software systems, developer tools, AI workflows, open source, and Robert DeVore's earlier web-development work.",,False,False,
after,https://robertdevore.com/blog/page/10/,generated listing/archive,pagination,Writing – Page 10 | Robert DeVore,33,"Page 10 of Robert DeVore's writing archive: software systems, developer tools, AI workflows, open source, and earlier web-development work.",139,https://robertdevore.com/blog/page/10/,"index, follow (default)",en,Robert DeVore,Writing – Page 10,"Page 10 of Robert DeVore's writing archive: software systems, developer tools, AI workflows, open source, and earlier web-development work.",https://robertdevore.com/blog/page/10/,website,,summary,Writing – Page 10,"Page 10 of Robert DeVore's writing archive: software systems, developer tools, AI workflows, open source, and earlier web-development work.",,False,False,
after,https://robertdevore.com/blog/page/11/,generated listing/archive,pagination,Writing – Page 11 | Robert DeVore,33,"Page 11 of Robert DeVore's writing archive: software systems, developer tools, AI workflows, open source, and earlier web-development work.",139,https://robertdevore.com/blog/page/11/,"index, follow (default)",en,Robert DeVore,Writing – Page 11,"Page 11 of Robert DeVore's writing archive: software systems, developer tools, AI workflows, open source, and earlier web-development work.",https://robertdevore.com/blog/page/11/,website,,summary,Writing – Page 11,"Page 11 of Robert DeVore's writing archive: software systems, developer tools, AI workflows, open source, and earlier web-development work.",,False,False,
after,https://robertdevore.com/blog/page/12/,generated listing/archive,pagination,Writing – Page 12 | Robert DeVore,33,"Page 12 of Robert DeVore's writing archive: software systems, developer tools, AI workflows, open source, and earlier web-development work.",139,https://robertdevore.com/blog/page/12/,"index, follow (default)",en,Robert DeVore,Writing – Page 12,"Page 12 of Robert DeVore's writing archive: software systems, developer tools, AI workflows, open source, and earlier web-development work.",https://robertdevore.com/blog/page/12/,website,,summary,Writing – Page 12,"Page 12 of Robert DeVore's writing archive: software systems, developer tools, AI workflows, open source, and earlier web-development work.",,False,False,
after,https://robertdevore.com/blog/page/2/,generated listing/archive,pagination,Writing – Page 2 | Robert DeVore,32,"Page 2 of Robert DeVore's writing archive: software systems, developer tools, AI workflows, open source, and earlier web-development work.",138,https://robertdevore.com/blog/page/2/,"index, follow (default)",en,Robert DeVore,Writing – Page 2,"Page 2 of Robert DeVore's writing archive: software systems, developer tools, AI workflows, open source, and earlier web-development work.",https://robertdevore.com/blog/page/2/,website,,summary,Writing – Page 2,"Page 2 of Robert DeVore's writing archive: software systems, developer tools, AI workflows, open source, and earlier web-development work.",,False,False,
after,https://robertdevore.com/blog/page/3/,generated listing/archive,pagination,Writing – Page 3 | Robert DeVore,32,"Page 3 of Robert DeVore's writing archive: software systems, developer tools, AI workflows, open source, and earlier web-development work.",138,https://robertdevore.com/blog/page/3/,"index, follow (default)",en,Robert DeVore,Writing – Page 3,"Page 3 of Robert DeVore's writing archive: software systems, developer tools, AI workflows, open source, and earlier web-development work.",https://robertdevore.com/blog/page/3/,website,,summary,Writing – Page 3,"Page 3 of Robert DeVore's writing archive: software systems, developer tools, AI workflows, open source, and earlier web-development work.",,False,False,
after,https://robertdevore.com/blog/page/4/,generated listing/archive,pagination,Writing – Page 4 | Robert DeVore,32,"Page 4 of Robert DeVore's writing archive: software systems, developer tools, AI workflows, open source, and earlier web-development work.",138,https://robertdevore.com/blog/page/4/,"index, follow (default)",en,Robert DeVore,Writing – Page 4,"Page 4 of Robert DeVore's writing archive: software systems, developer tools, AI workflows, open source, and earlier web-development work.",https://robertdevore.com/blog/page/4/,website,,summary,Writing – Page 4,"Page 4 of Robert DeVore's writing archive: software systems, developer tools, AI workflows, open source, and earlier web-development work.",,False,False,
after,https://robertdevore.com/blog/page/5/,generated listing/archive,pagination,Writing – Page 5 | Robert DeVore,32,"Page 5 of Robert DeVore's writing archive: software systems, developer tools, AI workflows, open source, and earlier web-development work.",138,https://robertdevore.com/blog/page/5/,"index, follow (default)",en,Robert DeVore,Writing – Page 5,"Page 5 of Robert DeVore's writing archive: software systems, developer tools, AI workflows, open source, and earlier web-development work.",https://robertdevore.com/blog/page/5/,website,,summary,Writing – Page 5,"Page 5 of Robert DeVore's writing archive: software systems, developer tools, AI workflows, open source, and earlier web-development work.",,False,False,
after,https://robertdevore.com/blog/page/6/,generated listing/archive,pagination,Writing – Page 6 | Robert DeVore,32,"Page 6 of Robert DeVore's writing archive: software systems, developer tools, AI workflows, open source, and earlier web-development work.",138,https://robertdevore.com/blog/page/6/,"index, follow (default)",en,Robert DeVore,Writing – Page 6,"Page 6 of Robert DeVore's writing archive: software systems, developer tools, AI workflows, open source, and earlier web-development work.",https://robertdevore.com/blog/page/6/,website,,summary,Writing – Page 6,"Page 6 of Robert DeVore's writing archive: software systems, developer tools, AI workflows, open source, and earlier web-development work.",,False,False,
after,https://robertdevore.com/blog/page/7/,generated listing/archive,pagination,Writing – Page 7 | Robert DeVore,32,"Page 7 of Robert DeVore's writing archive: software systems, developer tools, AI workflows, open source, and earlier web-development work.",138,https://robertdevore.com/blog/page/7/,"index, follow (default)",en,Robert DeVore,Writing – Page 7,"Page 7 of Robert DeVore's writing archive: software systems, developer tools, AI workflows, open source, and earlier web-development work.",https://robertdevore.com/blog/page/7/,website,,summary,Writing – Page 7,"Page 7 of Robert DeVore's writing archive: software systems, developer tools, AI workflows, open source, and earlier web-development work.",,False,False,
after,https://robertdevore.com/blog/page/8/,generated listing/archive,pagination,Writing – Page 8 | Robert DeVore,32,"Page 8 of Robert DeVore's writing archive: software systems, developer tools, AI workflows, open source, and earlier web-development work.",138,https://robertdevore.com/blog/page/8/,"index, follow (default)",en,Robert DeVore,Writing – Page 8,"Page 8 of Robert DeVore's writing archive: software systems, developer tools, AI workflows, open source, and earlier web-development work.",https://robertdevore.com/blog/page/8/,website,,summary,Writing – Page 8,"Page 8 of Robert DeVore's writing archive: software systems, developer tools, AI workflows, open source, and earlier web-development work.",,False,False,
after,https://robertdevore.com/blog/page/9/,generated listing/archive,pagination,Writing – Page 9 | Robert DeVore,32,"Page 9 of Robert DeVore's writing archive: software systems, developer tools, AI workflows, open source, and earlier web-development work.",138,https://robertdevore.com/blog/page/9/,"index, follow (default)",en,Robert DeVore,Writing – Page 9,"Page 9 of Robert DeVore's writing archive: software systems, developer tools, AI workflows, open source, and earlier web-development work.",https://robertdevore.com/blog/page/9/,website,,summary,Writing – Page 9,"Page 9 of Robert DeVore's writing archive: software systems, developer tools, AI workflows, open source, and earlier web-development work.",,False,False,
after,https://robertdevore.com/boostbox-free-popups-that-work-pro-popups-that-convert/,content/posts/boostbox-free-popups-that-work-pro-popups-that-convert.md,article,"BoostBox: Free Popups That Work, Pro Popups That Convert | Robert DeVore",72,"Popups are fucking powerful – when they don’t suck. The problem? Most popup plugins are bloated, slow, and designed by people who clearly hate web performance . They force you into some janky drag-and-drop builder, load…",220,https://robertdevore.com/boostbox-free-popups-that-work-pro-popups-that-convert/,"index, follow (default)",en,Robert DeVore,"BoostBox: Free Popups That Work, Pro Popups That Convert","Popups are fucking powerful – when they don’t suck. The problem? Most popup plugins are bloated, slow, and designed by people who clearly hate web performance . They force you into some janky drag-and-drop builder, load…",https://robertdevore.com/boostbox-free-popups-that-work-pro-popups-that-convert/,article,,summary,"BoostBox: Free Popups That Work, Pro Popups That Convert","Popups are fucking powerful – when they don’t suck. The problem? Most popup plugins are bloated, slow, and designed by people who clearly hate web performance . They force you into some janky drag-and-drop builder, load…",,False,False,
after,https://robertdevore.com/boostbox-wordpress-popup-builder-for-the-core-editor/,content/posts/boostbox-wordpress-popup-builder-for-the-core-editor.md,article,Introducing BoostBox: The 1st WordPress popup builder for the core editor | Robert DeVore,89,What better way to start off the year than to release a free WordPress plugin that lets you design your popups using the core WordPress editor? That’s exactly what I’m doing today – say hello to BoostBox 😎 Whether you…,218,https://robertdevore.com/boostbox-wordpress-popup-builder-for-the-core-editor/,"index, follow (default)",en,Robert DeVore,Introducing BoostBox: The 1st WordPress popup builder for the core editor,What better way to start off the year than to release a free WordPress plugin that lets you design your popups using the core WordPress editor? That’s exactly what I’m doing today – say hello to BoostBox 😎 Whether you…,https://robertdevore.com/boostbox-wordpress-popup-builder-for-the-core-editor/,article,,summary,Introducing BoostBox: The 1st WordPress popup builder for the core editor,What better way to start off the year than to release a free WordPress plugin that lets you design your popups using the core WordPress editor? That’s exactly what I’m doing today – say hello to BoostBox 😎 Whether you…,,False,False,
after,https://robertdevore.com/cannabis-health-benefits/,content/posts/cannabis-health-benefits.md,article,Health Benefits of Cannabis | Robert DeVore,43,"Nature is mans best medicine, even when those who benefit off of sick people tell you otherwise. Within the marijuana plant there are two main properties, cannabidiol (CBD) — which works without the 'high' effect - and…",219,https://robertdevore.com/cannabis-health-benefits/,"index, follow (default)",en,Robert DeVore,Health Benefits of Cannabis,"Nature is mans best medicine, even when those who benefit off of sick people tell you otherwise. Within the marijuana plant there are two main properties, cannabidiol (CBD) — which works without the 'high' effect - and…",https://robertdevore.com/cannabis-health-benefits/,article,,summary,Health Benefits of Cannabis,"Nature is mans best medicine, even when those who benefit off of sick people tell you otherwise. Within the marijuana plant there are two main properties, cannabidiol (CBD) — which works without the 'high' effect - and…",,False,False,
after,https://robertdevore.com/cannabiz/,content/posts/cannabiz.md,article,CannaBiz | Robert DeVore,24,"After building the WP Dispensary plugin and and add-on's like MMJMenu Sync, WooCommerce Connect, Inventory Management, & Locations it was time to work on a top shelf theme that brings the entire package together. Last…",218,https://robertdevore.com/cannabiz/,"index, follow (default)",en,Robert DeVore,CannaBiz,"After building the WP Dispensary plugin and and add-on's like MMJMenu Sync, WooCommerce Connect, Inventory Management, & Locations it was time to work on a top shelf theme that brings the entire package together. Last…",https://robertdevore.com/cannabiz/,article,,summary,CannaBiz,"After building the WP Dispensary plugin and and add-on's like MMJMenu Sync, WooCommerce Connect, Inventory Management, & Locations it was time to work on a top shelf theme that brings the entire package together. Last…",,False,False,
after,https://robertdevore.com/category/,generated listing/archive,category-archive,Writing Categories | Robert DeVore,34,Browse Robert DeVore's writing by broad subject category.,57,https://robertdevore.com/category/,"index, follow (default)",en,Robert DeVore,Writing Categories,Browse Robert DeVore's writing by broad subject category.,https://robertdevore.com/category/,website,,summary,Writing Categories,Browse Robert DeVore's writing by broad subject category.,,False,False,
after,https://robertdevore.com/category/ai-content-systems/,content/category/ai-content-systems.md,category-archive,Category: AI & Content Systems | Robert DeVore,46,Browse Robert DeVore's writing filed under the AI & Content Systems category.,77,https://robertdevore.com/category/ai-content-systems/,"index, follow (default)",en,Robert DeVore,Category: AI & Content Systems,Browse Robert DeVore's writing filed under the AI & Content Systems category.,https://robertdevore.com/category/ai-content-systems/,article,,summary,Category: AI & Content Systems,Browse Robert DeVore's writing filed under the AI & Content Systems category.,,False,False,
after,https://robertdevore.com/category/developer-tools/,content/category/developer-tools.md,category-archive,Category: Developer Tools | Robert DeVore,41,Browse Robert DeVore's writing filed under the Developer Tools category.,72,https://robertdevore.com/category/developer-tools/,"index, follow (default)",en,Robert DeVore,Category: Developer Tools,Browse Robert DeVore's writing filed under the Developer Tools category.,https://robertdevore.com/category/developer-tools/,article,,summary,Category: Developer Tools,Browse Robert DeVore's writing filed under the Developer Tools category.,,False,False,
after,https://robertdevore.com/category/engineering-archive/,content/category/engineering-archive.md,category-archive,Category: Engineering Archive | Robert DeVore,45,Browse Robert DeVore's writing filed under the Engineering Archive category.,76,https://robertdevore.com/category/engineering-archive/,"index, follow (default)",en,Robert DeVore,Category: Engineering Archive,Browse Robert DeVore's writing filed under the Engineering Archive category.,https://robertdevore.com/category/engineering-archive/,article,,summary,Category: Engineering Archive,Browse Robert DeVore's writing filed under the Engineering Archive category.,,False,False,
after,https://robertdevore.com/category/field-notes/,content/category/field-notes.md,category-archive,Category: Field Notes | Robert DeVore,37,Browse Robert DeVore's writing filed under the Field Notes category.,68,https://robertdevore.com/category/field-notes/,"index, follow (default)",en,Robert DeVore,Category: Field Notes,Browse Robert DeVore's writing filed under the Field Notes category.,https://robertdevore.com/category/field-notes/,article,,summary,Category: Field Notes,Browse Robert DeVore's writing filed under the Field Notes category.,,False,False,
after,https://robertdevore.com/category/wordpress-archive/,content/category/wordpress-archive.md,category-archive,Category: WordPress | Robert DeVore,35,Browse Robert DeVore's writing filed under the WordPress category.,66,https://robertdevore.com/category/wordpress-archive/,"index, follow (default)",en,Robert DeVore,Category: WordPress,Browse Robert DeVore's writing filed under the WordPress category.,https://robertdevore.com/category/wordpress-archive/,article,,summary,Category: WordPress,Browse Robert DeVore's writing filed under the WordPress category.,,False,False,
after,https://robertdevore.com/celebrating-gaad-with-img-a11y-v1-1-0/,content/posts/celebrating-gaad-with-img-a11y-v1-1-0.md,article,Celebrating GAAD with IMG A11Y v1.1.0 | Robert DeVore,53,"Today is Global Accessibility Awareness Day (GAAD) , and I’m celebrating the only way I know how: shipping code that actually helps. I pledged time with Equalize Digital to focus my time on the IMG A11Y plugin, and…",215,https://robertdevore.com/celebrating-gaad-with-img-a11y-v1-1-0/,"index, follow (default)",en,Robert DeVore,Celebrating GAAD with IMG A11Y v1.1.0,"Today is Global Accessibility Awareness Day (GAAD) , and I’m celebrating the only way I know how: shipping code that actually helps. I pledged time with Equalize Digital to focus my time on the IMG A11Y plugin, and…",https://robertdevore.com/celebrating-gaad-with-img-a11y-v1-1-0/,article,,summary,Celebrating GAAD with IMG A11Y v1.1.0,"Today is Global Accessibility Awareness Day (GAAD) , and I’m celebrating the only way I know how: shipping code that actually helps. I pledged time with Equalize Digital to focus my time on the IMG A11Y plugin, and…",,False,False,
after,https://robertdevore.com/chapters-for-authors-wordpress-plugin/,content/posts/chapters-for-authors-wordpress-plugin.md,article,Chapters for Authors | Robert DeVore,36,It's amazing what you can come up with randomly over the weekend while doing a dozen other things ? Case in point - Chapters for Authors ? This is a new plugin I built from an idea I got when I read a tweet from Ines…,217,https://robertdevore.com/chapters-for-authors-wordpress-plugin/,"index, follow (default)",en,Robert DeVore,Chapters for Authors,It's amazing what you can come up with randomly over the weekend while doing a dozen other things ? Case in point - Chapters for Authors ? This is a new plugin I built from an idea I got when I read a tweet from Ines…,https://robertdevore.com/chapters-for-authors-wordpress-plugin/,article,,summary,Chapters for Authors,It's amazing what you can come up with randomly over the weekend while doing a dozen other things ? Case in point - Chapters for Authors ? This is a new plugin I built from an idea I got when I read a tweet from Ines…,,False,False,
after,https://robertdevore.com/clean-blog-free-wordpress-theme/,content/posts/clean-blog-free-wordpress-theme.md,article,Clean Blog | Robert DeVore,26,"Today, I am releasing my first official open source WordPress theme. I've worked with WordPress for years, but have never created anything that is free to download … until now. Being able to create open source projects,…",220,https://robertdevore.com/clean-blog-free-wordpress-theme/,"index, follow (default)",en,Robert DeVore,Clean Blog,"Today, I am releasing my first official open source WordPress theme. I've worked with WordPress for years, but have never created anything that is free to download … until now. Being able to create open source projects,…",https://robertdevore.com/clean-blog-free-wordpress-theme/,article,,summary,Clean Blog,"Today, I am releasing my first official open source WordPress theme. I've worked with WordPress for years, but have never created anything that is free to download … until now. Being able to create open source projects,…",,False,False,
after,https://robertdevore.com/complete-beginners-guide-building-a-python-url-checker-for-google-sheets/,content/posts/complete-beginners-guide-building-a-python-url-checker-for-google-sheets.md,article,Complete Beginner’s Guide: Building a Python URL Checker for Google Sheets | Robert DeVore,90,Don’t worry if you’ve never written Python before! This tutorial will explain every single line of code so you understand exactly what’s happening. Think of this like you’re building with LEGO blocks – we’ll add one…,216,https://robertdevore.com/complete-beginners-guide-building-a-python-url-checker-for-google-sheets/,"index, follow (default)",en,Robert DeVore,Complete Beginner’s Guide: Building a Python URL Checker for Google Sheets,Don’t worry if you’ve never written Python before! This tutorial will explain every single line of code so you understand exactly what’s happening. Think of this like you’re building with LEGO blocks – we’ll add one…,https://robertdevore.com/complete-beginners-guide-building-a-python-url-checker-for-google-sheets/,article,,summary,Complete Beginner’s Guide: Building a Python URL Checker for Google Sheets,Don’t worry if you’ve never written Python before! This tutorial will explain every single line of code so you understand exactly what’s happening. Think of this like you’re building with LEGO blocks – we’ll add one…,,False,False,
after,https://robertdevore.com/contact/,content/pages/contact.md,page,Contact | Robert DeVore,23,"Contact Robert DeVore about software systems, developer tools, agent workflows, publishing, and open-source work.",113,https://robertdevore.com/contact/,"index, follow (default)",en,Robert DeVore,Contact,"Contact Robert DeVore about software systems, developer tools, agent workflows, publishing, and open-source work.",https://robertdevore.com/contact/,website,,summary,Contact,"Contact Robert DeVore about software systems, developer tools, agent workflows, publishing, and open-source work.",,False,False,
after,https://robertdevore.com/creating-my-own-cipher-code/,content/posts/creating-my-own-cipher-code.md,article,Creating my own cipher code | Robert DeVore,43,"I can’t remember what sparked the idea, but I got bit by a strong urge to create my own cipher. Maybe it’s all the spy shit I watch on TV 😂 Regardless, I knew that there were a couple of things that I needed to figure…",218,https://robertdevore.com/creating-my-own-cipher-code/,"index, follow (default)",en,Robert DeVore,Creating my own cipher code,"I can’t remember what sparked the idea, but I got bit by a strong urge to create my own cipher. Maybe it’s all the spy shit I watch on TV 😂 Regardless, I knew that there were a couple of things that I needed to figure…",https://robertdevore.com/creating-my-own-cipher-code/,article,,summary,Creating my own cipher code,"I can’t remember what sparked the idea, but I got bit by a strong urge to create my own cipher. Maybe it’s all the spy shit I watch on TV 😂 Regardless, I knew that there were a couple of things that I needed to figure…",,False,False,
after,https://robertdevore.com/customer-loyalty-for-woocommerce-v2/,content/posts/customer-loyalty-for-woocommerce-v2.md,article,Just Released: Customer Loyalty for WooCommerce® v2.0.0! | Robert DeVore,72,"Welcome to another edition of #WooWednesday ! This week, I’m excited to unveil a significant update to Customer Loyalty for WooCommerce® with the release of version 2.0.0 . I’m committed to bringing you feature-rich,…",217,https://robertdevore.com/customer-loyalty-for-woocommerce-v2/,"index, follow (default)",en,Robert DeVore,Just Released: Customer Loyalty for WooCommerce® v2.0.0!,"Welcome to another edition of #WooWednesday ! This week, I’m excited to unveil a significant update to Customer Loyalty for WooCommerce® with the release of version 2.0.0 . I’m committed to bringing you feature-rich,…",https://robertdevore.com/customer-loyalty-for-woocommerce-v2/,article,,summary,Just Released: Customer Loyalty for WooCommerce® v2.0.0!,"Welcome to another edition of #WooWednesday ! This week, I’m excited to unveil a significant update to Customer Loyalty for WooCommerce® with the release of version 2.0.0 . I’m committed to bringing you feature-rich,…",,False,False,
after,https://robertdevore.com/db-version-control-wordpress-plugin/,content/posts/db-version-control-wordpress-plugin.md,article,Introducing: DB Version Control for WordPress | Robert DeVore,61,"Finally, a WordPress plugin that treats your content like code. After years of wrestling with database dumps, manual content migrations, and the constant fear of losing site changes, I’m excited to introduce DB Version…",219,https://robertdevore.com/db-version-control-wordpress-plugin/,"index, follow (default)",en,Robert DeVore,Introducing: DB Version Control for WordPress,"Finally, a WordPress plugin that treats your content like code. After years of wrestling with database dumps, manual content migrations, and the constant fear of losing site changes, I’m excited to introduce DB Version…",https://robertdevore.com/db-version-control-wordpress-plugin/,article,,summary,Introducing: DB Version Control for WordPress,"Finally, a WordPress plugin that treats your content like code. After years of wrestling with database dumps, manual content migrations, and the constant fear of losing site changes, I’m excited to introduce DB Version…",,False,False,
after,https://robertdevore.com/december-2024-a-retrospective/,content/posts/december-2024-a-retrospective.md,article,December 2024: A Retrospective | Robert DeVore,46,"Talk about a December to Remember , amirite? 😂💪💯 In November of 2024 I started releasing free WordPress® and WooCommerce® plugins, and I liked the way it felt. So I decided to do some more of that in December. I called…",219,https://robertdevore.com/december-2024-a-retrospective/,"index, follow (default)",en,Robert DeVore,December 2024: A Retrospective,"Talk about a December to Remember , amirite? 😂💪💯 In November of 2024 I started releasing free WordPress® and WooCommerce® plugins, and I liked the way it felt. So I decided to do some more of that in December. I called…",https://robertdevore.com/december-2024-a-retrospective/,article,,summary,December 2024: A Retrospective,"Talk about a December to Remember , amirite? 😂💪💯 In November of 2024 I started releasing free WordPress® and WooCommerce® plugins, and I liked the way it felt. So I decided to do some more of that in December. I called…",,False,False,
after,https://robertdevore.com/delivery-drivers-for-woocommerce/,content/posts/delivery-drivers-for-woocommerce.md,article,Delivery Drivers for WooCommerce | Robert DeVore,48,"Today I am happy to announce the release of my newest open source plugin, Delivery Drivers for WooCommerce . As you can probably guess by the name, it's a plugin for WooCommerce that adds functionality for businesses…",217,https://robertdevore.com/delivery-drivers-for-woocommerce/,"index, follow (default)",en,Robert DeVore,Delivery Drivers for WooCommerce,"Today I am happy to announce the release of my newest open source plugin, Delivery Drivers for WooCommerce . As you can probably guess by the name, it's a plugin for WooCommerce that adds functionality for businesses…",https://robertdevore.com/delivery-drivers-for-woocommerce/,article,,summary,Delivery Drivers for WooCommerce,"Today I am happy to announce the release of my newest open source plugin, Delivery Drivers for WooCommerce . As you can probably guess by the name, it's a plugin for WooCommerce that adds functionality for businesses…",,False,False,
after,https://robertdevore.com/devio-digital/,content/posts/devio-digital.md,article,Devio Digital | Robert DeVore,29,It's taken me three tries to sit here and begin writing this blog post. I've put so much of myself into my work these last six months that I am feeling something unique to me; pride in myself and my work. Over the last…,219,https://robertdevore.com/devio-digital/,"index, follow (default)",en,Robert DeVore,Devio Digital,It's taken me three tries to sit here and begin writing this blog post. I've put so much of myself into my work these last six months that I am feeling something unique to me; pride in myself and my work. Over the last…,https://robertdevore.com/devio-digital/,article,,summary,Devio Digital,It's taken me three tries to sit here and begin writing this blog post. I've put so much of myself into my work these last six months that I am feeling something unique to me; pride in myself and my work. Over the last…,,False,False,
after,https://robertdevore.com/dispensary-wordpress-plugins-2017/,content/posts/dispensary-wordpress-plugins-2017.md,article,Top Dispensary WordPress Plugins | Robert DeVore,48,Notice: This post has been updated for 2018. Within the last few months we've seen medical and recreational marijuana laws pass in 8 out of 9 states. This means there is going to be an influx of websites being built for…,220,https://robertdevore.com/dispensary-wordpress-plugins-2017/,"index, follow (default)",en,Robert DeVore,Top Dispensary WordPress Plugins,Notice: This post has been updated for 2018. Within the last few months we've seen medical and recreational marijuana laws pass in 8 out of 9 states. This means there is going to be an influx of websites being built for…,https://robertdevore.com/dispensary-wordpress-plugins-2017/,article,,summary,Top Dispensary WordPress Plugins,Notice: This post has been updated for 2018. Within the last few months we've seen medical and recreational marijuana laws pass in 8 out of 9 states. This means there is going to be an influx of websites being built for…,,False,False,
after,https://robertdevore.com/do-less-deliver-more/,content/posts/do-less-deliver-more.md,article,"Do Less, Deliver More | Robert DeVore",37,"There's a lie that's been passed around in every business Slack channel, every ""educational"" YouTube video, every founder AMA: Do more to get ahead. ✅ More features. ✅ More tasks. ✅ More tools. ✅ More outreach. ✅ More…",218,https://robertdevore.com/do-less-deliver-more/,"index, follow (default)",en,Robert DeVore,"Do Less, Deliver More","There's a lie that's been passed around in every business Slack channel, every ""educational"" YouTube video, every founder AMA: Do more to get ahead. ✅ More features. ✅ More tasks. ✅ More tools. ✅ More outreach. ✅ More…",https://robertdevore.com/do-less-deliver-more/,article,,summary,"Do Less, Deliver More","There's a lie that's been passed around in every business Slack channel, every ""educational"" YouTube video, every founder AMA: Do more to get ahead. ✅ More features. ✅ More tasks. ✅ More tools. ✅ More outreach. ✅ More…",,False,False,
after,https://robertdevore.com/docupress-documentation-plugin-for-wordpress/,content/posts/docupress-documentation-plugin-for-wordpress.md,article,DocuPress: documentation simplified. | Robert DeVore,52,"DocuPress is a documentation plugin for WordPress that lets you, you guessed it , add documentation directly from your website's WordPress dashboard. This is the 6th free plugin I've released in the WordPress plugin…",216,https://robertdevore.com/docupress-documentation-plugin-for-wordpress/,"index, follow (default)",en,Robert DeVore,DocuPress: documentation simplified.,"DocuPress is a documentation plugin for WordPress that lets you, you guessed it , add documentation directly from your website's WordPress dashboard. This is the 6th free plugin I've released in the WordPress plugin…",https://robertdevore.com/docupress-documentation-plugin-for-wordpress/,article,,summary,DocuPress: documentation simplified.,"DocuPress is a documentation plugin for WordPress that lets you, you guessed it , add documentation directly from your website's WordPress dashboard. This is the 6th free plugin I've released in the WordPress plugin…",,False,False,
after,https://robertdevore.com/dont-shoot-the-messenger-choose-courage-over-convenience/,content/posts/dont-shoot-the-messenger-choose-courage-over-convenience.md,article,Don’t Shoot the Messenger: Choose Courage Over Convenience | Robert DeVore,74,"Over recent days, there’s been a lot of noise around my exchange with Kevin Geary, from the WP Townhall Debate on YouTube , to the public knowledge I gathered about his history of hate and racism and shared on social…",217,https://robertdevore.com/dont-shoot-the-messenger-choose-courage-over-convenience/,"index, follow (default)",en,Robert DeVore,Don’t Shoot the Messenger: Choose Courage Over Convenience,"Over recent days, there’s been a lot of noise around my exchange with Kevin Geary, from the WP Townhall Debate on YouTube , to the public knowledge I gathered about his history of hate and racism and shared on social…",https://robertdevore.com/dont-shoot-the-messenger-choose-courage-over-convenience/,article,,summary,Don’t Shoot the Messenger: Choose Courage Over Convenience,"Over recent days, there’s been a lot of noise around my exchange with Kevin Geary, from the WP Townhall Debate on YouTube , to the public knowledge I gathered about his history of hate and racism and shared on social…",,False,False,
after,https://robertdevore.com/extreme-programming-for-extreme-leaders/,content/posts/extreme-programming-for-extreme-leaders.md,article,Extreme Programming for Extreme Leaders | Robert DeVore,55,"How disciplined developers ship faster, adapt smarter, and lead with code You don’t need permission. You don’t need a bloated roadmap or a management playbook. You need clarity, decisiveness, and the ability to turn…",216,https://robertdevore.com/extreme-programming-for-extreme-leaders/,"index, follow (default)",en,Robert DeVore,Extreme Programming for Extreme Leaders,"How disciplined developers ship faster, adapt smarter, and lead with code You don’t need permission. You don’t need a bloated roadmap or a management playbook. You need clarity, decisiveness, and the ability to turn…",https://robertdevore.com/extreme-programming-for-extreme-leaders/,article,,summary,Extreme Programming for Extreme Leaders,"How disciplined developers ship faster, adapt smarter, and lead with code You don’t need permission. You don’t need a bloated roadmap or a management playbook. You need clarity, decisiveness, and the ability to turn…",,False,False,
after,https://robertdevore.com/focus/,content/posts/focus.md,article,Focus | Robert DeVore,21,"One question I've been asking myself lately is, how productive can you really claim to be if you 're not seeing results from your work ? Being motivated is great, and finding yourself putting a lot of rubber to the road…",220,https://robertdevore.com/focus/,"index, follow (default)",en,Robert DeVore,Focus,"One question I've been asking myself lately is, how productive can you really claim to be if you 're not seeing results from your work ? Being motivated is great, and finding yourself putting a lot of rubber to the road…",https://robertdevore.com/focus/,article,,summary,Focus,"One question I've been asking myself lately is, how productive can you really claim to be if you 're not seeing results from your work ? Being motivated is great, and finding yourself putting a lot of rubber to the road…",,False,False,
after,https://robertdevore.com/forever-forward/,content/posts/forever-forward.md,article,Forever Forward | Robert DeVore,31,"I have been mostly quiet online for the last year. A lot of life fit inside the quiet silence. Most importantly, I gave myself room to think.",141,https://robertdevore.com/forever-forward/,"index, follow (default)",en,Robert DeVore,Forever Forward,"I have been mostly quiet online for the last year. A lot of life fit inside the quiet silence. Most importantly, I gave myself room to think.",https://robertdevore.com/forever-forward/,article,https://robertdevore.com/images/forever-forward-social-29e8020c49c5.webp,summary_large_image,Forever Forward,"I have been mostly quiet online for the last year. A lot of life fit inside the quiet silence. Most importantly, I gave myself room to think.",https://robertdevore.com/images/forever-forward-social-29e8020c49c5.webp,False,False,
after,https://robertdevore.com/going-all-in-one-year-later/,content/posts/going-all-in-one-year-later.md,article,Going all in: One year later | Robert DeVore,44,"On this day last year I went all in with WP Dispensary, leaving behind 10+ years of full time freelancing. It was one of the most exciting times in my life, both professionally and personally. I felt a huge weight…",214,https://robertdevore.com/going-all-in-one-year-later/,"index, follow (default)",en,Robert DeVore,Going all in: One year later,"On this day last year I went all in with WP Dispensary, leaving behind 10+ years of full time freelancing. It was one of the most exciting times in my life, both professionally and personally. I felt a huge weight…",https://robertdevore.com/going-all-in-one-year-later/,article,,summary,Going all in: One year later,"On this day last year I went all in with WP Dispensary, leaving behind 10+ years of full time freelancing. It was one of the most exciting times in my life, both professionally and personally. I felt a huge weight…",,False,False,
after,https://robertdevore.com/going-all-in-with-wp-dispensary/,content/posts/going-all-in-with-wp-dispensary.md,article,Going all in with WP Dispensary | Robert DeVore,47,"If not now, then when? Today is the day I start working full time on my own product! 90 days until Christmas 🙌 What are you doing to make the most of the time left? I'm going full time at @WPDispensary starting today…",217,https://robertdevore.com/going-all-in-with-wp-dispensary/,"index, follow (default)",en,Robert DeVore,Going all in with WP Dispensary,"If not now, then when? Today is the day I start working full time on my own product! 90 days until Christmas 🙌 What are you doing to make the most of the time left? I'm going full time at @WPDispensary starting today…",https://robertdevore.com/going-all-in-with-wp-dispensary/,article,,summary,Going all in with WP Dispensary,"If not now, then when? Today is the day I start working full time on my own product! 90 days until Christmas 🙌 What are you doing to make the most of the time left? I'm going full time at @WPDispensary starting today…",,False,False,
after,https://robertdevore.com/goodbye-wordpress-a-eulogy/,content/posts/goodbye-wordpress-a-eulogy.md,article,Goodbye WordPress: A Eulogy | Robert DeVore,43,"From “ Thank You WordPress “, to “ WTF is WordPress? “, to this. The day WordPress becomes dead to me. From this day forward, I will not freely write another line of code for the WordPress® platform. No more releasing…",218,https://robertdevore.com/goodbye-wordpress-a-eulogy/,"index, follow (default)",en,Robert DeVore,Goodbye WordPress: A Eulogy,"From “ Thank You WordPress “, to “ WTF is WordPress? “, to this. The day WordPress becomes dead to me. From this day forward, I will not freely write another line of code for the WordPress® platform. No more releasing…",https://robertdevore.com/goodbye-wordpress-a-eulogy/,article,,summary,Goodbye WordPress: A Eulogy,"From “ Thank You WordPress “, to “ WTF is WordPress? “, to this. The day WordPress becomes dead to me. From this day forward, I will not freely write another line of code for the WordPress® platform. No more releasing…",,False,False,
after,https://robertdevore.com/grateful-to-see-21-of-my-wordpress-plugins-live-on-at-webdevstudios/,content/posts/grateful-to-see-21-of-my-wordpress-plugins-live-on-at-webdevstudios.md,article,Grateful to See 20 of My WordPress Plugins Live On at WebDevStudios | Robert DeVore,83,"A little over a week ago, I announced that I was stepping away from the WordPress® community and giving away all of my open source plugins. It wasn’t a light decision, but it was the right one for me. Today, I want to…",218,https://robertdevore.com/grateful-to-see-21-of-my-wordpress-plugins-live-on-at-webdevstudios/,"index, follow (default)",en,Robert DeVore,Grateful to See 20 of My WordPress Plugins Live On at WebDevStudios,"A little over a week ago, I announced that I was stepping away from the WordPress® community and giving away all of my open source plugins. It wasn’t a light decision, but it was the right one for me. Today, I want to…",https://robertdevore.com/grateful-to-see-21-of-my-wordpress-plugins-live-on-at-webdevstudios/,article,,summary,Grateful to See 20 of My WordPress Plugins Live On at WebDevStudios,"A little over a week ago, I announced that I was stepping away from the WordPress® community and giving away all of my open source plugins. It wasn’t a light decision, but it was the right one for me. Today, I want to…",,False,False,
after,https://robertdevore.com/hello-2017/,content/posts/hello-2017.md,article,Hello 2017 | Robert DeVore,26,"This isn't your average ""2017 Goals"" article with a list of bullshit and nonsense that I know damn well gets forgotten within the first couple of weeks into January. There's no exhaustive list of totally awesome shit I…",219,https://robertdevore.com/hello-2017/,"index, follow (default)",en,Robert DeVore,Hello 2017,"This isn't your average ""2017 Goals"" article with a list of bullshit and nonsense that I know damn well gets forgotten within the first couple of weeks into January. There's no exhaustive list of totally awesome shit I…",https://robertdevore.com/hello-2017/,article,,summary,Hello 2017,"This isn't your average ""2017 Goals"" article with a list of bullshit and nonsense that I know damn well gets forgotten within the first couple of weeks into January. There's no exhaustive list of totally awesome shit I…",,False,False,
after,https://robertdevore.com/hello-plugin-pal-your-ai-powered-plugin-generator-for-wordpress/,content/posts/hello-plugin-pal-your-ai-powered-plugin-generator-for-wordpress.md,article,"Hello, Plugin Pal: Your AI Powered Plugin Generator for WordPress® | Robert DeVore",82,"What if I told you there’s a way to build WordPress® plugins that’s not just faster, but fundamentally better? That the tedious, time-consuming process of writing boilerplate code, debugging, and ensuring security could…",220,https://robertdevore.com/hello-plugin-pal-your-ai-powered-plugin-generator-for-wordpress/,"index, follow (default)",en,Robert DeVore,"Hello, Plugin Pal: Your AI Powered Plugin Generator for WordPress®","What if I told you there’s a way to build WordPress® plugins that’s not just faster, but fundamentally better? That the tedious, time-consuming process of writing boilerplate code, debugging, and ensuring security could…",https://robertdevore.com/hello-plugin-pal-your-ai-powered-plugin-generator-for-wordpress/,article,,summary,"Hello, Plugin Pal: Your AI Powered Plugin Generator for WordPress®","What if I told you there’s a way to build WordPress® plugins that’s not just faster, but fundamentally better? That the tedious, time-consuming process of writing boilerplate code, debugging, and ensuring security could…",,False,False,
after,https://robertdevore.com/honoring-jesse-petersen-with-the-revival-of-stealth-login-page/,content/posts/honoring-jesse-petersen-with-the-revival-of-stealth-login-page.md,article,Honoring Jesse Petersen with the Revival of “Stealth Login Page” | Robert DeVore,80,"The WordPress® community has always been defined by its people – the contributors, developers, and advocates who have shaped the ecosystem into what it is today. Among these individuals, Jesse Petersen stood out as a…",217,https://robertdevore.com/honoring-jesse-petersen-with-the-revival-of-stealth-login-page/,"index, follow (default)",en,Robert DeVore,Honoring Jesse Petersen with the Revival of “Stealth Login Page”,"The WordPress® community has always been defined by its people – the contributors, developers, and advocates who have shaped the ecosystem into what it is today. Among these individuals, Jesse Petersen stood out as a…",https://robertdevore.com/honoring-jesse-petersen-with-the-revival-of-stealth-login-page/,article,,summary,Honoring Jesse Petersen with the Revival of “Stealth Login Page”,"The WordPress® community has always been defined by its people – the contributors, developers, and advocates who have shaped the ecosystem into what it is today. Among these individuals, Jesse Petersen stood out as a…",,False,False,
after,https://robertdevore.com/host-your-wordpress-plugins-on-github-and-automate-plugin-packaging/,content/posts/host-your-wordpress-plugins-on-github-and-automate-plugin-packaging.md,article,Host Your WordPress Plugins on GitHub and Automate Plugin Packaging | Robert DeVore,83,"Let’s talk plugin distribution. Hosting your plugins on GitHub provides powerful benefits such as version control, collaboration, and easy sharing. But distributing your plugin as a proper .zip file for users can be…",216,https://robertdevore.com/host-your-wordpress-plugins-on-github-and-automate-plugin-packaging/,"index, follow (default)",en,Robert DeVore,Host Your WordPress Plugins on GitHub and Automate Plugin Packaging,"Let’s talk plugin distribution. Hosting your plugins on GitHub provides powerful benefits such as version control, collaboration, and easy sharing. But distributing your plugin as a proper .zip file for users can be…",https://robertdevore.com/host-your-wordpress-plugins-on-github-and-automate-plugin-packaging/,article,,summary,Host Your WordPress Plugins on GitHub and Automate Plugin Packaging,"Let’s talk plugin distribution. Hosting your plugins on GitHub provides powerful benefits such as version control, collaboration, and easy sharing. But distributing your plugin as a proper .zip file for users can be…",,False,False,
after,https://robertdevore.com/how-a-security-audit-can-save-your-e-commerce-store-from-disaster/,content/posts/how-a-security-audit-can-save-your-e-commerce-store-from-disaster.md,article,How a Security Audit Can Save Your E-Commerce Store from Disaster | Robert DeVore,81,"Fact: If you run an e-commerce store, your security is either making you money or losing it . There’s no middle ground 🤷‍♂️ Every unpatched vulnerability, weak password, or outdated plugin is basically an invitation for…",220,https://robertdevore.com/how-a-security-audit-can-save-your-e-commerce-store-from-disaster/,"index, follow (default)",en,Robert DeVore,How a Security Audit Can Save Your E-Commerce Store from Disaster,"Fact: If you run an e-commerce store, your security is either making you money or losing it . There’s no middle ground 🤷‍♂️ Every unpatched vulnerability, weak password, or outdated plugin is basically an invitation for…",https://robertdevore.com/how-a-security-audit-can-save-your-e-commerce-store-from-disaster/,article,,summary,How a Security Audit Can Save Your E-Commerce Store from Disaster,"Fact: If you run an e-commerce store, your security is either making you money or losing it . There’s no middle ground 🤷‍♂️ Every unpatched vulnerability, weak password, or outdated plugin is basically an invitation for…",,False,False,
after,https://robertdevore.com/how-hungry-are-you/,content/posts/how-hungry-are-you.md,article,“How hungry are you?” | Robert DeVore,37,"This question changed everything. I was in the middle of writing a blog post titled “Hitting pause”, outlining how I was going to be pushing back the CannaBiz Software launch and focus my efforts elsewhere. Then out of…",219,https://robertdevore.com/how-hungry-are-you/,"index, follow (default)",en,Robert DeVore,“How hungry are you?”,"This question changed everything. I was in the middle of writing a blog post titled “Hitting pause”, outlining how I was going to be pushing back the CannaBiz Software launch and focus my efforts elsewhere. Then out of…",https://robertdevore.com/how-hungry-are-you/,article,,summary,“How hungry are you?”,"This question changed everything. I was in the middle of writing a blog post titled “Hitting pause”, outlining how I was going to be pushing back the CannaBiz Software launch and focus my efforts elsewhere. Then out of…",,False,False,
after,https://robertdevore.com/how-i-use-textexpander-to-reuse-my-best-ai-prompts/,content/posts/how-i-use-textexpander-to-reuse-my-best-ai-prompts.md,article,How I Use TextExpander to Reuse My Best AI Prompts | Robert DeVore,66,"Most AI tools are bad at memory - I mean, bad-bad . You come up with a strong prompt, you use it, and it works. Then it's gone. Lost in the sidebar, buried in a thread, or locked into one app's context window. And when…",219,https://robertdevore.com/how-i-use-textexpander-to-reuse-my-best-ai-prompts/,"index, follow (default)",en,Robert DeVore,How I Use TextExpander to Reuse My Best AI Prompts,"Most AI tools are bad at memory - I mean, bad-bad . You come up with a strong prompt, you use it, and it works. Then it's gone. Lost in the sidebar, buried in a thread, or locked into one app's context window. And when…",https://robertdevore.com/how-i-use-textexpander-to-reuse-my-best-ai-prompts/,article,,summary,How I Use TextExpander to Reuse My Best AI Prompts,"Most AI tools are bad at memory - I mean, bad-bad . You come up with a strong prompt, you use it, and it works. Then it's gone. Lost in the sidebar, buried in a thread, or locked into one app's context window. And when…",,False,False,
after,https://robertdevore.com/how-to-block-website-tracking-data-in-woocommerce/,content/posts/how-to-block-website-tracking-data-in-woocommerce.md,article,How to Block Website Tracking Data in WooCommerce® | Robert DeVore,66,"Let’s be perfectly clear here: WooCommerce’s reliance on tracking.woocommerce.com to gather telemetry data about your site is an overreach that we’re going to rectify today. While data collection isn’t inherently bad,…",218,https://robertdevore.com/how-to-block-website-tracking-data-in-woocommerce/,"index, follow (default)",en,Robert DeVore,How to Block Website Tracking Data in WooCommerce®,"Let’s be perfectly clear here: WooCommerce’s reliance on tracking.woocommerce.com to gather telemetry data about your site is an overreach that we’re going to rectify today. While data collection isn’t inherently bad,…",https://robertdevore.com/how-to-block-website-tracking-data-in-woocommerce/,article,,summary,How to Block Website Tracking Data in WooCommerce®,"Let’s be perfectly clear here: WooCommerce’s reliance on tracking.woocommerce.com to gather telemetry data about your site is an overreach that we’re going to rectify today. While data collection isn’t inherently bad,…",,False,False,
after,https://robertdevore.com/how-to-build-a-content-engine-that-scales-with-you/,content/posts/how-to-build-a-content-engine-that-scales-with-you.md,article,How to build a content engine that scales with you | Robert DeVore,66,"You published your first post. Then your second. By the third, you’re tired. The fourth? Forgotten. And the fifth one? Still sitting in drafts. This is what happens when content depends entirely on willpower. No…",212,https://robertdevore.com/how-to-build-a-content-engine-that-scales-with-you/,"index, follow (default)",en,Robert DeVore,How to build a content engine that scales with you,"You published your first post. Then your second. By the third, you’re tired. The fourth? Forgotten. And the fifth one? Still sitting in drafts. This is what happens when content depends entirely on willpower. No…",https://robertdevore.com/how-to-build-a-content-engine-that-scales-with-you/,article,,summary,How to build a content engine that scales with you,"You published your first post. Then your second. By the third, you’re tired. The fourth? Forgotten. And the fifth one? Still sitting in drafts. This is what happens when content depends entirely on willpower. No…",,False,False,
after,https://robertdevore.com/how-to-build-modular-prompts-that-save-you-hours-per-week/,content/posts/how-to-build-modular-prompts-that-save-you-hours-per-week.md,article,How to Build Modular Prompts That Save You Hours Per Week | Robert DeVore,73,"If you're typing out a brand-new prompt every time you sit down to write, you're wasting time - and likely getting inconsistent results. This post fixes that. Because the secret to writing faster, better content with AI…",220,https://robertdevore.com/how-to-build-modular-prompts-that-save-you-hours-per-week/,"index, follow (default)",en,Robert DeVore,How to Build Modular Prompts That Save You Hours Per Week,"If you're typing out a brand-new prompt every time you sit down to write, you're wasting time - and likely getting inconsistent results. This post fixes that. Because the secret to writing faster, better content with AI…",https://robertdevore.com/how-to-build-modular-prompts-that-save-you-hours-per-week/,article,,summary,How to Build Modular Prompts That Save You Hours Per Week,"If you're typing out a brand-new prompt every time you sit down to write, you're wasting time - and likely getting inconsistent results. This post fixes that. Because the secret to writing faster, better content with AI…",,False,False,
after,https://robertdevore.com/how-to-customize-the-style-of-your-wordpress-login-screen/,content/posts/how-to-customize-the-style-of-your-wordpress-login-screen.md,article,How to customize the style of your WordPress login screen | Robert DeVore,73,This post is going to show you how to add a few small code snippets to change the appearance of the WordPress login screen. We’ll walk through the process of changing the default WordPress logo to your own using the…,216,https://robertdevore.com/how-to-customize-the-style-of-your-wordpress-login-screen/,"index, follow (default)",en,Robert DeVore,How to customize the style of your WordPress login screen,This post is going to show you how to add a few small code snippets to change the appearance of the WordPress login screen. We’ll walk through the process of changing the default WordPress logo to your own using the…,https://robertdevore.com/how-to-customize-the-style-of-your-wordpress-login-screen/,article,,summary,How to customize the style of your WordPress login screen,This post is going to show you how to add a few small code snippets to change the appearance of the WordPress login screen. We’ll walk through the process of changing the default WordPress logo to your own using the…,,False,False,
after,https://robertdevore.com/how-to-edit-ai-content-so-it-feels-clean-not-robotic/,content/posts/how-to-edit-ai-content-so-it-feels-clean-not-robotic.md,article,"How to edit AI content so it feels clean, not robotic | Robert DeVore",69,"You let AI write your first draft. Smart move. But now you're reading it back … and something’s off. It’s not wrong. It’s just soulless. Technically solid, and emotionally sterile. It says things, but it doesn’t say…",216,https://robertdevore.com/how-to-edit-ai-content-so-it-feels-clean-not-robotic/,"index, follow (default)",en,Robert DeVore,"How to edit AI content so it feels clean, not robotic","You let AI write your first draft. Smart move. But now you're reading it back … and something’s off. It’s not wrong. It’s just soulless. Technically solid, and emotionally sterile. It says things, but it doesn’t say…",https://robertdevore.com/how-to-edit-ai-content-so-it-feels-clean-not-robotic/,article,,summary,"How to edit AI content so it feels clean, not robotic","You let AI write your first draft. Smart move. But now you're reading it back … and something’s off. It’s not wrong. It’s just soulless. Technically solid, and emotionally sterile. It says things, but it doesn’t say…",,False,False,
after,https://robertdevore.com/how-to-stop-your-plugins-themes-from-being-used-on-wordpress-com-hosting/,content/posts/how-to-stop-your-plugins-themes-from-being-used-on-wordpress-com-hosting.md,article,How to Stop Your Plugins & Themes from Being Used on WordPress.com Hosting | Robert DeVore,90,"In recent months, the WordPress® community has faced increasing challenges stemming from nuclear decisions made by Automattic’s CEO, Matthew Charles Mullenweg. During WordCamp US 2024, Mullenweg launched what he…",212,https://robertdevore.com/how-to-stop-your-plugins-themes-from-being-used-on-wordpress-com-hosting/,"index, follow (default)",en,Robert DeVore,How to Stop Your Plugins & Themes from Being Used on WordPress.com Hosting,"In recent months, the WordPress® community has faced increasing challenges stemming from nuclear decisions made by Automattic’s CEO, Matthew Charles Mullenweg. During WordCamp US 2024, Mullenweg launched what he…",https://robertdevore.com/how-to-stop-your-plugins-themes-from-being-used-on-wordpress-com-hosting/,article,,summary,How to Stop Your Plugins & Themes from Being Used on WordPress.com Hosting,"In recent months, the WordPress® community has faced increasing challenges stemming from nuclear decisions made by Automattic’s CEO, Matthew Charles Mullenweg. During WordCamp US 2024, Mullenweg launched what he…",,False,False,
after,https://robertdevore.com/how-to-teach-ai-to-match-your-voice/,content/posts/how-to-teach-ai-to-match-your-voice.md,article,How to teach AI to match your voice | Robert DeVore,51,"Most people ask AI to ""sound more like me"" - then get frustrated when it doesn't. But here's the truth: AI can't match your voice if you don't know what your voice actually sounds like. You don't need branding decks or…",219,https://robertdevore.com/how-to-teach-ai-to-match-your-voice/,"index, follow (default)",en,Robert DeVore,How to teach AI to match your voice,"Most people ask AI to ""sound more like me"" - then get frustrated when it doesn't. But here's the truth: AI can't match your voice if you don't know what your voice actually sounds like. You don't need branding decks or…",https://robertdevore.com/how-to-teach-ai-to-match-your-voice/,article,,summary,How to teach AI to match your voice,"Most people ask AI to ""sound more like me"" - then get frustrated when it doesn't. But here's the truth: AI can't match your voice if you don't know what your voice actually sounds like. You don't need branding decks or…",,False,False,
after,https://robertdevore.com/how-to-use-ai-to-research-validate-ideas-and-stay-relevant/,content/posts/how-to-use-ai-to-research-validate-ideas-and-stay-relevant.md,article,"How to Use AI to Research, Validate Ideas, and Stay Relevant | Robert DeVore",76,"Let's be honest: Most ""AI research"" is just asking ChatGPT, "" Give me 10 blog post ideas about [insert niche]"" … and hoping one of them sticks. It's fast, and it feels** productive. But it's usually just slop dressed up…",220,https://robertdevore.com/how-to-use-ai-to-research-validate-ideas-and-stay-relevant/,"index, follow (default)",en,Robert DeVore,"How to Use AI to Research, Validate Ideas, and Stay Relevant","Let's be honest: Most ""AI research"" is just asking ChatGPT, "" Give me 10 blog post ideas about [insert niche]"" … and hoping one of them sticks. It's fast, and it feels** productive. But it's usually just slop dressed up…",https://robertdevore.com/how-to-use-ai-to-research-validate-ideas-and-stay-relevant/,article,,summary,"How to Use AI to Research, Validate Ideas, and Stay Relevant","Let's be honest: Most ""AI research"" is just asking ChatGPT, "" Give me 10 blog post ideas about [insert niche]"" … and hoping one of them sticks. It's fast, and it feels** productive. But it's usually just slop dressed up…",,False,False,
after,https://robertdevore.com/how-to-write-prompts-that-get-the-tone-structure-and-intent-right/,content/posts/how-to-write-prompts-that-get-the-tone-structure-and-intent-right.md,article,"How to Write Prompts That Get the Tone, Structure, and Intent Right | Robert DeVore",83,"If you’ve ever typed a prompt into ChatGPT, hit enter, and thought … “Well, that’s not quite it” … you’re not alone. That moment of disappointment usually comes from a mismatch between what you meant and what you asked…",219,https://robertdevore.com/how-to-write-prompts-that-get-the-tone-structure-and-intent-right/,"index, follow (default)",en,Robert DeVore,"How to Write Prompts That Get the Tone, Structure, and Intent Right","If you’ve ever typed a prompt into ChatGPT, hit enter, and thought … “Well, that’s not quite it” … you’re not alone. That moment of disappointment usually comes from a mismatch between what you meant and what you asked…",https://robertdevore.com/how-to-write-prompts-that-get-the-tone-structure-and-intent-right/,article,,summary,"How to Write Prompts That Get the Tone, Structure, and Intent Right","If you’ve ever typed a prompt into ChatGPT, hit enter, and thought … “Well, that’s not quite it” … you’re not alone. That moment of disappointment usually comes from a mismatch between what you meant and what you asked…",,False,False,
after,https://robertdevore.com/hue-js/,content/posts/hue-js.md,article,? hue.js | Robert DeVore,24,"I forked a color picker for WordPress I know what you're thinking. _Isn 't there a color picker in WordPress already? _ Yeah … ? Not another color picker?!?! Why a color picker for WordPress? Technically, the hue.js…",216,https://robertdevore.com/hue-js/,"index, follow (default)",en,Robert DeVore,? hue.js,"I forked a color picker for WordPress I know what you're thinking. _Isn 't there a color picker in WordPress already? _ Yeah … ? Not another color picker?!?! Why a color picker for WordPress? Technically, the hue.js…",https://robertdevore.com/hue-js/,article,,summary,? hue.js,"I forked a color picker for WordPress I know what you're thinking. _Isn 't there a color picker in WordPress already? _ Yeah … ? Not another color picker?!?! Why a color picker for WordPress? Technically, the hue.js…",,False,False,
after,https://robertdevore.com/i-built-a-python-stego-cipher-tool-and-you-can-have-it/,content/posts/i-built-a-python-stego-cipher-tool-and-you-can-have-it.md,article,I Built a Python Stego-Cipher Tool (And You Can Have It) | Robert DeVore,72,"Back in 2022, I got the itch (no, not that itch) An itch to build a cipher. A custom cipher that I could call my own. Why? IDK. Probably too much spy shit on TV. 😂 So I scratched the itch. I came up with a system where…",219,https://robertdevore.com/i-built-a-python-stego-cipher-tool-and-you-can-have-it/,"index, follow (default)",en,Robert DeVore,I Built a Python Stego-Cipher Tool (And You Can Have It),"Back in 2022, I got the itch (no, not that itch) An itch to build a cipher. A custom cipher that I could call my own. Why? IDK. Probably too much spy shit on TV. 😂 So I scratched the itch. I came up with a system where…",https://robertdevore.com/i-built-a-python-stego-cipher-tool-and-you-can-have-it/,article,,summary,I Built a Python Stego-Cipher Tool (And You Can Have It),"Back in 2022, I got the itch (no, not that itch) An itch to build a cipher. A custom cipher that I could call my own. Why? IDK. Probably too much spy shit on TV. 😂 So I scratched the itch. I came up with a system where…",,False,False,
after,https://robertdevore.com/i-just-launched-a-python-course-for-php-developers/,content/posts/i-just-launched-a-python-course-for-php-developers.md,article,I Just Launched a Python Course for PHP Developers | Robert DeVore,66,"After 20+ years of wrestling with WordPress and PHP, I’ve had enough . If you’ve been writing PHP for years – wrangling WordPress® sites, duct-taping functions together, or shipping WooCommerce hacks – this is for you.…",219,https://robertdevore.com/i-just-launched-a-python-course-for-php-developers/,"index, follow (default)",en,Robert DeVore,I Just Launched a Python Course for PHP Developers,"After 20+ years of wrestling with WordPress and PHP, I’ve had enough . If you’ve been writing PHP for years – wrangling WordPress® sites, duct-taping functions together, or shipping WooCommerce hacks – this is for you.…",https://robertdevore.com/i-just-launched-a-python-course-for-php-developers/,article,,summary,I Just Launched a Python Course for PHP Developers,"After 20+ years of wrestling with WordPress and PHP, I’ve had enough . If you’ve been writing PHP for years – wrangling WordPress® sites, duct-taping functions together, or shipping WooCommerce hacks – this is for you.…",,False,False,
after,https://robertdevore.com/im-freelancing-again/,content/posts/im-freelancing-again.md,article,I’m freelancing again | Robert DeVore,37,"At the end of 2019, I made a big shift – I took a full-time job for the first time in nearly 15 years. It was right before my first kid was born, and just a few months later, COVID hit. Looking back, the timing couldn’t…",220,https://robertdevore.com/im-freelancing-again/,"index, follow (default)",en,Robert DeVore,I’m freelancing again,"At the end of 2019, I made a big shift – I took a full-time job for the first time in nearly 15 years. It was right before my first kid was born, and just a few months later, COVID hit. Looking back, the timing couldn’t…",https://robertdevore.com/im-freelancing-again/,article,,summary,I’m freelancing again,"At the end of 2019, I made a big shift – I took a full-time job for the first time in nearly 15 years. It was right before my first kid was born, and just a few months later, COVID hit. Looking back, the timing couldn’t…",,False,False,
after,https://robertdevore.com/improve-cls-scores-by-dynamically-setting-image-width-and-height/,content/posts/improve-cls-scores-by-dynamically-setting-image-width-and-height.md,article,Improve CLS scores by dynamically setting image width and height | Robert DeVore,80,"While working on WordPress performance optimization for myself and for my clients, I’ve come across an issue that repeatedly affected CLS scores in a negative way. Luckily for myself (and now you, too), I created a fix…",219,https://robertdevore.com/improve-cls-scores-by-dynamically-setting-image-width-and-height/,"index, follow (default)",en,Robert DeVore,Improve CLS scores by dynamically setting image width and height,"While working on WordPress performance optimization for myself and for my clients, I’ve come across an issue that repeatedly affected CLS scores in a negative way. Luckily for myself (and now you, too), I created a fix…",https://robertdevore.com/improve-cls-scores-by-dynamically-setting-image-width-and-height/,article,,summary,Improve CLS scores by dynamically setting image width and height,"While working on WordPress performance optimization for myself and for my clients, I’ve come across an issue that repeatedly affected CLS scores in a negative way. Luckily for myself (and now you, too), I created a fix…",,False,False,
after,https://robertdevore.com/intellipress-the-smart-af-ai-assistant-for-wordpress/,content/posts/intellipress-the-smart-af-ai-assistant-for-wordpress.md,article,IntelliPress: The Smart AF AI Assistant for WordPress® | Robert DeVore,70,"Let’s be real – managing a WordPress® site is a full-time job, and I’m not even talking about page speed optimization , server maintenance, security audits , etc. Writing content? Takes forever. SEO? A god damn maze.…",217,https://robertdevore.com/intellipress-the-smart-af-ai-assistant-for-wordpress/,"index, follow (default)",en,Robert DeVore,IntelliPress: The Smart AF AI Assistant for WordPress®,"Let’s be real – managing a WordPress® site is a full-time job, and I’m not even talking about page speed optimization , server maintenance, security audits , etc. Writing content? Takes forever. SEO? A god damn maze.…",https://robertdevore.com/intellipress-the-smart-af-ai-assistant-for-wordpress/,article,,summary,IntelliPress: The Smart AF AI Assistant for WordPress®,"Let’s be real – managing a WordPress® site is a full-time job, and I’m not even talking about page speed optimization , server maintenance, security audits , etc. Writing content? Takes forever. SEO? A god damn maze.…",,False,False,
after,https://robertdevore.com/introducing-an-experimental-new-plugin-email-designer-for-woocommerce/,content/posts/introducing-an-experimental-new-plugin-email-designer-for-woocommerce.md,article,Introducing an experimental new plugin: Email Designer for WooCommerce® | Robert DeVore,87,WooCommerce emails have always been a pain point for store owners looking to create beautifully branded transactional emails without diving deep into custom PHP templates. While WooCommerce recently improved its email…,218,https://robertdevore.com/introducing-an-experimental-new-plugin-email-designer-for-woocommerce/,"index, follow (default)",en,Robert DeVore,Introducing an experimental new plugin: Email Designer for WooCommerce®,WooCommerce emails have always been a pain point for store owners looking to create beautifully branded transactional emails without diving deep into custom PHP templates. While WooCommerce recently improved its email…,https://robertdevore.com/introducing-an-experimental-new-plugin-email-designer-for-woocommerce/,article,,summary,Introducing an experimental new plugin: Email Designer for WooCommerce®,WooCommerce emails have always been a pain point for store owners looking to create beautifully branded transactional emails without diving deep into custom PHP templates. While WooCommerce recently improved its email…,,False,False,
after,https://robertdevore.com/introducing-associated-taxonomies-for-wordpress/,content/posts/introducing-associated-taxonomies-for-wordpress.md,article,Introducing Associated Taxonomies for WordPress® | Robert DeVore,64,"I’m thrilled to announce the release of Associated Taxonomies , a free WordPress® plugin designed to streamline taxonomy management by enabling you to associate terms within the same taxonomy. This plugin was built with…",220,https://robertdevore.com/introducing-associated-taxonomies-for-wordpress/,"index, follow (default)",en,Robert DeVore,Introducing Associated Taxonomies for WordPress®,"I’m thrilled to announce the release of Associated Taxonomies , a free WordPress® plugin designed to streamline taxonomy management by enabling you to associate terms within the same taxonomy. This plugin was built with…",https://robertdevore.com/introducing-associated-taxonomies-for-wordpress/,article,,summary,Introducing Associated Taxonomies for WordPress®,"I’m thrilled to announce the release of Associated Taxonomies , a free WordPress® plugin designed to streamline taxonomy management by enabling you to associate terms within the same taxonomy. This plugin was built with…",,False,False,
after,https://robertdevore.com/introducing-automattic-css-an-open-source-css-utility-framework/,content/posts/introducing-automattic-css-an-open-source-css-utility-framework.md,article,Introducing automattic.css – An open source CSS Utility Framework | Robert DeVore,81,"Today I’m releasing v0.1.0 of automattic.css – a new utility-first CSS framework inspired by the structure and philosophy of Automatic.css, but with a twist: it’s lean, builder-agnostic, and open to the community from…",218,https://robertdevore.com/introducing-automattic-css-an-open-source-css-utility-framework/,"index, follow (default)",en,Robert DeVore,Introducing automattic.css – An open source CSS Utility Framework,"Today I’m releasing v0.1.0 of automattic.css – a new utility-first CSS framework inspired by the structure and philosophy of Automatic.css, but with a twist: it’s lean, builder-agnostic, and open to the community from…",https://robertdevore.com/introducing-automattic-css-an-open-source-css-utility-framework/,article,,summary,Introducing automattic.css – An open source CSS Utility Framework,"Today I’m releasing v0.1.0 of automattic.css – a new utility-first CSS framework inspired by the structure and philosophy of Automatic.css, but with a twist: it’s lean, builder-agnostic, and open to the community from…",,False,False,
after,https://robertdevore.com/introducing-back-in-stock-notifications-for-woocommerce/,content/posts/introducing-back-in-stock-notifications-for-woocommerce.md,article,Introducing Back In Stock Notifications for WooCommerce® | Robert DeVore,72,Today I am super excited to introduce the release of my newest free plugin – Back In Stock Notifications 🚀 This is a 100% free plugin for WooCommerce® that lets your customers stay connected with products they love…,215,https://robertdevore.com/introducing-back-in-stock-notifications-for-woocommerce/,"index, follow (default)",en,Robert DeVore,Introducing Back In Stock Notifications for WooCommerce®,Today I am super excited to introduce the release of my newest free plugin – Back In Stock Notifications 🚀 This is a 100% free plugin for WooCommerce® that lets your customers stay connected with products they love…,https://robertdevore.com/introducing-back-in-stock-notifications-for-woocommerce/,article,,summary,Introducing Back In Stock Notifications for WooCommerce®,Today I am super excited to introduce the release of my newest free plugin – Back In Stock Notifications 🚀 This is a 100% free plugin for WooCommerce® that lets your customers stay connected with products they love…,,False,False,
after,https://robertdevore.com/introducing-barcodes-for-woocommerce-free/,content/posts/introducing-barcodes-for-woocommerce-free.md,article,Introducing Barcodes for WooCommerce® (free) | Robert DeVore,60,"I’m thrilled to announce the release of Barcodes for WooCommerce® , a free plugin I’ve developed to make managing WooCommerce® stores more efficient. By integrating QR code functionality, this tool simplifies how you…",217,https://robertdevore.com/introducing-barcodes-for-woocommerce-free/,"index, follow (default)",en,Robert DeVore,Introducing Barcodes for WooCommerce® (free),"I’m thrilled to announce the release of Barcodes for WooCommerce® , a free plugin I’ve developed to make managing WooCommerce® stores more efficient. By integrating QR code functionality, this tool simplifies how you…",https://robertdevore.com/introducing-barcodes-for-woocommerce-free/,article,,summary,Introducing Barcodes for WooCommerce® (free),"I’m thrilled to announce the release of Barcodes for WooCommerce® , a free plugin I’ve developed to make managing WooCommerce® stores more efficient. By integrating QR code functionality, this tool simplifies how you…",,False,False,
after,https://robertdevore.com/introducing-benchpress/,content/posts/introducing-benchpress.md,article,Introducing BenchPress: Performance Benchmarks for WordPress® | Robert DeVore,77,"I’m pumped to announce the release of BenchPress , a free WordPress® plugin designed to help developers identify performance bottlenecks in our code and optimize for speed! BenchPress provides an easy way to measure the…",220,https://robertdevore.com/introducing-benchpress/,"index, follow (default)",en,Robert DeVore,Introducing BenchPress: Performance Benchmarks for WordPress®,"I’m pumped to announce the release of BenchPress , a free WordPress® plugin designed to help developers identify performance bottlenecks in our code and optimize for speed! BenchPress provides an easy way to measure the…",https://robertdevore.com/introducing-benchpress/,article,,summary,Introducing BenchPress: Performance Benchmarks for WordPress®,"I’m pumped to announce the release of BenchPress , a free WordPress® plugin designed to help developers identify performance bottlenecks in our code and optimize for speed! BenchPress provides an easy way to measure the…",,False,False,
after,https://robertdevore.com/introducing-block-ai-crawlers-for-wordpress/,content/posts/introducing-block-ai-crawlers-for-wordpress.md,article,Introducing Block AI Crawlers for WordPress® | Robert DeVore,60,"I’m excited to announce the release of Block AI Crawlers , a new WordPress plugin designed to give website owners control over how AI crawlers interact with their site. This lightweight, user-friendly plugin makes it…",217,https://robertdevore.com/introducing-block-ai-crawlers-for-wordpress/,"index, follow (default)",en,Robert DeVore,Introducing Block AI Crawlers for WordPress®,"I’m excited to announce the release of Block AI Crawlers , a new WordPress plugin designed to give website owners control over how AI crawlers interact with their site. This lightweight, user-friendly plugin makes it…",https://robertdevore.com/introducing-block-ai-crawlers-for-wordpress/,article,,summary,Introducing Block AI Crawlers for WordPress®,"I’m excited to announce the release of Block AI Crawlers , a new WordPress plugin designed to give website owners control over how AI crawlers interact with their site. This lightweight, user-friendly plugin makes it…",,False,False,
after,https://robertdevore.com/introducing-bluesky-feed-for-wordpress/,content/posts/introducing-bluesky-feed-for-wordpress.md,article,Introducing Bluesky Feed for WordPress® | Robert DeVore,55,"I’m excited to announce the release of my latest free plugin, Bluesky Feed for WordPress® 🚀 This is a free WordPress plugin designed to integrate your Bluesky feed into your WordPress® powered website. Whether you’re…",217,https://robertdevore.com/introducing-bluesky-feed-for-wordpress/,"index, follow (default)",en,Robert DeVore,Introducing Bluesky Feed for WordPress®,"I’m excited to announce the release of my latest free plugin, Bluesky Feed for WordPress® 🚀 This is a free WordPress plugin designed to integrate your Bluesky feed into your WordPress® powered website. Whether you’re…",https://robertdevore.com/introducing-bluesky-feed-for-wordpress/,article,,summary,Introducing Bluesky Feed for WordPress®,"I’m excited to announce the release of my latest free plugin, Bluesky Feed for WordPress® 🚀 This is a free WordPress plugin designed to integrate your Bluesky feed into your WordPress® powered website. Whether you’re…",,False,False,
after,https://robertdevore.com/introducing-brands-for-woocommerce-free/,content/posts/introducing-brands-for-woocommerce-free.md,article,Introducing Brands for WooCommerce® (free) | Robert DeVore,58,"Just a few days ago, WooCommerce® officially added a brands integration as a feature flag option, available by default some time in December. However, this late addition of the brands functionality in Woo Core and the…",218,https://robertdevore.com/introducing-brands-for-woocommerce-free/,"index, follow (default)",en,Robert DeVore,Introducing Brands for WooCommerce® (free),"Just a few days ago, WooCommerce® officially added a brands integration as a feature flag option, available by default some time in December. However, this late addition of the brands functionality in Woo Core and the…",https://robertdevore.com/introducing-brands-for-woocommerce-free/,article,,summary,Introducing Brands for WooCommerce® (free),"Just a few days ago, WooCommerce® officially added a brands integration as a feature flag option, available by default some time in December. However, this late addition of the brands functionality in Woo Core and the…",,False,False,
after,https://robertdevore.com/introducing-broken-image-scanner/,content/posts/introducing-broken-image-scanner.md,article,Introducing Broken Image Scanner | Robert DeVore,48,"Let’s face it: broken image links are like ghosts haunting your website – annoying, scary for your users, and not great for your SEO. That’s why I’m excited to release the Broken Image Scanner , a free WordPress® plugin…",220,https://robertdevore.com/introducing-broken-image-scanner/,"index, follow (default)",en,Robert DeVore,Introducing Broken Image Scanner,"Let’s face it: broken image links are like ghosts haunting your website – annoying, scary for your users, and not great for your SEO. That’s why I’m excited to release the Broken Image Scanner , a free WordPress® plugin…",https://robertdevore.com/introducing-broken-image-scanner/,article,,summary,Introducing Broken Image Scanner,"Let’s face it: broken image links are like ghosts haunting your website – annoying, scary for your users, and not great for your SEO. That’s why I’m excited to release the Broken Image Scanner , a free WordPress® plugin…",,False,False,
after,https://robertdevore.com/introducing-bulk-stock-management-for-woocommerce-free/,content/posts/introducing-bulk-stock-management-for-woocommerce-free.md,article,Introducing Bulk Stock Management for WooCommerce® (free) | Robert DeVore,73,"It’s WooWednesday again, and I’m happy to introduce Bulk Stock Management for WooCommerce® – a free plugin designed to simplify your stock management workflow. Whether you’re managing hundreds of products or just a few,…",220,https://robertdevore.com/introducing-bulk-stock-management-for-woocommerce-free/,"index, follow (default)",en,Robert DeVore,Introducing Bulk Stock Management for WooCommerce® (free),"It’s WooWednesday again, and I’m happy to introduce Bulk Stock Management for WooCommerce® – a free plugin designed to simplify your stock management workflow. Whether you’re managing hundreds of products or just a few,…",https://robertdevore.com/introducing-bulk-stock-management-for-woocommerce-free/,article,,summary,Introducing Bulk Stock Management for WooCommerce® (free),"It’s WooWednesday again, and I’m happy to introduce Bulk Stock Management for WooCommerce® – a free plugin designed to simplify your stock management workflow. Whether you’re managing hundreds of products or just a few,…",,False,False,
after,https://robertdevore.com/introducing-content-restriction-for-wordpress/,content/posts/introducing-content-restriction-for-wordpress.md,article,Introducing Content Restriction for WordPress® | Robert DeVore,62,"I’m excited to announce the launch of my 6th new free plugin in the last 11 days 🚀 Content Restriction for WordPress® , a sophisticatedly simple solution for managing content visibility on your WordPress® site. With the…",220,https://robertdevore.com/introducing-content-restriction-for-wordpress/,"index, follow (default)",en,Robert DeVore,Introducing Content Restriction for WordPress®,"I’m excited to announce the launch of my 6th new free plugin in the last 11 days 🚀 Content Restriction for WordPress® , a sophisticatedly simple solution for managing content visibility on your WordPress® site. With the…",https://robertdevore.com/introducing-content-restriction-for-wordpress/,article,,summary,Introducing Content Restriction for WordPress®,"I’m excited to announce the launch of my 6th new free plugin in the last 11 days 🚀 Content Restriction for WordPress® , a sophisticatedly simple solution for managing content visibility on your WordPress® site. With the…",,False,False,
after,https://robertdevore.com/introducing-delete-inactive-users/,content/posts/introducing-delete-inactive-users.md,article,Introducing Delete Inactive Users | Robert DeVore,49,"Managing a WordPress® website can often feel like a juggling act, especially when dealing with thousands of users. Keeping your database lean and mean is not just about performance; it’s also about maintaining clean,…",217,https://robertdevore.com/introducing-delete-inactive-users/,"index, follow (default)",en,Robert DeVore,Introducing Delete Inactive Users,"Managing a WordPress® website can often feel like a juggling act, especially when dealing with thousands of users. Keeping your database lean and mean is not just about performance; it’s also about maintaining clean,…",https://robertdevore.com/introducing-delete-inactive-users/,article,,summary,Introducing Delete Inactive Users,"Managing a WordPress® website can often feel like a juggling act, especially when dealing with thousands of users. Keeping your database lean and mean is not just about performance; it’s also about maintaining clean,…",,False,False,
after,https://robertdevore.com/introducing-digg-this-a-social-sharing-plugin-for-wordpress/,content/posts/introducing-digg-this-a-social-sharing-plugin-for-wordpress.md,article,Introducing Digg This: A social sharing plugin for WordPress® | Robert DeVore,77,"There are a million social sharing plugins out there. Most of them suck 🤷‍♂️ They either slow your site to a crawl, inject bloated tracking scripts, or just look like they were designed in 2008 and never updated. So in…",219,https://robertdevore.com/introducing-digg-this-a-social-sharing-plugin-for-wordpress/,"index, follow (default)",en,Robert DeVore,Introducing Digg This: A social sharing plugin for WordPress®,"There are a million social sharing plugins out there. Most of them suck 🤷‍♂️ They either slow your site to a crawl, inject bloated tracking scripts, or just look like they were designed in 2008 and never updated. So in…",https://robertdevore.com/introducing-digg-this-a-social-sharing-plugin-for-wordpress/,article,,summary,Introducing Digg This: A social sharing plugin for WordPress®,"There are a million social sharing plugins out there. Most of them suck 🤷‍♂️ They either slow your site to a crawl, inject bloated tracking scripts, or just look like they were designed in 2008 and never updated. So in…",,False,False,
after,https://robertdevore.com/introducing-dispensary-details-for-woocommerce/,content/posts/introducing-dispensary-details-for-woocommerce.md,article,Introducing Dispensary Details for WooCommerce® | Robert DeVore,63,"Back in 2018, I built Dispensary Details for WooCommerce® to solve a problem: WooCommerce® lacked the essential cannabis-specific product details that dispensaries needed. Lab results, strain information, effects, and…",218,https://robertdevore.com/introducing-dispensary-details-for-woocommerce/,"index, follow (default)",en,Robert DeVore,Introducing Dispensary Details for WooCommerce®,"Back in 2018, I built Dispensary Details for WooCommerce® to solve a problem: WooCommerce® lacked the essential cannabis-specific product details that dispensaries needed. Lab results, strain information, effects, and…",https://robertdevore.com/introducing-dispensary-details-for-woocommerce/,article,,summary,Introducing Dispensary Details for WooCommerce®,"Back in 2018, I built Dispensary Details for WooCommerce® to solve a problem: WooCommerce® lacked the essential cannabis-specific product details that dispensaries needed. Lab results, strain information, effects, and…",,False,False,
after,https://robertdevore.com/introducing-gallery-modals-enhance-your-wordpress-galleries-with-stunning-popups/,content/posts/introducing-gallery-modals-enhance-your-wordpress-galleries-with-stunning-popups.md,article,Introducing Gallery Modals: Enhance Your WordPress® Galleries with Stunning Popups! | Robert DeVore,99,"I am happy to release Gallery Modals , a new free WordPress® plugin designed to transform your WordPress® galleries into immersive, interactive experiences. If you’ve ever wanted to give your site’s images that extra…",217,https://robertdevore.com/introducing-gallery-modals-enhance-your-wordpress-galleries-with-stunning-popups/,"index, follow (default)",en,Robert DeVore,Introducing Gallery Modals: Enhance Your WordPress® Galleries with Stunning Popups!,"I am happy to release Gallery Modals , a new free WordPress® plugin designed to transform your WordPress® galleries into immersive, interactive experiences. If you’ve ever wanted to give your site’s images that extra…",https://robertdevore.com/introducing-gallery-modals-enhance-your-wordpress-galleries-with-stunning-popups/,article,,summary,Introducing Gallery Modals: Enhance Your WordPress® Galleries with Stunning Popups!,"I am happy to release Gallery Modals , a new free WordPress® plugin designed to transform your WordPress® galleries into immersive, interactive experiences. If you’ve ever wanted to give your site’s images that extra…",,False,False,
after,https://robertdevore.com/introducing-gift-cards-for-woocommerce-free/,content/posts/introducing-gift-cards-for-woocommerce-free.md,article,Introducing Gift Cards for WooCommerce® (free) | Robert DeVore,62,"Today I’m happy to announce the official release of the free Gift Cards for WooCommerce® plugin! This plugin seamlessly integrates gift card functionality into your WooCommerce® store, letting you to enhance customer…",217,https://robertdevore.com/introducing-gift-cards-for-woocommerce-free/,"index, follow (default)",en,Robert DeVore,Introducing Gift Cards for WooCommerce® (free),"Today I’m happy to announce the official release of the free Gift Cards for WooCommerce® plugin! This plugin seamlessly integrates gift card functionality into your WooCommerce® store, letting you to enhance customer…",https://robertdevore.com/introducing-gift-cards-for-woocommerce-free/,article,,summary,Introducing Gift Cards for WooCommerce® (free),"Today I’m happy to announce the official release of the free Gift Cards for WooCommerce® plugin! This plugin seamlessly integrates gift card functionality into your WooCommerce® store, letting you to enhance customer…",,False,False,
after,https://robertdevore.com/introducing-hpos-compatibility-scanner-for-woocommerce-free/,content/posts/introducing-hpos-compatibility-scanner-for-woocommerce-free.md,article,Introducing HPOS Compatibility Scanner for WooCommerce® (free) | Robert DeVore,78,"I’m excited to announce the release of HPOS Compatibility Scanner , a free WordPress® plugin designed to help developers identify and fix compatibility issues with WooCommerce’s High-Performance Order Storage (HPOS).…",217,https://robertdevore.com/introducing-hpos-compatibility-scanner-for-woocommerce-free/,"index, follow (default)",en,Robert DeVore,Introducing HPOS Compatibility Scanner for WooCommerce® (free),"I’m excited to announce the release of HPOS Compatibility Scanner , a free WordPress® plugin designed to help developers identify and fix compatibility issues with WooCommerce’s High-Performance Order Storage (HPOS).…",https://robertdevore.com/introducing-hpos-compatibility-scanner-for-woocommerce-free/,article,,summary,Introducing HPOS Compatibility Scanner for WooCommerce® (free),"I’m excited to announce the release of HPOS Compatibility Scanner , a free WordPress® plugin designed to help developers identify and fix compatibility issues with WooCommerce’s High-Performance Order Storage (HPOS).…",,False,False,
after,https://robertdevore.com/introducing-img-a11y/,content/posts/introducing-img-a11y.md,article,Introducing IMG A11Y | Robert DeVore,36,"Today marks the release of IMG A11Y , a free WordPress® plugin designed to make image accessibility compliance easier than ever. I created IMG A11Y to help WordPress users address one of the most important aspects of…",217,https://robertdevore.com/introducing-img-a11y/,"index, follow (default)",en,Robert DeVore,Introducing IMG A11Y,"Today marks the release of IMG A11Y , a free WordPress® plugin designed to make image accessibility compliance easier than ever. I created IMG A11Y to help WordPress users address one of the most important aspects of…",https://robertdevore.com/introducing-img-a11y/,article,,summary,Introducing IMG A11Y,"Today marks the release of IMG A11Y , a free WordPress® plugin designed to make image accessibility compliance easier than ever. I created IMG A11Y to help WordPress users address one of the most important aspects of…",,False,False,
after,https://robertdevore.com/introducing-intellipress-the-smart-ai-assistant-for-wordpress/,content/posts/introducing-intellipress-the-smart-ai-assistant-for-wordpress.md,article,Introducing IntelliPress: The Smart Ai Assistant for WordPress | Robert DeVore,78,"The last time I was this excited to announce a new baby, it was my son 😂 Today I’d like to formally introduce you to IntelliPress , an AI WordPress plugin that integrates with the OpenAI API . It’s built to help you…",216,https://robertdevore.com/introducing-intellipress-the-smart-ai-assistant-for-wordpress/,"index, follow (default)",en,Robert DeVore,Introducing IntelliPress: The Smart Ai Assistant for WordPress,"The last time I was this excited to announce a new baby, it was my son 😂 Today I’d like to formally introduce you to IntelliPress , an AI WordPress plugin that integrates with the OpenAI API . It’s built to help you…",https://robertdevore.com/introducing-intellipress-the-smart-ai-assistant-for-wordpress/,article,,summary,Introducing IntelliPress: The Smart Ai Assistant for WordPress,"The last time I was this excited to announce a new baby, it was my son 😂 Today I’d like to formally introduce you to IntelliPress , an AI WordPress plugin that integrates with the OpenAI API . It’s built to help you…",,False,False,
after,https://robertdevore.com/introducing-maintenance-mode-for-wordpress/,content/posts/introducing-maintenance-mode-for-wordpress.md,article,Introducing Maintenance Mode for WordPress® | Robert DeVore,59,"Today, I’m thrilled to announce the release of Maintenance Mode for WordPress® 🔥 This is a 100% free plugin designed to bring simplicity, flexibility, and true WordPress® integration to a task often overcomplicated by…",218,https://robertdevore.com/introducing-maintenance-mode-for-wordpress/,"index, follow (default)",en,Robert DeVore,Introducing Maintenance Mode for WordPress®,"Today, I’m thrilled to announce the release of Maintenance Mode for WordPress® 🔥 This is a 100% free plugin designed to bring simplicity, flexibility, and true WordPress® integration to a task often overcomplicated by…",https://robertdevore.com/introducing-maintenance-mode-for-wordpress/,article,,summary,Introducing Maintenance Mode for WordPress®,"Today, I’m thrilled to announce the release of Maintenance Mode for WordPress® 🔥 This is a 100% free plugin designed to bring simplicity, flexibility, and true WordPress® integration to a task often overcomplicated by…",,False,False,
after,https://robertdevore.com/introducing-markdown-comments-for-wordpress/,content/posts/introducing-markdown-comments-for-wordpress.md,article,Introducing: Markdown Comments for WordPress® | Robert DeVore,61,Markdown ALL THE THINGS 🔥 I built this plugin because I couldn’t stand how unnatural it felt to write HTML or plain text in WordPress comments. If you’ve followed my work – especially around Stattic – you know I write…,218,https://robertdevore.com/introducing-markdown-comments-for-wordpress/,"index, follow (default)",en,Robert DeVore,Introducing: Markdown Comments for WordPress®,Markdown ALL THE THINGS 🔥 I built this plugin because I couldn’t stand how unnatural it felt to write HTML or plain text in WordPress comments. If you’ve followed my work – especially around Stattic – you know I write…,https://robertdevore.com/introducing-markdown-comments-for-wordpress/,article,,summary,Introducing: Markdown Comments for WordPress®,Markdown ALL THE THINGS 🔥 I built this plugin because I couldn’t stand how unnatural it felt to write HTML or plain text in WordPress comments. If you’ve followed my work – especially around Stattic – you know I write…,,False,False,
after,https://robertdevore.com/introducing-markdown-exporter-for-wordpress/,content/posts/introducing-markdown-exporter-for-wordpress.md,article,Introducing Markdown Exporter for WordPress® | Robert DeVore,60,"This month has been a whirlwind of development and releases, and today continues that tradition. I’m happy to proudly release my 7th free plugin this month 🔥 Each plugin represents a step forward in enhancing your…",214,https://robertdevore.com/introducing-markdown-exporter-for-wordpress/,"index, follow (default)",en,Robert DeVore,Introducing Markdown Exporter for WordPress®,"This month has been a whirlwind of development and releases, and today continues that tradition. I’m happy to proudly release my 7th free plugin this month 🔥 Each plugin represents a step forward in enhancing your…",https://robertdevore.com/introducing-markdown-exporter-for-wordpress/,article,,summary,Introducing Markdown Exporter for WordPress®,"This month has been a whirlwind of development and releases, and today continues that tradition. I’m happy to proudly release my 7th free plugin this month 🔥 Each plugin represents a step forward in enhancing your…",,False,False,
after,https://robertdevore.com/introducing-media-copyright-scanner/,content/posts/introducing-media-copyright-scanner.md,article,Introducing Media Copyright Scanner | Robert DeVore,51,"I’m excited to introduce my latest plugin 👀 Media Copyright Scanner . This free tool is crafted to assist website owners, content managers, and developers in identifying potentially copyrighted images within their…",214,https://robertdevore.com/introducing-media-copyright-scanner/,"index, follow (default)",en,Robert DeVore,Introducing Media Copyright Scanner,"I’m excited to introduce my latest plugin 👀 Media Copyright Scanner . This free tool is crafted to assist website owners, content managers, and developers in identifying potentially copyrighted images within their…",https://robertdevore.com/introducing-media-copyright-scanner/,article,,summary,Introducing Media Copyright Scanner,"I’m excited to introduce my latest plugin 👀 Media Copyright Scanner . This free tool is crafted to assist website owners, content managers, and developers in identifying potentially copyrighted images within their…",,False,False,
after,https://robertdevore.com/introducing-media-file-versioning-for-wordpress/,content/posts/introducing-media-file-versioning-for-wordpress.md,article,Introducing Media File Versioning for WordPress® | Robert DeVore,64,"Another day, another plugin 💪 Today, I’m happy to announce the release of Media File Versioning , a lightweight yet powerful plugin designed to bring version control to your WordPress Media Library. Whether you’re…",214,https://robertdevore.com/introducing-media-file-versioning-for-wordpress/,"index, follow (default)",en,Robert DeVore,Introducing Media File Versioning for WordPress®,"Another day, another plugin 💪 Today, I’m happy to announce the release of Media File Versioning , a lightweight yet powerful plugin designed to bring version control to your WordPress Media Library. Whether you’re…",https://robertdevore.com/introducing-media-file-versioning-for-wordpress/,article,,summary,Introducing Media File Versioning for WordPress®,"Another day, another plugin 💪 Today, I’m happy to announce the release of Media File Versioning , a lightweight yet powerful plugin designed to bring version control to your WordPress Media Library. Whether you’re…",,False,False,
after,https://robertdevore.com/introducing-metadata-import-export-for-yoast-seo/,content/posts/introducing-metadata-import-export-for-yoast-seo.md,article,Introducing Metadata Import/Export for Yoast SEO | Robert DeVore,64,Today I’m really happy to release this new free plugin for the WordPress® and Yoast SEO communities 💪💯 The Metadata Import/Export for Yoast plugin is designed to empower SEO’s and content managers who use Yoast SEO by…,218,https://robertdevore.com/introducing-metadata-import-export-for-yoast-seo/,"index, follow (default)",en,Robert DeVore,Introducing Metadata Import/Export for Yoast SEO,Today I’m really happy to release this new free plugin for the WordPress® and Yoast SEO communities 💪💯 The Metadata Import/Export for Yoast plugin is designed to empower SEO’s and content managers who use Yoast SEO by…,https://robertdevore.com/introducing-metadata-import-export-for-yoast-seo/,article,,summary,Introducing Metadata Import/Export for Yoast SEO,Today I’m really happy to release this new free plugin for the WordPress® and Yoast SEO communities 💪💯 The Metadata Import/Export for Yoast plugin is designed to empower SEO’s and content managers who use Yoast SEO by…,,False,False,
after,https://robertdevore.com/introducing-module-usage-tracker-for-wp-bakery/,content/posts/introducing-module-usage-tracker-for-wp-bakery.md,article,Introducing the Module Usage Tracker for WP Bakery | Robert DeVore,66,I’m excited to announce the release of ANOTHER new free WordPress® plugin for 💪💯 The free Module Usage Tracker for WP Bakery plugin is a new tool for anyone looking to get a closer view of how WP Bakery modules are…,215,https://robertdevore.com/introducing-module-usage-tracker-for-wp-bakery/,"index, follow (default)",en,Robert DeVore,Introducing the Module Usage Tracker for WP Bakery,I’m excited to announce the release of ANOTHER new free WordPress® plugin for 💪💯 The free Module Usage Tracker for WP Bakery plugin is a new tool for anyone looking to get a closer view of how WP Bakery modules are…,https://robertdevore.com/introducing-module-usage-tracker-for-wp-bakery/,article,,summary,Introducing the Module Usage Tracker for WP Bakery,I’m excited to announce the release of ANOTHER new free WordPress® plugin for 💪💯 The free Module Usage Tracker for WP Bakery plugin is a new tool for anyone looking to get a closer view of how WP Bakery modules are…,,False,False,
after,https://robertdevore.com/introducing-pattern-pal-ai-powered-patterns-for-wordpress/,content/posts/introducing-pattern-pal-ai-powered-patterns-for-wordpress.md,article,Introducing Pattern Pal: AI-Powered Patterns for WordPress® | Robert DeVore,75,"I’m excited to introduce Pattern Pal , a new free WordPress® plugin that leverages OpenAI to generate custom block patterns right inside the WordPress® editor! Whether you’re a content creator, designer, or developer,…",218,https://robertdevore.com/introducing-pattern-pal-ai-powered-patterns-for-wordpress/,"index, follow (default)",en,Robert DeVore,Introducing Pattern Pal: AI-Powered Patterns for WordPress®,"I’m excited to introduce Pattern Pal , a new free WordPress® plugin that leverages OpenAI to generate custom block patterns right inside the WordPress® editor! Whether you’re a content creator, designer, or developer,…",https://robertdevore.com/introducing-pattern-pal-ai-powered-patterns-for-wordpress/,article,,summary,Introducing Pattern Pal: AI-Powered Patterns for WordPress®,"I’m excited to introduce Pattern Pal , a new free WordPress® plugin that leverages OpenAI to generate custom block patterns right inside the WordPress® editor! Whether you’re a content creator, designer, or developer,…",,False,False,
after,https://robertdevore.com/introducing-persistent-dismissible-notices/,content/posts/introducing-persistent-dismissible-notices.md,article,Introducing Persistent Dismissible Notices | Robert DeVore,58,"I’m excited to announce the release of my new free WordPress® plugin, Persistent Dismissible Notices , designed to solve a long-standing annoyance in the WordPress admin experience. If you’ve ever been frustrated by…",216,https://robertdevore.com/introducing-persistent-dismissible-notices/,"index, follow (default)",en,Robert DeVore,Introducing Persistent Dismissible Notices,"I’m excited to announce the release of my new free WordPress® plugin, Persistent Dismissible Notices , designed to solve a long-standing annoyance in the WordPress admin experience. If you’ve ever been frustrated by…",https://robertdevore.com/introducing-persistent-dismissible-notices/,article,,summary,Introducing Persistent Dismissible Notices,"I’m excited to announce the release of my new free WordPress® plugin, Persistent Dismissible Notices , designed to solve a long-standing annoyance in the WordPress admin experience. If you’ve ever been frustrated by…",,False,False,
after,https://robertdevore.com/introducing-projects-for-wordpress-a-better-way-to-showcase-your-work/,content/posts/introducing-projects-for-wordpress-a-better-way-to-showcase-your-work.md,article,Introducing Projects for WordPress®: A Better Way to Showcase Your Work | Robert DeVore,87,"Let me start by saying this isn’t simply about hate. It’s about clarity, control, and community. WordPress – the open source project – has been the foundation of my entire career. I’m grateful for it. And I’ve even gone…",220,https://robertdevore.com/introducing-projects-for-wordpress-a-better-way-to-showcase-your-work/,"index, follow (default)",en,Robert DeVore,Introducing Projects for WordPress®: A Better Way to Showcase Your Work,"Let me start by saying this isn’t simply about hate. It’s about clarity, control, and community. WordPress – the open source project – has been the foundation of my entire career. I’m grateful for it. And I’ve even gone…",https://robertdevore.com/introducing-projects-for-wordpress-a-better-way-to-showcase-your-work/,article,,summary,Introducing Projects for WordPress®: A Better Way to Showcase Your Work,"Let me start by saying this isn’t simply about hate. It’s about clarity, control, and community. WordPress – the open source project – has been the foundation of my entire career. I’m grateful for it. And I’ve even gone…",,False,False,
after,https://robertdevore.com/introducing-purchase-orders-for-woocommerce-free/,content/posts/introducing-purchase-orders-for-woocommerce-free.md,article,Introducing Purchase Orders for WooCommerce® (free) | Robert DeVore,67,"Welcome to week 4 of the #WooWednesday plugin series! Today we’ve got the Purchase Orders for WooCommerce® plugin which is a simple, free, and functional alternative to Woo’s $49/year offering. It adds a purchase order…",219,https://robertdevore.com/introducing-purchase-orders-for-woocommerce-free/,"index, follow (default)",en,Robert DeVore,Introducing Purchase Orders for WooCommerce® (free),"Welcome to week 4 of the #WooWednesday plugin series! Today we’ve got the Purchase Orders for WooCommerce® plugin which is a simple, free, and functional alternative to Woo’s $49/year offering. It adds a purchase order…",https://robertdevore.com/introducing-purchase-orders-for-woocommerce-free/,article,,summary,Introducing Purchase Orders for WooCommerce® (free),"Welcome to week 4 of the #WooWednesday plugin series! Today we’ve got the Purchase Orders for WooCommerce® plugin which is a simple, free, and functional alternative to Woo’s $49/year offering. It adds a purchase order…",,False,False,
after,https://robertdevore.com/introducing-seo-for-wordpress/,content/posts/introducing-seo-for-wordpress.md,article,Introducing SEO for WordPress® | Robert DeVore,46,"Finding a reliable, lightweight SEO plugin without constant upsells or unnecessary features can feel like searching for a needle in a haystack. Many SEO tools claim to empower your website, yet they often come with…",215,https://robertdevore.com/introducing-seo-for-wordpress/,"index, follow (default)",en,Robert DeVore,Introducing SEO for WordPress®,"Finding a reliable, lightweight SEO plugin without constant upsells or unnecessary features can feel like searching for a needle in a haystack. Many SEO tools claim to empower your website, yet they often come with…",https://robertdevore.com/introducing-seo-for-wordpress/,article,,summary,Introducing SEO for WordPress®,"Finding a reliable, lightweight SEO plugin without constant upsells or unnecessary features can feel like searching for a needle in a haystack. Many SEO tools claim to empower your website, yet they often come with…",,False,False,
after,https://robertdevore.com/introducing-shipping-multiple-addresses-for-woocommerce-free/,content/posts/introducing-shipping-multiple-addresses-for-woocommerce-free.md,article,Introducing Shipping Multiple Addresses for WooCommerce® (free) | Robert DeVore,79,"I’m thrilled to share my latest plugin that aims to make WooCommerce® even more powerful and versatile. Introducing Shipping Multiple Addresses for WooCommerce® , the free plugin that simplifies sending items to…",212,https://robertdevore.com/introducing-shipping-multiple-addresses-for-woocommerce-free/,"index, follow (default)",en,Robert DeVore,Introducing Shipping Multiple Addresses for WooCommerce® (free),"I’m thrilled to share my latest plugin that aims to make WooCommerce® even more powerful and versatile. Introducing Shipping Multiple Addresses for WooCommerce® , the free plugin that simplifies sending items to…",https://robertdevore.com/introducing-shipping-multiple-addresses-for-woocommerce-free/,article,,summary,Introducing Shipping Multiple Addresses for WooCommerce® (free),"I’m thrilled to share my latest plugin that aims to make WooCommerce® even more powerful and versatile. Introducing Shipping Multiple Addresses for WooCommerce® , the free plugin that simplifies sending items to…",,False,False,
after,https://robertdevore.com/introducing-site-vitals-for-wordpress/,content/posts/introducing-site-vitals-for-wordpress.md,article,Introducing Site Vitals for WordPress® | Robert DeVore,54,"I’m thrilled to introduce Site Vitals for WordPress® – a free plugin designed to help you monitor, evaluate, and improve key aspects of your WordPress® website’s health. From performance and security to SEO, UX, and…",216,https://robertdevore.com/introducing-site-vitals-for-wordpress/,"index, follow (default)",en,Robert DeVore,Introducing Site Vitals for WordPress®,"I’m thrilled to introduce Site Vitals for WordPress® – a free plugin designed to help you monitor, evaluate, and improve key aspects of your WordPress® website’s health. From performance and security to SEO, UX, and…",https://robertdevore.com/introducing-site-vitals-for-wordpress/,article,,summary,Introducing Site Vitals for WordPress®,"I’m thrilled to introduce Site Vitals for WordPress® – a free plugin designed to help you monitor, evaluate, and improve key aspects of your WordPress® website’s health. From performance and security to SEO, UX, and…",,False,False,
after,https://robertdevore.com/introducing-slop-stopper-a-free-content-checker-for-wordpress/,content/posts/introducing-slop-stopper-a-free-content-checker-for-wordpress.md,article,Introducing Slop Stopper: A free content checker for WordPress® | Robert DeVore,79,"You ever read an article and just know it was written by ChatGPT? You know, the ones where you don’t even have to check. The second you see “delve into the intricacies” or “tapestry of experiences” , you know you’re…",216,https://robertdevore.com/introducing-slop-stopper-a-free-content-checker-for-wordpress/,"index, follow (default)",en,Robert DeVore,Introducing Slop Stopper: A free content checker for WordPress®,"You ever read an article and just know it was written by ChatGPT? You know, the ones where you don’t even have to check. The second you see “delve into the intricacies” or “tapestry of experiences” , you know you’re…",https://robertdevore.com/introducing-slop-stopper-a-free-content-checker-for-wordpress/,article,,summary,Introducing Slop Stopper: A free content checker for WordPress®,"You ever read an article and just know it was written by ChatGPT? You know, the ones where you don’t even have to check. The second you see “delve into the intricacies” or “tapestry of experiences” , you know you’re…",,False,False,
after,https://robertdevore.com/introducing-stats-for-wordpress/,content/posts/introducing-stats-for-wordpress.md,article,Introducing Stats for WordPress® | Robert DeVore,48,"The tools we rely on to manage our websites need to reflect our values, both professionally and personally. Recently, Jetpack, a popular WordPress plugin, has changed its usage restrictions , requiring non-profits to…",217,https://robertdevore.com/introducing-stats-for-wordpress/,"index, follow (default)",en,Robert DeVore,Introducing Stats for WordPress®,"The tools we rely on to manage our websites need to reflect our values, both professionally and personally. Recently, Jetpack, a popular WordPress plugin, has changed its usage restrictions , requiring non-profits to…",https://robertdevore.com/introducing-stats-for-wordpress/,article,,summary,Introducing Stats for WordPress®,"The tools we rely on to manage our websites need to reflect our values, both professionally and personally. Recently, Jetpack, a popular WordPress plugin, has changed its usage restrictions , requiring non-profits to…",,False,False,
after,https://robertdevore.com/introducing-table-block-enhancer-for-wordpress/,content/posts/introducing-table-block-enhancer-for-wordpress.md,article,Introducing Table Block Enhancer for WordPress® | Robert DeVore,63,"Today I’m happy to announce the release of a new free plugin for WordPress® called Table Block Enhancer 🚀 This WordPress® plugin designed to supercharge the default WordPress® Table block, which is lacking in features…",218,https://robertdevore.com/introducing-table-block-enhancer-for-wordpress/,"index, follow (default)",en,Robert DeVore,Introducing Table Block Enhancer for WordPress®,"Today I’m happy to announce the release of a new free plugin for WordPress® called Table Block Enhancer 🚀 This WordPress® plugin designed to supercharge the default WordPress® Table block, which is lacking in features…",https://robertdevore.com/introducing-table-block-enhancer-for-wordpress/,article,,summary,Introducing Table Block Enhancer for WordPress®,"Today I’m happy to announce the release of a new free plugin for WordPress® called Table Block Enhancer 🚀 This WordPress® plugin designed to supercharge the default WordPress® Table block, which is lacking in features…",,False,False,
after,https://robertdevore.com/introducing-test-orders-for-woocommerce/,content/posts/introducing-test-orders-for-woocommerce.md,article,Introducing Test Orders for WooCommerce® | Robert DeVore,56,"I’m thrilled to announce the release of Test Orders for WooCommerce® , a free plugin designed to simplify testing workflows for WooCommerce® store owners. This plugin adds a “Test Order” payment gateway to your store,…",218,https://robertdevore.com/introducing-test-orders-for-woocommerce/,"index, follow (default)",en,Robert DeVore,Introducing Test Orders for WooCommerce®,"I’m thrilled to announce the release of Test Orders for WooCommerce® , a free plugin designed to simplify testing workflows for WooCommerce® store owners. This plugin adds a “Test Order” payment gateway to your store,…",https://robertdevore.com/introducing-test-orders-for-woocommerce/,article,,summary,Introducing Test Orders for WooCommerce®,"I’m thrilled to announce the release of Test Orders for WooCommerce® , a free plugin designed to simplify testing workflows for WooCommerce® store owners. This plugin adds a “Test Order” payment gateway to your store,…",,False,False,
after,https://robertdevore.com/introducing-the-phlush-permalinks-wordpress-plugin/,content/posts/introducing-the-phlush-permalinks-wordpress-plugin.md,article,Introducing the Phlush Permalinks WordPress Plugin | Robert DeVore,66,"Another day, another free WordPress plugin release 🚀💪 Are you tired of manually flushing your permalinks every time you make structural changes to your WordPress site? Phlush Permalinks , a new WordPress plugin I…",213,https://robertdevore.com/introducing-the-phlush-permalinks-wordpress-plugin/,"index, follow (default)",en,Robert DeVore,Introducing the Phlush Permalinks WordPress Plugin,"Another day, another free WordPress plugin release 🚀💪 Are you tired of manually flushing your permalinks every time you make structural changes to your WordPress site? Phlush Permalinks , a new WordPress plugin I…",https://robertdevore.com/introducing-the-phlush-permalinks-wordpress-plugin/,article,,summary,Introducing the Phlush Permalinks WordPress Plugin,"Another day, another free WordPress plugin release 🚀💪 Are you tired of manually flushing your permalinks every time you make structural changes to your WordPress site? Phlush Permalinks , a new WordPress plugin I…",,False,False,
after,https://robertdevore.com/introducing-the-prompts-library-a-playground-for-ai-creativity/,content/posts/introducing-the-prompts-library-a-playground-for-ai-creativity.md,article,Introducing the Prompts Library – A Playground for AI Creativity | Robert DeVore,80,"Over the last few months, I’ve been experimenting with ways to push generative AI further – not just to create images, but to design tools that help you consistently create great ones. That’s where the Prompts Library…",218,https://robertdevore.com/introducing-the-prompts-library-a-playground-for-ai-creativity/,"index, follow (default)",en,Robert DeVore,Introducing the Prompts Library – A Playground for AI Creativity,"Over the last few months, I’ve been experimenting with ways to push generative AI further – not just to create images, but to design tools that help you consistently create great ones. That’s where the Prompts Library…",https://robertdevore.com/introducing-the-prompts-library-a-playground-for-ai-creativity/,article,,summary,Introducing the Prompts Library – A Playground for AI Creativity,"Over the last few months, I’ve been experimenting with ways to push generative AI further – not just to create images, but to design tools that help you consistently create great ones. That’s where the Prompts Library…",,False,False,
after,https://robertdevore.com/introducing-the-user-login-status-plugin-for-wordpress/,content/posts/introducing-the-user-login-status-plugin-for-wordpress.md,article,Introducing the User Login Status Plugin for WordPress | Robert DeVore,70,"Today I’m happy to announce the release of User Login Status , a WordPress plugin designed to help administrators easily monitor user activity and manage user sessions with ease. This plugin comes with a couple key…",215,https://robertdevore.com/introducing-the-user-login-status-plugin-for-wordpress/,"index, follow (default)",en,Robert DeVore,Introducing the User Login Status Plugin for WordPress,"Today I’m happy to announce the release of User Login Status , a WordPress plugin designed to help administrators easily monitor user activity and manage user sessions with ease. This plugin comes with a couple key…",https://robertdevore.com/introducing-the-user-login-status-plugin-for-wordpress/,article,,summary,Introducing the User Login Status Plugin for WordPress,"Today I’m happy to announce the release of User Login Status , a WordPress plugin designed to help administrators easily monitor user activity and manage user sessions with ease. This plugin comes with a couple key…",,False,False,
after,https://robertdevore.com/introducing-vertical-gallery-product-display-for-woocommerce/,content/posts/introducing-vertical-gallery-product-display-for-woocommerce.md,article,Introducing Vertical Gallery Product Display for WooCommerce® | Robert DeVore,77,"I’m thrilled to announce the release of my latest WordPress plugin, Vertical Gallery Product Display for WooCommerce® . This plugin is designed to enhance the shopping experience by transforming the WooCommerce® product…",220,https://robertdevore.com/introducing-vertical-gallery-product-display-for-woocommerce/,"index, follow (default)",en,Robert DeVore,Introducing Vertical Gallery Product Display for WooCommerce®,"I’m thrilled to announce the release of my latest WordPress plugin, Vertical Gallery Product Display for WooCommerce® . This plugin is designed to enhance the shopping experience by transforming the WooCommerce® product…",https://robertdevore.com/introducing-vertical-gallery-product-display-for-woocommerce/,article,,summary,Introducing Vertical Gallery Product Display for WooCommerce®,"I’m thrilled to announce the release of my latest WordPress plugin, Vertical Gallery Product Display for WooCommerce® . This plugin is designed to enhance the shopping experience by transforming the WooCommerce® product…",,False,False,
after,https://robertdevore.com/introducing-widget-usage-tracker-for-elementor/,content/posts/introducing-widget-usage-tracker-for-elementor.md,article,Introducing Widget Usage Tracker for Elementor | Robert DeVore,62,"Another day, another plugin release 💪 I’m happy to launch Widget Usage Tracker for Elementor , a WordPress® plugin designed to help you monitor and analyze the usage of Elementor widgets across your website. Whether…",216,https://robertdevore.com/introducing-widget-usage-tracker-for-elementor/,"index, follow (default)",en,Robert DeVore,Introducing Widget Usage Tracker for Elementor,"Another day, another plugin release 💪 I’m happy to launch Widget Usage Tracker for Elementor , a WordPress® plugin designed to help you monitor and analyze the usage of Elementor widgets across your website. Whether…",https://robertdevore.com/introducing-widget-usage-tracker-for-elementor/,article,,summary,Introducing Widget Usage Tracker for Elementor,"Another day, another plugin release 💪 I’m happy to launch Widget Usage Tracker for Elementor , a WordPress® plugin designed to help you monitor and analyze the usage of Elementor widgets across your website. Whether…",,False,False,
after,https://robertdevore.com/invest-in-yourself/,content/posts/invest-in-yourself.md,article,Invest in Yourself | Robert DeVore,34,"When it comes to building something that you want to turn into a business and earn a living from, there's a lot of paths to success. Sometimes you go viral because one specific person tweeted you. Other times there's…",217,https://robertdevore.com/invest-in-yourself/,"index, follow (default)",en,Robert DeVore,Invest in Yourself,"When it comes to building something that you want to turn into a business and earn a living from, there's a lot of paths to success. Sometimes you go viral because one specific person tweeted you. Other times there's…",https://robertdevore.com/invest-in-yourself/,article,,summary,Invest in Yourself,"When it comes to building something that you want to turn into a business and earn a living from, there's a lot of paths to success. Sometimes you go viral because one specific person tweeted you. Other times there's…",,False,False,
after,https://robertdevore.com/kevin-michael-geary-a-hidden-history-of-hate-racism-and-bigotry/,content/posts/kevin-michael-geary-a-hidden-history-of-hate-racism-and-bigotry.md,article,"Kevin Michael Geary: A Hidden History of Hate, Racism, and Bigotry | Robert DeVore",82,"⚠ Content Warning: This article contains archived examples of racism, sexism, ableism, and hateful language used by Kevin Michael Geary. Reader discretion is advised. Introduction: Who is Kevin Michael Geary? Kevin…",215,https://robertdevore.com/kevin-michael-geary-a-hidden-history-of-hate-racism-and-bigotry/,"index, follow (default)",en,Robert DeVore,"Kevin Michael Geary: A Hidden History of Hate, Racism, and Bigotry","⚠ Content Warning: This article contains archived examples of racism, sexism, ableism, and hateful language used by Kevin Michael Geary. Reader discretion is advised. Introduction: Who is Kevin Michael Geary? Kevin…",https://robertdevore.com/kevin-michael-geary-a-hidden-history-of-hate-racism-and-bigotry/,article,,summary,"Kevin Michael Geary: A Hidden History of Hate, Racism, and Bigotry","⚠ Content Warning: This article contains archived examples of racism, sexism, ableism, and hateful language used by Kevin Michael Geary. Reader discretion is advised. Introduction: Who is Kevin Michael Geary? Kevin…",,False,False,
after,https://robertdevore.com/leafly-reviews-wordpress-plugin/,content/posts/leafly-reviews-wordpress-plugin.md,article,Leafly Reviews | Robert DeVore,30,"You know those moments in your life where you step back and look around, knowing that things are about to change? Yeah, I'm having one of those moments right now. I've wrote a lot of code in my lifetime and customized…",218,https://robertdevore.com/leafly-reviews-wordpress-plugin/,"index, follow (default)",en,Robert DeVore,Leafly Reviews,"You know those moments in your life where you step back and look around, knowing that things are about to change? Yeah, I'm having one of those moments right now. I've wrote a lot of code in my lifetime and customized…",https://robertdevore.com/leafly-reviews-wordpress-plugin/,article,,summary,Leafly Reviews,"You know those moments in your life where you step back and look around, knowing that things are about to change? Yeah, I'm having one of those moments right now. I've wrote a lot of code in my lifetime and customized…",,False,False,
after,https://robertdevore.com/leap-the-code-of-extreme-leadership/,content/posts/leap-the-code-of-extreme-leadership.md,article,LEAP: The Code of Extreme Leadership | Robert DeVore,52,"In a world drowning in bloat and broken systems, leadership needs more than charisma. It needs a code. A compass. A creed that doesn’t just sound good in a keynote, but works when it’s 2AM and the product still isn’t…",217,https://robertdevore.com/leap-the-code-of-extreme-leadership/,"index, follow (default)",en,Robert DeVore,LEAP: The Code of Extreme Leadership,"In a world drowning in bloat and broken systems, leadership needs more than charisma. It needs a code. A compass. A creed that doesn’t just sound good in a keynote, but works when it’s 2AM and the product still isn’t…",https://robertdevore.com/leap-the-code-of-extreme-leadership/,article,,summary,LEAP: The Code of Extreme Leadership,"In a world drowning in bloat and broken systems, leadership needs more than charisma. It needs a code. A compass. A creed that doesn’t just sound good in a keynote, but works when it’s 2AM and the product still isn’t…",,False,False,
after,https://robertdevore.com/making-up-for-lost-time/,content/posts/making-up-for-lost-time.md,article,Making up for lost time | Robert DeVore,39,"Growing pains are a part of everyone's life. From the time you're little and you wake up in the middle of the night with leg cramps because you're getting taller, to the time you have to bite your tongue when someone…",217,https://robertdevore.com/making-up-for-lost-time/,"index, follow (default)",en,Robert DeVore,Making up for lost time,"Growing pains are a part of everyone's life. From the time you're little and you wake up in the middle of the night with leg cramps because you're getting taller, to the time you have to bite your tongue when someone…",https://robertdevore.com/making-up-for-lost-time/,article,,summary,Making up for lost time,"Growing pains are a part of everyone's life. From the time you're little and you wake up in the middle of the night with leg cramps because you're getting taller, to the time you have to bite your tongue when someone…",,False,False,
after,https://robertdevore.com/mnml-free-minimalist-wordpress-theme/,content/posts/mnml-free-minimalist-wordpress-theme.md,article,MNML | Robert DeVore,20,"Minimalism is beautiful. There's something about the clean, airy feeling you get when you look at a design that's truly minimalist in it's execution that makes you feel all warm and fuzzy inside. At least that's how it…",219,https://robertdevore.com/mnml-free-minimalist-wordpress-theme/,"index, follow (default)",en,Robert DeVore,MNML,"Minimalism is beautiful. There's something about the clean, airy feeling you get when you look at a design that's truly minimalist in it's execution that makes you feel all warm and fuzzy inside. At least that's how it…",https://robertdevore.com/mnml-free-minimalist-wordpress-theme/,article,,summary,MNML,"Minimalism is beautiful. There's something about the clean, airy feeling you get when you look at a design that's truly minimalist in it's execution that makes you feel all warm and fuzzy inside. At least that's how it…",,False,False,
after,https://robertdevore.com/my-brothers-keeper-sons-of-anarchy-fanfiction/,content/posts/my-brothers-keeper-sons-of-anarchy-fanfiction.md,article,My Brothers Keeper | Robert DeVore,34,"Creativity comes in many forms. Today, I would like to display another form of creative expression I have been interested in with a Sons of Anarchy fanfiction story. I've wrote fiction for as long as I can remember, and…",220,https://robertdevore.com/my-brothers-keeper-sons-of-anarchy-fanfiction/,"index, follow (default)",en,Robert DeVore,My Brothers Keeper,"Creativity comes in many forms. Today, I would like to display another form of creative expression I have been interested in with a Sons of Anarchy fanfiction story. I've wrote fiction for as long as I can remember, and…",https://robertdevore.com/my-brothers-keeper-sons-of-anarchy-fanfiction/,article,,summary,My Brothers Keeper,"Creativity comes in many forms. Today, I would like to display another form of creative expression I have been interested in with a Sons of Anarchy fanfiction story. I've wrote fiction for as long as I can remember, and…",,False,False,
after,https://robertdevore.com/my-development-projects/,content/posts/my-development-projects.md,article,Recent project updates | Robert DeVore,38,"Since late last year I've been hard at work on various development projects. While I've spent time blogging about each of them here, I haven't updated the posts with new details about each of the projects. This post is…",219,https://robertdevore.com/my-development-projects/,"index, follow (default)",en,Robert DeVore,Recent project updates,"Since late last year I've been hard at work on various development projects. While I've spent time blogging about each of them here, I haven't updated the posts with new details about each of the projects. This post is…",https://robertdevore.com/my-development-projects/,article,,summary,Recent project updates,"Since late last year I've been hard at work on various development projects. While I've spent time blogging about each of them here, I haven't updated the posts with new details about each of the projects. This post is…",,False,False,
after,https://robertdevore.com/open-source-is-anarchism-in-action/,content/posts/open-source-is-anarchism-in-action.md,article,Open Source is Anarchism in Action | Robert DeVore,50,Most people think of anarchism as chaos – burning dumpsters and smashed windows. But real anarchism is far more dangerous to power than broken glass. It’s about building systems without masters. It’s about horizontal…,217,https://robertdevore.com/open-source-is-anarchism-in-action/,"index, follow (default)",en,Robert DeVore,Open Source is Anarchism in Action,Most people think of anarchism as chaos – burning dumpsters and smashed windows. But real anarchism is far more dangerous to power than broken glass. It’s about building systems without masters. It’s about horizontal…,https://robertdevore.com/open-source-is-anarchism-in-action/,article,,summary,Open Source is Anarchism in Action,Most people think of anarchism as chaos – burning dumpsters and smashed windows. But real anarchism is far more dangerous to power than broken glass. It’s about building systems without masters. It’s about horizontal…,,False,False,
after,https://robertdevore.com/organized-chaos/,content/posts/organized-chaos.md,article,Organized Chaos | Robert DeVore,31,"Life is chaotic, and beyond death nothing is ever guaranteed to you. While your goal should never change to fit your current life situation, the path you take to achieve it may have to for reasons far beyond your…",213,https://robertdevore.com/organized-chaos/,"index, follow (default)",en,Robert DeVore,Organized Chaos,"Life is chaotic, and beyond death nothing is ever guaranteed to you. While your goal should never change to fit your current life situation, the path you take to achieve it may have to for reasons far beyond your…",https://robertdevore.com/organized-chaos/,article,,summary,Organized Chaos,"Life is chaotic, and beyond death nothing is ever guaranteed to you. While your goal should never change to fit your current life situation, the path you take to achieve it may have to for reasons far beyond your…",,False,False,
after,https://robertdevore.com/patience/,content/posts/patience.md,article,Patience | Robert DeVore,24,"The concept of not getting what I want right now, without having to wait, has been completely lost on me. I'm eager for the results, and a lot of the time, I lose any patience that's required in order to get the results…",220,https://robertdevore.com/patience/,"index, follow (default)",en,Robert DeVore,Patience,"The concept of not getting what I want right now, without having to wait, has been completely lost on me. I'm eager for the results, and a lot of the time, I lose any patience that's required in order to get the results…",https://robertdevore.com/patience/,article,,summary,Patience,"The concept of not getting what I want right now, without having to wait, has been completely lost on me. I'm eager for the results, and a lot of the time, I lose any patience that's required in order to get the results…",,False,False,
after,https://robertdevore.com/peddle-free-wordpress-theme-for-easy-digital-downloads/,content/posts/peddle-free-wordpress-theme-for-easy-digital-downloads.md,article,Peddle | Robert DeVore,22,"Pushing your product online is about to get a lot easier. Today I am releasing my newest WordPress theme, Peddle** , into the wild. It's a free WordPress theme that fully integrates with the Easy Digital Downloads…",214,https://robertdevore.com/peddle-free-wordpress-theme-for-easy-digital-downloads/,"index, follow (default)",en,Robert DeVore,Peddle,"Pushing your product online is about to get a lot easier. Today I am releasing my newest WordPress theme, Peddle** , into the wild. It's a free WordPress theme that fully integrates with the Easy Digital Downloads…",https://robertdevore.com/peddle-free-wordpress-theme-for-easy-digital-downloads/,article,,summary,Peddle,"Pushing your product online is about to get a lot easier. Today I am releasing my newest WordPress theme, Peddle** , into the wild. It's a free WordPress theme that fully integrates with the Easy Digital Downloads…",,False,False,
after,https://robertdevore.com/plan-prompt-publish-a-practical-guide-to-creating-beautifully-useful-content-with-ai/,content/posts/plan-prompt-publish-a-practical-guide-to-creating-beautifully-useful-content-with-ai.md,article,Plan. Prompt. Publish. A Practical Guide to Creating Beautifully Useful Content with AI | Robert DeVore,103,"Most people use AI to make bad content faster. This guide flips that on its head. Over the next 9 days, I'm breaking down a complete system for using AI to create content that's actually worth reading - content that…",216,https://robertdevore.com/plan-prompt-publish-a-practical-guide-to-creating-beautifully-useful-content-with-ai/,"index, follow (default)",en,Robert DeVore,Plan. Prompt. Publish. A Practical Guide to Creating Beautifully Useful Content with AI,"Most people use AI to make bad content faster. This guide flips that on its head. Over the next 9 days, I'm breaking down a complete system for using AI to create content that's actually worth reading - content that…",https://robertdevore.com/plan-prompt-publish-a-practical-guide-to-creating-beautifully-useful-content-with-ai/,article,,summary,Plan. Prompt. Publish. A Practical Guide to Creating Beautifully Useful Content with AI,"Most people use AI to make bad content faster. This guide flips that on its head. Over the next 9 days, I'm breaking down a complete system for using AI to create content that's actually worth reading - content that…",,False,False,
after,https://robertdevore.com/projects/,templates/page-projects.html,project-index,Software Projects | Robert DeVore,33,"Programming-language infrastructure, developer tools, agent workflows, and local-first systems built by Robert DeVore.",118,https://robertdevore.com/projects/,"index, follow (default)",en,Robert DeVore,Software Projects,"Programming-language infrastructure, developer tools, agent workflows, and local-first systems built by Robert DeVore.",https://robertdevore.com/projects/,website,,summary,Software Projects,"Programming-language infrastructure, developer tools, agent workflows, and local-first systems built by Robert DeVore.",,False,False,
after,https://robertdevore.com/projects/agents-sdk/,content/projects/agents-sdk.md,project,Kujo Agents SDK | Robert DeVore,31,"Runtime primitives and examples for building bounded, testable agents with Kujo.",80,https://robertdevore.com/projects/agents-sdk/,"index, follow (default)",en,Robert DeVore,Kujo Agents SDK,"Runtime primitives and examples for building bounded, testable agents with Kujo.",https://robertdevore.com/projects/agents-sdk/,article,,summary,Kujo Agents SDK,"Runtime primitives and examples for building bounded, testable agents with Kujo.",,False,False,
after,https://robertdevore.com/projects/dispatch/,content/projects/dispatch.md,project,Dispatch | Robert DeVore,24,"Reliable AI workflow orchestration with resumable runs, approvals, policies, and trace artifacts.",97,https://robertdevore.com/projects/dispatch/,"index, follow (default)",en,Robert DeVore,Dispatch,"Reliable AI workflow orchestration with resumable runs, approvals, policies, and trace artifacts.",https://robertdevore.com/projects/dispatch/,article,,summary,Dispatch,"Reliable AI workflow orchestration with resumable runs, approvals, policies, and trace artifacts.",,False,False,
after,https://robertdevore.com/projects/kujo/,content/projects/kujo.md,project,Kujo | Robert DeVore,20,The programming language and ecosystem at the center of Robert DeVore's current systems work.,93,https://robertdevore.com/projects/kujo/,"index, follow (default)",en,Robert DeVore,Kujo,The programming language and ecosystem at the center of Robert DeVore's current systems work.,https://robertdevore.com/projects/kujo/,article,,summary,Kujo,The programming language and ecosystem at the center of Robert DeVore's current systems work.,,False,False,
after,https://robertdevore.com/projects/lens/,content/projects/lens.md,project,Lens | Robert DeVore,20,Deterministic browser and visual QA workflows for local web projects.,69,https://robertdevore.com/projects/lens/,"index, follow (default)",en,Robert DeVore,Lens,Deterministic browser and visual QA workflows for local web projects.,https://robertdevore.com/projects/lens/,article,,summary,Lens,Deterministic browser and visual QA workflows for local web projects.,,False,False,
after,https://robertdevore.com/projects/sitekit/,content/projects/sitekit.md,project,SiteKit | Robert DeVore,23,"An AI-readable, human-verifiable design system and semantic component library.",78,https://robertdevore.com/projects/sitekit/,"index, follow (default)",en,Robert DeVore,SiteKit,"An AI-readable, human-verifiable design system and semantic component library.",https://robertdevore.com/projects/sitekit/,article,,summary,SiteKit,"An AI-readable, human-verifiable design system and semantic component library.",,False,False,
after,https://robertdevore.com/projects/ssg/,content/projects/ssg.md,project,Kujo SSG | Robert DeVore,24,"A deterministic static-site generator with visible content, templates, metadata, feeds, and release checks.",107,https://robertdevore.com/projects/ssg/,"index, follow (default)",en,Robert DeVore,Kujo SSG,"A deterministic static-site generator with visible content, templates, metadata, feeds, and release checks.",https://robertdevore.com/projects/ssg/,article,,summary,Kujo SSG,"A deterministic static-site generator with visible content, templates, metadata, feeds, and release checks.",,False,False,
after,https://robertdevore.com/release-notes-back-in-stock-notifications-for-woocommerce-free-v1-0-1/,content/posts/release-notes-back-in-stock-notifications-for-woocommerce-free-v1-0-1.md,article,Release Notes: Back In Stock Notifications for WooCommerce® (free) v1.0.1 | Robert DeVore,89,"I’m happy to announce the release of Back In Stock Notifications for WooCommerce® (free) v1.0.1 ! This release focuses on improving the plugin’s performance, especially for sites that manage large volumes of waitlisted…",219,https://robertdevore.com/release-notes-back-in-stock-notifications-for-woocommerce-free-v1-0-1/,"index, follow (default)",en,Robert DeVore,Release Notes: Back In Stock Notifications for WooCommerce® (free) v1.0.1,"I’m happy to announce the release of Back In Stock Notifications for WooCommerce® (free) v1.0.1 ! This release focuses on improving the plugin’s performance, especially for sites that manage large volumes of waitlisted…",https://robertdevore.com/release-notes-back-in-stock-notifications-for-woocommerce-free-v1-0-1/,article,,summary,Release Notes: Back In Stock Notifications for WooCommerce® (free) v1.0.1,"I’m happy to announce the release of Back In Stock Notifications for WooCommerce® (free) v1.0.1 ! This release focuses on improving the plugin’s performance, especially for sites that manage large volumes of waitlisted…",,False,False,
after,https://robertdevore.com/relentless/,content/posts/relentless.md,article,Relentless | Robert DeVore,26,"I will hold $1,000,000 in my hands. Bold statement, right? Well, if fortune favors the bold, I plan on cashing in on it. I understand that overnight success doesn't mean that tomorrow morning I'll wake up and be rich.…",218,https://robertdevore.com/relentless/,"index, follow (default)",en,Robert DeVore,Relentless,"I will hold $1,000,000 in my hands. Bold statement, right? Well, if fortune favors the bold, I plan on cashing in on it. I understand that overnight success doesn't mean that tomorrow morning I'll wake up and be rich.…",https://robertdevore.com/relentless/,article,,summary,Relentless,"I will hold $1,000,000 in my hands. Bold statement, right? Well, if fortune favors the bold, I plan on cashing in on it. I understand that overnight success doesn't mean that tomorrow morning I'll wake up and be rich.…",,False,False,
after,https://robertdevore.com/rethinking-keyword-research-in-the-age-of-ai/,content/posts/rethinking-keyword-research-in-the-age-of-ai.md,article,Rethinking Keyword Research in the Age of AI | Robert DeVore,60,"Most people think keyword research means opening up Ahrefs , dumping out a spreadsheet, and calling it a day. That’s not strategy – that’s inventory . I believe that with the help of AI you can go way beyond the surface…",220,https://robertdevore.com/rethinking-keyword-research-in-the-age-of-ai/,"index, follow (default)",en,Robert DeVore,Rethinking Keyword Research in the Age of AI,"Most people think keyword research means opening up Ahrefs , dumping out a spreadsheet, and calling it a day. That’s not strategy – that’s inventory . I believe that with the help of AI you can go way beyond the surface…",https://robertdevore.com/rethinking-keyword-research-in-the-age-of-ai/,article,,summary,Rethinking Keyword Research in the Age of AI,"Most people think keyword research means opening up Ahrefs , dumping out a spreadsheet, and calling it a day. That’s not strategy – that’s inventory . I believe that with the help of AI you can go way beyond the surface…",,False,False,
after,https://robertdevore.com/reusable-flask-error-handling-a-step-by-step-guide-to-modular-http-error-responses/,content/posts/reusable-flask-error-handling-a-step-by-step-guide-to-modular-http-error-responses.md,article,Reusable Flask Error Handling: A Step-by-Step Guide to Modular HTTP Error Responses | Robert DeVore,99,"I don’t know about you, but in code and in real life, I hate repeating myself 🤦‍♂️ And after building the Savage Scanner and Vuln Search apps, I realized quickly that I’ll be creating a lot of the same code for my Flask…",220,https://robertdevore.com/reusable-flask-error-handling-a-step-by-step-guide-to-modular-http-error-responses/,"index, follow (default)",en,Robert DeVore,Reusable Flask Error Handling: A Step-by-Step Guide to Modular HTTP Error Responses,"I don’t know about you, but in code and in real life, I hate repeating myself 🤦‍♂️ And after building the Savage Scanner and Vuln Search apps, I realized quickly that I’ll be creating a lot of the same code for my Flask…",https://robertdevore.com/reusable-flask-error-handling-a-step-by-step-guide-to-modular-http-error-responses/,article,,summary,Reusable Flask Error Handling: A Step-by-Step Guide to Modular HTTP Error Responses,"I don’t know about you, but in code and in real life, I hate repeating myself 🤦‍♂️ And after building the Savage Scanner and Vuln Search apps, I realized quickly that I’ll be creating a lot of the same code for my Flask…",,False,False,
after,https://robertdevore.com/run-a-tor-relay/,content/posts/run-a-tor-relay.md,article,Run a Tor relay | Robert DeVore,31,"Tor is an important tool for your privacy, security and freedom of speech. In an increasingly Orwellian world, Tor has become one of the most important tools, in my opinion, for you to be truly free online. I would like…",220,https://robertdevore.com/run-a-tor-relay/,"index, follow (default)",en,Robert DeVore,Run a Tor relay,"Tor is an important tool for your privacy, security and freedom of speech. In an increasingly Orwellian world, Tor has become one of the most important tools, in my opinion, for you to be truly free online. I would like…",https://robertdevore.com/run-a-tor-relay/,article,,summary,Run a Tor relay,"Tor is an important tool for your privacy, security and freedom of speech. In an increasingly Orwellian world, Tor has become one of the most important tools, in my opinion, for you to be truly free online. I would like…",,False,False,
after,https://robertdevore.com/say-goodbye-to-wordpress/,content/posts/say-goodbye-to-wordpress.md,article,Say Goodbye to WordPress | Robert DeVore,40,"I’ve spent the past two decades working in the WordPress ecosystem – building, fixing, debugging, migrating, and patching sites for clients large and small. Here’s what I’ve learned: Most of those sites never needed…",216,https://robertdevore.com/say-goodbye-to-wordpress/,"index, follow (default)",en,Robert DeVore,Say Goodbye to WordPress,"I’ve spent the past two decades working in the WordPress ecosystem – building, fixing, debugging, migrating, and patching sites for clients large and small. Here’s what I’ve learned: Most of those sites never needed…",https://robertdevore.com/say-goodbye-to-wordpress/,article,,summary,Say Goodbye to WordPress,"I’ve spent the past two decades working in the WordPress ecosystem – building, fixing, debugging, migrating, and patching sites for clients large and small. Here’s what I’ve learned: Most of those sites never needed…",,False,False,
after,https://robertdevore.com/set-featured-images-programatically-wordpress/,content/posts/set-featured-images-programatically-wordpress.md,article,Set Featured Images Programmatically in WordPress | Robert DeVore,65,"Recently, I found myself needing to auto-set 300+ featured images for a customers WooCommerce store. After the initial panic phased itself out, I took a couple of deep breathes and realized I've done a few kinda-sorta…",218,https://robertdevore.com/set-featured-images-programatically-wordpress/,"index, follow (default)",en,Robert DeVore,Set Featured Images Programmatically in WordPress,"Recently, I found myself needing to auto-set 300+ featured images for a customers WooCommerce store. After the initial panic phased itself out, I took a couple of deep breathes and realized I've done a few kinda-sorta…",https://robertdevore.com/set-featured-images-programatically-wordpress/,article,,summary,Set Featured Images Programmatically in WordPress,"Recently, I found myself needing to auto-set 300+ featured images for a customers WooCommerce store. After the initial panic phased itself out, I took a couple of deep breathes and realized I've done a few kinda-sorta…",,False,False,
after,https://robertdevore.com/slackedd/,content/posts/slackedd.md,article,Slackedd | Robert DeVore,24,"Towards the end of last year, I tweeted that I was working on something with the Easy Digital Downloads payment success function, and today I am able to share the fruits of that labor. Slackedd WordPress plugin Receive…",219,https://robertdevore.com/slackedd/,"index, follow (default)",en,Robert DeVore,Slackedd,"Towards the end of last year, I tweeted that I was working on something with the Easy Digital Downloads payment success function, and today I am able to share the fruits of that labor. Slackedd WordPress plugin Receive…",https://robertdevore.com/slackedd/,article,,summary,Slackedd,"Towards the end of last year, I tweeted that I was working on something with the Easy Digital Downloads payment success function, and today I am able to share the fruits of that labor. Slackedd WordPress plugin Receive…",,False,False,
after,https://robertdevore.com/stattic-v0-3-0-release-llms-txt-faster-gifs-leaner-core-and-smarter-routing/,content/posts/stattic-v0-3-0-release-llms-txt-faster-gifs-leaner-core-and-smarter-routing.md,article,Just Released: Stattic v.0.3.0 | Robert DeVore,46,"Another release. Another step forward. Stattic v0.3.0 isn’t a flashy overhaul – it’s a focused upgrade that makes the core tighter, the output cleaner, and the tooling smarter. Here’s what’s new (and why it matters): 📦…",219,https://robertdevore.com/stattic-v0-3-0-release-llms-txt-faster-gifs-leaner-core-and-smarter-routing/,"index, follow (default)",en,Robert DeVore,Just Released: Stattic v.0.3.0,"Another release. Another step forward. Stattic v0.3.0 isn’t a flashy overhaul – it’s a focused upgrade that makes the core tighter, the output cleaner, and the tooling smarter. Here’s what’s new (and why it matters): 📦…",https://robertdevore.com/stattic-v0-3-0-release-llms-txt-faster-gifs-leaner-core-and-smarter-routing/,article,,summary,Just Released: Stattic v.0.3.0,"Another release. Another step forward. Stattic v0.3.0 isn’t a flashy overhaul – it’s a focused upgrade that makes the core tighter, the output cleaner, and the tooling smarter. Here’s what’s new (and why it matters): 📦…",,False,False,
after,https://robertdevore.com/stattic-v1-0-the-worlds-fastest-python-based-static-site-generator/,content/posts/stattic-v1-0-the-worlds-fastest-python-based-static-site-generator.md,article,Stattic v1.0: The World’s Fastest Python-based Static Site Generator | Robert DeVore,84,"Over the last few months, I’ve gone all-in on Python. Not just because it's powerful - but because it’s accessible. I've been building tools , writing tutorials , dropping full cipher projects , and even releasing a…",216,https://robertdevore.com/stattic-v1-0-the-worlds-fastest-python-based-static-site-generator/,"index, follow (default)",en,Robert DeVore,Stattic v1.0: The World’s Fastest Python-based Static Site Generator,"Over the last few months, I’ve gone all-in on Python. Not just because it's powerful - but because it’s accessible. I've been building tools , writing tutorials , dropping full cipher projects , and even releasing a…",https://robertdevore.com/stattic-v1-0-the-worlds-fastest-python-based-static-site-generator/,article,,summary,Stattic v1.0: The World’s Fastest Python-based Static Site Generator,"Over the last few months, I’ve gone all-in on Python. Not just because it's powerful - but because it’s accessible. I've been building tools , writing tutorials , dropping full cipher projects , and even releasing a…",,False,False,
after,https://robertdevore.com/stop-gambling-with-client-trust-why-skipping-a-security-audit-is-a-risk-you-cant-afford/,content/posts/stop-gambling-with-client-trust-why-skipping-a-security-audit-is-a-risk-you-cant-afford.md,article,Stop Gambling With Client Trust: Why Skipping a Security Audit Is a Risk You Can’t Afford | Robert DeVore,105,"If you run an agency – whether it’s maintenance, web development, marketing, branding, or anything in between – you probably think security is someone else’s problem. Spoiler alert: it’s yours. You build websites, run…",218,https://robertdevore.com/stop-gambling-with-client-trust-why-skipping-a-security-audit-is-a-risk-you-cant-afford/,"index, follow (default)",en,Robert DeVore,Stop Gambling With Client Trust: Why Skipping a Security Audit Is a Risk You Can’t Afford,"If you run an agency – whether it’s maintenance, web development, marketing, branding, or anything in between – you probably think security is someone else’s problem. Spoiler alert: it’s yours. You build websites, run…",https://robertdevore.com/stop-gambling-with-client-trust-why-skipping-a-security-audit-is-a-risk-you-cant-afford/,article,,summary,Stop Gambling With Client Trust: Why Skipping a Security Audit Is a Risk You Can’t Afford,"If you run an agency – whether it’s maintenance, web development, marketing, branding, or anything in between – you probably think security is someone else’s problem. Spoiler alert: it’s yours. You build websites, run…",,False,False,
after,https://robertdevore.com/tag/,generated listing/archive,tag-archive,Writing Tags | Robert DeVore,28,Browse Robert DeVore's writing by topic tag.,44,https://robertdevore.com/tag/,"index, follow (default)",en,Robert DeVore,Writing Tags,Browse Robert DeVore's writing by topic tag.,https://robertdevore.com/tag/,website,,summary,Writing Tags,Browse Robert DeVore's writing by topic tag.,,False,False,
after,https://robertdevore.com/tag/ai/,content/tag/ai.md,tag-archive,Tag: AI | Robert DeVore,23,Browse Robert DeVore's writing filed under the AI tag.,54,https://robertdevore.com/tag/ai/,"index, follow (default)",en,Robert DeVore,Tag: AI,Browse Robert DeVore's writing filed under the AI tag.,https://robertdevore.com/tag/ai/,article,,summary,Tag: AI,Browse Robert DeVore's writing filed under the AI tag.,,False,False,
after,https://robertdevore.com/tag/archive/,content/tag/archive.md,tag-archive,Tag: Archive | Robert DeVore,28,Browse Robert DeVore's writing filed under the Archive tag.,59,https://robertdevore.com/tag/archive/,"index, follow (default)",en,Robert DeVore,Tag: Archive,Browse Robert DeVore's writing filed under the Archive tag.,https://robertdevore.com/tag/archive/,article,,summary,Tag: Archive,Browse Robert DeVore's writing filed under the Archive tag.,,False,False,
after,https://robertdevore.com/tag/engineering/,content/tag/engineering.md,tag-archive,Tag: Engineering | Robert DeVore,32,Browse Robert DeVore's writing filed under the Engineering tag.,63,https://robertdevore.com/tag/engineering/,"index, follow (default)",en,Robert DeVore,Tag: Engineering,Browse Robert DeVore's writing filed under the Engineering tag.,https://robertdevore.com/tag/engineering/,article,,summary,Tag: Engineering,Browse Robert DeVore's writing filed under the Engineering tag.,,False,False,
after,https://robertdevore.com/tag/essays/,content/tag/essays.md,tag-archive,Tag: Essays | Robert DeVore,27,Browse Robert DeVore's writing filed under the Essays tag.,58,https://robertdevore.com/tag/essays/,"index, follow (default)",en,Robert DeVore,Tag: Essays,Browse Robert DeVore's writing filed under the Essays tag.,https://robertdevore.com/tag/essays/,article,,summary,Tag: Essays,Browse Robert DeVore's writing filed under the Essays tag.,,False,False,
after,https://robertdevore.com/tag/woocommerce/,content/tag/woocommerce.md,tag-archive,Tag: WooCommerce | Robert DeVore,32,Browse Robert DeVore's writing filed under the WooCommerce tag.,63,https://robertdevore.com/tag/woocommerce/,"index, follow (default)",en,Robert DeVore,Tag: WooCommerce,Browse Robert DeVore's writing filed under the WooCommerce tag.,https://robertdevore.com/tag/woocommerce/,article,,summary,Tag: WooCommerce,Browse Robert DeVore's writing filed under the WooCommerce tag.,,False,False,
after,https://robertdevore.com/tag/wordpress/,content/tag/wordpress.md,tag-archive,Tag: WordPress | Robert DeVore,30,Browse Robert DeVore's writing filed under the WordPress tag.,61,https://robertdevore.com/tag/wordpress/,"index, follow (default)",en,Robert DeVore,Tag: WordPress,Browse Robert DeVore's writing filed under the WordPress tag.,https://robertdevore.com/tag/wordpress/,article,,summary,Tag: WordPress,Browse Robert DeVore's writing filed under the WordPress tag.,,False,False,
after,https://robertdevore.com/thank-you-wordpress/,content/posts/thank-you-wordpress.md,article,Thank You WordPress | Robert DeVore,35,"WordPress version 1.5, named Strayhorn after the pianist Billy Strayhorn because "" we thought he was perfect to represent the power and elegance of this release"" was released February 17th, 2002._ _ That seems to hold…",218,https://robertdevore.com/thank-you-wordpress/,"index, follow (default)",en,Robert DeVore,Thank You WordPress,"WordPress version 1.5, named Strayhorn after the pianist Billy Strayhorn because "" we thought he was perfect to represent the power and elegance of this release"" was released February 17th, 2002._ _ That seems to hold…",https://robertdevore.com/thank-you-wordpress/,article,,summary,Thank You WordPress,"WordPress version 1.5, named Strayhorn after the pianist Billy Strayhorn because "" we thought he was perfect to represent the power and elegance of this release"" was released February 17th, 2002._ _ That seems to hold…",,False,False,
after,https://robertdevore.com/the-fastest-way-for-php-devs-to-learn-python/,content/posts/the-fastest-way-for-php-devs-to-learn-python.md,article,The Fastest Way for PHP Devs to Learn Python | Robert DeVore,60,"So you’ve been writing PHP for years, maybe shipping WordPress® sites, WooCommerce® stores, or custom plugins. Now you’re stepping into the Python world – maybe because you found Stattic and realized you don’t need a…",217,https://robertdevore.com/the-fastest-way-for-php-devs-to-learn-python/,"index, follow (default)",en,Robert DeVore,The Fastest Way for PHP Devs to Learn Python,"So you’ve been writing PHP for years, maybe shipping WordPress® sites, WooCommerce® stores, or custom plugins. Now you’re stepping into the Python world – maybe because you found Stattic and realized you don’t need a…",https://robertdevore.com/the-fastest-way-for-php-devs-to-learn-python/,article,,summary,The Fastest Way for PHP Devs to Learn Python,"So you’ve been writing PHP for years, maybe shipping WordPress® sites, WooCommerce® stores, or custom plugins. Now you’re stepping into the Python world – maybe because you found Stattic and realized you don’t need a…",,False,False,
after,https://robertdevore.com/the-past-present-and-future-of-wp-dispensary/,content/posts/the-past-present-and-future-of-wp-dispensary.md,article,"The past, present and future of WP Dispensary | Robert DeVore",61,"It’s been nearly 7 years since I first released WP Dispensary 😲 On November 26th, 2015 I published this article announcing to the world that I built the first cannabis menu plugin for WordPress. Needless to say, it was…",219,https://robertdevore.com/the-past-present-and-future-of-wp-dispensary/,"index, follow (default)",en,Robert DeVore,"The past, present and future of WP Dispensary","It’s been nearly 7 years since I first released WP Dispensary 😲 On November 26th, 2015 I published this article announcing to the world that I built the first cannabis menu plugin for WordPress. Needless to say, it was…",https://robertdevore.com/the-past-present-and-future-of-wp-dispensary/,article,,summary,"The past, present and future of WP Dispensary","It’s been nearly 7 years since I first released WP Dispensary 😲 On November 26th, 2015 I published this article announcing to the world that I built the first cannabis menu plugin for WordPress. Needless to say, it was…",,False,False,
after,https://robertdevore.com/tools-and-workflows-for-formatting-visuals-and-citations/,content/posts/tools-and-workflows-for-formatting-visuals-and-citations.md,article,"Tools and Workflows for Formatting, Visuals, and Citations | Robert DeVore",74,"You wrote the draft and on your first read-through, it hits. But now it’s sitting there like a great idea in sweatpants – unstyled and unfinished. No visuals. No formatting. No sources. Just vibes 🤦‍♂️ This post fixes…",218,https://robertdevore.com/tools-and-workflows-for-formatting-visuals-and-citations/,"index, follow (default)",en,Robert DeVore,"Tools and Workflows for Formatting, Visuals, and Citations","You wrote the draft and on your first read-through, it hits. But now it’s sitting there like a great idea in sweatpants – unstyled and unfinished. No visuals. No formatting. No sources. Just vibes 🤦‍♂️ This post fixes…",https://robertdevore.com/tools-and-workflows-for-formatting-visuals-and-citations/,article,,summary,"Tools and Workflows for Formatting, Visuals, and Citations","You wrote the draft and on your first read-through, it hits. But now it’s sitting there like a great idea in sweatpants – unstyled and unfinished. No visuals. No formatting. No sources. Just vibes 🤦‍♂️ This post fixes…",,False,False,
after,https://robertdevore.com/twitter-marketing/,content/posts/twitter-marketing.md,article,Twitter Marketing | Robert DeVore,33,"When building your digital marketing strategy, social media websites like Twitter are usually at the top of the list. I mean, with over 300 million active users on Twitter, you'd be hard pressed to find a marketing blog…",220,https://robertdevore.com/twitter-marketing/,"index, follow (default)",en,Robert DeVore,Twitter Marketing,"When building your digital marketing strategy, social media websites like Twitter are usually at the top of the list. I mean, with over 300 million active users on Twitter, you'd be hard pressed to find a marketing blog…",https://robertdevore.com/twitter-marketing/,article,,summary,Twitter Marketing,"When building your digital marketing strategy, social media websites like Twitter are usually at the top of the list. I mean, with over 300 million active users on Twitter, you'd be hard pressed to find a marketing blog…",,False,False,
after,https://robertdevore.com/two-years-building-wp-dispensary/,content/posts/two-years-building-wp-dispensary.md,article,WP Dispensary: 2 years after the launch | Robert DeVore,55,"Over the last two years, the WP Dispensary WordPress plugin has changed my entire life. In these last two years, WP Dispensary** has gone from being just a ""thing"" I built to a thing that powers hundreds of websites for…",220,https://robertdevore.com/two-years-building-wp-dispensary/,"index, follow (default)",en,Robert DeVore,WP Dispensary: 2 years after the launch,"Over the last two years, the WP Dispensary WordPress plugin has changed my entire life. In these last two years, WP Dispensary** has gone from being just a ""thing"" I built to a thing that powers hundreds of websites for…",https://robertdevore.com/two-years-building-wp-dispensary/,article,,summary,WP Dispensary: 2 years after the launch,"Over the last two years, the WP Dispensary WordPress plugin has changed my entire life. In these last two years, WP Dispensary** has gone from being just a ""thing"" I built to a thing that powers hundreds of websites for…",,False,False,
after,https://robertdevore.com/use-ai-to-create-your-own-wwf-action-figure-blister-packs/,content/posts/use-ai-to-create-your-own-wwf-action-figure-blister-packs.md,article,Use AI to create your own WWF Action Figure Blister Packs | Robert DeVore,73,"The best there is, the best there was, and the best there ever will be 😎 I just released an AI prompt to turn your headshot into it’s own WWF action figure blister pack ! We’re talking full on retro fig glory – the…",215,https://robertdevore.com/use-ai-to-create-your-own-wwf-action-figure-blister-packs/,"index, follow (default)",en,Robert DeVore,Use AI to create your own WWF Action Figure Blister Packs,"The best there is, the best there was, and the best there ever will be 😎 I just released an AI prompt to turn your headshot into it’s own WWF action figure blister pack ! We’re talking full on retro fig glory – the…",https://robertdevore.com/use-ai-to-create-your-own-wwf-action-figure-blister-packs/,article,,summary,Use AI to create your own WWF Action Figure Blister Packs,"The best there is, the best there was, and the best there ever will be 😎 I just released an AI prompt to turn your headshot into it’s own WWF action figure blister pack ! We’re talking full on retro fig glory – the…",,False,False,
after,https://robertdevore.com/what-makes-content-beautifully-useful/,content/posts/what-makes-content-beautifully-useful.md,article,What Makes Content Beautifully Useful? | Robert DeVore,54,"Most AI content isn’t wrong. It’s just lifeless. It ticks boxes, hits the keyword and follows the format. And still gets ignored 😭 That’s the real problem: Content that’s technically fine - but emotionally flat. It…",215,https://robertdevore.com/what-makes-content-beautifully-useful/,"index, follow (default)",en,Robert DeVore,What Makes Content Beautifully Useful?,"Most AI content isn’t wrong. It’s just lifeless. It ticks boxes, hits the keyword and follows the format. And still gets ignored 😭 That’s the real problem: Content that’s technically fine - but emotionally flat. It…",https://robertdevore.com/what-makes-content-beautifully-useful/,article,,summary,What Makes Content Beautifully Useful?,"Most AI content isn’t wrong. It’s just lifeless. It ticks boxes, hits the keyword and follows the format. And still gets ignored 😭 That’s the real problem: Content that’s technically fine - but emotionally flat. It…",,False,False,
after,https://robertdevore.com/why-wordpress-plugin-developers-need-security-audits/,content/posts/why-wordpress-plugin-developers-need-security-audits.md,article,Why WordPress Plugin Developers Need Security Audits | Robert DeVore,68,"If you develop WordPress plugins and haven’t had a third-party security audit , you’re playing a dangerous fucking game . I get it. You write solid code. You test your features. You’re confident in your work. But that…",218,https://robertdevore.com/why-wordpress-plugin-developers-need-security-audits/,"index, follow (default)",en,Robert DeVore,Why WordPress Plugin Developers Need Security Audits,"If you develop WordPress plugins and haven’t had a third-party security audit , you’re playing a dangerous fucking game . I get it. You write solid code. You test your features. You’re confident in your work. But that…",https://robertdevore.com/why-wordpress-plugin-developers-need-security-audits/,article,,summary,Why WordPress Plugin Developers Need Security Audits,"If you develop WordPress plugins and haven’t had a third-party security audit , you’re playing a dangerous fucking game . I get it. You write solid code. You test your features. You’re confident in your work. But that…",,False,False,
after,https://robertdevore.com/woocommerce-dispensary-details-plugin/,content/posts/woocommerce-dispensary-details-plugin.md,article,Dispensary Details for WooCommerce | Robert DeVore,50,"I recently built and released a new plugin on WP Dispensary that works 100% without WP Dispensary . ""But didn't you just jump in full time to build WP Dispensary? Why create something that doesn't work with it?"" I know,…",220,https://robertdevore.com/woocommerce-dispensary-details-plugin/,"index, follow (default)",en,Robert DeVore,Dispensary Details for WooCommerce,"I recently built and released a new plugin on WP Dispensary that works 100% without WP Dispensary . ""But didn't you just jump in full time to build WP Dispensary? Why create something that doesn't work with it?"" I know,…",https://robertdevore.com/woocommerce-dispensary-details-plugin/,article,,summary,Dispensary Details for WooCommerce,"I recently built and released a new plugin on WP Dispensary that works 100% without WP Dispensary . ""But didn't you just jump in full time to build WP Dispensary? Why create something that doesn't work with it?"" I know,…",,False,False,
after,https://robertdevore.com/wordpress-custom-post-types-code-snippets/,content/posts/wordpress-custom-post-types-code-snippets.md,article,Enhance the power of your WordPress Custom Post Types | Robert DeVore,69,I've been working on extending the WP Dispensary plugin and wanted to share some of the ways I've found to help boost the power of the Custom Post Types you create. Custom Post Types are a great building block for…,214,https://robertdevore.com/wordpress-custom-post-types-code-snippets/,"index, follow (default)",en,Robert DeVore,Enhance the power of your WordPress Custom Post Types,I've been working on extending the WP Dispensary plugin and wanted to share some of the ways I've found to help boost the power of the Custom Post Types you create. Custom Post Types are a great building block for…,https://robertdevore.com/wordpress-custom-post-types-code-snippets/,article,,summary,Enhance the power of your WordPress Custom Post Types,I've been working on extending the WP Dispensary plugin and wanted to share some of the ways I've found to help boost the power of the Custom Post Types you create. Custom Post Types are a great building block for…,,False,False,
after,https://robertdevore.com/wordpress-plugin-security-is-a-joke-and-youre-the-punchline/,content/posts/wordpress-plugin-security-is-a-joke-and-youre-the-punchline.md,article,"WordPress Plugin Security Is a Joke, and You’re the Punchline | Robert DeVore",77,"Trigger Warning Unfiltered technical opinions. Brutal honesty. WordPress plugins held accountable. OK, so, once again we find ourselves in the land of infinite possibilities – and infinite insecurities – called…",211,https://robertdevore.com/wordpress-plugin-security-is-a-joke-and-youre-the-punchline/,"index, follow (default)",en,Robert DeVore,"WordPress Plugin Security Is a Joke, and You’re the Punchline","Trigger Warning Unfiltered technical opinions. Brutal honesty. WordPress plugins held accountable. OK, so, once again we find ourselves in the land of infinite possibilities – and infinite insecurities – called…",https://robertdevore.com/wordpress-plugin-security-is-a-joke-and-youre-the-punchline/,article,,summary,"WordPress Plugin Security Is a Joke, and You’re the Punchline","Trigger Warning Unfiltered technical opinions. Brutal honesty. WordPress plugins held accountable. OK, so, once again we find ourselves in the land of infinite possibilities – and infinite insecurities – called…",,False,False,
after,https://robertdevore.com/wordpress-woocommerce-plugins-i-will-no-longer-maintain/,content/posts/wordpress-woocommerce-plugins-i-will-no-longer-maintain.md,article,WordPress & WooCommerce plugins I will no longer maintain | Robert DeVore,73,"In an effort to help the code below potentially find new homes, I've compiled all of the free WordPress and WooCommerce plugins I've released. These will all be archived in GitHub eventually, and the Projects page on…",217,https://robertdevore.com/wordpress-woocommerce-plugins-i-will-no-longer-maintain/,"index, follow (default)",en,Robert DeVore,WordPress & WooCommerce plugins I will no longer maintain,"In an effort to help the code below potentially find new homes, I've compiled all of the free WordPress and WooCommerce plugins I've released. These will all be archived in GitHub eventually, and the Projects page on…",https://robertdevore.com/wordpress-woocommerce-plugins-i-will-no-longer-maintain/,article,,summary,WordPress & WooCommerce plugins I will no longer maintain,"In an effort to help the code below potentially find new homes, I've compiled all of the free WordPress and WooCommerce plugins I've released. These will all be archived in GitHub eventually, and the Projects page on…",,False,False,
after,https://robertdevore.com/wp-dispensary-v2/,content/posts/wp-dispensary-v2.md,article,WP Dispensary v2.0 is being released on 4/20 | Robert DeVore,60,"It is now less than 2 weeks until I release version 2.0** of WP Dispensary . And if you're not looking at a calendar, yes, the release date is 4/20 ? After working on this release, I took a step back and realized that…",218,https://robertdevore.com/wp-dispensary-v2/,"index, follow (default)",en,Robert DeVore,WP Dispensary v2.0 is being released on 4/20,"It is now less than 2 weeks until I release version 2.0** of WP Dispensary . And if you're not looking at a calendar, yes, the release date is 4/20 ? After working on this release, I took a step back and realized that…",https://robertdevore.com/wp-dispensary-v2/,article,,summary,WP Dispensary v2.0 is being released on 4/20,"It is now less than 2 weeks until I release version 2.0** of WP Dispensary . And if you're not looking at a calendar, yes, the release date is 4/20 ? After working on this release, I took a step back and realized that…",,False,False,
after,https://robertdevore.com/wp-dispensary/,content/posts/wp-dispensary.md,article,WP Dispensary | Robert DeVore,29,"Within the last few months I have been developing this plugin from the ground up. I've ensured that when the product was released, there would be a great use for it, and a demand for more solutions like it. With a…",214,https://robertdevore.com/wp-dispensary/,"index, follow (default)",en,Robert DeVore,WP Dispensary,"Within the last few months I have been developing this plugin from the ground up. I've ensured that when the product was released, there would be a great use for it, and a demand for more solutions like it. With a…",https://robertdevore.com/wp-dispensary/,article,,summary,WP Dispensary,"Within the last few months I have been developing this plugin from the ground up. I've ensured that when the product was released, there would be a great use for it, and a demand for more solutions like it. With a…",,False,False,
after,https://robertdevore.com/wp-townhall-13-the-debate-kevin-geary-doesnt-want-you-to-see/,content/posts/wp-townhall-13-the-debate-kevin-geary-doesnt-want-you-to-see.md,article,WP Townhall 13: The Debate Kevin Geary Doesn’t Want You to See | Robert DeVore,78,"A little over a month ago, I joined Kevin Geary on WP Townhall for what was supposed to be an honest debate about WordPress, pricing, and how to actually help clients win. It didn’t go the way he expected. I challenged…",219,https://robertdevore.com/wp-townhall-13-the-debate-kevin-geary-doesnt-want-you-to-see/,"index, follow (default)",en,Robert DeVore,WP Townhall 13: The Debate Kevin Geary Doesn’t Want You to See,"A little over a month ago, I joined Kevin Geary on WP Townhall for what was supposed to be an honest debate about WordPress, pricing, and how to actually help clients win. It didn’t go the way he expected. I challenged…",https://robertdevore.com/wp-townhall-13-the-debate-kevin-geary-doesnt-want-you-to-see/,article,,summary,WP Townhall 13: The Debate Kevin Geary Doesn’t Want You to See,"A little over a month ago, I joined Kevin Geary on WP Townhall for what was supposed to be an honest debate about WordPress, pricing, and how to actually help clients win. It didn’t go the way he expected. I challenged…",,False,False,
after,https://robertdevore.com/wtf-is-wordpress/,content/posts/wtf-is-wordpress.md,article,WTF is WordPress? | Robert DeVore,33,"The soundtrack for this blog post is the Ted Dibiase Million Dollar Man Theme Song ( youtube ) WordPress – real name, no gimmicks 🙄 First, let me say that I’m thankful for WordPress . I’d also like to say that I agree…",218,https://robertdevore.com/wtf-is-wordpress/,"index, follow (default)",en,Robert DeVore,WTF is WordPress?,"The soundtrack for this blog post is the Ted Dibiase Million Dollar Man Theme Song ( youtube ) WordPress – real name, no gimmicks 🙄 First, let me say that I’m thankful for WordPress . I’d also like to say that I agree…",https://robertdevore.com/wtf-is-wordpress/,article,,summary,WTF is WordPress?,"The soundtrack for this blog post is the Ted Dibiase Million Dollar Man Theme Song ( youtube ) WordPress – real name, no gimmicks 🙄 First, let me say that I’m thankful for WordPress . I’d also like to say that I agree…",,False,False,
after,https://robertdevore.com/zero-cool-cli-a-hackers-terminal-from-1995/,content/posts/zero-cool-cli-a-hackers-terminal-from-1995.md,article,Zero Cool CLI – A Hacker’s Terminal from 1995 | Robert DeVore,61,HACK THE PLANET 🌍💻 I built this CLI tool because I couldn’t get the movie “Hackers” out of my head after rewatching it recently. If you’ve followed my work – especially around terminal tools and developer utilities –…,217,https://robertdevore.com/zero-cool-cli-a-hackers-terminal-from-1995/,"index, follow (default)",en,Robert DeVore,Zero Cool CLI – A Hacker’s Terminal from 1995,HACK THE PLANET 🌍💻 I built this CLI tool because I couldn’t get the movie “Hackers” out of my head after rewatching it recently. If you’ve followed my work – especially around terminal tools and developer utilities –…,https://robertdevore.com/zero-cool-cli-a-hackers-terminal-from-1995/,article,,summary,Zero Cool CLI – A Hacker’s Terminal from 1995,HACK THE PLANET 🌍💻 I built this CLI tool because I couldn’t get the movie “Hackers” out of my head after rewatching it recently. If you’ve followed my work – especially around terminal tools and developer utilities –…,,False,False,
