phase,url,html_bytes,css_bytes,js_bytes,image_bytes,font_bytes,estimated_page_bytes,local_request_count,lcp_ms,cls,inp_ms,ttfb_ms,source,notes
baseline,https://robertdevore.com/,15055,163838,20149,132398,273860,605300,11,NOT AVAILABLE — LAB MEASUREMENT REQUIRED,NOT AVAILABLE — LAB MEASUREMENT REQUIRED,NOT AVAILABLE — FIELD DATA REQUIRED,793.3,local generated asset inventory; production HEAD/GET probe where enabled,Estimated uncompressed bytes; browser transfer and cache behavior differ.
baseline,https://robertdevore.com/5-python-scripts-for-osint-and-pentesting/,15813,163838,20149,767080,273860,1240740,15,NOT AVAILABLE — LAB MEASUREMENT REQUIRED,NOT AVAILABLE — LAB MEASUREMENT REQUIRED,NOT AVAILABLE — FIELD DATA REQUIRED,880.5,local generated asset inventory; production HEAD/GET probe where enabled,Estimated uncompressed bytes; browser transfer and cache behavior differ.
baseline,https://robertdevore.com/5-questions-you-must-answer-before-writing-anything/,16879,163838,20149,481588,273860,956314,14,NOT AVAILABLE — LAB MEASUREMENT REQUIRED,NOT AVAILABLE — LAB MEASUREMENT REQUIRED,NOT AVAILABLE — FIELD DATA REQUIRED,881.9,local generated asset inventory; production HEAD/GET probe where enabled,Estimated uncompressed bytes; browser transfer and cache behavior differ.
baseline,https://robertdevore.com/5-things-i-learned-building-my-first-gutenberg-blocks-plugin/,18789,163838,20149,154834,273860,631470,12,NOT AVAILABLE — LAB MEASUREMENT REQUIRED,NOT AVAILABLE — LAB MEASUREMENT REQUIRED,NOT AVAILABLE — FIELD DATA REQUIRED,902.8,local generated asset inventory; production HEAD/GET probe where enabled,Estimated uncompressed bytes; browser transfer and cache behavior differ.
baseline,https://robertdevore.com/7-days-full-time-wp-dispensary/,16246,163838,20149,1380652,273860,1854745,16,NOT AVAILABLE — LAB MEASUREMENT REQUIRED,NOT AVAILABLE — LAB MEASUREMENT REQUIRED,NOT AVAILABLE — FIELD DATA REQUIRED,881.2,local generated asset inventory; production HEAD/GET probe where enabled,Estimated uncompressed bytes; browser transfer and cache behavior differ.
baseline,https://robertdevore.com/about/,10302,163838,20149,153700,273860,621849,11,NOT AVAILABLE — LAB MEASUREMENT REQUIRED,NOT AVAILABLE — LAB MEASUREMENT REQUIRED,NOT AVAILABLE — FIELD DATA REQUIRED,780.4,local generated asset inventory; production HEAD/GET probe where enabled,Estimated uncompressed bytes; browser transfer and cache behavior differ.
baseline,https://robertdevore.com/all-in-one-wp-migration-plugin-ddos-attack/,16907,163838,20149,7628974,273860,8103728,15,NOT AVAILABLE — LAB MEASUREMENT REQUIRED,NOT AVAILABLE — LAB MEASUREMENT REQUIRED,NOT AVAILABLE — FIELD DATA REQUIRED,878.9,local generated asset inventory; production HEAD/GET probe where enabled,Estimated uncompressed bytes; browser transfer and cache behavior differ.
baseline,https://robertdevore.com/back-to-basics/,13592,163838,20149,153700,273860,625139,11,NOT AVAILABLE — LAB MEASUREMENT REQUIRED,NOT AVAILABLE — LAB MEASUREMENT REQUIRED,NOT AVAILABLE — FIELD DATA REQUIRED,877.4,local generated asset inventory; production HEAD/GET probe where enabled,Estimated uncompressed bytes; browser transfer and cache behavior differ.
baseline,https://robertdevore.com/blog/,18955,163838,20149,153700,273860,630502,11,NOT AVAILABLE — LAB MEASUREMENT REQUIRED,NOT AVAILABLE — LAB MEASUREMENT REQUIRED,NOT AVAILABLE — FIELD DATA REQUIRED,513.2,local generated asset inventory; production HEAD/GET probe where enabled,Estimated uncompressed bytes; browser transfer and cache behavior differ.
baseline,https://robertdevore.com/blog/page/10/,18395,163838,20149,153700,273860,629942,11,NOT AVAILABLE — LAB MEASUREMENT REQUIRED,NOT AVAILABLE — LAB MEASUREMENT REQUIRED,NOT AVAILABLE — FIELD DATA REQUIRED,614.1,local generated asset inventory; production HEAD/GET probe where enabled,Estimated uncompressed bytes; browser transfer and cache behavior differ.
baseline,https://robertdevore.com/blog/page/11/,17485,163838,20149,153700,273860,629032,11,NOT AVAILABLE — LAB MEASUREMENT REQUIRED,NOT AVAILABLE — LAB MEASUREMENT REQUIRED,NOT AVAILABLE — FIELD DATA REQUIRED,633.3,local generated asset inventory; production HEAD/GET probe where enabled,Estimated uncompressed bytes; browser transfer and cache behavior differ.
baseline,https://robertdevore.com/blog/page/12/,13122,163838,20149,153700,273860,624669,11,NOT AVAILABLE — LAB MEASUREMENT REQUIRED,NOT AVAILABLE — LAB MEASUREMENT REQUIRED,NOT AVAILABLE — FIELD DATA REQUIRED,633.5,local generated asset inventory; production HEAD/GET probe where enabled,Estimated uncompressed bytes; browser transfer and cache behavior differ.
baseline,https://robertdevore.com/blog/page/2/,19169,163838,20149,153700,273860,630716,11,NOT AVAILABLE — LAB MEASUREMENT REQUIRED,NOT AVAILABLE — LAB MEASUREMENT REQUIRED,NOT AVAILABLE — FIELD DATA REQUIRED,581.6,local generated asset inventory; production HEAD/GET probe where enabled,Estimated uncompressed bytes; browser transfer and cache behavior differ.
baseline,https://robertdevore.com/blog/page/3/,18871,163838,20149,153700,273860,630418,11,NOT AVAILABLE — LAB MEASUREMENT REQUIRED,NOT AVAILABLE — LAB MEASUREMENT REQUIRED,NOT AVAILABLE — FIELD DATA REQUIRED,599.6,local generated asset inventory; production HEAD/GET probe where enabled,Estimated uncompressed bytes; browser transfer and cache behavior differ.
baseline,https://robertdevore.com/blog/page/4/,19368,163838,20149,153700,273860,630915,11,NOT AVAILABLE — LAB MEASUREMENT REQUIRED,NOT AVAILABLE — LAB MEASUREMENT REQUIRED,NOT AVAILABLE — FIELD DATA REQUIRED,571.9,local generated asset inventory; production HEAD/GET probe where enabled,Estimated uncompressed bytes; browser transfer and cache behavior differ.
baseline,https://robertdevore.com/blog/page/5/,19253,163838,20149,153700,273860,630800,11,NOT AVAILABLE — LAB MEASUREMENT REQUIRED,NOT AVAILABLE — LAB MEASUREMENT REQUIRED,NOT AVAILABLE — FIELD DATA REQUIRED,577.3,local generated asset inventory; production HEAD/GET probe where enabled,Estimated uncompressed bytes; browser transfer and cache behavior differ.
baseline,https://robertdevore.com/blog/page/6/,19147,163838,20149,153700,273860,630694,11,NOT AVAILABLE — LAB MEASUREMENT REQUIRED,NOT AVAILABLE — LAB MEASUREMENT REQUIRED,NOT AVAILABLE — FIELD DATA REQUIRED,466.3,local generated asset inventory; production HEAD/GET probe where enabled,Estimated uncompressed bytes; browser transfer and cache behavior differ.
baseline,https://robertdevore.com/blog/page/7/,18815,163838,20149,153700,273860,630362,11,NOT AVAILABLE — LAB MEASUREMENT REQUIRED,NOT AVAILABLE — LAB MEASUREMENT REQUIRED,NOT AVAILABLE — FIELD DATA REQUIRED,523.7,local generated asset inventory; production HEAD/GET probe where enabled,Estimated uncompressed bytes; browser transfer and cache behavior differ.
baseline,https://robertdevore.com/blog/page/8/,19344,163838,20149,153700,273860,630891,11,NOT AVAILABLE — LAB MEASUREMENT REQUIRED,NOT AVAILABLE — LAB MEASUREMENT REQUIRED,NOT AVAILABLE — FIELD DATA REQUIRED,480.5,local generated asset inventory; production HEAD/GET probe where enabled,Estimated uncompressed bytes; browser transfer and cache behavior differ.
baseline,https://robertdevore.com/blog/page/9/,18447,163838,20149,153700,273860,629994,11,NOT AVAILABLE — LAB MEASUREMENT REQUIRED,NOT AVAILABLE — LAB MEASUREMENT REQUIRED,NOT AVAILABLE — FIELD DATA REQUIRED,480.3,local generated asset inventory; production HEAD/GET probe where enabled,Estimated uncompressed bytes; browser transfer and cache behavior differ.
baseline,https://robertdevore.com/boostbox-free-popups-that-work-pro-popups-that-convert/,17383,163838,20149,1698294,273860,2173524,16,NOT AVAILABLE — LAB MEASUREMENT REQUIRED,NOT AVAILABLE — LAB MEASUREMENT REQUIRED,NOT AVAILABLE — FIELD DATA REQUIRED,480.6,local generated asset inventory; production HEAD/GET probe where enabled,Estimated uncompressed bytes; browser transfer and cache behavior differ.
baseline,https://robertdevore.com/boostbox-wordpress-popup-builder-for-the-core-editor/,23451,163838,20149,6548674,273860,7029972,30,NOT AVAILABLE — LAB MEASUREMENT REQUIRED,NOT AVAILABLE — LAB MEASUREMENT REQUIRED,NOT AVAILABLE — FIELD DATA REQUIRED,467.1,local generated asset inventory; production HEAD/GET probe where enabled,Estimated uncompressed bytes; browser transfer and cache behavior differ.
baseline,https://robertdevore.com/cannabis-health-benefits/,21294,163838,20149,132398,273860,611539,11,NOT AVAILABLE — LAB MEASUREMENT REQUIRED,NOT AVAILABLE — LAB MEASUREMENT REQUIRED,NOT AVAILABLE — FIELD DATA REQUIRED,454.2,local generated asset inventory; production HEAD/GET probe where enabled,Estimated uncompressed bytes; browser transfer and cache behavior differ.
baseline,https://robertdevore.com/cannabiz/,15734,163838,20149,396920,273860,870501,14,NOT AVAILABLE — LAB MEASUREMENT REQUIRED,NOT AVAILABLE — LAB MEASUREMENT REQUIRED,NOT AVAILABLE — FIELD DATA REQUIRED,447.0,local generated asset inventory; production HEAD/GET probe where enabled,Estimated uncompressed bytes; browser transfer and cache behavior differ.
baseline,https://robertdevore.com/category/,10993,163838,20149,153700,273860,622540,11,NOT AVAILABLE — LAB MEASUREMENT REQUIRED,NOT AVAILABLE — LAB MEASUREMENT REQUIRED,NOT AVAILABLE — FIELD DATA REQUIRED,480.2,local generated asset inventory; production HEAD/GET probe where enabled,Estimated uncompressed bytes; browser transfer and cache behavior differ.
baseline,https://robertdevore.com/category/ai-content-systems/,10220,163838,20149,153700,273860,621767,11,NOT AVAILABLE — LAB MEASUREMENT REQUIRED,NOT AVAILABLE — LAB MEASUREMENT REQUIRED,NOT AVAILABLE — FIELD DATA REQUIRED,239.0,local generated asset inventory; production HEAD/GET probe where enabled,Estimated uncompressed bytes; browser transfer and cache behavior differ.
baseline,https://robertdevore.com/category/developer-tools/,9453,163838,20149,153700,273860,621000,11,NOT AVAILABLE — LAB MEASUREMENT REQUIRED,NOT AVAILABLE — LAB MEASUREMENT REQUIRED,NOT AVAILABLE — FIELD DATA REQUIRED,213.1,local generated asset inventory; production HEAD/GET probe where enabled,Estimated uncompressed bytes; browser transfer and cache behavior differ.
baseline,https://robertdevore.com/category/engineering-archive/,8487,163838,20149,153700,273860,620034,11,NOT AVAILABLE — LAB MEASUREMENT REQUIRED,NOT AVAILABLE — LAB MEASUREMENT REQUIRED,NOT AVAILABLE — FIELD DATA REQUIRED,227.0,local generated asset inventory; production HEAD/GET probe where enabled,Estimated uncompressed bytes; browser transfer and cache behavior differ.
baseline,https://robertdevore.com/category/field-notes/,8225,163838,20149,153700,273860,619772,11,NOT AVAILABLE — LAB MEASUREMENT REQUIRED,NOT AVAILABLE — LAB MEASUREMENT REQUIRED,NOT AVAILABLE — FIELD DATA REQUIRED,224.8,local generated asset inventory; production HEAD/GET probe where enabled,Estimated uncompressed bytes; browser transfer and cache behavior differ.
baseline,https://robertdevore.com/category/wordpress-archive/,21807,163838,20149,153700,273860,633354,11,NOT AVAILABLE — LAB MEASUREMENT REQUIRED,NOT AVAILABLE — LAB MEASUREMENT REQUIRED,NOT AVAILABLE — FIELD DATA REQUIRED,222.6,local generated asset inventory; production HEAD/GET probe where enabled,Estimated uncompressed bytes; browser transfer and cache behavior differ.
baseline,https://robertdevore.com/celebrating-gaad-with-img-a11y-v1-1-0/,14103,163838,20149,153700,273860,625650,11,NOT AVAILABLE — LAB MEASUREMENT REQUIRED,NOT AVAILABLE — LAB MEASUREMENT REQUIRED,NOT AVAILABLE — FIELD DATA REQUIRED,257.2,local generated asset inventory; production HEAD/GET probe where enabled,Estimated uncompressed bytes; browser transfer and cache behavior differ.
baseline,https://robertdevore.com/chapters-for-authors-wordpress-plugin/,16045,163838,20149,188480,273860,662372,15,NOT AVAILABLE — LAB MEASUREMENT REQUIRED,NOT AVAILABLE — LAB MEASUREMENT REQUIRED,NOT AVAILABLE — FIELD DATA REQUIRED,268.0,local generated asset inventory; production HEAD/GET probe where enabled,Estimated uncompressed bytes; browser transfer and cache behavior differ.
baseline,https://robertdevore.com/clean-blog-free-wordpress-theme/,18878,163838,20149,341528,273860,818253,16,NOT AVAILABLE — LAB MEASUREMENT REQUIRED,NOT AVAILABLE — LAB MEASUREMENT REQUIRED,NOT AVAILABLE — FIELD DATA REQUIRED,419.7,local generated asset inventory; production HEAD/GET probe where enabled,Estimated uncompressed bytes; browser transfer and cache behavior differ.
baseline,https://robertdevore.com/complete-beginners-guide-building-a-python-url-checker-for-google-sheets/,32136,163838,20149,4275530,273860,4765513,12,NOT AVAILABLE — LAB MEASUREMENT REQUIRED,NOT AVAILABLE — LAB MEASUREMENT REQUIRED,NOT AVAILABLE — FIELD DATA REQUIRED,457.6,local generated asset inventory; production HEAD/GET probe where enabled,Estimated uncompressed bytes; browser transfer and cache behavior differ.
baseline,https://robertdevore.com/contact/,9989,163838,20149,118056,273860,585892,11,NOT AVAILABLE — LAB MEASUREMENT REQUIRED,NOT AVAILABLE — LAB MEASUREMENT REQUIRED,NOT AVAILABLE — FIELD DATA REQUIRED,469.4,local generated asset inventory; production HEAD/GET probe where enabled,Estimated uncompressed bytes; browser transfer and cache behavior differ.
baseline,https://robertdevore.com/creating-my-own-cipher-code/,16335,163838,20149,118056,273860,592238,11,NOT AVAILABLE — LAB MEASUREMENT REQUIRED,NOT AVAILABLE — LAB MEASUREMENT REQUIRED,NOT AVAILABLE — FIELD DATA REQUIRED,396.8,local generated asset inventory; production HEAD/GET probe where enabled,Estimated uncompressed bytes; browser transfer and cache behavior differ.
baseline,https://robertdevore.com/customer-loyalty-for-woocommerce-v2/,17163,163838,20149,927926,273860,1402936,17,NOT AVAILABLE — LAB MEASUREMENT REQUIRED,NOT AVAILABLE — LAB MEASUREMENT REQUIRED,NOT AVAILABLE — FIELD DATA REQUIRED,397.7,local generated asset inventory; production HEAD/GET probe where enabled,Estimated uncompressed bytes; browser transfer and cache behavior differ.
baseline,https://robertdevore.com/db-version-control-wordpress-plugin/,26300,163838,20149,259660,273860,743807,12,NOT AVAILABLE — LAB MEASUREMENT REQUIRED,NOT AVAILABLE — LAB MEASUREMENT REQUIRED,NOT AVAILABLE — FIELD DATA REQUIRED,412.4,local generated asset inventory; production HEAD/GET probe where enabled,Estimated uncompressed bytes; browser transfer and cache behavior differ.
baseline,https://robertdevore.com/december-2024-a-retrospective/,29691,163838,20149,16173734,273860,16661272,18,NOT AVAILABLE — LAB MEASUREMENT REQUIRED,NOT AVAILABLE — LAB MEASUREMENT REQUIRED,NOT AVAILABLE — FIELD DATA REQUIRED,388.6,local generated asset inventory; production HEAD/GET probe where enabled,Estimated uncompressed bytes; browser transfer and cache behavior differ.
baseline,https://robertdevore.com/delivery-drivers-for-woocommerce/,17552,163838,20149,266798,273860,742197,17,NOT AVAILABLE — LAB MEASUREMENT REQUIRED,NOT AVAILABLE — LAB MEASUREMENT REQUIRED,NOT AVAILABLE — FIELD DATA REQUIRED,353.2,local generated asset inventory; production HEAD/GET probe where enabled,Estimated uncompressed bytes; browser transfer and cache behavior differ.
baseline,https://robertdevore.com/devio-digital/,15799,163838,20149,127232,273860,600878,12,NOT AVAILABLE — LAB MEASUREMENT REQUIRED,NOT AVAILABLE — LAB MEASUREMENT REQUIRED,NOT AVAILABLE — FIELD DATA REQUIRED,223.9,local generated asset inventory; production HEAD/GET probe where enabled,Estimated uncompressed bytes; browser transfer and cache behavior differ.
baseline,https://robertdevore.com/dispensary-wordpress-plugins-2017/,17910,163838,20149,301720,273860,777477,16,NOT AVAILABLE — LAB MEASUREMENT REQUIRED,NOT AVAILABLE — LAB MEASUREMENT REQUIRED,NOT AVAILABLE — FIELD DATA REQUIRED,224.3,local generated asset inventory; production HEAD/GET probe where enabled,Estimated uncompressed bytes; browser transfer and cache behavior differ.
baseline,https://robertdevore.com/do-less-deliver-more/,19220,163838,20149,1256620,273860,1733687,17,NOT AVAILABLE — LAB MEASUREMENT REQUIRED,NOT AVAILABLE — LAB MEASUREMENT REQUIRED,NOT AVAILABLE — FIELD DATA REQUIRED,223.1,local generated asset inventory; production HEAD/GET probe where enabled,Estimated uncompressed bytes; browser transfer and cache behavior differ.
baseline,https://robertdevore.com/docupress-documentation-plugin-for-wordpress/,14424,163838,20149,150630,273860,622901,14,NOT AVAILABLE — LAB MEASUREMENT REQUIRED,NOT AVAILABLE — LAB MEASUREMENT REQUIRED,NOT AVAILABLE — FIELD DATA REQUIRED,223.0,local generated asset inventory; production HEAD/GET probe where enabled,Estimated uncompressed bytes; browser transfer and cache behavior differ.
baseline,https://robertdevore.com/dont-shoot-the-messenger-choose-courage-over-convenience/,17720,163838,20149,1079868,273860,1555435,16,NOT AVAILABLE — LAB MEASUREMENT REQUIRED,NOT AVAILABLE — LAB MEASUREMENT REQUIRED,NOT AVAILABLE — FIELD DATA REQUIRED,347.4,local generated asset inventory; production HEAD/GET probe where enabled,Estimated uncompressed bytes; browser transfer and cache behavior differ.
baseline,https://robertdevore.com/extreme-programming-for-extreme-leaders/,16318,163838,20149,1051706,273860,1525871,16,NOT AVAILABLE — LAB MEASUREMENT REQUIRED,NOT AVAILABLE — LAB MEASUREMENT REQUIRED,NOT AVAILABLE — FIELD DATA REQUIRED,240.2,local generated asset inventory; production HEAD/GET probe where enabled,Estimated uncompressed bytes; browser transfer and cache behavior differ.
baseline,https://robertdevore.com/focus/,15331,163838,20149,153700,273860,626878,11,NOT AVAILABLE — LAB MEASUREMENT REQUIRED,NOT AVAILABLE — LAB MEASUREMENT REQUIRED,NOT AVAILABLE — FIELD DATA REQUIRED,230.3,local generated asset inventory; production HEAD/GET probe where enabled,Estimated uncompressed bytes; browser transfer and cache behavior differ.
baseline,https://robertdevore.com/forever-forward/,22962,163838,20149,132398,273860,613207,11,NOT AVAILABLE — LAB MEASUREMENT REQUIRED,NOT AVAILABLE — LAB MEASUREMENT REQUIRED,NOT AVAILABLE — FIELD DATA REQUIRED,229.8,local generated asset inventory; production HEAD/GET probe where enabled,Estimated uncompressed bytes; browser transfer and cache behavior differ.
baseline,https://robertdevore.com/going-all-in-one-year-later/,18988,163838,20149,751878,273860,1228713,13,NOT AVAILABLE — LAB MEASUREMENT REQUIRED,NOT AVAILABLE — LAB MEASUREMENT REQUIRED,NOT AVAILABLE — FIELD DATA REQUIRED,291.1,local generated asset inventory; production HEAD/GET probe where enabled,Estimated uncompressed bytes; browser transfer and cache behavior differ.
baseline,https://robertdevore.com/going-all-in-with-wp-dispensary/,14359,163838,20149,118056,273860,590262,11,NOT AVAILABLE — LAB MEASUREMENT REQUIRED,NOT AVAILABLE — LAB MEASUREMENT REQUIRED,NOT AVAILABLE — FIELD DATA REQUIRED,370.9,local generated asset inventory; production HEAD/GET probe where enabled,Estimated uncompressed bytes; browser transfer and cache behavior differ.
baseline,https://robertdevore.com/goodbye-wordpress-a-eulogy/,18955,163838,20149,118056,273860,594858,11,NOT AVAILABLE — LAB MEASUREMENT REQUIRED,NOT AVAILABLE — LAB MEASUREMENT REQUIRED,NOT AVAILABLE — FIELD DATA REQUIRED,358.1,local generated asset inventory; production HEAD/GET probe where enabled,Estimated uncompressed bytes; browser transfer and cache behavior differ.
baseline,https://robertdevore.com/grateful-to-see-21-of-my-wordpress-plugins-live-on-at-webdevstudios/,14849,163838,20149,132398,273860,605094,11,NOT AVAILABLE — LAB MEASUREMENT REQUIRED,NOT AVAILABLE — LAB MEASUREMENT REQUIRED,NOT AVAILABLE — FIELD DATA REQUIRED,325.1,local generated asset inventory; production HEAD/GET probe where enabled,Estimated uncompressed bytes; browser transfer and cache behavior differ.
baseline,https://robertdevore.com/hello-2017/,11254,163838,20149,153700,273860,622801,11,NOT AVAILABLE — LAB MEASUREMENT REQUIRED,NOT AVAILABLE — LAB MEASUREMENT REQUIRED,NOT AVAILABLE — FIELD DATA REQUIRED,294.1,local generated asset inventory; production HEAD/GET probe where enabled,Estimated uncompressed bytes; browser transfer and cache behavior differ.
baseline,https://robertdevore.com/hello-plugin-pal-your-ai-powered-plugin-generator-for-wordpress/,17794,163838,20149,1986754,273860,2462395,16,NOT AVAILABLE — LAB MEASUREMENT REQUIRED,NOT AVAILABLE — LAB MEASUREMENT REQUIRED,NOT AVAILABLE — FIELD DATA REQUIRED,325.7,local generated asset inventory; production HEAD/GET probe where enabled,Estimated uncompressed bytes; browser transfer and cache behavior differ.
baseline,https://robertdevore.com/honoring-jesse-petersen-with-the-revival-of-stealth-login-page/,15496,163838,20149,804848,273860,1278191,13,NOT AVAILABLE — LAB MEASUREMENT REQUIRED,NOT AVAILABLE — LAB MEASUREMENT REQUIRED,NOT AVAILABLE — FIELD DATA REQUIRED,303.2,local generated asset inventory; production HEAD/GET probe where enabled,Estimated uncompressed bytes; browser transfer and cache behavior differ.
baseline,https://robertdevore.com/host-your-wordpress-plugins-on-github-and-automate-plugin-packaging/,16333,163838,20149,1745466,273860,2219646,14,NOT AVAILABLE — LAB MEASUREMENT REQUIRED,NOT AVAILABLE — LAB MEASUREMENT REQUIRED,NOT AVAILABLE — FIELD DATA REQUIRED,244.7,local generated asset inventory; production HEAD/GET probe where enabled,Estimated uncompressed bytes; browser transfer and cache behavior differ.
baseline,https://robertdevore.com/how-a-security-audit-can-save-your-e-commerce-store-from-disaster/,17636,163838,20149,376858,273860,852341,12,NOT AVAILABLE — LAB MEASUREMENT REQUIRED,NOT AVAILABLE — LAB MEASUREMENT REQUIRED,NOT AVAILABLE — FIELD DATA REQUIRED,313.8,local generated asset inventory; production HEAD/GET probe where enabled,Estimated uncompressed bytes; browser transfer and cache behavior differ.
baseline,https://robertdevore.com/how-hungry-are-you/,14095,163838,20149,4478832,273860,4950774,13,NOT AVAILABLE — LAB MEASUREMENT REQUIRED,NOT AVAILABLE — LAB MEASUREMENT REQUIRED,NOT AVAILABLE — FIELD DATA REQUIRED,440.3,local generated asset inventory; production HEAD/GET probe where enabled,Estimated uncompressed bytes; browser transfer and cache behavior differ.
baseline,https://robertdevore.com/how-i-use-textexpander-to-reuse-my-best-ai-prompts/,16985,163838,20149,416486,273860,891318,13,NOT AVAILABLE — LAB MEASUREMENT REQUIRED,NOT AVAILABLE — LAB MEASUREMENT REQUIRED,NOT AVAILABLE — FIELD DATA REQUIRED,440.9,local generated asset inventory; production HEAD/GET probe where enabled,Estimated uncompressed bytes; browser transfer and cache behavior differ.
baseline,https://robertdevore.com/how-to-block-website-tracking-data-in-woocommerce/,15970,163838,20149,18739140,273860,19212957,15,NOT AVAILABLE — LAB MEASUREMENT REQUIRED,NOT AVAILABLE — LAB MEASUREMENT REQUIRED,NOT AVAILABLE — FIELD DATA REQUIRED,466.9,local generated asset inventory; production HEAD/GET probe where enabled,Estimated uncompressed bytes; browser transfer and cache behavior differ.
baseline,https://robertdevore.com/how-to-build-a-content-engine-that-scales-with-you/,17030,163838,20149,970802,273860,1445679,16,NOT AVAILABLE — LAB MEASUREMENT REQUIRED,NOT AVAILABLE — LAB MEASUREMENT REQUIRED,NOT AVAILABLE — FIELD DATA REQUIRED,465.0,local generated asset inventory; production HEAD/GET probe where enabled,Estimated uncompressed bytes; browser transfer and cache behavior differ.
baseline,https://robertdevore.com/how-to-build-modular-prompts-that-save-you-hours-per-week/,17753,163838,20149,821388,273860,1296988,16,NOT AVAILABLE — LAB MEASUREMENT REQUIRED,NOT AVAILABLE — LAB MEASUREMENT REQUIRED,NOT AVAILABLE — FIELD DATA REQUIRED,431.2,local generated asset inventory; production HEAD/GET probe where enabled,Estimated uncompressed bytes; browser transfer and cache behavior differ.
baseline,https://robertdevore.com/how-to-customize-the-style-of-your-wordpress-login-screen/,16148,163838,20149,3005640,273860,3479635,15,NOT AVAILABLE — LAB MEASUREMENT REQUIRED,NOT AVAILABLE — LAB MEASUREMENT REQUIRED,NOT AVAILABLE — FIELD DATA REQUIRED,433.6,local generated asset inventory; production HEAD/GET probe where enabled,Estimated uncompressed bytes; browser transfer and cache behavior differ.
baseline,https://robertdevore.com/how-to-edit-ai-content-so-it-feels-clean-not-robotic/,15489,163838,20149,854514,273860,1327850,15,NOT AVAILABLE — LAB MEASUREMENT REQUIRED,NOT AVAILABLE — LAB MEASUREMENT REQUIRED,NOT AVAILABLE — FIELD DATA REQUIRED,384.3,local generated asset inventory; production HEAD/GET probe where enabled,Estimated uncompressed bytes; browser transfer and cache behavior differ.
baseline,https://robertdevore.com/how-to-stop-your-plugins-themes-from-being-used-on-wordpress-com-hosting/,15985,163838,20149,1487904,273860,1961736,15,NOT AVAILABLE — LAB MEASUREMENT REQUIRED,NOT AVAILABLE — LAB MEASUREMENT REQUIRED,NOT AVAILABLE — FIELD DATA REQUIRED,313.2,local generated asset inventory; production HEAD/GET probe where enabled,Estimated uncompressed bytes; browser transfer and cache behavior differ.
baseline,https://robertdevore.com/how-to-teach-ai-to-match-your-voice/,15953,163838,20149,820924,273860,1294724,15,NOT AVAILABLE — LAB MEASUREMENT REQUIRED,NOT AVAILABLE — LAB MEASUREMENT REQUIRED,NOT AVAILABLE — FIELD DATA REQUIRED,261.9,local generated asset inventory; production HEAD/GET probe where enabled,Estimated uncompressed bytes; browser transfer and cache behavior differ.
baseline,https://robertdevore.com/how-to-use-ai-to-research-validate-ideas-and-stay-relevant/,19039,163838,20149,592418,273860,1069304,14,NOT AVAILABLE — LAB MEASUREMENT REQUIRED,NOT AVAILABLE — LAB MEASUREMENT REQUIRED,NOT AVAILABLE — FIELD DATA REQUIRED,250.6,local generated asset inventory; production HEAD/GET probe where enabled,Estimated uncompressed bytes; browser transfer and cache behavior differ.
baseline,https://robertdevore.com/how-to-write-prompts-that-get-the-tone-structure-and-intent-right/,18104,163838,20149,812620,273860,1288571,15,NOT AVAILABLE — LAB MEASUREMENT REQUIRED,NOT AVAILABLE — LAB MEASUREMENT REQUIRED,NOT AVAILABLE — FIELD DATA REQUIRED,308.0,local generated asset inventory; production HEAD/GET probe where enabled,Estimated uncompressed bytes; browser transfer and cache behavior differ.
baseline,https://robertdevore.com/hue-js/,15721,163838,20149,631408,273860,1104976,14,NOT AVAILABLE — LAB MEASUREMENT REQUIRED,NOT AVAILABLE — LAB MEASUREMENT REQUIRED,NOT AVAILABLE — FIELD DATA REQUIRED,225.3,local generated asset inventory; production HEAD/GET probe where enabled,Estimated uncompressed bytes; browser transfer and cache behavior differ.
baseline,https://robertdevore.com/i-built-a-python-stego-cipher-tool-and-you-can-have-it/,15020,163838,20149,132398,273860,605265,11,NOT AVAILABLE — LAB MEASUREMENT REQUIRED,NOT AVAILABLE — LAB MEASUREMENT REQUIRED,NOT AVAILABLE — FIELD DATA REQUIRED,235.7,local generated asset inventory; production HEAD/GET probe where enabled,Estimated uncompressed bytes; browser transfer and cache behavior differ.
baseline,https://robertdevore.com/i-just-launched-a-python-course-for-php-developers/,23037,163838,20149,118056,273860,598940,11,NOT AVAILABLE — LAB MEASUREMENT REQUIRED,NOT AVAILABLE — LAB MEASUREMENT REQUIRED,NOT AVAILABLE — FIELD DATA REQUIRED,365.6,local generated asset inventory; production HEAD/GET probe where enabled,Estimated uncompressed bytes; browser transfer and cache behavior differ.
baseline,https://robertdevore.com/im-freelancing-again/,17104,163838,20149,1518020,273860,1992971,12,NOT AVAILABLE — LAB MEASUREMENT REQUIRED,NOT AVAILABLE — LAB MEASUREMENT REQUIRED,NOT AVAILABLE — FIELD DATA REQUIRED,273.2,local generated asset inventory; production HEAD/GET probe where enabled,Estimated uncompressed bytes; browser transfer and cache behavior differ.
baseline,https://robertdevore.com/improve-cls-scores-by-dynamically-setting-image-width-and-height/,16479,163838,20149,5749148,273860,6223474,15,NOT AVAILABLE — LAB MEASUREMENT REQUIRED,NOT AVAILABLE — LAB MEASUREMENT REQUIRED,NOT AVAILABLE — FIELD DATA REQUIRED,301.1,local generated asset inventory; production HEAD/GET probe where enabled,Estimated uncompressed bytes; browser transfer and cache behavior differ.
baseline,https://robertdevore.com/intellipress-the-smart-af-ai-assistant-for-wordpress/,15183,163838,20149,4890044,273860,5363074,15,NOT AVAILABLE — LAB MEASUREMENT REQUIRED,NOT AVAILABLE — LAB MEASUREMENT REQUIRED,NOT AVAILABLE — FIELD DATA REQUIRED,312.0,local generated asset inventory; production HEAD/GET probe where enabled,Estimated uncompressed bytes; browser transfer and cache behavior differ.
baseline,https://robertdevore.com/introducing-an-experimental-new-plugin-email-designer-for-woocommerce/,16334,163838,20149,818068,273860,1292249,15,NOT AVAILABLE — LAB MEASUREMENT REQUIRED,NOT AVAILABLE — LAB MEASUREMENT REQUIRED,NOT AVAILABLE — FIELD DATA REQUIRED,416.3,local generated asset inventory; production HEAD/GET probe where enabled,Estimated uncompressed bytes; browser transfer and cache behavior differ.
baseline,https://robertdevore.com/introducing-associated-taxonomies-for-wordpress/,14541,163838,20149,1333570,273860,1805958,15,NOT AVAILABLE — LAB MEASUREMENT REQUIRED,NOT AVAILABLE — LAB MEASUREMENT REQUIRED,NOT AVAILABLE — FIELD DATA REQUIRED,402.7,local generated asset inventory; production HEAD/GET probe where enabled,Estimated uncompressed bytes; browser transfer and cache behavior differ.
baseline,https://robertdevore.com/introducing-automattic-css-an-open-source-css-utility-framework/,16380,163838,20149,298764,273860,772991,12,NOT AVAILABLE — LAB MEASUREMENT REQUIRED,NOT AVAILABLE — LAB MEASUREMENT REQUIRED,NOT AVAILABLE — FIELD DATA REQUIRED,379.1,local generated asset inventory; production HEAD/GET probe where enabled,Estimated uncompressed bytes; browser transfer and cache behavior differ.
baseline,https://robertdevore.com/introducing-back-in-stock-notifications-for-woocommerce/,18231,163838,20149,4439098,273860,4915176,17,NOT AVAILABLE — LAB MEASUREMENT REQUIRED,NOT AVAILABLE — LAB MEASUREMENT REQUIRED,NOT AVAILABLE — FIELD DATA REQUIRED,341.4,local generated asset inventory; production HEAD/GET probe where enabled,Estimated uncompressed bytes; browser transfer and cache behavior differ.
baseline,https://robertdevore.com/introducing-barcodes-for-woocommerce-free/,17616,163838,20149,604916,273860,1080379,16,NOT AVAILABLE — LAB MEASUREMENT REQUIRED,NOT AVAILABLE — LAB MEASUREMENT REQUIRED,NOT AVAILABLE — FIELD DATA REQUIRED,340.1,local generated asset inventory; production HEAD/GET probe where enabled,Estimated uncompressed bytes; browser transfer and cache behavior differ.
baseline,https://robertdevore.com/introducing-benchpress/,14557,163838,20149,429772,273860,902176,15,NOT AVAILABLE — LAB MEASUREMENT REQUIRED,NOT AVAILABLE — LAB MEASUREMENT REQUIRED,NOT AVAILABLE — FIELD DATA REQUIRED,365.7,local generated asset inventory; production HEAD/GET probe where enabled,Estimated uncompressed bytes; browser transfer and cache behavior differ.
baseline,https://robertdevore.com/introducing-block-ai-crawlers-for-wordpress/,15011,163838,20149,2000454,273860,2473312,15,NOT AVAILABLE — LAB MEASUREMENT REQUIRED,NOT AVAILABLE — LAB MEASUREMENT REQUIRED,NOT AVAILABLE — FIELD DATA REQUIRED,479.4,local generated asset inventory; production HEAD/GET probe where enabled,Estimated uncompressed bytes; browser transfer and cache behavior differ.
baseline,https://robertdevore.com/introducing-bluesky-feed-for-wordpress/,15195,163838,20149,482138,273860,955180,15,NOT AVAILABLE — LAB MEASUREMENT REQUIRED,NOT AVAILABLE — LAB MEASUREMENT REQUIRED,NOT AVAILABLE — FIELD DATA REQUIRED,567.2,local generated asset inventory; production HEAD/GET probe where enabled,Estimated uncompressed bytes; browser transfer and cache behavior differ.
baseline,https://robertdevore.com/introducing-brands-for-woocommerce-free/,16280,163838,20149,512816,273860,986943,16,NOT AVAILABLE — LAB MEASUREMENT REQUIRED,NOT AVAILABLE — LAB MEASUREMENT REQUIRED,NOT AVAILABLE — FIELD DATA REQUIRED,492.4,local generated asset inventory; production HEAD/GET probe where enabled,Estimated uncompressed bytes; browser transfer and cache behavior differ.
baseline,https://robertdevore.com/introducing-broken-image-scanner/,15562,163838,20149,2468062,273860,2941471,15,NOT AVAILABLE — LAB MEASUREMENT REQUIRED,NOT AVAILABLE — LAB MEASUREMENT REQUIRED,NOT AVAILABLE — FIELD DATA REQUIRED,461.3,local generated asset inventory; production HEAD/GET probe where enabled,Estimated uncompressed bytes; browser transfer and cache behavior differ.
baseline,https://robertdevore.com/introducing-bulk-stock-management-for-woocommerce-free/,15257,163838,20149,992334,273860,1465438,15,NOT AVAILABLE — LAB MEASUREMENT REQUIRED,NOT AVAILABLE — LAB MEASUREMENT REQUIRED,NOT AVAILABLE — FIELD DATA REQUIRED,515.9,local generated asset inventory; production HEAD/GET probe where enabled,Estimated uncompressed bytes; browser transfer and cache behavior differ.
baseline,https://robertdevore.com/introducing-content-restriction-for-wordpress/,15535,163838,20149,1158276,273860,1631658,14,NOT AVAILABLE — LAB MEASUREMENT REQUIRED,NOT AVAILABLE — LAB MEASUREMENT REQUIRED,NOT AVAILABLE — FIELD DATA REQUIRED,300.4,local generated asset inventory; production HEAD/GET probe where enabled,Estimated uncompressed bytes; browser transfer and cache behavior differ.
baseline,https://robertdevore.com/introducing-delete-inactive-users/,13884,163838,20149,1466976,273860,1938707,14,NOT AVAILABLE — LAB MEASUREMENT REQUIRED,NOT AVAILABLE — LAB MEASUREMENT REQUIRED,NOT AVAILABLE — FIELD DATA REQUIRED,287.4,local generated asset inventory; production HEAD/GET probe where enabled,Estimated uncompressed bytes; browser transfer and cache behavior differ.
baseline,https://robertdevore.com/introducing-digg-this-a-social-sharing-plugin-for-wordpress/,14471,163838,20149,337878,273860,810196,13,NOT AVAILABLE — LAB MEASUREMENT REQUIRED,NOT AVAILABLE — LAB MEASUREMENT REQUIRED,NOT AVAILABLE — FIELD DATA REQUIRED,276.4,local generated asset inventory; production HEAD/GET probe where enabled,Estimated uncompressed bytes; browser transfer and cache behavior differ.
baseline,https://robertdevore.com/introducing-dispensary-details-for-woocommerce/,15810,163838,20149,2078532,273860,2552189,15,NOT AVAILABLE — LAB MEASUREMENT REQUIRED,NOT AVAILABLE — LAB MEASUREMENT REQUIRED,NOT AVAILABLE — FIELD DATA REQUIRED,255.0,local generated asset inventory; production HEAD/GET probe where enabled,Estimated uncompressed bytes; browser transfer and cache behavior differ.
baseline,https://robertdevore.com/introducing-gallery-modals-enhance-your-wordpress-galleries-with-stunning-popups/,15656,163838,20149,756808,273860,1230311,16,NOT AVAILABLE — LAB MEASUREMENT REQUIRED,NOT AVAILABLE — LAB MEASUREMENT REQUIRED,NOT AVAILABLE — FIELD DATA REQUIRED,339.8,local generated asset inventory; production HEAD/GET probe where enabled,Estimated uncompressed bytes; browser transfer and cache behavior differ.
baseline,https://robertdevore.com/introducing-gift-cards-for-woocommerce-free/,20515,163838,20149,3001414,273860,3479776,21,NOT AVAILABLE — LAB MEASUREMENT REQUIRED,NOT AVAILABLE — LAB MEASUREMENT REQUIRED,NOT AVAILABLE — FIELD DATA REQUIRED,330.2,local generated asset inventory; production HEAD/GET probe where enabled,Estimated uncompressed bytes; browser transfer and cache behavior differ.
baseline,https://robertdevore.com/introducing-hpos-compatibility-scanner-for-woocommerce-free/,14584,163838,20149,836004,273860,1308435,15,NOT AVAILABLE — LAB MEASUREMENT REQUIRED,NOT AVAILABLE — LAB MEASUREMENT REQUIRED,NOT AVAILABLE — FIELD DATA REQUIRED,312.1,local generated asset inventory; production HEAD/GET probe where enabled,Estimated uncompressed bytes; browser transfer and cache behavior differ.
baseline,https://robertdevore.com/introducing-img-a11y/,13631,163838,20149,758676,273860,1230154,14,NOT AVAILABLE — LAB MEASUREMENT REQUIRED,NOT AVAILABLE — LAB MEASUREMENT REQUIRED,NOT AVAILABLE — FIELD DATA REQUIRED,295.7,local generated asset inventory; production HEAD/GET probe where enabled,Estimated uncompressed bytes; browser transfer and cache behavior differ.
baseline,https://robertdevore.com/introducing-intellipress-the-smart-ai-assistant-for-wordpress/,16660,163838,20149,163566,273860,638073,13,NOT AVAILABLE — LAB MEASUREMENT REQUIRED,NOT AVAILABLE — LAB MEASUREMENT REQUIRED,NOT AVAILABLE — FIELD DATA REQUIRED,297.6,local generated asset inventory; production HEAD/GET probe where enabled,Estimated uncompressed bytes; browser transfer and cache behavior differ.
baseline,https://robertdevore.com/introducing-maintenance-mode-for-wordpress/,17285,163838,20149,1730728,273860,2205860,16,NOT AVAILABLE — LAB MEASUREMENT REQUIRED,NOT AVAILABLE — LAB MEASUREMENT REQUIRED,NOT AVAILABLE — FIELD DATA REQUIRED,297.0,local generated asset inventory; production HEAD/GET probe where enabled,Estimated uncompressed bytes; browser transfer and cache behavior differ.
baseline,https://robertdevore.com/introducing-markdown-comments-for-wordpress/,13990,163838,20149,258388,273860,730225,12,NOT AVAILABLE — LAB MEASUREMENT REQUIRED,NOT AVAILABLE — LAB MEASUREMENT REQUIRED,NOT AVAILABLE — FIELD DATA REQUIRED,341.9,local generated asset inventory; production HEAD/GET probe where enabled,Estimated uncompressed bytes; browser transfer and cache behavior differ.
baseline,https://robertdevore.com/introducing-markdown-exporter-for-wordpress/,18224,163838,20149,6260162,273860,6736233,15,NOT AVAILABLE — LAB MEASUREMENT REQUIRED,NOT AVAILABLE — LAB MEASUREMENT REQUIRED,NOT AVAILABLE — FIELD DATA REQUIRED,318.0,local generated asset inventory; production HEAD/GET probe where enabled,Estimated uncompressed bytes; browser transfer and cache behavior differ.
baseline,https://robertdevore.com/introducing-media-copyright-scanner/,15226,163838,20149,746016,273860,1219089,13,NOT AVAILABLE — LAB MEASUREMENT REQUIRED,NOT AVAILABLE — LAB MEASUREMENT REQUIRED,NOT AVAILABLE — FIELD DATA REQUIRED,255.1,local generated asset inventory; production HEAD/GET probe where enabled,Estimated uncompressed bytes; browser transfer and cache behavior differ.
baseline,https://robertdevore.com/introducing-media-file-versioning-for-wordpress/,15458,163838,20149,1058334,273860,1531639,14,NOT AVAILABLE — LAB MEASUREMENT REQUIRED,NOT AVAILABLE — LAB MEASUREMENT REQUIRED,NOT AVAILABLE — FIELD DATA REQUIRED,385.0,local generated asset inventory; production HEAD/GET probe where enabled,Estimated uncompressed bytes; browser transfer and cache behavior differ.
baseline,https://robertdevore.com/introducing-metadata-import-export-for-yoast-seo/,15952,163838,20149,1085056,273860,1558855,15,NOT AVAILABLE — LAB MEASUREMENT REQUIRED,NOT AVAILABLE — LAB MEASUREMENT REQUIRED,NOT AVAILABLE — FIELD DATA REQUIRED,385.4,local generated asset inventory; production HEAD/GET probe where enabled,Estimated uncompressed bytes; browser transfer and cache behavior differ.
baseline,https://robertdevore.com/introducing-module-usage-tracker-for-wp-bakery/,14280,163838,20149,282034,273860,754161,12,NOT AVAILABLE — LAB MEASUREMENT REQUIRED,NOT AVAILABLE — LAB MEASUREMENT REQUIRED,NOT AVAILABLE — FIELD DATA REQUIRED,284.7,local generated asset inventory; production HEAD/GET probe where enabled,Estimated uncompressed bytes; browser transfer and cache behavior differ.
baseline,https://robertdevore.com/introducing-pattern-pal-ai-powered-patterns-for-wordpress/,14886,163838,20149,832204,273860,1304937,15,NOT AVAILABLE — LAB MEASUREMENT REQUIRED,NOT AVAILABLE — LAB MEASUREMENT REQUIRED,NOT AVAILABLE — FIELD DATA REQUIRED,301.7,local generated asset inventory; production HEAD/GET probe where enabled,Estimated uncompressed bytes; browser transfer and cache behavior differ.
baseline,https://robertdevore.com/introducing-persistent-dismissible-notices/,14976,163838,20149,1364560,273860,1837383,14,NOT AVAILABLE — LAB MEASUREMENT REQUIRED,NOT AVAILABLE — LAB MEASUREMENT REQUIRED,NOT AVAILABLE — FIELD DATA REQUIRED,252.0,local generated asset inventory; production HEAD/GET probe where enabled,Estimated uncompressed bytes; browser transfer and cache behavior differ.
baseline,https://robertdevore.com/introducing-projects-for-wordpress-a-better-way-to-showcase-your-work/,18274,163838,20149,3507892,273860,3984013,18,NOT AVAILABLE — LAB MEASUREMENT REQUIRED,NOT AVAILABLE — LAB MEASUREMENT REQUIRED,NOT AVAILABLE — FIELD DATA REQUIRED,319.3,local generated asset inventory; production HEAD/GET probe where enabled,Estimated uncompressed bytes; browser transfer and cache behavior differ.
baseline,https://robertdevore.com/introducing-purchase-orders-for-woocommerce-free/,15890,163838,20149,963386,273860,1437123,16,NOT AVAILABLE — LAB MEASUREMENT REQUIRED,NOT AVAILABLE — LAB MEASUREMENT REQUIRED,NOT AVAILABLE — FIELD DATA REQUIRED,317.2,local generated asset inventory; production HEAD/GET probe where enabled,Estimated uncompressed bytes; browser transfer and cache behavior differ.
baseline,https://robertdevore.com/introducing-seo-for-wordpress/,17538,163838,20149,1976360,273860,2451745,16,NOT AVAILABLE — LAB MEASUREMENT REQUIRED,NOT AVAILABLE — LAB MEASUREMENT REQUIRED,NOT AVAILABLE — FIELD DATA REQUIRED,370.4,local generated asset inventory; production HEAD/GET probe where enabled,Estimated uncompressed bytes; browser transfer and cache behavior differ.
baseline,https://robertdevore.com/introducing-shipping-multiple-addresses-for-woocommerce-free/,16360,163838,20149,777024,273860,1251231,16,NOT AVAILABLE — LAB MEASUREMENT REQUIRED,NOT AVAILABLE — LAB MEASUREMENT REQUIRED,NOT AVAILABLE — FIELD DATA REQUIRED,422.3,local generated asset inventory; production HEAD/GET probe where enabled,Estimated uncompressed bytes; browser transfer and cache behavior differ.
baseline,https://robertdevore.com/introducing-site-vitals-for-wordpress/,18236,163838,20149,1514908,273860,1990991,17,NOT AVAILABLE — LAB MEASUREMENT REQUIRED,NOT AVAILABLE — LAB MEASUREMENT REQUIRED,NOT AVAILABLE — FIELD DATA REQUIRED,448.2,local generated asset inventory; production HEAD/GET probe where enabled,Estimated uncompressed bytes; browser transfer and cache behavior differ.
baseline,https://robertdevore.com/introducing-slop-stopper-a-free-content-checker-for-wordpress/,14509,163838,20149,650018,273860,1122374,15,NOT AVAILABLE — LAB MEASUREMENT REQUIRED,NOT AVAILABLE — LAB MEASUREMENT REQUIRED,NOT AVAILABLE — FIELD DATA REQUIRED,381.6,local generated asset inventory; production HEAD/GET probe where enabled,Estimated uncompressed bytes; browser transfer and cache behavior differ.
baseline,https://robertdevore.com/introducing-stats-for-wordpress/,16451,163838,20149,1354568,273860,1828866,15,NOT AVAILABLE — LAB MEASUREMENT REQUIRED,NOT AVAILABLE — LAB MEASUREMENT REQUIRED,NOT AVAILABLE — FIELD DATA REQUIRED,372.7,local generated asset inventory; production HEAD/GET probe where enabled,Estimated uncompressed bytes; browser transfer and cache behavior differ.
baseline,https://robertdevore.com/introducing-table-block-enhancer-for-wordpress/,15651,163838,20149,3135502,273860,3609000,14,NOT AVAILABLE — LAB MEASUREMENT REQUIRED,NOT AVAILABLE — LAB MEASUREMENT REQUIRED,NOT AVAILABLE — FIELD DATA REQUIRED,335.3,local generated asset inventory; production HEAD/GET probe where enabled,Estimated uncompressed bytes; browser transfer and cache behavior differ.
baseline,https://robertdevore.com/introducing-test-orders-for-woocommerce/,15433,163838,20149,911904,273860,1385184,16,NOT AVAILABLE — LAB MEASUREMENT REQUIRED,NOT AVAILABLE — LAB MEASUREMENT REQUIRED,NOT AVAILABLE — FIELD DATA REQUIRED,376.3,local generated asset inventory; production HEAD/GET probe where enabled,Estimated uncompressed bytes; browser transfer and cache behavior differ.
baseline,https://robertdevore.com/introducing-the-phlush-permalinks-wordpress-plugin/,15633,163838,20149,583444,273860,1056924,14,NOT AVAILABLE — LAB MEASUREMENT REQUIRED,NOT AVAILABLE — LAB MEASUREMENT REQUIRED,NOT AVAILABLE — FIELD DATA REQUIRED,324.7,local generated asset inventory; production HEAD/GET probe where enabled,Estimated uncompressed bytes; browser transfer and cache behavior differ.
baseline,https://robertdevore.com/introducing-the-prompts-library-a-playground-for-ai-creativity/,13793,163838,20149,153700,273860,625340,11,NOT AVAILABLE — LAB MEASUREMENT REQUIRED,NOT AVAILABLE — LAB MEASUREMENT REQUIRED,NOT AVAILABLE — FIELD DATA REQUIRED,250.2,local generated asset inventory; production HEAD/GET probe where enabled,Estimated uncompressed bytes; browser transfer and cache behavior differ.
baseline,https://robertdevore.com/introducing-the-user-login-status-plugin-for-wordpress/,15935,163838,20149,146822,273860,620604,12,NOT AVAILABLE — LAB MEASUREMENT REQUIRED,NOT AVAILABLE — LAB MEASUREMENT REQUIRED,NOT AVAILABLE — FIELD DATA REQUIRED,242.1,local generated asset inventory; production HEAD/GET probe where enabled,Estimated uncompressed bytes; browser transfer and cache behavior differ.
baseline,https://robertdevore.com/introducing-vertical-gallery-product-display-for-woocommerce/,15145,163838,20149,2094460,273860,2567452,14,NOT AVAILABLE — LAB MEASUREMENT REQUIRED,NOT AVAILABLE — LAB MEASUREMENT REQUIRED,NOT AVAILABLE — FIELD DATA REQUIRED,242.7,local generated asset inventory; production HEAD/GET probe where enabled,Estimated uncompressed bytes; browser transfer and cache behavior differ.
baseline,https://robertdevore.com/introducing-widget-usage-tracker-for-elementor/,17849,163838,20149,1670852,273860,2146548,14,NOT AVAILABLE — LAB MEASUREMENT REQUIRED,NOT AVAILABLE — LAB MEASUREMENT REQUIRED,NOT AVAILABLE — FIELD DATA REQUIRED,229.1,local generated asset inventory; production HEAD/GET probe where enabled,Estimated uncompressed bytes; browser transfer and cache behavior differ.
baseline,https://robertdevore.com/invest-in-yourself/,16802,163838,20149,132398,273860,607047,11,NOT AVAILABLE — LAB MEASUREMENT REQUIRED,NOT AVAILABLE — LAB MEASUREMENT REQUIRED,NOT AVAILABLE — FIELD DATA REQUIRED,308.5,local generated asset inventory; production HEAD/GET probe where enabled,Estimated uncompressed bytes; browser transfer and cache behavior differ.
baseline,https://robertdevore.com/kevin-michael-geary-a-hidden-history-of-hate-racism-and-bigotry/,23305,163838,20149,1023752,273860,1504904,14,NOT AVAILABLE — LAB MEASUREMENT REQUIRED,NOT AVAILABLE — LAB MEASUREMENT REQUIRED,NOT AVAILABLE — FIELD DATA REQUIRED,310.3,local generated asset inventory; production HEAD/GET probe where enabled,Estimated uncompressed bytes; browser transfer and cache behavior differ.
baseline,https://robertdevore.com/leafly-reviews-wordpress-plugin/,16079,163838,20149,156172,273860,630098,12,NOT AVAILABLE — LAB MEASUREMENT REQUIRED,NOT AVAILABLE — LAB MEASUREMENT REQUIRED,NOT AVAILABLE — FIELD DATA REQUIRED,282.2,local generated asset inventory; production HEAD/GET probe where enabled,Estimated uncompressed bytes; browser transfer and cache behavior differ.
baseline,https://robertdevore.com/leap-the-code-of-extreme-leadership/,21866,163838,20149,2099226,273860,2578939,17,NOT AVAILABLE — LAB MEASUREMENT REQUIRED,NOT AVAILABLE — LAB MEASUREMENT REQUIRED,NOT AVAILABLE — FIELD DATA REQUIRED,268.4,local generated asset inventory; production HEAD/GET probe where enabled,Estimated uncompressed bytes; browser transfer and cache behavior differ.
baseline,https://robertdevore.com/making-up-for-lost-time/,16645,163838,20149,118056,273860,592548,11,NOT AVAILABLE — LAB MEASUREMENT REQUIRED,NOT AVAILABLE — LAB MEASUREMENT REQUIRED,NOT AVAILABLE — FIELD DATA REQUIRED,314.7,local generated asset inventory; production HEAD/GET probe where enabled,Estimated uncompressed bytes; browser transfer and cache behavior differ.
baseline,https://robertdevore.com/mnml-free-minimalist-wordpress-theme/,14013,163838,20149,269378,273860,741238,12,NOT AVAILABLE — LAB MEASUREMENT REQUIRED,NOT AVAILABLE — LAB MEASUREMENT REQUIRED,NOT AVAILABLE — FIELD DATA REQUIRED,298.6,local generated asset inventory; production HEAD/GET probe where enabled,Estimated uncompressed bytes; browser transfer and cache behavior differ.
baseline,https://robertdevore.com/my-brothers-keeper-sons-of-anarchy-fanfiction/,12690,163838,20149,153700,273860,624237,11,NOT AVAILABLE — LAB MEASUREMENT REQUIRED,NOT AVAILABLE — LAB MEASUREMENT REQUIRED,NOT AVAILABLE — FIELD DATA REQUIRED,300.7,local generated asset inventory; production HEAD/GET probe where enabled,Estimated uncompressed bytes; browser transfer and cache behavior differ.
baseline,https://robertdevore.com/my-development-projects/,15875,163838,20149,153700,273860,627422,11,NOT AVAILABLE — LAB MEASUREMENT REQUIRED,NOT AVAILABLE — LAB MEASUREMENT REQUIRED,NOT AVAILABLE — FIELD DATA REQUIRED,305.4,local generated asset inventory; production HEAD/GET probe where enabled,Estimated uncompressed bytes; browser transfer and cache behavior differ.
baseline,https://robertdevore.com/open-source-is-anarchism-in-action/,14011,163838,20149,746748,273860,1218606,14,NOT AVAILABLE — LAB MEASUREMENT REQUIRED,NOT AVAILABLE — LAB MEASUREMENT REQUIRED,NOT AVAILABLE — FIELD DATA REQUIRED,275.8,local generated asset inventory; production HEAD/GET probe where enabled,Estimated uncompressed bytes; browser transfer and cache behavior differ.
baseline,https://robertdevore.com/organized-chaos/,13703,163838,20149,118056,273860,589606,11,NOT AVAILABLE — LAB MEASUREMENT REQUIRED,NOT AVAILABLE — LAB MEASUREMENT REQUIRED,NOT AVAILABLE — FIELD DATA REQUIRED,250.7,local generated asset inventory; production HEAD/GET probe where enabled,Estimated uncompressed bytes; browser transfer and cache behavior differ.
baseline,https://robertdevore.com/page/10/,15205,163838,20149,653276,273860,1126328,12,NOT AVAILABLE — LAB MEASUREMENT REQUIRED,NOT AVAILABLE — LAB MEASUREMENT REQUIRED,NOT AVAILABLE — FIELD DATA REQUIRED,263.5,local generated asset inventory; production HEAD/GET probe where enabled,Estimated uncompressed bytes; browser transfer and cache behavior differ.
baseline,https://robertdevore.com/page/11/,15205,163838,20149,653276,273860,1126328,12,NOT AVAILABLE — LAB MEASUREMENT REQUIRED,NOT AVAILABLE — LAB MEASUREMENT REQUIRED,NOT AVAILABLE — FIELD DATA REQUIRED,404.6,local generated asset inventory; production HEAD/GET probe where enabled,Estimated uncompressed bytes; browser transfer and cache behavior differ.
baseline,https://robertdevore.com/page/12/,15205,163838,20149,653276,273860,1126328,12,NOT AVAILABLE — LAB MEASUREMENT REQUIRED,NOT AVAILABLE — LAB MEASUREMENT REQUIRED,NOT AVAILABLE — FIELD DATA REQUIRED,240.9,local generated asset inventory; production HEAD/GET probe where enabled,Estimated uncompressed bytes; browser transfer and cache behavior differ.
baseline,https://robertdevore.com/page/2/,15201,163838,20149,653276,273860,1126324,12,NOT AVAILABLE — LAB MEASUREMENT REQUIRED,NOT AVAILABLE — LAB MEASUREMENT REQUIRED,NOT AVAILABLE — FIELD DATA REQUIRED,338.8,local generated asset inventory; production HEAD/GET probe where enabled,Estimated uncompressed bytes; browser transfer and cache behavior differ.
baseline,https://robertdevore.com/page/3/,15201,163838,20149,653276,273860,1126324,12,NOT AVAILABLE — LAB MEASUREMENT REQUIRED,NOT AVAILABLE — LAB MEASUREMENT REQUIRED,NOT AVAILABLE — FIELD DATA REQUIRED,321.4,local generated asset inventory; production HEAD/GET probe where enabled,Estimated uncompressed bytes; browser transfer and cache behavior differ.
baseline,https://robertdevore.com/page/4/,15201,163838,20149,653276,273860,1126324,12,NOT AVAILABLE — LAB MEASUREMENT REQUIRED,NOT AVAILABLE — LAB MEASUREMENT REQUIRED,NOT AVAILABLE — FIELD DATA REQUIRED,319.5,local generated asset inventory; production HEAD/GET probe where enabled,Estimated uncompressed bytes; browser transfer and cache behavior differ.
baseline,https://robertdevore.com/page/5/,15201,163838,20149,653276,273860,1126324,12,NOT AVAILABLE — LAB MEASUREMENT REQUIRED,NOT AVAILABLE — LAB MEASUREMENT REQUIRED,NOT AVAILABLE — FIELD DATA REQUIRED,439.0,local generated asset inventory; production HEAD/GET probe where enabled,Estimated uncompressed bytes; browser transfer and cache behavior differ.
baseline,https://robertdevore.com/page/6/,15201,163838,20149,653276,273860,1126324,12,NOT AVAILABLE — LAB MEASUREMENT REQUIRED,NOT AVAILABLE — LAB MEASUREMENT REQUIRED,NOT AVAILABLE — FIELD DATA REQUIRED,415.2,local generated asset inventory; production HEAD/GET probe where enabled,Estimated uncompressed bytes; browser transfer and cache behavior differ.
baseline,https://robertdevore.com/page/7/,15201,163838,20149,653276,273860,1126324,12,NOT AVAILABLE — LAB MEASUREMENT REQUIRED,NOT AVAILABLE — LAB MEASUREMENT REQUIRED,NOT AVAILABLE — FIELD DATA REQUIRED,518.5,local generated asset inventory; production HEAD/GET probe where enabled,Estimated uncompressed bytes; browser transfer and cache behavior differ.
baseline,https://robertdevore.com/page/8/,15201,163838,20149,653276,273860,1126324,12,NOT AVAILABLE — LAB MEASUREMENT REQUIRED,NOT AVAILABLE — LAB MEASUREMENT REQUIRED,NOT AVAILABLE — FIELD DATA REQUIRED,357.8,local generated asset inventory; production HEAD/GET probe where enabled,Estimated uncompressed bytes; browser transfer and cache behavior differ.
baseline,https://robertdevore.com/page/9/,15201,163838,20149,653276,273860,1126324,12,NOT AVAILABLE — LAB MEASUREMENT REQUIRED,NOT AVAILABLE — LAB MEASUREMENT REQUIRED,NOT AVAILABLE — FIELD DATA REQUIRED,306.9,local generated asset inventory; production HEAD/GET probe where enabled,Estimated uncompressed bytes; browser transfer and cache behavior differ.
baseline,https://robertdevore.com/patience/,13831,163838,20149,153700,273860,625378,11,NOT AVAILABLE — LAB MEASUREMENT REQUIRED,NOT AVAILABLE — LAB MEASUREMENT REQUIRED,NOT AVAILABLE — FIELD DATA REQUIRED,263.1,local generated asset inventory; production HEAD/GET probe where enabled,Estimated uncompressed bytes; browser transfer and cache behavior differ.
baseline,https://robertdevore.com/peddle-free-wordpress-theme-for-easy-digital-downloads/,16792,163838,20149,157924,273860,632563,14,NOT AVAILABLE — LAB MEASUREMENT REQUIRED,NOT AVAILABLE — LAB MEASUREMENT REQUIRED,NOT AVAILABLE — FIELD DATA REQUIRED,226.2,local generated asset inventory; production HEAD/GET probe where enabled,Estimated uncompressed bytes; browser transfer and cache behavior differ.
baseline,https://robertdevore.com/plan-prompt-publish-a-practical-guide-to-creating-beautifully-useful-content-with-ai/,16105,163838,20149,838464,273860,1312416,15,NOT AVAILABLE — LAB MEASUREMENT REQUIRED,NOT AVAILABLE — LAB MEASUREMENT REQUIRED,NOT AVAILABLE — FIELD DATA REQUIRED,276.1,local generated asset inventory; production HEAD/GET probe where enabled,Estimated uncompressed bytes; browser transfer and cache behavior differ.
baseline,https://robertdevore.com/projects/,12454,163838,20149,132398,273860,602699,11,NOT AVAILABLE — LAB MEASUREMENT REQUIRED,NOT AVAILABLE — LAB MEASUREMENT REQUIRED,NOT AVAILABLE — FIELD DATA REQUIRED,240.1,local generated asset inventory; production HEAD/GET probe where enabled,Estimated uncompressed bytes; browser transfer and cache behavior differ.
baseline,https://robertdevore.com/projects/agents-sdk/,10304,163838,20149,153700,273860,621851,11,NOT AVAILABLE — LAB MEASUREMENT REQUIRED,NOT AVAILABLE — LAB MEASUREMENT REQUIRED,NOT AVAILABLE — FIELD DATA REQUIRED,243.0,local generated asset inventory; production HEAD/GET probe where enabled,Estimated uncompressed bytes; browser transfer and cache behavior differ.
baseline,https://robertdevore.com/projects/dispatch/,10245,163838,20149,153700,273860,621792,11,NOT AVAILABLE — LAB MEASUREMENT REQUIRED,NOT AVAILABLE — LAB MEASUREMENT REQUIRED,NOT AVAILABLE — FIELD DATA REQUIRED,330.6,local generated asset inventory; production HEAD/GET probe where enabled,Estimated uncompressed bytes; browser transfer and cache behavior differ.
baseline,https://robertdevore.com/projects/kujo/,10556,163838,20149,153700,273860,622103,11,NOT AVAILABLE — LAB MEASUREMENT REQUIRED,NOT AVAILABLE — LAB MEASUREMENT REQUIRED,NOT AVAILABLE — FIELD DATA REQUIRED,333.7,local generated asset inventory; production HEAD/GET probe where enabled,Estimated uncompressed bytes; browser transfer and cache behavior differ.
baseline,https://robertdevore.com/projects/lens/,9958,163838,20149,153700,273860,621505,11,NOT AVAILABLE — LAB MEASUREMENT REQUIRED,NOT AVAILABLE — LAB MEASUREMENT REQUIRED,NOT AVAILABLE — FIELD DATA REQUIRED,285.4,local generated asset inventory; production HEAD/GET probe where enabled,Estimated uncompressed bytes; browser transfer and cache behavior differ.
baseline,https://robertdevore.com/projects/sitekit/,10239,163838,20149,153700,273860,621786,11,NOT AVAILABLE — LAB MEASUREMENT REQUIRED,NOT AVAILABLE — LAB MEASUREMENT REQUIRED,NOT AVAILABLE — FIELD DATA REQUIRED,260.0,local generated asset inventory; production HEAD/GET probe where enabled,Estimated uncompressed bytes; browser transfer and cache behavior differ.
baseline,https://robertdevore.com/projects/ssg/,10339,163838,20149,153700,273860,621886,11,NOT AVAILABLE — LAB MEASUREMENT REQUIRED,NOT AVAILABLE — LAB MEASUREMENT REQUIRED,NOT AVAILABLE — FIELD DATA REQUIRED,249.3,local generated asset inventory; production HEAD/GET probe where enabled,Estimated uncompressed bytes; browser transfer and cache behavior differ.
baseline,https://robertdevore.com/release-notes-back-in-stock-notifications-for-woocommerce-free-v1-0-1/,14091,163838,20149,1476114,273860,1948052,15,NOT AVAILABLE — LAB MEASUREMENT REQUIRED,NOT AVAILABLE — LAB MEASUREMENT REQUIRED,NOT AVAILABLE — FIELD DATA REQUIRED,259.1,local generated asset inventory; production HEAD/GET probe where enabled,Estimated uncompressed bytes; browser transfer and cache behavior differ.
baseline,https://robertdevore.com/relentless/,16315,163838,20149,132398,273860,606560,11,NOT AVAILABLE — LAB MEASUREMENT REQUIRED,NOT AVAILABLE — LAB MEASUREMENT REQUIRED,NOT AVAILABLE — FIELD DATA REQUIRED,346.6,local generated asset inventory; production HEAD/GET probe where enabled,Estimated uncompressed bytes; browser transfer and cache behavior differ.
baseline,https://robertdevore.com/rethinking-keyword-research-in-the-age-of-ai/,16627,163838,20149,1946616,273860,2421090,16,NOT AVAILABLE — LAB MEASUREMENT REQUIRED,NOT AVAILABLE — LAB MEASUREMENT REQUIRED,NOT AVAILABLE — FIELD DATA REQUIRED,311.1,local generated asset inventory; production HEAD/GET probe where enabled,Estimated uncompressed bytes; browser transfer and cache behavior differ.
baseline,https://robertdevore.com/reusable-flask-error-handling-a-step-by-step-guide-to-modular-http-error-responses/,17592,163838,20149,118056,273860,593495,11,NOT AVAILABLE — LAB MEASUREMENT REQUIRED,NOT AVAILABLE — LAB MEASUREMENT REQUIRED,NOT AVAILABLE — FIELD DATA REQUIRED,392.6,local generated asset inventory; production HEAD/GET probe where enabled,Estimated uncompressed bytes; browser transfer and cache behavior differ.
baseline,https://robertdevore.com/run-a-tor-relay/,18831,163838,20149,415242,273860,891920,18,NOT AVAILABLE — LAB MEASUREMENT REQUIRED,NOT AVAILABLE — LAB MEASUREMENT REQUIRED,NOT AVAILABLE — FIELD DATA REQUIRED,281.8,local generated asset inventory; production HEAD/GET probe where enabled,Estimated uncompressed bytes; browser transfer and cache behavior differ.
baseline,https://robertdevore.com/say-goodbye-to-wordpress/,16772,163838,20149,1021038,273860,1495657,12,NOT AVAILABLE — LAB MEASUREMENT REQUIRED,NOT AVAILABLE — LAB MEASUREMENT REQUIRED,NOT AVAILABLE — FIELD DATA REQUIRED,268.9,local generated asset inventory; production HEAD/GET probe where enabled,Estimated uncompressed bytes; browser transfer and cache behavior differ.
baseline,https://robertdevore.com/set-featured-images-programatically-wordpress/,12975,163838,20149,4056414,273860,4527236,13,NOT AVAILABLE — LAB MEASUREMENT REQUIRED,NOT AVAILABLE — LAB MEASUREMENT REQUIRED,NOT AVAILABLE — FIELD DATA REQUIRED,359.5,local generated asset inventory; production HEAD/GET probe where enabled,Estimated uncompressed bytes; browser transfer and cache behavior differ.
baseline,https://robertdevore.com/slackedd/,14521,163838,20149,227160,273860,699528,14,NOT AVAILABLE — LAB MEASUREMENT REQUIRED,NOT AVAILABLE — LAB MEASUREMENT REQUIRED,NOT AVAILABLE — FIELD DATA REQUIRED,358.3,local generated asset inventory; production HEAD/GET probe where enabled,Estimated uncompressed bytes; browser transfer and cache behavior differ.
baseline,https://robertdevore.com/stattic-v0-3-0-release-llms-txt-faster-gifs-leaner-core-and-smarter-routing/,13150,163838,20149,132398,273860,603395,11,NOT AVAILABLE — LAB MEASUREMENT REQUIRED,NOT AVAILABLE — LAB MEASUREMENT REQUIRED,NOT AVAILABLE — FIELD DATA REQUIRED,344.4,local generated asset inventory; production HEAD/GET probe where enabled,Estimated uncompressed bytes; browser transfer and cache behavior differ.
baseline,https://robertdevore.com/stattic-v1-0-the-worlds-fastest-python-based-static-site-generator/,16115,163838,20149,153700,273860,627662,11,NOT AVAILABLE — LAB MEASUREMENT REQUIRED,NOT AVAILABLE — LAB MEASUREMENT REQUIRED,NOT AVAILABLE — FIELD DATA REQUIRED,340.6,local generated asset inventory; production HEAD/GET probe where enabled,Estimated uncompressed bytes; browser transfer and cache behavior differ.
baseline,https://robertdevore.com/stop-gambling-with-client-trust-why-skipping-a-security-audit-is-a-risk-you-cant-afford/,18803,163838,20149,19948620,273860,20425270,20,NOT AVAILABLE — LAB MEASUREMENT REQUIRED,NOT AVAILABLE — LAB MEASUREMENT REQUIRED,NOT AVAILABLE — FIELD DATA REQUIRED,397.3,local generated asset inventory; production HEAD/GET probe where enabled,Estimated uncompressed bytes; browser transfer and cache behavior differ.
baseline,https://robertdevore.com/tag/,11293,163838,20149,118056,273860,587196,11,NOT AVAILABLE — LAB MEASUREMENT REQUIRED,NOT AVAILABLE — LAB MEASUREMENT REQUIRED,NOT AVAILABLE — FIELD DATA REQUIRED,362.9,local generated asset inventory; production HEAD/GET probe where enabled,Estimated uncompressed bytes; browser transfer and cache behavior differ.
baseline,https://robertdevore.com/tag/ai/,9935,163838,20149,153700,273860,621482,11,NOT AVAILABLE — LAB MEASUREMENT REQUIRED,NOT AVAILABLE — LAB MEASUREMENT REQUIRED,NOT AVAILABLE — FIELD DATA REQUIRED,349.2,local generated asset inventory; production HEAD/GET probe where enabled,Estimated uncompressed bytes; browser transfer and cache behavior differ.
baseline,https://robertdevore.com/tag/archive/,8304,163838,20149,153700,273860,619851,11,NOT AVAILABLE — LAB MEASUREMENT REQUIRED,NOT AVAILABLE — LAB MEASUREMENT REQUIRED,NOT AVAILABLE — FIELD DATA REQUIRED,324.8,local generated asset inventory; production HEAD/GET probe where enabled,Estimated uncompressed bytes; browser transfer and cache behavior differ.
baseline,https://robertdevore.com/tag/engineering/,9382,163838,20149,153700,273860,620929,11,NOT AVAILABLE — LAB MEASUREMENT REQUIRED,NOT AVAILABLE — LAB MEASUREMENT REQUIRED,NOT AVAILABLE — FIELD DATA REQUIRED,310.4,local generated asset inventory; production HEAD/GET probe where enabled,Estimated uncompressed bytes; browser transfer and cache behavior differ.
baseline,https://robertdevore.com/tag/essays/,8140,163838,20149,153700,273860,619687,11,NOT AVAILABLE — LAB MEASUREMENT REQUIRED,NOT AVAILABLE — LAB MEASUREMENT REQUIRED,NOT AVAILABLE — FIELD DATA REQUIRED,393.3,local generated asset inventory; production HEAD/GET probe where enabled,Estimated uncompressed bytes; browser transfer and cache behavior differ.
baseline,https://robertdevore.com/tag/woocommerce/,12073,163838,20149,153700,273860,623620,11,NOT AVAILABLE — LAB MEASUREMENT REQUIRED,NOT AVAILABLE — LAB MEASUREMENT REQUIRED,NOT AVAILABLE — FIELD DATA REQUIRED,312.3,local generated asset inventory; production HEAD/GET probe where enabled,Estimated uncompressed bytes; browser transfer and cache behavior differ.
baseline,https://robertdevore.com/tag/wordpress/,21768,163838,20149,153700,273860,633315,11,NOT AVAILABLE — LAB MEASUREMENT REQUIRED,NOT AVAILABLE — LAB MEASUREMENT REQUIRED,NOT AVAILABLE — FIELD DATA REQUIRED,318.2,local generated asset inventory; production HEAD/GET probe where enabled,Estimated uncompressed bytes; browser transfer and cache behavior differ.
baseline,https://robertdevore.com/thank-you-wordpress/,13102,163838,20149,118056,273860,589005,11,NOT AVAILABLE — LAB MEASUREMENT REQUIRED,NOT AVAILABLE — LAB MEASUREMENT REQUIRED,NOT AVAILABLE — FIELD DATA REQUIRED,227.8,local generated asset inventory; production HEAD/GET probe where enabled,Estimated uncompressed bytes; browser transfer and cache behavior differ.
baseline,https://robertdevore.com/the-fastest-way-for-php-devs-to-learn-python/,17131,163838,20149,153700,273860,628678,11,NOT AVAILABLE — LAB MEASUREMENT REQUIRED,NOT AVAILABLE — LAB MEASUREMENT REQUIRED,NOT AVAILABLE — FIELD DATA REQUIRED,202.3,local generated asset inventory; production HEAD/GET probe where enabled,Estimated uncompressed bytes; browser transfer and cache behavior differ.
baseline,https://robertdevore.com/the-past-present-and-future-of-wp-dispensary/,14645,163838,20149,5733448,273860,6205940,16,NOT AVAILABLE — LAB MEASUREMENT REQUIRED,NOT AVAILABLE — LAB MEASUREMENT REQUIRED,NOT AVAILABLE — FIELD DATA REQUIRED,227.7,local generated asset inventory; production HEAD/GET probe where enabled,Estimated uncompressed bytes; browser transfer and cache behavior differ.
baseline,https://robertdevore.com/tools-and-workflows-for-formatting-visuals-and-citations/,18525,163838,20149,860610,273860,1336982,16,NOT AVAILABLE — LAB MEASUREMENT REQUIRED,NOT AVAILABLE — LAB MEASUREMENT REQUIRED,NOT AVAILABLE — FIELD DATA REQUIRED,347.3,local generated asset inventory; production HEAD/GET probe where enabled,Estimated uncompressed bytes; browser transfer and cache behavior differ.
baseline,https://robertdevore.com/twitter-marketing/,21169,163838,20149,584410,273860,1063426,19,NOT AVAILABLE — LAB MEASUREMENT REQUIRED,NOT AVAILABLE — LAB MEASUREMENT REQUIRED,NOT AVAILABLE — FIELD DATA REQUIRED,236.7,local generated asset inventory; production HEAD/GET probe where enabled,Estimated uncompressed bytes; browser transfer and cache behavior differ.
baseline,https://robertdevore.com/two-years-building-wp-dispensary/,24336,163838,20149,220104,273860,702287,14,NOT AVAILABLE — LAB MEASUREMENT REQUIRED,NOT AVAILABLE — LAB MEASUREMENT REQUIRED,NOT AVAILABLE — FIELD DATA REQUIRED,323.5,local generated asset inventory; production HEAD/GET probe where enabled,Estimated uncompressed bytes; browser transfer and cache behavior differ.
baseline,https://robertdevore.com/use-ai-to-create-your-own-wwf-action-figure-blister-packs/,13724,163838,20149,1529538,273860,2001109,13,NOT AVAILABLE — LAB MEASUREMENT REQUIRED,NOT AVAILABLE — LAB MEASUREMENT REQUIRED,NOT AVAILABLE — FIELD DATA REQUIRED,253.3,local generated asset inventory; production HEAD/GET probe where enabled,Estimated uncompressed bytes; browser transfer and cache behavior differ.
baseline,https://robertdevore.com/what-makes-content-beautifully-useful/,18042,163838,20149,885802,273860,1361691,16,NOT AVAILABLE — LAB MEASUREMENT REQUIRED,NOT AVAILABLE — LAB MEASUREMENT REQUIRED,NOT AVAILABLE — FIELD DATA REQUIRED,214.5,local generated asset inventory; production HEAD/GET probe where enabled,Estimated uncompressed bytes; browser transfer and cache behavior differ.
baseline,https://robertdevore.com/why-wordpress-plugin-developers-need-security-audits/,17853,163838,20149,3374638,273860,3850338,17,NOT AVAILABLE — LAB MEASUREMENT REQUIRED,NOT AVAILABLE — LAB MEASUREMENT REQUIRED,NOT AVAILABLE — FIELD DATA REQUIRED,387.2,local generated asset inventory; production HEAD/GET probe where enabled,Estimated uncompressed bytes; browser transfer and cache behavior differ.
baseline,https://robertdevore.com/woocommerce-dispensary-details-plugin/,13986,163838,20149,2842958,273860,3314791,18,NOT AVAILABLE — LAB MEASUREMENT REQUIRED,NOT AVAILABLE — LAB MEASUREMENT REQUIRED,NOT AVAILABLE — FIELD DATA REQUIRED,338.1,local generated asset inventory; production HEAD/GET probe where enabled,Estimated uncompressed bytes; browser transfer and cache behavior differ.
baseline,https://robertdevore.com/wordpress-custom-post-types-code-snippets/,17313,163838,20149,132398,273860,607558,11,NOT AVAILABLE — LAB MEASUREMENT REQUIRED,NOT AVAILABLE — LAB MEASUREMENT REQUIRED,NOT AVAILABLE — FIELD DATA REQUIRED,388.1,local generated asset inventory; production HEAD/GET probe where enabled,Estimated uncompressed bytes; browser transfer and cache behavior differ.
baseline,https://robertdevore.com/wordpress-plugin-security-is-a-joke-and-youre-the-punchline/,15895,163838,20149,1641732,273860,2115474,15,NOT AVAILABLE — LAB MEASUREMENT REQUIRED,NOT AVAILABLE — LAB MEASUREMENT REQUIRED,NOT AVAILABLE — FIELD DATA REQUIRED,295.8,local generated asset inventory; production HEAD/GET probe where enabled,Estimated uncompressed bytes; browser transfer and cache behavior differ.
baseline,https://robertdevore.com/wordpress-woocommerce-plugins-i-will-no-longer-maintain/,19841,163838,20149,132398,273860,610086,11,NOT AVAILABLE — LAB MEASUREMENT REQUIRED,NOT AVAILABLE — LAB MEASUREMENT REQUIRED,NOT AVAILABLE — FIELD DATA REQUIRED,261.4,local generated asset inventory; production HEAD/GET probe where enabled,Estimated uncompressed bytes; browser transfer and cache behavior differ.
baseline,https://robertdevore.com/wp-dispensary-v2/,16078,163838,20149,1074388,273860,1548313,14,NOT AVAILABLE — LAB MEASUREMENT REQUIRED,NOT AVAILABLE — LAB MEASUREMENT REQUIRED,NOT AVAILABLE — FIELD DATA REQUIRED,287.6,local generated asset inventory; production HEAD/GET probe where enabled,Estimated uncompressed bytes; browser transfer and cache behavior differ.
baseline,https://robertdevore.com/wp-dispensary/,13890,163838,20149,311672,273860,783409,18,NOT AVAILABLE — LAB MEASUREMENT REQUIRED,NOT AVAILABLE — LAB MEASUREMENT REQUIRED,NOT AVAILABLE — FIELD DATA REQUIRED,245.0,local generated asset inventory; production HEAD/GET probe where enabled,Estimated uncompressed bytes; browser transfer and cache behavior differ.
baseline,https://robertdevore.com/wp-townhall-13-the-debate-kevin-geary-doesnt-want-you-to-see/,13111,163838,20149,153700,273860,624658,11,NOT AVAILABLE — LAB MEASUREMENT REQUIRED,NOT AVAILABLE — LAB MEASUREMENT REQUIRED,NOT AVAILABLE — FIELD DATA REQUIRED,271.1,local generated asset inventory; production HEAD/GET probe where enabled,Estimated uncompressed bytes; browser transfer and cache behavior differ.
baseline,https://robertdevore.com/wtf-is-wordpress/,26427,163838,20149,2908432,273860,3392706,19,NOT AVAILABLE — LAB MEASUREMENT REQUIRED,NOT AVAILABLE — LAB MEASUREMENT REQUIRED,NOT AVAILABLE — FIELD DATA REQUIRED,256.4,local generated asset inventory; production HEAD/GET probe where enabled,Estimated uncompressed bytes; browser transfer and cache behavior differ.
baseline,https://robertdevore.com/zero-cool-cli-a-hackers-terminal-from-1995/,17475,163838,20149,1651078,273860,2126400,14,NOT AVAILABLE — LAB MEASUREMENT REQUIRED,NOT AVAILABLE — LAB MEASUREMENT REQUIRED,NOT AVAILABLE — FIELD DATA REQUIRED,334.0,local generated asset inventory; production HEAD/GET probe where enabled,Estimated uncompressed bytes; browser transfer and cache behavior differ.
after,https://robertdevore.com/,15098,163838,20135,132398,273860,605329,11,NOT AVAILABLE — LAB MEASUREMENT REQUIRED,NOT AVAILABLE — LAB MEASUREMENT REQUIRED,NOT AVAILABLE — FIELD DATA REQUIRED,487.0,local generated asset inventory; production HEAD/GET probe where enabled,Estimated uncompressed bytes; browser transfer and cache behavior differ.
after,https://robertdevore.com/5-python-scripts-for-osint-and-pentesting/,16786,163838,20135,767080,273860,1241699,15,NOT AVAILABLE — LAB MEASUREMENT REQUIRED,NOT AVAILABLE — LAB MEASUREMENT REQUIRED,NOT AVAILABLE — FIELD DATA REQUIRED,421.3,local generated asset inventory; production HEAD/GET probe where enabled,Estimated uncompressed bytes; browser transfer and cache behavior differ.
after,https://robertdevore.com/5-questions-you-must-answer-before-writing-anything/,17891,163838,20135,481588,273860,957312,14,NOT AVAILABLE — LAB MEASUREMENT REQUIRED,NOT AVAILABLE — LAB MEASUREMENT REQUIRED,NOT AVAILABLE — FIELD DATA REQUIRED,437.9,local generated asset inventory; production HEAD/GET probe where enabled,Estimated uncompressed bytes; browser transfer and cache behavior differ.
after,https://robertdevore.com/5-things-i-learned-building-my-first-gutenberg-blocks-plugin/,19497,163838,20135,154834,273860,632164,12,NOT AVAILABLE — LAB MEASUREMENT REQUIRED,NOT AVAILABLE — LAB MEASUREMENT REQUIRED,NOT AVAILABLE — FIELD DATA REQUIRED,439.2,local generated asset inventory; production HEAD/GET probe where enabled,Estimated uncompressed bytes; browser transfer and cache behavior differ.
after,https://robertdevore.com/7-days-full-time-wp-dispensary/,17110,163838,20135,1380652,273860,1855595,16,NOT AVAILABLE — LAB MEASUREMENT REQUIRED,NOT AVAILABLE — LAB MEASUREMENT REQUIRED,NOT AVAILABLE — FIELD DATA REQUIRED,470.7,local generated asset inventory; production HEAD/GET probe where enabled,Estimated uncompressed bytes; browser transfer and cache behavior differ.
after,https://robertdevore.com/about/,10423,163838,20135,153700,273860,621956,11,NOT AVAILABLE — LAB MEASUREMENT REQUIRED,NOT AVAILABLE — LAB MEASUREMENT REQUIRED,NOT AVAILABLE — FIELD DATA REQUIRED,487.0,local generated asset inventory; production HEAD/GET probe where enabled,Estimated uncompressed bytes; browser transfer and cache behavior differ.
after,https://robertdevore.com/all-in-one-wp-migration-plugin-ddos-attack/,17954,163838,20135,7628974,273860,8104761,15,NOT AVAILABLE — LAB MEASUREMENT REQUIRED,NOT AVAILABLE — LAB MEASUREMENT REQUIRED,NOT AVAILABLE — FIELD DATA REQUIRED,438.3,local generated asset inventory; production HEAD/GET probe where enabled,Estimated uncompressed bytes; browser transfer and cache behavior differ.
after,https://robertdevore.com/back-to-basics/,14127,163838,20135,153700,273860,625660,11,NOT AVAILABLE — LAB MEASUREMENT REQUIRED,NOT AVAILABLE — LAB MEASUREMENT REQUIRED,NOT AVAILABLE — FIELD DATA REQUIRED,437.7,local generated asset inventory; production HEAD/GET probe where enabled,Estimated uncompressed bytes; browser transfer and cache behavior differ.
after,https://robertdevore.com/blog/,19339,163838,20135,153700,273860,630872,11,NOT AVAILABLE — LAB MEASUREMENT REQUIRED,NOT AVAILABLE — LAB MEASUREMENT REQUIRED,NOT AVAILABLE — FIELD DATA REQUIRED,395.2,local generated asset inventory; production HEAD/GET probe where enabled,Estimated uncompressed bytes; browser transfer and cache behavior differ.
after,https://robertdevore.com/blog/page/10/,18881,163838,20135,153700,273860,630414,11,NOT AVAILABLE — LAB MEASUREMENT REQUIRED,NOT AVAILABLE — LAB MEASUREMENT REQUIRED,NOT AVAILABLE — FIELD DATA REQUIRED,374.8,local generated asset inventory; production HEAD/GET probe where enabled,Estimated uncompressed bytes; browser transfer and cache behavior differ.
after,https://robertdevore.com/blog/page/11/,17971,163838,20135,153700,273860,629504,11,NOT AVAILABLE — LAB MEASUREMENT REQUIRED,NOT AVAILABLE — LAB MEASUREMENT REQUIRED,NOT AVAILABLE — FIELD DATA REQUIRED,495.8,local generated asset inventory; production HEAD/GET probe where enabled,Estimated uncompressed bytes; browser transfer and cache behavior differ.
after,https://robertdevore.com/blog/page/12/,13608,163838,20135,153700,273860,625141,11,NOT AVAILABLE — LAB MEASUREMENT REQUIRED,NOT AVAILABLE — LAB MEASUREMENT REQUIRED,NOT AVAILABLE — FIELD DATA REQUIRED,375.0,local generated asset inventory; production HEAD/GET probe where enabled,Estimated uncompressed bytes; browser transfer and cache behavior differ.
after,https://robertdevore.com/blog/page/2/,19646,163838,20135,153700,273860,631179,11,NOT AVAILABLE — LAB MEASUREMENT REQUIRED,NOT AVAILABLE — LAB MEASUREMENT REQUIRED,NOT AVAILABLE — FIELD DATA REQUIRED,433.7,local generated asset inventory; production HEAD/GET probe where enabled,Estimated uncompressed bytes; browser transfer and cache behavior differ.
after,https://robertdevore.com/blog/page/3/,19348,163838,20135,153700,273860,630881,11,NOT AVAILABLE — LAB MEASUREMENT REQUIRED,NOT AVAILABLE — LAB MEASUREMENT REQUIRED,NOT AVAILABLE — FIELD DATA REQUIRED,448.3,local generated asset inventory; production HEAD/GET probe where enabled,Estimated uncompressed bytes; browser transfer and cache behavior differ.
after,https://robertdevore.com/blog/page/4/,19845,163838,20135,153700,273860,631378,11,NOT AVAILABLE — LAB MEASUREMENT REQUIRED,NOT AVAILABLE — LAB MEASUREMENT REQUIRED,NOT AVAILABLE — FIELD DATA REQUIRED,449.3,local generated asset inventory; production HEAD/GET probe where enabled,Estimated uncompressed bytes; browser transfer and cache behavior differ.
after,https://robertdevore.com/blog/page/5/,19730,163838,20135,153700,273860,631263,11,NOT AVAILABLE — LAB MEASUREMENT REQUIRED,NOT AVAILABLE — LAB MEASUREMENT REQUIRED,NOT AVAILABLE — FIELD DATA REQUIRED,485.3,local generated asset inventory; production HEAD/GET probe where enabled,Estimated uncompressed bytes; browser transfer and cache behavior differ.
after,https://robertdevore.com/blog/page/6/,19624,163838,20135,153700,273860,631157,11,NOT AVAILABLE — LAB MEASUREMENT REQUIRED,NOT AVAILABLE — LAB MEASUREMENT REQUIRED,NOT AVAILABLE — FIELD DATA REQUIRED,233.1,local generated asset inventory; production HEAD/GET probe where enabled,Estimated uncompressed bytes; browser transfer and cache behavior differ.
after,https://robertdevore.com/blog/page/7/,19292,163838,20135,153700,273860,630825,11,NOT AVAILABLE — LAB MEASUREMENT REQUIRED,NOT AVAILABLE — LAB MEASUREMENT REQUIRED,NOT AVAILABLE — FIELD DATA REQUIRED,247.0,local generated asset inventory; production HEAD/GET probe where enabled,Estimated uncompressed bytes; browser transfer and cache behavior differ.
after,https://robertdevore.com/blog/page/8/,19821,163838,20135,153700,273860,631354,11,NOT AVAILABLE — LAB MEASUREMENT REQUIRED,NOT AVAILABLE — LAB MEASUREMENT REQUIRED,NOT AVAILABLE — FIELD DATA REQUIRED,231.8,local generated asset inventory; production HEAD/GET probe where enabled,Estimated uncompressed bytes; browser transfer and cache behavior differ.
after,https://robertdevore.com/blog/page/9/,18924,163838,20135,153700,273860,630457,11,NOT AVAILABLE — LAB MEASUREMENT REQUIRED,NOT AVAILABLE — LAB MEASUREMENT REQUIRED,NOT AVAILABLE — FIELD DATA REQUIRED,265.0,local generated asset inventory; production HEAD/GET probe where enabled,Estimated uncompressed bytes; browser transfer and cache behavior differ.
after,https://robertdevore.com/boostbox-free-popups-that-work-pro-popups-that-convert/,18673,163838,20135,1698294,273860,2174800,16,NOT AVAILABLE — LAB MEASUREMENT REQUIRED,NOT AVAILABLE — LAB MEASUREMENT REQUIRED,NOT AVAILABLE — FIELD DATA REQUIRED,264.1,local generated asset inventory; production HEAD/GET probe where enabled,Estimated uncompressed bytes; browser transfer and cache behavior differ.
after,https://robertdevore.com/boostbox-wordpress-popup-builder-for-the-core-editor/,25277,163838,20135,6548674,273860,7031784,29,NOT AVAILABLE — LAB MEASUREMENT REQUIRED,NOT AVAILABLE — LAB MEASUREMENT REQUIRED,NOT AVAILABLE — FIELD DATA REQUIRED,295.8,local generated asset inventory; production HEAD/GET probe where enabled,Estimated uncompressed bytes; browser transfer and cache behavior differ.
after,https://robertdevore.com/cannabis-health-benefits/,21774,163838,20135,132398,273860,612005,11,NOT AVAILABLE — LAB MEASUREMENT REQUIRED,NOT AVAILABLE — LAB MEASUREMENT REQUIRED,NOT AVAILABLE — FIELD DATA REQUIRED,232.6,local generated asset inventory; production HEAD/GET probe where enabled,Estimated uncompressed bytes; browser transfer and cache behavior differ.
after,https://robertdevore.com/cannabiz/,16456,163838,20135,396920,273860,871209,14,NOT AVAILABLE — LAB MEASUREMENT REQUIRED,NOT AVAILABLE — LAB MEASUREMENT REQUIRED,NOT AVAILABLE — FIELD DATA REQUIRED,242.5,local generated asset inventory; production HEAD/GET probe where enabled,Estimated uncompressed bytes; browser transfer and cache behavior differ.
after,https://robertdevore.com/category/,11018,163838,20135,153700,273860,622551,11,NOT AVAILABLE — LAB MEASUREMENT REQUIRED,NOT AVAILABLE — LAB MEASUREMENT REQUIRED,NOT AVAILABLE — FIELD DATA REQUIRED,202.7,local generated asset inventory; production HEAD/GET probe where enabled,Estimated uncompressed bytes; browser transfer and cache behavior differ.
after,https://robertdevore.com/category/ai-content-systems/,10395,163838,20135,153700,273860,621928,11,NOT AVAILABLE — LAB MEASUREMENT REQUIRED,NOT AVAILABLE — LAB MEASUREMENT REQUIRED,NOT AVAILABLE — FIELD DATA REQUIRED,275.2,local generated asset inventory; production HEAD/GET probe where enabled,Estimated uncompressed bytes; browser transfer and cache behavior differ.
after,https://robertdevore.com/category/developer-tools/,9622,163838,20135,153700,273860,621155,11,NOT AVAILABLE — LAB MEASUREMENT REQUIRED,NOT AVAILABLE — LAB MEASUREMENT REQUIRED,NOT AVAILABLE — FIELD DATA REQUIRED,344.9,local generated asset inventory; production HEAD/GET probe where enabled,Estimated uncompressed bytes; browser transfer and cache behavior differ.
after,https://robertdevore.com/category/engineering-archive/,8656,163838,20135,153700,273860,620189,11,NOT AVAILABLE — LAB MEASUREMENT REQUIRED,NOT AVAILABLE — LAB MEASUREMENT REQUIRED,NOT AVAILABLE — FIELD DATA REQUIRED,286.9,local generated asset inventory; production HEAD/GET probe where enabled,Estimated uncompressed bytes; browser transfer and cache behavior differ.
after,https://robertdevore.com/category/field-notes/,8394,163838,20135,153700,273860,619927,11,NOT AVAILABLE — LAB MEASUREMENT REQUIRED,NOT AVAILABLE — LAB MEASUREMENT REQUIRED,NOT AVAILABLE — FIELD DATA REQUIRED,331.9,local generated asset inventory; production HEAD/GET probe where enabled,Estimated uncompressed bytes; browser transfer and cache behavior differ.
after,https://robertdevore.com/category/wordpress-archive/,21984,163838,20135,153700,273860,633517,11,NOT AVAILABLE — LAB MEASUREMENT REQUIRED,NOT AVAILABLE — LAB MEASUREMENT REQUIRED,NOT AVAILABLE — FIELD DATA REQUIRED,315.1,local generated asset inventory; production HEAD/GET probe where enabled,Estimated uncompressed bytes; browser transfer and cache behavior differ.
after,https://robertdevore.com/celebrating-gaad-with-img-a11y-v1-1-0/,14957,163838,20135,153700,273860,626490,11,NOT AVAILABLE — LAB MEASUREMENT REQUIRED,NOT AVAILABLE — LAB MEASUREMENT REQUIRED,NOT AVAILABLE — FIELD DATA REQUIRED,346.9,local generated asset inventory; production HEAD/GET probe where enabled,Estimated uncompressed bytes; browser transfer and cache behavior differ.
after,https://robertdevore.com/chapters-for-authors-wordpress-plugin/,16967,163838,20135,188480,273860,663280,15,NOT AVAILABLE — LAB MEASUREMENT REQUIRED,NOT AVAILABLE — LAB MEASUREMENT REQUIRED,NOT AVAILABLE — FIELD DATA REQUIRED,307.3,local generated asset inventory; production HEAD/GET probe where enabled,Estimated uncompressed bytes; browser transfer and cache behavior differ.
after,https://robertdevore.com/clean-blog-free-wordpress-theme/,19819,163838,20135,341528,273860,819180,16,NOT AVAILABLE — LAB MEASUREMENT REQUIRED,NOT AVAILABLE — LAB MEASUREMENT REQUIRED,NOT AVAILABLE — FIELD DATA REQUIRED,307.3,local generated asset inventory; production HEAD/GET probe where enabled,Estimated uncompressed bytes; browser transfer and cache behavior differ.
after,https://robertdevore.com/complete-beginners-guide-building-a-python-url-checker-for-google-sheets/,32479,163838,20135,4275530,273860,4765842,12,NOT AVAILABLE — LAB MEASUREMENT REQUIRED,NOT AVAILABLE — LAB MEASUREMENT REQUIRED,NOT AVAILABLE — FIELD DATA REQUIRED,242.1,local generated asset inventory; production HEAD/GET probe where enabled,Estimated uncompressed bytes; browser transfer and cache behavior differ.
after,https://robertdevore.com/contact/,10066,163838,20135,118056,273860,585955,11,NOT AVAILABLE — LAB MEASUREMENT REQUIRED,NOT AVAILABLE — LAB MEASUREMENT REQUIRED,NOT AVAILABLE — FIELD DATA REQUIRED,330.3,local generated asset inventory; production HEAD/GET probe where enabled,Estimated uncompressed bytes; browser transfer and cache behavior differ.
after,https://robertdevore.com/creating-my-own-cipher-code/,17055,163838,20135,118056,273860,592944,11,NOT AVAILABLE — LAB MEASUREMENT REQUIRED,NOT AVAILABLE — LAB MEASUREMENT REQUIRED,NOT AVAILABLE — FIELD DATA REQUIRED,282.5,local generated asset inventory; production HEAD/GET probe where enabled,Estimated uncompressed bytes; browser transfer and cache behavior differ.
after,https://robertdevore.com/customer-loyalty-for-woocommerce-v2/,18300,163838,20135,927926,273860,1404059,17,NOT AVAILABLE — LAB MEASUREMENT REQUIRED,NOT AVAILABLE — LAB MEASUREMENT REQUIRED,NOT AVAILABLE — FIELD DATA REQUIRED,341.8,local generated asset inventory; production HEAD/GET probe where enabled,Estimated uncompressed bytes; browser transfer and cache behavior differ.
after,https://robertdevore.com/db-version-control-wordpress-plugin/,26890,163838,20135,259660,273860,744383,12,NOT AVAILABLE — LAB MEASUREMENT REQUIRED,NOT AVAILABLE — LAB MEASUREMENT REQUIRED,NOT AVAILABLE — FIELD DATA REQUIRED,326.1,local generated asset inventory; production HEAD/GET probe where enabled,Estimated uncompressed bytes; browser transfer and cache behavior differ.
after,https://robertdevore.com/december-2024-a-retrospective/,30889,163838,20135,16173734,273860,16662456,18,NOT AVAILABLE — LAB MEASUREMENT REQUIRED,NOT AVAILABLE — LAB MEASUREMENT REQUIRED,NOT AVAILABLE — FIELD DATA REQUIRED,396.7,local generated asset inventory; production HEAD/GET probe where enabled,Estimated uncompressed bytes; browser transfer and cache behavior differ.
after,https://robertdevore.com/delivery-drivers-for-woocommerce/,18218,163838,20135,266798,273860,742849,16,NOT AVAILABLE — LAB MEASUREMENT REQUIRED,NOT AVAILABLE — LAB MEASUREMENT REQUIRED,NOT AVAILABLE — FIELD DATA REQUIRED,379.0,local generated asset inventory; production HEAD/GET probe where enabled,Estimated uncompressed bytes; browser transfer and cache behavior differ.
after,https://robertdevore.com/devio-digital/,16343,163838,20135,127232,273860,601408,12,NOT AVAILABLE — LAB MEASUREMENT REQUIRED,NOT AVAILABLE — LAB MEASUREMENT REQUIRED,NOT AVAILABLE — FIELD DATA REQUIRED,356.3,local generated asset inventory; production HEAD/GET probe where enabled,Estimated uncompressed bytes; browser transfer and cache behavior differ.
after,https://robertdevore.com/dispensary-wordpress-plugins-2017/,18880,163838,20135,301720,273860,778433,16,NOT AVAILABLE — LAB MEASUREMENT REQUIRED,NOT AVAILABLE — LAB MEASUREMENT REQUIRED,NOT AVAILABLE — FIELD DATA REQUIRED,338.8,local generated asset inventory; production HEAD/GET probe where enabled,Estimated uncompressed bytes; browser transfer and cache behavior differ.
after,https://robertdevore.com/do-less-deliver-more/,20019,163838,20135,1256620,273860,1734472,17,NOT AVAILABLE — LAB MEASUREMENT REQUIRED,NOT AVAILABLE — LAB MEASUREMENT REQUIRED,NOT AVAILABLE — FIELD DATA REQUIRED,302.7,local generated asset inventory; production HEAD/GET probe where enabled,Estimated uncompressed bytes; browser transfer and cache behavior differ.
after,https://robertdevore.com/docupress-documentation-plugin-for-wordpress/,15298,163838,20135,150630,273860,623761,14,NOT AVAILABLE — LAB MEASUREMENT REQUIRED,NOT AVAILABLE — LAB MEASUREMENT REQUIRED,NOT AVAILABLE — FIELD DATA REQUIRED,288.1,local generated asset inventory; production HEAD/GET probe where enabled,Estimated uncompressed bytes; browser transfer and cache behavior differ.
after,https://robertdevore.com/dont-shoot-the-messenger-choose-courage-over-convenience/,18843,163838,20135,1079868,273860,1556544,16,NOT AVAILABLE — LAB MEASUREMENT REQUIRED,NOT AVAILABLE — LAB MEASUREMENT REQUIRED,NOT AVAILABLE — FIELD DATA REQUIRED,199.0,local generated asset inventory; production HEAD/GET probe where enabled,Estimated uncompressed bytes; browser transfer and cache behavior differ.
after,https://robertdevore.com/extreme-programming-for-extreme-leaders/,17411,163838,20135,1051706,273860,1526950,16,NOT AVAILABLE — LAB MEASUREMENT REQUIRED,NOT AVAILABLE — LAB MEASUREMENT REQUIRED,NOT AVAILABLE — FIELD DATA REQUIRED,214.1,local generated asset inventory; production HEAD/GET probe where enabled,Estimated uncompressed bytes; browser transfer and cache behavior differ.
after,https://robertdevore.com/focus/,15746,163838,20135,153700,273860,627279,11,NOT AVAILABLE — LAB MEASUREMENT REQUIRED,NOT AVAILABLE — LAB MEASUREMENT REQUIRED,NOT AVAILABLE — FIELD DATA REQUIRED,214.6,local generated asset inventory; production HEAD/GET probe where enabled,Estimated uncompressed bytes; browser transfer and cache behavior differ.
after,https://robertdevore.com/forever-forward/,23621,163838,20135,132398,273860,613852,11,NOT AVAILABLE — LAB MEASUREMENT REQUIRED,NOT AVAILABLE — LAB MEASUREMENT REQUIRED,NOT AVAILABLE — FIELD DATA REQUIRED,228.3,local generated asset inventory; production HEAD/GET probe where enabled,Estimated uncompressed bytes; browser transfer and cache behavior differ.
after,https://robertdevore.com/going-all-in-one-year-later/,19609,163838,20135,751878,273860,1229320,13,NOT AVAILABLE — LAB MEASUREMENT REQUIRED,NOT AVAILABLE — LAB MEASUREMENT REQUIRED,NOT AVAILABLE — FIELD DATA REQUIRED,213.1,local generated asset inventory; production HEAD/GET probe where enabled,Estimated uncompressed bytes; browser transfer and cache behavior differ.
after,https://robertdevore.com/going-all-in-with-wp-dispensary/,14979,163838,20135,118056,273860,590868,11,NOT AVAILABLE — LAB MEASUREMENT REQUIRED,NOT AVAILABLE — LAB MEASUREMENT REQUIRED,NOT AVAILABLE — FIELD DATA REQUIRED,200.6,local generated asset inventory; production HEAD/GET probe where enabled,Estimated uncompressed bytes; browser transfer and cache behavior differ.
after,https://robertdevore.com/goodbye-wordpress-a-eulogy/,19768,163838,20135,118056,273860,595657,11,NOT AVAILABLE — LAB MEASUREMENT REQUIRED,NOT AVAILABLE — LAB MEASUREMENT REQUIRED,NOT AVAILABLE — FIELD DATA REQUIRED,191.4,local generated asset inventory; production HEAD/GET probe where enabled,Estimated uncompressed bytes; browser transfer and cache behavior differ.
after,https://robertdevore.com/grateful-to-see-21-of-my-wordpress-plugins-live-on-at-webdevstudios/,15789,163838,20135,132398,273860,606020,11,NOT AVAILABLE — LAB MEASUREMENT REQUIRED,NOT AVAILABLE — LAB MEASUREMENT REQUIRED,NOT AVAILABLE — FIELD DATA REQUIRED,239.8,local generated asset inventory; production HEAD/GET probe where enabled,Estimated uncompressed bytes; browser transfer and cache behavior differ.
after,https://robertdevore.com/hello-2017/,11829,163838,20135,153700,273860,623362,11,NOT AVAILABLE — LAB MEASUREMENT REQUIRED,NOT AVAILABLE — LAB MEASUREMENT REQUIRED,NOT AVAILABLE — FIELD DATA REQUIRED,239.2,local generated asset inventory; production HEAD/GET probe where enabled,Estimated uncompressed bytes; browser transfer and cache behavior differ.
after,https://robertdevore.com/hello-plugin-pal-your-ai-powered-plugin-generator-for-wordpress/,19025,163838,20135,1986754,273860,2463612,16,NOT AVAILABLE — LAB MEASUREMENT REQUIRED,NOT AVAILABLE — LAB MEASUREMENT REQUIRED,NOT AVAILABLE — FIELD DATA REQUIRED,193.4,local generated asset inventory; production HEAD/GET probe where enabled,Estimated uncompressed bytes; browser transfer and cache behavior differ.
after,https://robertdevore.com/honoring-jesse-petersen-with-the-revival-of-stealth-login-page/,16528,163838,20135,804848,273860,1279209,13,NOT AVAILABLE — LAB MEASUREMENT REQUIRED,NOT AVAILABLE — LAB MEASUREMENT REQUIRED,NOT AVAILABLE — FIELD DATA REQUIRED,234.9,local generated asset inventory; production HEAD/GET probe where enabled,Estimated uncompressed bytes; browser transfer and cache behavior differ.
after,https://robertdevore.com/host-your-wordpress-plugins-on-github-and-automate-plugin-packaging/,17317,163838,20135,1745466,273860,2220616,14,NOT AVAILABLE — LAB MEASUREMENT REQUIRED,NOT AVAILABLE — LAB MEASUREMENT REQUIRED,NOT AVAILABLE — FIELD DATA REQUIRED,363.8,local generated asset inventory; production HEAD/GET probe where enabled,Estimated uncompressed bytes; browser transfer and cache behavior differ.
after,https://robertdevore.com/how-a-security-audit-can-save-your-e-commerce-store-from-disaster/,18695,163838,20135,376858,273860,853386,12,NOT AVAILABLE — LAB MEASUREMENT REQUIRED,NOT AVAILABLE — LAB MEASUREMENT REQUIRED,NOT AVAILABLE — FIELD DATA REQUIRED,349.3,local generated asset inventory; production HEAD/GET probe where enabled,Estimated uncompressed bytes; browser transfer and cache behavior differ.
after,https://robertdevore.com/how-hungry-are-you/,14906,163838,20135,4478832,273860,4951571,13,NOT AVAILABLE — LAB MEASUREMENT REQUIRED,NOT AVAILABLE — LAB MEASUREMENT REQUIRED,NOT AVAILABLE — FIELD DATA REQUIRED,377.8,local generated asset inventory; production HEAD/GET probe where enabled,Estimated uncompressed bytes; browser transfer and cache behavior differ.
after,https://robertdevore.com/how-i-use-textexpander-to-reuse-my-best-ai-prompts/,17873,163838,20135,416486,273860,892192,13,NOT AVAILABLE — LAB MEASUREMENT REQUIRED,NOT AVAILABLE — LAB MEASUREMENT REQUIRED,NOT AVAILABLE — FIELD DATA REQUIRED,283.4,local generated asset inventory; production HEAD/GET probe where enabled,Estimated uncompressed bytes; browser transfer and cache behavior differ.
after,https://robertdevore.com/how-to-block-website-tracking-data-in-woocommerce/,16932,163838,20135,18739140,273860,19213905,15,NOT AVAILABLE — LAB MEASUREMENT REQUIRED,NOT AVAILABLE — LAB MEASUREMENT REQUIRED,NOT AVAILABLE — FIELD DATA REQUIRED,324.2,local generated asset inventory; production HEAD/GET probe where enabled,Estimated uncompressed bytes; browser transfer and cache behavior differ.
after,https://robertdevore.com/how-to-build-a-content-engine-that-scales-with-you/,18175,163838,20135,970802,273860,1446810,16,NOT AVAILABLE — LAB MEASUREMENT REQUIRED,NOT AVAILABLE — LAB MEASUREMENT REQUIRED,NOT AVAILABLE — FIELD DATA REQUIRED,311.3,local generated asset inventory; production HEAD/GET probe where enabled,Estimated uncompressed bytes; browser transfer and cache behavior differ.
after,https://robertdevore.com/how-to-build-modular-prompts-that-save-you-hours-per-week/,18863,163838,20135,821388,273860,1298084,16,NOT AVAILABLE — LAB MEASUREMENT REQUIRED,NOT AVAILABLE — LAB MEASUREMENT REQUIRED,NOT AVAILABLE — FIELD DATA REQUIRED,278.6,local generated asset inventory; production HEAD/GET probe where enabled,Estimated uncompressed bytes; browser transfer and cache behavior differ.
after,https://robertdevore.com/how-to-customize-the-style-of-your-wordpress-login-screen/,17270,163838,20135,3005640,273860,3480743,15,NOT AVAILABLE — LAB MEASUREMENT REQUIRED,NOT AVAILABLE — LAB MEASUREMENT REQUIRED,NOT AVAILABLE — FIELD DATA REQUIRED,205.6,local generated asset inventory; production HEAD/GET probe where enabled,Estimated uncompressed bytes; browser transfer and cache behavior differ.
after,https://robertdevore.com/how-to-edit-ai-content-so-it-feels-clean-not-robotic/,16565,163838,20135,854514,273860,1328912,15,NOT AVAILABLE — LAB MEASUREMENT REQUIRED,NOT AVAILABLE — LAB MEASUREMENT REQUIRED,NOT AVAILABLE — FIELD DATA REQUIRED,256.8,local generated asset inventory; production HEAD/GET probe where enabled,Estimated uncompressed bytes; browser transfer and cache behavior differ.
after,https://robertdevore.com/how-to-stop-your-plugins-themes-from-being-used-on-wordpress-com-hosting/,17157,163838,20135,1487904,273860,1962894,15,NOT AVAILABLE — LAB MEASUREMENT REQUIRED,NOT AVAILABLE — LAB MEASUREMENT REQUIRED,NOT AVAILABLE — FIELD DATA REQUIRED,378.6,local generated asset inventory; production HEAD/GET probe where enabled,Estimated uncompressed bytes; browser transfer and cache behavior differ.
after,https://robertdevore.com/how-to-teach-ai-to-match-your-voice/,16799,163838,20135,820924,273860,1295556,15,NOT AVAILABLE — LAB MEASUREMENT REQUIRED,NOT AVAILABLE — LAB MEASUREMENT REQUIRED,NOT AVAILABLE — FIELD DATA REQUIRED,377.9,local generated asset inventory; production HEAD/GET probe where enabled,Estimated uncompressed bytes; browser transfer and cache behavior differ.
after,https://robertdevore.com/how-to-use-ai-to-research-validate-ideas-and-stay-relevant/,19971,163838,20135,592418,273860,1070222,14,NOT AVAILABLE — LAB MEASUREMENT REQUIRED,NOT AVAILABLE — LAB MEASUREMENT REQUIRED,NOT AVAILABLE — FIELD DATA REQUIRED,349.5,local generated asset inventory; production HEAD/GET probe where enabled,Estimated uncompressed bytes; browser transfer and cache behavior differ.
after,https://robertdevore.com/how-to-write-prompts-that-get-the-tone-structure-and-intent-right/,19270,163838,20135,812620,273860,1289723,15,NOT AVAILABLE — LAB MEASUREMENT REQUIRED,NOT AVAILABLE — LAB MEASUREMENT REQUIRED,NOT AVAILABLE — FIELD DATA REQUIRED,331.3,local generated asset inventory; production HEAD/GET probe where enabled,Estimated uncompressed bytes; browser transfer and cache behavior differ.
after,https://robertdevore.com/hue-js/,16365,163838,20135,631408,273860,1105606,14,NOT AVAILABLE — LAB MEASUREMENT REQUIRED,NOT AVAILABLE — LAB MEASUREMENT REQUIRED,NOT AVAILABLE — FIELD DATA REQUIRED,448.8,local generated asset inventory; production HEAD/GET probe where enabled,Estimated uncompressed bytes; browser transfer and cache behavior differ.
after,https://robertdevore.com/i-built-a-python-stego-cipher-tool-and-you-can-have-it/,15885,163838,20135,132398,273860,606116,11,NOT AVAILABLE — LAB MEASUREMENT REQUIRED,NOT AVAILABLE — LAB MEASUREMENT REQUIRED,NOT AVAILABLE — FIELD DATA REQUIRED,418.6,local generated asset inventory; production HEAD/GET probe where enabled,Estimated uncompressed bytes; browser transfer and cache behavior differ.
after,https://robertdevore.com/i-just-launched-a-python-course-for-php-developers/,23792,163838,20135,118056,273860,599681,11,NOT AVAILABLE — LAB MEASUREMENT REQUIRED,NOT AVAILABLE — LAB MEASUREMENT REQUIRED,NOT AVAILABLE — FIELD DATA REQUIRED,484.7,local generated asset inventory; production HEAD/GET probe where enabled,Estimated uncompressed bytes; browser transfer and cache behavior differ.
after,https://robertdevore.com/im-freelancing-again/,18011,163838,20135,1518020,273860,1993864,12,NOT AVAILABLE — LAB MEASUREMENT REQUIRED,NOT AVAILABLE — LAB MEASUREMENT REQUIRED,NOT AVAILABLE — FIELD DATA REQUIRED,267.5,local generated asset inventory; production HEAD/GET probe where enabled,Estimated uncompressed bytes; browser transfer and cache behavior differ.
after,https://robertdevore.com/improve-cls-scores-by-dynamically-setting-image-width-and-height/,17617,163838,20135,5749148,273860,6224598,15,NOT AVAILABLE — LAB MEASUREMENT REQUIRED,NOT AVAILABLE — LAB MEASUREMENT REQUIRED,NOT AVAILABLE — FIELD DATA REQUIRED,253.8,local generated asset inventory; production HEAD/GET probe where enabled,Estimated uncompressed bytes; browser transfer and cache behavior differ.
after,https://robertdevore.com/intellipress-the-smart-af-ai-assistant-for-wordpress/,16346,163838,20135,4890044,273860,5364223,15,NOT AVAILABLE — LAB MEASUREMENT REQUIRED,NOT AVAILABLE — LAB MEASUREMENT REQUIRED,NOT AVAILABLE — FIELD DATA REQUIRED,238.1,local generated asset inventory; production HEAD/GET probe where enabled,Estimated uncompressed bytes; browser transfer and cache behavior differ.
after,https://robertdevore.com/introducing-an-experimental-new-plugin-email-designer-for-woocommerce/,17522,163838,20135,818068,273860,1293423,15,NOT AVAILABLE — LAB MEASUREMENT REQUIRED,NOT AVAILABLE — LAB MEASUREMENT REQUIRED,NOT AVAILABLE — FIELD DATA REQUIRED,295.4,local generated asset inventory; production HEAD/GET probe where enabled,Estimated uncompressed bytes; browser transfer and cache behavior differ.
after,https://robertdevore.com/introducing-associated-taxonomies-for-wordpress/,15616,163838,20135,1333570,273860,1807019,15,NOT AVAILABLE — LAB MEASUREMENT REQUIRED,NOT AVAILABLE — LAB MEASUREMENT REQUIRED,NOT AVAILABLE — FIELD DATA REQUIRED,270.9,local generated asset inventory; production HEAD/GET probe where enabled,Estimated uncompressed bytes; browser transfer and cache behavior differ.
after,https://robertdevore.com/introducing-automattic-css-an-open-source-css-utility-framework/,17360,163838,20135,298764,273860,773957,12,NOT AVAILABLE — LAB MEASUREMENT REQUIRED,NOT AVAILABLE — LAB MEASUREMENT REQUIRED,NOT AVAILABLE — FIELD DATA REQUIRED,196.4,local generated asset inventory; production HEAD/GET probe where enabled,Estimated uncompressed bytes; browser transfer and cache behavior differ.
after,https://robertdevore.com/introducing-back-in-stock-notifications-for-woocommerce/,19371,163838,20135,4439098,273860,4916302,17,NOT AVAILABLE — LAB MEASUREMENT REQUIRED,NOT AVAILABLE — LAB MEASUREMENT REQUIRED,NOT AVAILABLE — FIELD DATA REQUIRED,268.0,local generated asset inventory; production HEAD/GET probe where enabled,Estimated uncompressed bytes; browser transfer and cache behavior differ.
after,https://robertdevore.com/introducing-barcodes-for-woocommerce-free/,18722,163838,20135,604916,273860,1081471,16,NOT AVAILABLE — LAB MEASUREMENT REQUIRED,NOT AVAILABLE — LAB MEASUREMENT REQUIRED,NOT AVAILABLE — FIELD DATA REQUIRED,232.0,local generated asset inventory; production HEAD/GET probe where enabled,Estimated uncompressed bytes; browser transfer and cache behavior differ.
after,https://robertdevore.com/introducing-benchpress/,15343,163838,20135,429772,273860,902948,14,NOT AVAILABLE — LAB MEASUREMENT REQUIRED,NOT AVAILABLE — LAB MEASUREMENT REQUIRED,NOT AVAILABLE — FIELD DATA REQUIRED,203.3,local generated asset inventory; production HEAD/GET probe where enabled,Estimated uncompressed bytes; browser transfer and cache behavior differ.
after,https://robertdevore.com/introducing-block-ai-crawlers-for-wordpress/,16064,163838,20135,2000454,273860,2474351,15,NOT AVAILABLE — LAB MEASUREMENT REQUIRED,NOT AVAILABLE — LAB MEASUREMENT REQUIRED,NOT AVAILABLE — FIELD DATA REQUIRED,279.3,local generated asset inventory; production HEAD/GET probe where enabled,Estimated uncompressed bytes; browser transfer and cache behavior differ.
after,https://robertdevore.com/introducing-bluesky-feed-for-wordpress/,16222,163838,20135,482138,273860,956193,15,NOT AVAILABLE — LAB MEASUREMENT REQUIRED,NOT AVAILABLE — LAB MEASUREMENT REQUIRED,NOT AVAILABLE — FIELD DATA REQUIRED,264.7,local generated asset inventory; production HEAD/GET probe where enabled,Estimated uncompressed bytes; browser transfer and cache behavior differ.
after,https://robertdevore.com/introducing-brands-for-woocommerce-free/,17366,163838,20135,512816,273860,988015,16,NOT AVAILABLE — LAB MEASUREMENT REQUIRED,NOT AVAILABLE — LAB MEASUREMENT REQUIRED,NOT AVAILABLE — FIELD DATA REQUIRED,339.8,local generated asset inventory; production HEAD/GET probe where enabled,Estimated uncompressed bytes; browser transfer and cache behavior differ.
after,https://robertdevore.com/introducing-broken-image-scanner/,16555,163838,20135,2468062,273860,2942450,15,NOT AVAILABLE — LAB MEASUREMENT REQUIRED,NOT AVAILABLE — LAB MEASUREMENT REQUIRED,NOT AVAILABLE — FIELD DATA REQUIRED,323.8,local generated asset inventory; production HEAD/GET probe where enabled,Estimated uncompressed bytes; browser transfer and cache behavior differ.
after,https://robertdevore.com/introducing-bulk-stock-management-for-woocommerce-free/,16370,163838,20135,992334,273860,1466537,15,NOT AVAILABLE — LAB MEASUREMENT REQUIRED,NOT AVAILABLE — LAB MEASUREMENT REQUIRED,NOT AVAILABLE — FIELD DATA REQUIRED,309.5,local generated asset inventory; production HEAD/GET probe where enabled,Estimated uncompressed bytes; browser transfer and cache behavior differ.
after,https://robertdevore.com/introducing-content-restriction-for-wordpress/,16541,163838,20135,1158276,273860,1632650,14,NOT AVAILABLE — LAB MEASUREMENT REQUIRED,NOT AVAILABLE — LAB MEASUREMENT REQUIRED,NOT AVAILABLE — FIELD DATA REQUIRED,299.8,local generated asset inventory; production HEAD/GET probe where enabled,Estimated uncompressed bytes; browser transfer and cache behavior differ.
after,https://robertdevore.com/introducing-delete-inactive-users/,14830,163838,20135,1466976,273860,1939639,14,NOT AVAILABLE — LAB MEASUREMENT REQUIRED,NOT AVAILABLE — LAB MEASUREMENT REQUIRED,NOT AVAILABLE — FIELD DATA REQUIRED,328.0,local generated asset inventory; production HEAD/GET probe where enabled,Estimated uncompressed bytes; browser transfer and cache behavior differ.
after,https://robertdevore.com/introducing-digg-this-a-social-sharing-plugin-for-wordpress/,15490,163838,20135,337878,273860,811201,13,NOT AVAILABLE — LAB MEASUREMENT REQUIRED,NOT AVAILABLE — LAB MEASUREMENT REQUIRED,NOT AVAILABLE — FIELD DATA REQUIRED,297.3,local generated asset inventory; production HEAD/GET probe where enabled,Estimated uncompressed bytes; browser transfer and cache behavior differ.
after,https://robertdevore.com/introducing-dispensary-details-for-woocommerce/,16962,163838,20135,2078532,273860,2553327,15,NOT AVAILABLE — LAB MEASUREMENT REQUIRED,NOT AVAILABLE — LAB MEASUREMENT REQUIRED,NOT AVAILABLE — FIELD DATA REQUIRED,243.8,local generated asset inventory; production HEAD/GET probe where enabled,Estimated uncompressed bytes; browser transfer and cache behavior differ.
after,https://robertdevore.com/introducing-gallery-modals-enhance-your-wordpress-galleries-with-stunning-popups/,16970,163838,20135,756808,273860,1231611,16,NOT AVAILABLE — LAB MEASUREMENT REQUIRED,NOT AVAILABLE — LAB MEASUREMENT REQUIRED,NOT AVAILABLE — FIELD DATA REQUIRED,225.9,local generated asset inventory; production HEAD/GET probe where enabled,Estimated uncompressed bytes; browser transfer and cache behavior differ.
after,https://robertdevore.com/introducing-gift-cards-for-woocommerce-free/,21981,163838,20135,3001414,273860,3481228,21,NOT AVAILABLE — LAB MEASUREMENT REQUIRED,NOT AVAILABLE — LAB MEASUREMENT REQUIRED,NOT AVAILABLE — FIELD DATA REQUIRED,305.1,local generated asset inventory; production HEAD/GET probe where enabled,Estimated uncompressed bytes; browser transfer and cache behavior differ.
after,https://robertdevore.com/introducing-hpos-compatibility-scanner-for-woocommerce-free/,15713,163838,20135,836004,273860,1309550,15,NOT AVAILABLE — LAB MEASUREMENT REQUIRED,NOT AVAILABLE — LAB MEASUREMENT REQUIRED,NOT AVAILABLE — FIELD DATA REQUIRED,410.2,local generated asset inventory; production HEAD/GET probe where enabled,Estimated uncompressed bytes; browser transfer and cache behavior differ.
after,https://robertdevore.com/introducing-img-a11y/,14513,163838,20135,758676,273860,1231022,14,NOT AVAILABLE — LAB MEASUREMENT REQUIRED,NOT AVAILABLE — LAB MEASUREMENT REQUIRED,NOT AVAILABLE — FIELD DATA REQUIRED,287.7,local generated asset inventory; production HEAD/GET probe where enabled,Estimated uncompressed bytes; browser transfer and cache behavior differ.
after,https://robertdevore.com/introducing-intellipress-the-smart-ai-assistant-for-wordpress/,17563,163838,20135,163566,273860,638962,12,NOT AVAILABLE — LAB MEASUREMENT REQUIRED,NOT AVAILABLE — LAB MEASUREMENT REQUIRED,NOT AVAILABLE — FIELD DATA REQUIRED,245.5,local generated asset inventory; production HEAD/GET probe where enabled,Estimated uncompressed bytes; browser transfer and cache behavior differ.
after,https://robertdevore.com/introducing-maintenance-mode-for-wordpress/,18379,163838,20135,1730728,273860,2206940,16,NOT AVAILABLE — LAB MEASUREMENT REQUIRED,NOT AVAILABLE — LAB MEASUREMENT REQUIRED,NOT AVAILABLE — FIELD DATA REQUIRED,333.6,local generated asset inventory; production HEAD/GET probe where enabled,Estimated uncompressed bytes; browser transfer and cache behavior differ.
after,https://robertdevore.com/introducing-markdown-comments-for-wordpress/,14913,163838,20135,258388,273860,731134,12,NOT AVAILABLE — LAB MEASUREMENT REQUIRED,NOT AVAILABLE — LAB MEASUREMENT REQUIRED,NOT AVAILABLE — FIELD DATA REQUIRED,392.2,local generated asset inventory; production HEAD/GET probe where enabled,Estimated uncompressed bytes; browser transfer and cache behavior differ.
after,https://robertdevore.com/introducing-markdown-exporter-for-wordpress/,19274,163838,20135,6260162,273860,6737269,15,NOT AVAILABLE — LAB MEASUREMENT REQUIRED,NOT AVAILABLE — LAB MEASUREMENT REQUIRED,NOT AVAILABLE — FIELD DATA REQUIRED,301.8,local generated asset inventory; production HEAD/GET probe where enabled,Estimated uncompressed bytes; browser transfer and cache behavior differ.
after,https://robertdevore.com/introducing-media-copyright-scanner/,16084,163838,20135,746016,273860,1219933,13,NOT AVAILABLE — LAB MEASUREMENT REQUIRED,NOT AVAILABLE — LAB MEASUREMENT REQUIRED,NOT AVAILABLE — FIELD DATA REQUIRED,357.9,local generated asset inventory; production HEAD/GET probe where enabled,Estimated uncompressed bytes; browser transfer and cache behavior differ.
after,https://robertdevore.com/introducing-media-file-versioning-for-wordpress/,16460,163838,20135,1058334,273860,1532627,14,NOT AVAILABLE — LAB MEASUREMENT REQUIRED,NOT AVAILABLE — LAB MEASUREMENT REQUIRED,NOT AVAILABLE — FIELD DATA REQUIRED,310.3,local generated asset inventory; production HEAD/GET probe where enabled,Estimated uncompressed bytes; browser transfer and cache behavior differ.
after,https://robertdevore.com/introducing-metadata-import-export-for-yoast-seo/,17025,163838,20135,1085056,273860,1559914,15,NOT AVAILABLE — LAB MEASUREMENT REQUIRED,NOT AVAILABLE — LAB MEASUREMENT REQUIRED,NOT AVAILABLE — FIELD DATA REQUIRED,309.3,local generated asset inventory; production HEAD/GET probe where enabled,Estimated uncompressed bytes; browser transfer and cache behavior differ.
after,https://robertdevore.com/introducing-module-usage-tracker-for-wp-bakery/,15175,163838,20135,282034,273860,755042,12,NOT AVAILABLE — LAB MEASUREMENT REQUIRED,NOT AVAILABLE — LAB MEASUREMENT REQUIRED,NOT AVAILABLE — FIELD DATA REQUIRED,324.4,local generated asset inventory; production HEAD/GET probe where enabled,Estimated uncompressed bytes; browser transfer and cache behavior differ.
after,https://robertdevore.com/introducing-pattern-pal-ai-powered-patterns-for-wordpress/,16014,163838,20135,832204,273860,1306051,15,NOT AVAILABLE — LAB MEASUREMENT REQUIRED,NOT AVAILABLE — LAB MEASUREMENT REQUIRED,NOT AVAILABLE — FIELD DATA REQUIRED,219.5,local generated asset inventory; production HEAD/GET probe where enabled,Estimated uncompressed bytes; browser transfer and cache behavior differ.
after,https://robertdevore.com/introducing-persistent-dismissible-notices/,15966,163838,20135,1364560,273860,1838359,14,NOT AVAILABLE — LAB MEASUREMENT REQUIRED,NOT AVAILABLE — LAB MEASUREMENT REQUIRED,NOT AVAILABLE — FIELD DATA REQUIRED,273.8,local generated asset inventory; production HEAD/GET probe where enabled,Estimated uncompressed bytes; browser transfer and cache behavior differ.
after,https://robertdevore.com/introducing-projects-for-wordpress-a-better-way-to-showcase-your-work/,19721,163838,20135,3507892,273860,3985446,18,NOT AVAILABLE — LAB MEASUREMENT REQUIRED,NOT AVAILABLE — LAB MEASUREMENT REQUIRED,NOT AVAILABLE — FIELD DATA REQUIRED,274.2,local generated asset inventory; production HEAD/GET probe where enabled,Estimated uncompressed bytes; browser transfer and cache behavior differ.
after,https://robertdevore.com/introducing-purchase-orders-for-woocommerce-free/,17020,163838,20135,963386,273860,1438239,16,NOT AVAILABLE — LAB MEASUREMENT REQUIRED,NOT AVAILABLE — LAB MEASUREMENT REQUIRED,NOT AVAILABLE — FIELD DATA REQUIRED,211.6,local generated asset inventory; production HEAD/GET probe where enabled,Estimated uncompressed bytes; browser transfer and cache behavior differ.
after,https://robertdevore.com/introducing-seo-for-wordpress/,18579,163838,20135,1976360,273860,2452772,16,NOT AVAILABLE — LAB MEASUREMENT REQUIRED,NOT AVAILABLE — LAB MEASUREMENT REQUIRED,NOT AVAILABLE — FIELD DATA REQUIRED,255.8,local generated asset inventory; production HEAD/GET probe where enabled,Estimated uncompressed bytes; browser transfer and cache behavior differ.
after,https://robertdevore.com/introducing-shipping-multiple-addresses-for-woocommerce-free/,17559,163838,20135,777024,273860,1252416,16,NOT AVAILABLE — LAB MEASUREMENT REQUIRED,NOT AVAILABLE — LAB MEASUREMENT REQUIRED,NOT AVAILABLE — FIELD DATA REQUIRED,221.1,local generated asset inventory; production HEAD/GET probe where enabled,Estimated uncompressed bytes; browser transfer and cache behavior differ.
after,https://robertdevore.com/introducing-site-vitals-for-wordpress/,19384,163838,20135,1514908,273860,1992125,17,NOT AVAILABLE — LAB MEASUREMENT REQUIRED,NOT AVAILABLE — LAB MEASUREMENT REQUIRED,NOT AVAILABLE — FIELD DATA REQUIRED,205.7,local generated asset inventory; production HEAD/GET probe where enabled,Estimated uncompressed bytes; browser transfer and cache behavior differ.
after,https://robertdevore.com/introducing-slop-stopper-a-free-content-checker-for-wordpress/,15711,163838,20135,650018,273860,1123562,15,NOT AVAILABLE — LAB MEASUREMENT REQUIRED,NOT AVAILABLE — LAB MEASUREMENT REQUIRED,NOT AVAILABLE — FIELD DATA REQUIRED,218.4,local generated asset inventory; production HEAD/GET probe where enabled,Estimated uncompressed bytes; browser transfer and cache behavior differ.
after,https://robertdevore.com/introducing-stats-for-wordpress/,17447,163838,20135,1354568,273860,1829848,15,NOT AVAILABLE — LAB MEASUREMENT REQUIRED,NOT AVAILABLE — LAB MEASUREMENT REQUIRED,NOT AVAILABLE — FIELD DATA REQUIRED,201.9,local generated asset inventory; production HEAD/GET probe where enabled,Estimated uncompressed bytes; browser transfer and cache behavior differ.
after,https://robertdevore.com/introducing-table-block-enhancer-for-wordpress/,16723,163838,20135,3135502,273860,3610058,14,NOT AVAILABLE — LAB MEASUREMENT REQUIRED,NOT AVAILABLE — LAB MEASUREMENT REQUIRED,NOT AVAILABLE — FIELD DATA REQUIRED,325.4,local generated asset inventory; production HEAD/GET probe where enabled,Estimated uncompressed bytes; browser transfer and cache behavior differ.
after,https://robertdevore.com/introducing-test-orders-for-woocommerce/,16527,163838,20135,911904,273860,1386264,16,NOT AVAILABLE — LAB MEASUREMENT REQUIRED,NOT AVAILABLE — LAB MEASUREMENT REQUIRED,NOT AVAILABLE — FIELD DATA REQUIRED,357.4,local generated asset inventory; production HEAD/GET probe where enabled,Estimated uncompressed bytes; browser transfer and cache behavior differ.
after,https://robertdevore.com/introducing-the-phlush-permalinks-wordpress-plugin/,16565,163838,20135,583444,273860,1057842,14,NOT AVAILABLE — LAB MEASUREMENT REQUIRED,NOT AVAILABLE — LAB MEASUREMENT REQUIRED,NOT AVAILABLE — FIELD DATA REQUIRED,340.1,local generated asset inventory; production HEAD/GET probe where enabled,Estimated uncompressed bytes; browser transfer and cache behavior differ.
after,https://robertdevore.com/introducing-the-prompts-library-a-playground-for-ai-creativity/,14708,163838,20135,153700,273860,626241,11,NOT AVAILABLE — LAB MEASUREMENT REQUIRED,NOT AVAILABLE — LAB MEASUREMENT REQUIRED,NOT AVAILABLE — FIELD DATA REQUIRED,311.3,local generated asset inventory; production HEAD/GET probe where enabled,Estimated uncompressed bytes; browser transfer and cache behavior differ.
after,https://robertdevore.com/introducing-the-user-login-status-plugin-for-wordpress/,16892,163838,20135,146822,273860,621547,12,NOT AVAILABLE — LAB MEASUREMENT REQUIRED,NOT AVAILABLE — LAB MEASUREMENT REQUIRED,NOT AVAILABLE — FIELD DATA REQUIRED,400.1,local generated asset inventory; production HEAD/GET probe where enabled,Estimated uncompressed bytes; browser transfer and cache behavior differ.
after,https://robertdevore.com/introducing-vertical-gallery-product-display-for-woocommerce/,16227,163838,20135,2094460,273860,2568520,14,NOT AVAILABLE — LAB MEASUREMENT REQUIRED,NOT AVAILABLE — LAB MEASUREMENT REQUIRED,NOT AVAILABLE — FIELD DATA REQUIRED,400.4,local generated asset inventory; production HEAD/GET probe where enabled,Estimated uncompressed bytes; browser transfer and cache behavior differ.
after,https://robertdevore.com/introducing-widget-usage-tracker-for-elementor/,18860,163838,20135,1670852,273860,2147545,14,NOT AVAILABLE — LAB MEASUREMENT REQUIRED,NOT AVAILABLE — LAB MEASUREMENT REQUIRED,NOT AVAILABLE — FIELD DATA REQUIRED,371.1,local generated asset inventory; production HEAD/GET probe where enabled,Estimated uncompressed bytes; browser transfer and cache behavior differ.
after,https://robertdevore.com/invest-in-yourself/,17322,163838,20135,132398,273860,607553,11,NOT AVAILABLE — LAB MEASUREMENT REQUIRED,NOT AVAILABLE — LAB MEASUREMENT REQUIRED,NOT AVAILABLE — FIELD DATA REQUIRED,372.3,local generated asset inventory; production HEAD/GET probe where enabled,Estimated uncompressed bytes; browser transfer and cache behavior differ.
after,https://robertdevore.com/kevin-michael-geary-a-hidden-history-of-hate-racism-and-bigotry/,24405,163838,20135,1023752,273860,1505990,14,NOT AVAILABLE — LAB MEASUREMENT REQUIRED,NOT AVAILABLE — LAB MEASUREMENT REQUIRED,NOT AVAILABLE — FIELD DATA REQUIRED,430.9,local generated asset inventory; production HEAD/GET probe where enabled,Estimated uncompressed bytes; browser transfer and cache behavior differ.
after,https://robertdevore.com/leafly-reviews-wordpress-plugin/,16637,163838,20135,156172,273860,630642,12,NOT AVAILABLE — LAB MEASUREMENT REQUIRED,NOT AVAILABLE — LAB MEASUREMENT REQUIRED,NOT AVAILABLE — FIELD DATA REQUIRED,414.3,local generated asset inventory; production HEAD/GET probe where enabled,Estimated uncompressed bytes; browser transfer and cache behavior differ.
after,https://robertdevore.com/leap-the-code-of-extreme-leadership/,22929,163838,20135,2099226,273860,2579988,17,NOT AVAILABLE — LAB MEASUREMENT REQUIRED,NOT AVAILABLE — LAB MEASUREMENT REQUIRED,NOT AVAILABLE — FIELD DATA REQUIRED,398.1,local generated asset inventory; production HEAD/GET probe where enabled,Estimated uncompressed bytes; browser transfer and cache behavior differ.
after,https://robertdevore.com/making-up-for-lost-time/,17080,163838,20135,118056,273860,592969,11,NOT AVAILABLE — LAB MEASUREMENT REQUIRED,NOT AVAILABLE — LAB MEASUREMENT REQUIRED,NOT AVAILABLE — FIELD DATA REQUIRED,251.7,local generated asset inventory; production HEAD/GET probe where enabled,Estimated uncompressed bytes; browser transfer and cache behavior differ.
after,https://robertdevore.com/mnml-free-minimalist-wordpress-theme/,14708,163838,20135,269378,273860,741919,12,NOT AVAILABLE — LAB MEASUREMENT REQUIRED,NOT AVAILABLE — LAB MEASUREMENT REQUIRED,NOT AVAILABLE — FIELD DATA REQUIRED,337.4,local generated asset inventory; production HEAD/GET probe where enabled,Estimated uncompressed bytes; browser transfer and cache behavior differ.
after,https://robertdevore.com/my-brothers-keeper-sons-of-anarchy-fanfiction/,13372,163838,20135,153700,273860,624905,11,NOT AVAILABLE — LAB MEASUREMENT REQUIRED,NOT AVAILABLE — LAB MEASUREMENT REQUIRED,NOT AVAILABLE — FIELD DATA REQUIRED,322.1,local generated asset inventory; production HEAD/GET probe where enabled,Estimated uncompressed bytes; browser transfer and cache behavior differ.
after,https://robertdevore.com/my-development-projects/,16425,163838,20135,153700,273860,627958,11,NOT AVAILABLE — LAB MEASUREMENT REQUIRED,NOT AVAILABLE — LAB MEASUREMENT REQUIRED,NOT AVAILABLE — FIELD DATA REQUIRED,325.9,local generated asset inventory; production HEAD/GET probe where enabled,Estimated uncompressed bytes; browser transfer and cache behavior differ.
after,https://robertdevore.com/open-source-is-anarchism-in-action/,14923,163838,20135,746748,273860,1219504,14,NOT AVAILABLE — LAB MEASUREMENT REQUIRED,NOT AVAILABLE — LAB MEASUREMENT REQUIRED,NOT AVAILABLE — FIELD DATA REQUIRED,354.0,local generated asset inventory; production HEAD/GET probe where enabled,Estimated uncompressed bytes; browser transfer and cache behavior differ.
after,https://robertdevore.com/organized-chaos/,14313,163838,20135,118056,273860,590202,11,NOT AVAILABLE — LAB MEASUREMENT REQUIRED,NOT AVAILABLE — LAB MEASUREMENT REQUIRED,NOT AVAILABLE — FIELD DATA REQUIRED,251.1,local generated asset inventory; production HEAD/GET probe where enabled,Estimated uncompressed bytes; browser transfer and cache behavior differ.
after,https://robertdevore.com/patience/,14331,163838,20135,153700,273860,625864,11,NOT AVAILABLE — LAB MEASUREMENT REQUIRED,NOT AVAILABLE — LAB MEASUREMENT REQUIRED,NOT AVAILABLE — FIELD DATA REQUIRED,219.4,local generated asset inventory; production HEAD/GET probe where enabled,Estimated uncompressed bytes; browser transfer and cache behavior differ.
after,https://robertdevore.com/peddle-free-wordpress-theme-for-easy-digital-downloads/,17621,163838,20135,157924,273860,633378,14,NOT AVAILABLE — LAB MEASUREMENT REQUIRED,NOT AVAILABLE — LAB MEASUREMENT REQUIRED,NOT AVAILABLE — FIELD DATA REQUIRED,232.4,local generated asset inventory; production HEAD/GET probe where enabled,Estimated uncompressed bytes; browser transfer and cache behavior differ.
after,https://robertdevore.com/plan-prompt-publish-a-practical-guide-to-creating-beautifully-useful-content-with-ai/,17291,163838,20135,838464,273860,1313588,15,NOT AVAILABLE — LAB MEASUREMENT REQUIRED,NOT AVAILABLE — LAB MEASUREMENT REQUIRED,NOT AVAILABLE — FIELD DATA REQUIRED,247.1,local generated asset inventory; production HEAD/GET probe where enabled,Estimated uncompressed bytes; browser transfer and cache behavior differ.
after,https://robertdevore.com/projects/,12780,163838,20135,132398,273860,603011,11,NOT AVAILABLE — LAB MEASUREMENT REQUIRED,NOT AVAILABLE — LAB MEASUREMENT REQUIRED,NOT AVAILABLE — FIELD DATA REQUIRED,219.0,local generated asset inventory; production HEAD/GET probe where enabled,Estimated uncompressed bytes; browser transfer and cache behavior differ.
after,https://robertdevore.com/projects/agents-sdk/,10875,163838,20135,153700,273860,622408,11,NOT AVAILABLE — LAB MEASUREMENT REQUIRED,NOT AVAILABLE — LAB MEASUREMENT REQUIRED,NOT AVAILABLE — FIELD DATA REQUIRED,190.1,local generated asset inventory; production HEAD/GET probe where enabled,Estimated uncompressed bytes; browser transfer and cache behavior differ.
after,https://robertdevore.com/projects/dispatch/,10803,163838,20135,153700,273860,622336,11,NOT AVAILABLE — LAB MEASUREMENT REQUIRED,NOT AVAILABLE — LAB MEASUREMENT REQUIRED,NOT AVAILABLE — FIELD DATA REQUIRED,218.7,local generated asset inventory; production HEAD/GET probe where enabled,Estimated uncompressed bytes; browser transfer and cache behavior differ.
after,https://robertdevore.com/projects/kujo/,11093,163838,20135,153700,273860,622626,11,NOT AVAILABLE — LAB MEASUREMENT REQUIRED,NOT AVAILABLE — LAB MEASUREMENT REQUIRED,NOT AVAILABLE — FIELD DATA REQUIRED,218.5,local generated asset inventory; production HEAD/GET probe where enabled,Estimated uncompressed bytes; browser transfer and cache behavior differ.
after,https://robertdevore.com/projects/lens/,10510,163838,20135,153700,273860,622043,11,NOT AVAILABLE — LAB MEASUREMENT REQUIRED,NOT AVAILABLE — LAB MEASUREMENT REQUIRED,NOT AVAILABLE — FIELD DATA REQUIRED,203.8,local generated asset inventory; production HEAD/GET probe where enabled,Estimated uncompressed bytes; browser transfer and cache behavior differ.
after,https://robertdevore.com/projects/sitekit/,10804,163838,20135,153700,273860,622337,11,NOT AVAILABLE — LAB MEASUREMENT REQUIRED,NOT AVAILABLE — LAB MEASUREMENT REQUIRED,NOT AVAILABLE — FIELD DATA REQUIRED,308.4,local generated asset inventory; production HEAD/GET probe where enabled,Estimated uncompressed bytes; browser transfer and cache behavior differ.
after,https://robertdevore.com/projects/ssg/,10882,163838,20135,153700,273860,622415,11,NOT AVAILABLE — LAB MEASUREMENT REQUIRED,NOT AVAILABLE — LAB MEASUREMENT REQUIRED,NOT AVAILABLE — FIELD DATA REQUIRED,293.3,local generated asset inventory; production HEAD/GET probe where enabled,Estimated uncompressed bytes; browser transfer and cache behavior differ.
after,https://robertdevore.com/release-notes-back-in-stock-notifications-for-woocommerce-free-v1-0-1/,15274,163838,20135,1476114,273860,1949221,15,NOT AVAILABLE — LAB MEASUREMENT REQUIRED,NOT AVAILABLE — LAB MEASUREMENT REQUIRED,NOT AVAILABLE — FIELD DATA REQUIRED,279.0,local generated asset inventory; production HEAD/GET probe where enabled,Estimated uncompressed bytes; browser transfer and cache behavior differ.
after,https://robertdevore.com/relentless/,16675,163838,20135,132398,273860,606906,11,NOT AVAILABLE — LAB MEASUREMENT REQUIRED,NOT AVAILABLE — LAB MEASUREMENT REQUIRED,NOT AVAILABLE — FIELD DATA REQUIRED,338.1,local generated asset inventory; production HEAD/GET probe where enabled,Estimated uncompressed bytes; browser transfer and cache behavior differ.
after,https://robertdevore.com/rethinking-keyword-research-in-the-age-of-ai/,17732,163838,20135,1946616,273860,2422181,16,NOT AVAILABLE — LAB MEASUREMENT REQUIRED,NOT AVAILABLE — LAB MEASUREMENT REQUIRED,NOT AVAILABLE — FIELD DATA REQUIRED,342.5,local generated asset inventory; production HEAD/GET probe where enabled,Estimated uncompressed bytes; browser transfer and cache behavior differ.
after,https://robertdevore.com/reusable-flask-error-handling-a-step-by-step-guide-to-modular-http-error-responses/,18147,163838,20135,118056,273860,594036,11,NOT AVAILABLE — LAB MEASUREMENT REQUIRED,NOT AVAILABLE — LAB MEASUREMENT REQUIRED,NOT AVAILABLE — FIELD DATA REQUIRED,327.4,local generated asset inventory; production HEAD/GET probe where enabled,Estimated uncompressed bytes; browser transfer and cache behavior differ.
after,https://robertdevore.com/run-a-tor-relay/,19451,163838,20135,415242,273860,892526,18,NOT AVAILABLE — LAB MEASUREMENT REQUIRED,NOT AVAILABLE — LAB MEASUREMENT REQUIRED,NOT AVAILABLE — FIELD DATA REQUIRED,312.5,local generated asset inventory; production HEAD/GET probe where enabled,Estimated uncompressed bytes; browser transfer and cache behavior differ.
after,https://robertdevore.com/say-goodbye-to-wordpress/,17550,163838,20135,1021038,273860,1496421,12,NOT AVAILABLE — LAB MEASUREMENT REQUIRED,NOT AVAILABLE — LAB MEASUREMENT REQUIRED,NOT AVAILABLE — FIELD DATA REQUIRED,312.0,local generated asset inventory; production HEAD/GET probe where enabled,Estimated uncompressed bytes; browser transfer and cache behavior differ.
after,https://robertdevore.com/set-featured-images-programatically-wordpress/,13836,163838,20135,4056414,273860,4528083,13,NOT AVAILABLE — LAB MEASUREMENT REQUIRED,NOT AVAILABLE — LAB MEASUREMENT REQUIRED,NOT AVAILABLE — FIELD DATA REQUIRED,249.8,local generated asset inventory; production HEAD/GET probe where enabled,Estimated uncompressed bytes; browser transfer and cache behavior differ.
after,https://robertdevore.com/slackedd/,15311,163838,20135,227160,273860,700304,14,NOT AVAILABLE — LAB MEASUREMENT REQUIRED,NOT AVAILABLE — LAB MEASUREMENT REQUIRED,NOT AVAILABLE — FIELD DATA REQUIRED,235.0,local generated asset inventory; production HEAD/GET probe where enabled,Estimated uncompressed bytes; browser transfer and cache behavior differ.
after,https://robertdevore.com/stattic-v0-3-0-release-llms-txt-faster-gifs-leaner-core-and-smarter-routing/,14130,163838,20135,132398,273860,604361,11,NOT AVAILABLE — LAB MEASUREMENT REQUIRED,NOT AVAILABLE — LAB MEASUREMENT REQUIRED,NOT AVAILABLE — FIELD DATA REQUIRED,249.4,local generated asset inventory; production HEAD/GET probe where enabled,Estimated uncompressed bytes; browser transfer and cache behavior differ.
after,https://robertdevore.com/stattic-v1-0-the-worlds-fastest-python-based-static-site-generator/,17005,163838,20135,153700,273860,628538,11,NOT AVAILABLE — LAB MEASUREMENT REQUIRED,NOT AVAILABLE — LAB MEASUREMENT REQUIRED,NOT AVAILABLE — FIELD DATA REQUIRED,190.0,local generated asset inventory; production HEAD/GET probe where enabled,Estimated uncompressed bytes; browser transfer and cache behavior differ.
after,https://robertdevore.com/stop-gambling-with-client-trust-why-skipping-a-security-audit-is-a-risk-you-cant-afford/,20289,163838,20135,19948620,273860,20426742,19,NOT AVAILABLE — LAB MEASUREMENT REQUIRED,NOT AVAILABLE — LAB MEASUREMENT REQUIRED,NOT AVAILABLE — FIELD DATA REQUIRED,188.9,local generated asset inventory; production HEAD/GET probe where enabled,Estimated uncompressed bytes; browser transfer and cache behavior differ.
after,https://robertdevore.com/tag/,11262,163838,20135,118056,273860,587151,11,NOT AVAILABLE — LAB MEASUREMENT REQUIRED,NOT AVAILABLE — LAB MEASUREMENT REQUIRED,NOT AVAILABLE — FIELD DATA REQUIRED,281.8,local generated asset inventory; production HEAD/GET probe where enabled,Estimated uncompressed bytes; browser transfer and cache behavior differ.
after,https://robertdevore.com/tag/ai/,10059,163838,20135,153700,273860,621592,11,NOT AVAILABLE — LAB MEASUREMENT REQUIRED,NOT AVAILABLE — LAB MEASUREMENT REQUIRED,NOT AVAILABLE — FIELD DATA REQUIRED,267.1,local generated asset inventory; production HEAD/GET probe where enabled,Estimated uncompressed bytes; browser transfer and cache behavior differ.
after,https://robertdevore.com/tag/archive/,8428,163838,20135,153700,273860,619961,11,NOT AVAILABLE — LAB MEASUREMENT REQUIRED,NOT AVAILABLE — LAB MEASUREMENT REQUIRED,NOT AVAILABLE — FIELD DATA REQUIRED,266.2,local generated asset inventory; production HEAD/GET probe where enabled,Estimated uncompressed bytes; browser transfer and cache behavior differ.
after,https://robertdevore.com/tag/engineering/,9506,163838,20135,153700,273860,621039,11,NOT AVAILABLE — LAB MEASUREMENT REQUIRED,NOT AVAILABLE — LAB MEASUREMENT REQUIRED,NOT AVAILABLE — FIELD DATA REQUIRED,377.6,local generated asset inventory; production HEAD/GET probe where enabled,Estimated uncompressed bytes; browser transfer and cache behavior differ.
after,https://robertdevore.com/tag/essays/,8264,163838,20135,153700,273860,619797,11,NOT AVAILABLE — LAB MEASUREMENT REQUIRED,NOT AVAILABLE — LAB MEASUREMENT REQUIRED,NOT AVAILABLE — FIELD DATA REQUIRED,407.1,local generated asset inventory; production HEAD/GET probe where enabled,Estimated uncompressed bytes; browser transfer and cache behavior differ.
after,https://robertdevore.com/tag/woocommerce/,12197,163838,20135,153700,273860,623730,11,NOT AVAILABLE — LAB MEASUREMENT REQUIRED,NOT AVAILABLE — LAB MEASUREMENT REQUIRED,NOT AVAILABLE — FIELD DATA REQUIRED,378.0,local generated asset inventory; production HEAD/GET probe where enabled,Estimated uncompressed bytes; browser transfer and cache behavior differ.
after,https://robertdevore.com/tag/wordpress/,21892,163838,20135,153700,273860,633425,11,NOT AVAILABLE — LAB MEASUREMENT REQUIRED,NOT AVAILABLE — LAB MEASUREMENT REQUIRED,NOT AVAILABLE — FIELD DATA REQUIRED,346.8,local generated asset inventory; production HEAD/GET probe where enabled,Estimated uncompressed bytes; browser transfer and cache behavior differ.
after,https://robertdevore.com/thank-you-wordpress/,13687,163838,20135,118056,273860,589576,11,NOT AVAILABLE — LAB MEASUREMENT REQUIRED,NOT AVAILABLE — LAB MEASUREMENT REQUIRED,NOT AVAILABLE — FIELD DATA REQUIRED,373.5,local generated asset inventory; production HEAD/GET probe where enabled,Estimated uncompressed bytes; browser transfer and cache behavior differ.
after,https://robertdevore.com/the-fastest-way-for-php-devs-to-learn-python/,17626,163838,20135,153700,273860,629159,11,NOT AVAILABLE — LAB MEASUREMENT REQUIRED,NOT AVAILABLE — LAB MEASUREMENT REQUIRED,NOT AVAILABLE — FIELD DATA REQUIRED,328.9,local generated asset inventory; production HEAD/GET probe where enabled,Estimated uncompressed bytes; browser transfer and cache behavior differ.
after,https://robertdevore.com/the-past-present-and-future-of-wp-dispensary/,15761,163838,20135,5733448,273860,6207042,16,NOT AVAILABLE — LAB MEASUREMENT REQUIRED,NOT AVAILABLE — LAB MEASUREMENT REQUIRED,NOT AVAILABLE — FIELD DATA REQUIRED,344.6,local generated asset inventory; production HEAD/GET probe where enabled,Estimated uncompressed bytes; browser transfer and cache behavior differ.
after,https://robertdevore.com/tools-and-workflows-for-formatting-visuals-and-citations/,19630,163838,20135,860610,273860,1338073,16,NOT AVAILABLE — LAB MEASUREMENT REQUIRED,NOT AVAILABLE — LAB MEASUREMENT REQUIRED,NOT AVAILABLE — FIELD DATA REQUIRED,300.1,local generated asset inventory; production HEAD/GET probe where enabled,Estimated uncompressed bytes; browser transfer and cache behavior differ.
after,https://robertdevore.com/twitter-marketing/,22151,163838,20135,584410,273860,1064394,19,NOT AVAILABLE — LAB MEASUREMENT REQUIRED,NOT AVAILABLE — LAB MEASUREMENT REQUIRED,NOT AVAILABLE — FIELD DATA REQUIRED,299.2,local generated asset inventory; production HEAD/GET probe where enabled,Estimated uncompressed bytes; browser transfer and cache behavior differ.
after,https://robertdevore.com/two-years-building-wp-dispensary/,25061,163838,20135,220104,273860,702998,14,NOT AVAILABLE — LAB MEASUREMENT REQUIRED,NOT AVAILABLE — LAB MEASUREMENT REQUIRED,NOT AVAILABLE — FIELD DATA REQUIRED,215.2,local generated asset inventory; production HEAD/GET probe where enabled,Estimated uncompressed bytes; browser transfer and cache behavior differ.
after,https://robertdevore.com/use-ai-to-create-your-own-wwf-action-figure-blister-packs/,14732,163838,20135,1529538,273860,2002103,13,NOT AVAILABLE — LAB MEASUREMENT REQUIRED,NOT AVAILABLE — LAB MEASUREMENT REQUIRED,NOT AVAILABLE — FIELD DATA REQUIRED,229.4,local generated asset inventory; production HEAD/GET probe where enabled,Estimated uncompressed bytes; browser transfer and cache behavior differ.
after,https://robertdevore.com/what-makes-content-beautifully-useful/,19087,163838,20135,885802,273860,1362722,16,NOT AVAILABLE — LAB MEASUREMENT REQUIRED,NOT AVAILABLE — LAB MEASUREMENT REQUIRED,NOT AVAILABLE — FIELD DATA REQUIRED,268.3,local generated asset inventory; production HEAD/GET probe where enabled,Estimated uncompressed bytes; browser transfer and cache behavior differ.
after,https://robertdevore.com/why-wordpress-plugin-developers-need-security-audits/,18821,163838,20135,2506286,273860,2982940,16,NOT AVAILABLE — LAB MEASUREMENT REQUIRED,NOT AVAILABLE — LAB MEASUREMENT REQUIRED,NOT AVAILABLE — FIELD DATA REQUIRED,252.8,local generated asset inventory; production HEAD/GET probe where enabled,Estimated uncompressed bytes; browser transfer and cache behavior differ.
after,https://robertdevore.com/woocommerce-dispensary-details-plugin/,15116,163838,20135,2842958,273860,3315907,18,NOT AVAILABLE — LAB MEASUREMENT REQUIRED,NOT AVAILABLE — LAB MEASUREMENT REQUIRED,NOT AVAILABLE — FIELD DATA REQUIRED,322.3,local generated asset inventory; production HEAD/GET probe where enabled,Estimated uncompressed bytes; browser transfer and cache behavior differ.
after,https://robertdevore.com/wordpress-custom-post-types-code-snippets/,17973,163838,20135,132398,273860,608204,11,NOT AVAILABLE — LAB MEASUREMENT REQUIRED,NOT AVAILABLE — LAB MEASUREMENT REQUIRED,NOT AVAILABLE — FIELD DATA REQUIRED,233.5,local generated asset inventory; production HEAD/GET probe where enabled,Estimated uncompressed bytes; browser transfer and cache behavior differ.
after,https://robertdevore.com/wordpress-plugin-security-is-a-joke-and-youre-the-punchline/,16995,163838,20135,1641732,273860,2116560,15,NOT AVAILABLE — LAB MEASUREMENT REQUIRED,NOT AVAILABLE — LAB MEASUREMENT REQUIRED,NOT AVAILABLE — FIELD DATA REQUIRED,204.3,local generated asset inventory; production HEAD/GET probe where enabled,Estimated uncompressed bytes; browser transfer and cache behavior differ.
after,https://robertdevore.com/wordpress-woocommerce-plugins-i-will-no-longer-maintain/,20697,163838,20135,132398,273860,610928,11,NOT AVAILABLE — LAB MEASUREMENT REQUIRED,NOT AVAILABLE — LAB MEASUREMENT REQUIRED,NOT AVAILABLE — FIELD DATA REQUIRED,262.1,local generated asset inventory; production HEAD/GET probe where enabled,Estimated uncompressed bytes; browser transfer and cache behavior differ.
after,https://robertdevore.com/wp-dispensary-v2/,16808,163838,20135,1074388,273860,1549029,14,NOT AVAILABLE — LAB MEASUREMENT REQUIRED,NOT AVAILABLE — LAB MEASUREMENT REQUIRED,NOT AVAILABLE — FIELD DATA REQUIRED,275.0,local generated asset inventory; production HEAD/GET probe where enabled,Estimated uncompressed bytes; browser transfer and cache behavior differ.
after,https://robertdevore.com/wp-dispensary/,14928,163838,20135,311672,273860,784433,18,NOT AVAILABLE — LAB MEASUREMENT REQUIRED,NOT AVAILABLE — LAB MEASUREMENT REQUIRED,NOT AVAILABLE — FIELD DATA REQUIRED,288.1,local generated asset inventory; production HEAD/GET probe where enabled,Estimated uncompressed bytes; browser transfer and cache behavior differ.
after,https://robertdevore.com/wp-townhall-13-the-debate-kevin-geary-doesnt-want-you-to-see/,13999,163838,20135,153700,273860,625532,11,NOT AVAILABLE — LAB MEASUREMENT REQUIRED,NOT AVAILABLE — LAB MEASUREMENT REQUIRED,NOT AVAILABLE — FIELD DATA REQUIRED,304.5,local generated asset inventory; production HEAD/GET probe where enabled,Estimated uncompressed bytes; browser transfer and cache behavior differ.
after,https://robertdevore.com/wtf-is-wordpress/,27459,163838,20135,2908432,273860,3393724,18,NOT AVAILABLE — LAB MEASUREMENT REQUIRED,NOT AVAILABLE — LAB MEASUREMENT REQUIRED,NOT AVAILABLE — FIELD DATA REQUIRED,304.9,local generated asset inventory; production HEAD/GET probe where enabled,Estimated uncompressed bytes; browser transfer and cache behavior differ.
after,https://robertdevore.com/zero-cool-cli-a-hackers-terminal-from-1995/,18468,163838,20135,1651078,273860,2127379,14,NOT AVAILABLE — LAB MEASUREMENT REQUIRED,NOT AVAILABLE — LAB MEASUREMENT REQUIRED,NOT AVAILABLE — FIELD DATA REQUIRED,284.7,local generated asset inventory; production HEAD/GET probe where enabled,Estimated uncompressed bytes; browser transfer and cache behavior differ.
