phase,source_url,http_status,target_url,chain_length,canonical_target,issues
baseline,https://robertdevore.com/5-python-scripts-for-osint-and-pentesting.html,client-side alias,https://robertdevore.com/5-python-scripts-for-osint-and-pentesting/,1,https://robertdevore.com/5-python-scripts-for-osint-and-pentesting/,Static host serves HTTP 200; meta refresh is weaker than an HTTP 301/308 redirect.
baseline,https://robertdevore.com/5-questions-you-must-answer-before-writing-anything.html,client-side alias,https://robertdevore.com/5-questions-you-must-answer-before-writing-anything/,1,https://robertdevore.com/5-questions-you-must-answer-before-writing-anything/,Static host serves HTTP 200; meta refresh is weaker than an HTTP 301/308 redirect.
baseline,https://robertdevore.com/5-things-i-learned-building-my-first-gutenberg-blocks-plugin.html,client-side alias,https://robertdevore.com/5-things-i-learned-building-my-first-gutenberg-blocks-plugin/,1,https://robertdevore.com/5-things-i-learned-building-my-first-gutenberg-blocks-plugin/,Static host serves HTTP 200; meta refresh is weaker than an HTTP 301/308 redirect.
baseline,https://robertdevore.com/7-days-full-time-wp-dispensary.html,client-side alias,https://robertdevore.com/7-days-full-time-wp-dispensary/,1,https://robertdevore.com/7-days-full-time-wp-dispensary/,Static host serves HTTP 200; meta refresh is weaker than an HTTP 301/308 redirect.
baseline,https://robertdevore.com/about.html,client-side alias,https://robertdevore.com/about/,1,https://robertdevore.com/about/,Static host serves HTTP 200; meta refresh is weaker than an HTTP 301/308 redirect.
baseline,https://robertdevore.com/all-in-one-wp-migration-plugin-ddos-attack.html,client-side alias,https://robertdevore.com/all-in-one-wp-migration-plugin-ddos-attack/,1,https://robertdevore.com/all-in-one-wp-migration-plugin-ddos-attack/,Static host serves HTTP 200; meta refresh is weaker than an HTTP 301/308 redirect.
baseline,https://robertdevore.com/back-to-basics.html,client-side alias,https://robertdevore.com/back-to-basics/,1,https://robertdevore.com/back-to-basics/,Static host serves HTTP 200; meta refresh is weaker than an HTTP 301/308 redirect.
baseline,https://robertdevore.com/blog/page/10.html,client-side alias,https://robertdevore.com/blog/page/10/,1,https://robertdevore.com/blog/page/10/,Static host serves HTTP 200; meta refresh is weaker than an HTTP 301/308 redirect.
baseline,https://robertdevore.com/blog/page/11.html,client-side alias,https://robertdevore.com/blog/page/11/,1,https://robertdevore.com/blog/page/11/,Static host serves HTTP 200; meta refresh is weaker than an HTTP 301/308 redirect.
baseline,https://robertdevore.com/blog/page/12.html,client-side alias,https://robertdevore.com/blog/page/12/,1,https://robertdevore.com/blog/page/12/,Static host serves HTTP 200; meta refresh is weaker than an HTTP 301/308 redirect.
baseline,https://robertdevore.com/blog/page/2.html,client-side alias,https://robertdevore.com/blog/page/2/,1,https://robertdevore.com/blog/page/2/,Static host serves HTTP 200; meta refresh is weaker than an HTTP 301/308 redirect.
baseline,https://robertdevore.com/blog/page/3.html,client-side alias,https://robertdevore.com/blog/page/3/,1,https://robertdevore.com/blog/page/3/,Static host serves HTTP 200; meta refresh is weaker than an HTTP 301/308 redirect.
baseline,https://robertdevore.com/blog/page/4.html,client-side alias,https://robertdevore.com/blog/page/4/,1,https://robertdevore.com/blog/page/4/,Static host serves HTTP 200; meta refresh is weaker than an HTTP 301/308 redirect.
baseline,https://robertdevore.com/blog/page/5.html,client-side alias,https://robertdevore.com/blog/page/5/,1,https://robertdevore.com/blog/page/5/,Static host serves HTTP 200; meta refresh is weaker than an HTTP 301/308 redirect.
baseline,https://robertdevore.com/blog/page/6.html,client-side alias,https://robertdevore.com/blog/page/6/,1,https://robertdevore.com/blog/page/6/,Static host serves HTTP 200; meta refresh is weaker than an HTTP 301/308 redirect.
baseline,https://robertdevore.com/blog/page/7.html,client-side alias,https://robertdevore.com/blog/page/7/,1,https://robertdevore.com/blog/page/7/,Static host serves HTTP 200; meta refresh is weaker than an HTTP 301/308 redirect.
baseline,https://robertdevore.com/blog/page/8.html,client-side alias,https://robertdevore.com/blog/page/8/,1,https://robertdevore.com/blog/page/8/,Static host serves HTTP 200; meta refresh is weaker than an HTTP 301/308 redirect.
baseline,https://robertdevore.com/blog/page/9.html,client-side alias,https://robertdevore.com/blog/page/9/,1,https://robertdevore.com/blog/page/9/,Static host serves HTTP 200; meta refresh is weaker than an HTTP 301/308 redirect.
baseline,https://robertdevore.com/blog.html,client-side alias,https://robertdevore.com/blog/,1,https://robertdevore.com/blog/,Static host serves HTTP 200; meta refresh is weaker than an HTTP 301/308 redirect.
baseline,https://robertdevore.com/boostbox-free-popups-that-work-pro-popups-that-convert.html,client-side alias,https://robertdevore.com/boostbox-free-popups-that-work-pro-popups-that-convert/,1,https://robertdevore.com/boostbox-free-popups-that-work-pro-popups-that-convert/,Static host serves HTTP 200; meta refresh is weaker than an HTTP 301/308 redirect.
baseline,https://robertdevore.com/boostbox-wordpress-popup-builder-for-the-core-editor.html,client-side alias,https://robertdevore.com/boostbox-wordpress-popup-builder-for-the-core-editor/,1,https://robertdevore.com/boostbox-wordpress-popup-builder-for-the-core-editor/,Static host serves HTTP 200; meta refresh is weaker than an HTTP 301/308 redirect.
baseline,https://robertdevore.com/cannabis-health-benefits.html,client-side alias,https://robertdevore.com/cannabis-health-benefits/,1,https://robertdevore.com/cannabis-health-benefits/,Static host serves HTTP 200; meta refresh is weaker than an HTTP 301/308 redirect.
baseline,https://robertdevore.com/cannabiz.html,client-side alias,https://robertdevore.com/cannabiz/,1,https://robertdevore.com/cannabiz/,Static host serves HTTP 200; meta refresh is weaker than an HTTP 301/308 redirect.
baseline,https://robertdevore.com/category/ai-content-systems.html,client-side alias,https://robertdevore.com/category/ai-content-systems/,1,https://robertdevore.com/category/ai-content-systems/,Static host serves HTTP 200; meta refresh is weaker than an HTTP 301/308 redirect.
baseline,https://robertdevore.com/category/developer-tools.html,client-side alias,https://robertdevore.com/category/developer-tools/,1,https://robertdevore.com/category/developer-tools/,Static host serves HTTP 200; meta refresh is weaker than an HTTP 301/308 redirect.
baseline,https://robertdevore.com/category/engineering-archive.html,client-side alias,https://robertdevore.com/category/engineering-archive/,1,https://robertdevore.com/category/engineering-archive/,Static host serves HTTP 200; meta refresh is weaker than an HTTP 301/308 redirect.
baseline,https://robertdevore.com/category/field-notes.html,client-side alias,https://robertdevore.com/category/field-notes/,1,https://robertdevore.com/category/field-notes/,Static host serves HTTP 200; meta refresh is weaker than an HTTP 301/308 redirect.
baseline,https://robertdevore.com/category/wordpress-archive.html,client-side alias,https://robertdevore.com/category/wordpress-archive/,1,https://robertdevore.com/category/wordpress-archive/,Static host serves HTTP 200; meta refresh is weaker than an HTTP 301/308 redirect.
baseline,https://robertdevore.com/category.html,client-side alias,https://robertdevore.com/category/,1,https://robertdevore.com/category/,Static host serves HTTP 200; meta refresh is weaker than an HTTP 301/308 redirect.
baseline,https://robertdevore.com/celebrating-gaad-with-img-a11y-v1-1-0.html,client-side alias,https://robertdevore.com/celebrating-gaad-with-img-a11y-v1-1-0/,1,https://robertdevore.com/celebrating-gaad-with-img-a11y-v1-1-0/,Static host serves HTTP 200; meta refresh is weaker than an HTTP 301/308 redirect.
baseline,https://robertdevore.com/chapters-for-authors-wordpress-plugin.html,client-side alias,https://robertdevore.com/chapters-for-authors-wordpress-plugin/,1,https://robertdevore.com/chapters-for-authors-wordpress-plugin/,Static host serves HTTP 200; meta refresh is weaker than an HTTP 301/308 redirect.
baseline,https://robertdevore.com/clean-blog-free-wordpress-theme.html,client-side alias,https://robertdevore.com/clean-blog-free-wordpress-theme/,1,https://robertdevore.com/clean-blog-free-wordpress-theme/,Static host serves HTTP 200; meta refresh is weaker than an HTTP 301/308 redirect.
baseline,https://robertdevore.com/complete-beginners-guide-building-a-python-url-checker-for-google-sheets.html,client-side alias,https://robertdevore.com/complete-beginners-guide-building-a-python-url-checker-for-google-sheets/,1,https://robertdevore.com/complete-beginners-guide-building-a-python-url-checker-for-google-sheets/,Static host serves HTTP 200; meta refresh is weaker than an HTTP 301/308 redirect.
baseline,https://robertdevore.com/contact.html,client-side alias,https://robertdevore.com/contact/,1,https://robertdevore.com/contact/,Static host serves HTTP 200; meta refresh is weaker than an HTTP 301/308 redirect.
baseline,https://robertdevore.com/creating-my-own-cipher-code.html,client-side alias,https://robertdevore.com/creating-my-own-cipher-code/,1,https://robertdevore.com/creating-my-own-cipher-code/,Static host serves HTTP 200; meta refresh is weaker than an HTTP 301/308 redirect.
baseline,https://robertdevore.com/customer-loyalty-for-woocommerce-v2.html,client-side alias,https://robertdevore.com/customer-loyalty-for-woocommerce-v2/,1,https://robertdevore.com/customer-loyalty-for-woocommerce-v2/,Static host serves HTTP 200; meta refresh is weaker than an HTTP 301/308 redirect.
baseline,https://robertdevore.com/db-version-control-wordpress-plugin.html,client-side alias,https://robertdevore.com/db-version-control-wordpress-plugin/,1,https://robertdevore.com/db-version-control-wordpress-plugin/,Static host serves HTTP 200; meta refresh is weaker than an HTTP 301/308 redirect.
baseline,https://robertdevore.com/december-2024-a-retrospective.html,client-side alias,https://robertdevore.com/december-2024-a-retrospective/,1,https://robertdevore.com/december-2024-a-retrospective/,Static host serves HTTP 200; meta refresh is weaker than an HTTP 301/308 redirect.
baseline,https://robertdevore.com/delivery-drivers-for-woocommerce.html,client-side alias,https://robertdevore.com/delivery-drivers-for-woocommerce/,1,https://robertdevore.com/delivery-drivers-for-woocommerce/,Static host serves HTTP 200; meta refresh is weaker than an HTTP 301/308 redirect.
baseline,https://robertdevore.com/devio-digital.html,client-side alias,https://robertdevore.com/devio-digital/,1,https://robertdevore.com/devio-digital/,Static host serves HTTP 200; meta refresh is weaker than an HTTP 301/308 redirect.
baseline,https://robertdevore.com/dispensary-wordpress-plugins-2017.html,client-side alias,https://robertdevore.com/dispensary-wordpress-plugins-2017/,1,https://robertdevore.com/dispensary-wordpress-plugins-2017/,Static host serves HTTP 200; meta refresh is weaker than an HTTP 301/308 redirect.
baseline,https://robertdevore.com/do-less-deliver-more.html,client-side alias,https://robertdevore.com/do-less-deliver-more/,1,https://robertdevore.com/do-less-deliver-more/,Static host serves HTTP 200; meta refresh is weaker than an HTTP 301/308 redirect.
baseline,https://robertdevore.com/docupress-documentation-plugin-for-wordpress.html,client-side alias,https://robertdevore.com/docupress-documentation-plugin-for-wordpress/,1,https://robertdevore.com/docupress-documentation-plugin-for-wordpress/,Static host serves HTTP 200; meta refresh is weaker than an HTTP 301/308 redirect.
baseline,https://robertdevore.com/dont-shoot-the-messenger-choose-courage-over-convenience.html,client-side alias,https://robertdevore.com/dont-shoot-the-messenger-choose-courage-over-convenience/,1,https://robertdevore.com/dont-shoot-the-messenger-choose-courage-over-convenience/,Static host serves HTTP 200; meta refresh is weaker than an HTTP 301/308 redirect.
baseline,https://robertdevore.com/extreme-programming-for-extreme-leaders.html,client-side alias,https://robertdevore.com/extreme-programming-for-extreme-leaders/,1,https://robertdevore.com/extreme-programming-for-extreme-leaders/,Static host serves HTTP 200; meta refresh is weaker than an HTTP 301/308 redirect.
baseline,https://robertdevore.com/focus.html,client-side alias,https://robertdevore.com/focus/,1,https://robertdevore.com/focus/,Static host serves HTTP 200; meta refresh is weaker than an HTTP 301/308 redirect.
baseline,https://robertdevore.com/forever-forward.html,client-side alias,https://robertdevore.com/forever-forward/,1,https://robertdevore.com/forever-forward/,Static host serves HTTP 200; meta refresh is weaker than an HTTP 301/308 redirect.
baseline,https://robertdevore.com/going-all-in-one-year-later.html,client-side alias,https://robertdevore.com/going-all-in-one-year-later/,1,https://robertdevore.com/going-all-in-one-year-later/,Static host serves HTTP 200; meta refresh is weaker than an HTTP 301/308 redirect.
baseline,https://robertdevore.com/going-all-in-with-wp-dispensary.html,client-side alias,https://robertdevore.com/going-all-in-with-wp-dispensary/,1,https://robertdevore.com/going-all-in-with-wp-dispensary/,Static host serves HTTP 200; meta refresh is weaker than an HTTP 301/308 redirect.
baseline,https://robertdevore.com/goodbye-wordpress-a-eulogy.html,client-side alias,https://robertdevore.com/goodbye-wordpress-a-eulogy/,1,https://robertdevore.com/goodbye-wordpress-a-eulogy/,Static host serves HTTP 200; meta refresh is weaker than an HTTP 301/308 redirect.
baseline,https://robertdevore.com/grateful-to-see-21-of-my-wordpress-plugins-live-on-at-webdevstudios.html,client-side alias,https://robertdevore.com/grateful-to-see-21-of-my-wordpress-plugins-live-on-at-webdevstudios/,1,https://robertdevore.com/grateful-to-see-21-of-my-wordpress-plugins-live-on-at-webdevstudios/,Static host serves HTTP 200; meta refresh is weaker than an HTTP 301/308 redirect.
baseline,https://robertdevore.com/hello-2017.html,client-side alias,https://robertdevore.com/hello-2017/,1,https://robertdevore.com/hello-2017/,Static host serves HTTP 200; meta refresh is weaker than an HTTP 301/308 redirect.
baseline,https://robertdevore.com/hello-plugin-pal-your-ai-powered-plugin-generator-for-wordpress.html,client-side alias,https://robertdevore.com/hello-plugin-pal-your-ai-powered-plugin-generator-for-wordpress/,1,https://robertdevore.com/hello-plugin-pal-your-ai-powered-plugin-generator-for-wordpress/,Static host serves HTTP 200; meta refresh is weaker than an HTTP 301/308 redirect.
baseline,https://robertdevore.com/honoring-jesse-petersen-with-the-revival-of-stealth-login-page.html,client-side alias,https://robertdevore.com/honoring-jesse-petersen-with-the-revival-of-stealth-login-page/,1,https://robertdevore.com/honoring-jesse-petersen-with-the-revival-of-stealth-login-page/,Static host serves HTTP 200; meta refresh is weaker than an HTTP 301/308 redirect.
baseline,https://robertdevore.com/host-your-wordpress-plugins-on-github-and-automate-plugin-packaging.html,client-side alias,https://robertdevore.com/host-your-wordpress-plugins-on-github-and-automate-plugin-packaging/,1,https://robertdevore.com/host-your-wordpress-plugins-on-github-and-automate-plugin-packaging/,Static host serves HTTP 200; meta refresh is weaker than an HTTP 301/308 redirect.
baseline,https://robertdevore.com/how-a-security-audit-can-save-your-e-commerce-store-from-disaster.html,client-side alias,https://robertdevore.com/how-a-security-audit-can-save-your-e-commerce-store-from-disaster/,1,https://robertdevore.com/how-a-security-audit-can-save-your-e-commerce-store-from-disaster/,Static host serves HTTP 200; meta refresh is weaker than an HTTP 301/308 redirect.
baseline,https://robertdevore.com/how-hungry-are-you.html,client-side alias,https://robertdevore.com/how-hungry-are-you/,1,https://robertdevore.com/how-hungry-are-you/,Static host serves HTTP 200; meta refresh is weaker than an HTTP 301/308 redirect.
baseline,https://robertdevore.com/how-i-use-textexpander-to-reuse-my-best-ai-prompts.html,client-side alias,https://robertdevore.com/how-i-use-textexpander-to-reuse-my-best-ai-prompts/,1,https://robertdevore.com/how-i-use-textexpander-to-reuse-my-best-ai-prompts/,Static host serves HTTP 200; meta refresh is weaker than an HTTP 301/308 redirect.
baseline,https://robertdevore.com/how-to-block-website-tracking-data-in-woocommerce.html,client-side alias,https://robertdevore.com/how-to-block-website-tracking-data-in-woocommerce/,1,https://robertdevore.com/how-to-block-website-tracking-data-in-woocommerce/,Static host serves HTTP 200; meta refresh is weaker than an HTTP 301/308 redirect.
baseline,https://robertdevore.com/how-to-build-a-content-engine-that-scales-with-you.html,client-side alias,https://robertdevore.com/how-to-build-a-content-engine-that-scales-with-you/,1,https://robertdevore.com/how-to-build-a-content-engine-that-scales-with-you/,Static host serves HTTP 200; meta refresh is weaker than an HTTP 301/308 redirect.
baseline,https://robertdevore.com/how-to-build-modular-prompts-that-save-you-hours-per-week.html,client-side alias,https://robertdevore.com/how-to-build-modular-prompts-that-save-you-hours-per-week/,1,https://robertdevore.com/how-to-build-modular-prompts-that-save-you-hours-per-week/,Static host serves HTTP 200; meta refresh is weaker than an HTTP 301/308 redirect.
baseline,https://robertdevore.com/how-to-customize-the-style-of-your-wordpress-login-screen.html,client-side alias,https://robertdevore.com/how-to-customize-the-style-of-your-wordpress-login-screen/,1,https://robertdevore.com/how-to-customize-the-style-of-your-wordpress-login-screen/,Static host serves HTTP 200; meta refresh is weaker than an HTTP 301/308 redirect.
baseline,https://robertdevore.com/how-to-edit-ai-content-so-it-feels-clean-not-robotic.html,client-side alias,https://robertdevore.com/how-to-edit-ai-content-so-it-feels-clean-not-robotic/,1,https://robertdevore.com/how-to-edit-ai-content-so-it-feels-clean-not-robotic/,Static host serves HTTP 200; meta refresh is weaker than an HTTP 301/308 redirect.
baseline,https://robertdevore.com/how-to-stop-your-plugins-themes-from-being-used-on-wordpress-com-hosting.html,client-side alias,https://robertdevore.com/how-to-stop-your-plugins-themes-from-being-used-on-wordpress-com-hosting/,1,https://robertdevore.com/how-to-stop-your-plugins-themes-from-being-used-on-wordpress-com-hosting/,Static host serves HTTP 200; meta refresh is weaker than an HTTP 301/308 redirect.
baseline,https://robertdevore.com/how-to-teach-ai-to-match-your-voice.html,client-side alias,https://robertdevore.com/how-to-teach-ai-to-match-your-voice/,1,https://robertdevore.com/how-to-teach-ai-to-match-your-voice/,Static host serves HTTP 200; meta refresh is weaker than an HTTP 301/308 redirect.
baseline,https://robertdevore.com/how-to-use-ai-to-research-validate-ideas-and-stay-relevant.html,client-side alias,https://robertdevore.com/how-to-use-ai-to-research-validate-ideas-and-stay-relevant/,1,https://robertdevore.com/how-to-use-ai-to-research-validate-ideas-and-stay-relevant/,Static host serves HTTP 200; meta refresh is weaker than an HTTP 301/308 redirect.
baseline,https://robertdevore.com/how-to-write-prompts-that-get-the-tone-structure-and-intent-right.html,client-side alias,https://robertdevore.com/how-to-write-prompts-that-get-the-tone-structure-and-intent-right/,1,https://robertdevore.com/how-to-write-prompts-that-get-the-tone-structure-and-intent-right/,Static host serves HTTP 200; meta refresh is weaker than an HTTP 301/308 redirect.
baseline,https://robertdevore.com/hue-js.html,client-side alias,https://robertdevore.com/hue-js/,1,https://robertdevore.com/hue-js/,Static host serves HTTP 200; meta refresh is weaker than an HTTP 301/308 redirect.
baseline,https://robertdevore.com/i-built-a-python-stego-cipher-tool-and-you-can-have-it.html,client-side alias,https://robertdevore.com/i-built-a-python-stego-cipher-tool-and-you-can-have-it/,1,https://robertdevore.com/i-built-a-python-stego-cipher-tool-and-you-can-have-it/,Static host serves HTTP 200; meta refresh is weaker than an HTTP 301/308 redirect.
baseline,https://robertdevore.com/i-just-launched-a-python-course-for-php-developers.html,client-side alias,https://robertdevore.com/i-just-launched-a-python-course-for-php-developers/,1,https://robertdevore.com/i-just-launched-a-python-course-for-php-developers/,Static host serves HTTP 200; meta refresh is weaker than an HTTP 301/308 redirect.
baseline,https://robertdevore.com/im-freelancing-again.html,client-side alias,https://robertdevore.com/im-freelancing-again/,1,https://robertdevore.com/im-freelancing-again/,Static host serves HTTP 200; meta refresh is weaker than an HTTP 301/308 redirect.
baseline,https://robertdevore.com/improve-cls-scores-by-dynamically-setting-image-width-and-height.html,client-side alias,https://robertdevore.com/improve-cls-scores-by-dynamically-setting-image-width-and-height/,1,https://robertdevore.com/improve-cls-scores-by-dynamically-setting-image-width-and-height/,Static host serves HTTP 200; meta refresh is weaker than an HTTP 301/308 redirect.
baseline,https://robertdevore.com/intellipress-the-smart-af-ai-assistant-for-wordpress.html,client-side alias,https://robertdevore.com/intellipress-the-smart-af-ai-assistant-for-wordpress/,1,https://robertdevore.com/intellipress-the-smart-af-ai-assistant-for-wordpress/,Static host serves HTTP 200; meta refresh is weaker than an HTTP 301/308 redirect.
baseline,https://robertdevore.com/introducing-an-experimental-new-plugin-email-designer-for-woocommerce.html,client-side alias,https://robertdevore.com/introducing-an-experimental-new-plugin-email-designer-for-woocommerce/,1,https://robertdevore.com/introducing-an-experimental-new-plugin-email-designer-for-woocommerce/,Static host serves HTTP 200; meta refresh is weaker than an HTTP 301/308 redirect.
baseline,https://robertdevore.com/introducing-associated-taxonomies-for-wordpress.html,client-side alias,https://robertdevore.com/introducing-associated-taxonomies-for-wordpress/,1,https://robertdevore.com/introducing-associated-taxonomies-for-wordpress/,Static host serves HTTP 200; meta refresh is weaker than an HTTP 301/308 redirect.
baseline,https://robertdevore.com/introducing-automattic-css-an-open-source-css-utility-framework.html,client-side alias,https://robertdevore.com/introducing-automattic-css-an-open-source-css-utility-framework/,1,https://robertdevore.com/introducing-automattic-css-an-open-source-css-utility-framework/,Static host serves HTTP 200; meta refresh is weaker than an HTTP 301/308 redirect.
baseline,https://robertdevore.com/introducing-back-in-stock-notifications-for-woocommerce.html,client-side alias,https://robertdevore.com/introducing-back-in-stock-notifications-for-woocommerce/,1,https://robertdevore.com/introducing-back-in-stock-notifications-for-woocommerce/,Static host serves HTTP 200; meta refresh is weaker than an HTTP 301/308 redirect.
baseline,https://robertdevore.com/introducing-barcodes-for-woocommerce-free.html,client-side alias,https://robertdevore.com/introducing-barcodes-for-woocommerce-free/,1,https://robertdevore.com/introducing-barcodes-for-woocommerce-free/,Static host serves HTTP 200; meta refresh is weaker than an HTTP 301/308 redirect.
baseline,https://robertdevore.com/introducing-benchpress.html,client-side alias,https://robertdevore.com/introducing-benchpress/,1,https://robertdevore.com/introducing-benchpress/,Static host serves HTTP 200; meta refresh is weaker than an HTTP 301/308 redirect.
baseline,https://robertdevore.com/introducing-block-ai-crawlers-for-wordpress.html,client-side alias,https://robertdevore.com/introducing-block-ai-crawlers-for-wordpress/,1,https://robertdevore.com/introducing-block-ai-crawlers-for-wordpress/,Static host serves HTTP 200; meta refresh is weaker than an HTTP 301/308 redirect.
baseline,https://robertdevore.com/introducing-bluesky-feed-for-wordpress.html,client-side alias,https://robertdevore.com/introducing-bluesky-feed-for-wordpress/,1,https://robertdevore.com/introducing-bluesky-feed-for-wordpress/,Static host serves HTTP 200; meta refresh is weaker than an HTTP 301/308 redirect.
baseline,https://robertdevore.com/introducing-brands-for-woocommerce-free.html,client-side alias,https://robertdevore.com/introducing-brands-for-woocommerce-free/,1,https://robertdevore.com/introducing-brands-for-woocommerce-free/,Static host serves HTTP 200; meta refresh is weaker than an HTTP 301/308 redirect.
baseline,https://robertdevore.com/introducing-broken-image-scanner.html,client-side alias,https://robertdevore.com/introducing-broken-image-scanner/,1,https://robertdevore.com/introducing-broken-image-scanner/,Static host serves HTTP 200; meta refresh is weaker than an HTTP 301/308 redirect.
baseline,https://robertdevore.com/introducing-bulk-stock-management-for-woocommerce-free.html,client-side alias,https://robertdevore.com/introducing-bulk-stock-management-for-woocommerce-free/,1,https://robertdevore.com/introducing-bulk-stock-management-for-woocommerce-free/,Static host serves HTTP 200; meta refresh is weaker than an HTTP 301/308 redirect.
baseline,https://robertdevore.com/introducing-content-restriction-for-wordpress.html,client-side alias,https://robertdevore.com/introducing-content-restriction-for-wordpress/,1,https://robertdevore.com/introducing-content-restriction-for-wordpress/,Static host serves HTTP 200; meta refresh is weaker than an HTTP 301/308 redirect.
baseline,https://robertdevore.com/introducing-delete-inactive-users.html,client-side alias,https://robertdevore.com/introducing-delete-inactive-users/,1,https://robertdevore.com/introducing-delete-inactive-users/,Static host serves HTTP 200; meta refresh is weaker than an HTTP 301/308 redirect.
baseline,https://robertdevore.com/introducing-digg-this-a-social-sharing-plugin-for-wordpress.html,client-side alias,https://robertdevore.com/introducing-digg-this-a-social-sharing-plugin-for-wordpress/,1,https://robertdevore.com/introducing-digg-this-a-social-sharing-plugin-for-wordpress/,Static host serves HTTP 200; meta refresh is weaker than an HTTP 301/308 redirect.
baseline,https://robertdevore.com/introducing-dispensary-details-for-woocommerce.html,client-side alias,https://robertdevore.com/introducing-dispensary-details-for-woocommerce/,1,https://robertdevore.com/introducing-dispensary-details-for-woocommerce/,Static host serves HTTP 200; meta refresh is weaker than an HTTP 301/308 redirect.
baseline,https://robertdevore.com/introducing-gallery-modals-enhance-your-wordpress-galleries-with-stunning-popups.html,client-side alias,https://robertdevore.com/introducing-gallery-modals-enhance-your-wordpress-galleries-with-stunning-popups/,1,https://robertdevore.com/introducing-gallery-modals-enhance-your-wordpress-galleries-with-stunning-popups/,Static host serves HTTP 200; meta refresh is weaker than an HTTP 301/308 redirect.
baseline,https://robertdevore.com/introducing-gift-cards-for-woocommerce-free.html,client-side alias,https://robertdevore.com/introducing-gift-cards-for-woocommerce-free/,1,https://robertdevore.com/introducing-gift-cards-for-woocommerce-free/,Static host serves HTTP 200; meta refresh is weaker than an HTTP 301/308 redirect.
baseline,https://robertdevore.com/introducing-hpos-compatibility-scanner-for-woocommerce-free.html,client-side alias,https://robertdevore.com/introducing-hpos-compatibility-scanner-for-woocommerce-free/,1,https://robertdevore.com/introducing-hpos-compatibility-scanner-for-woocommerce-free/,Static host serves HTTP 200; meta refresh is weaker than an HTTP 301/308 redirect.
baseline,https://robertdevore.com/introducing-img-a11y.html,client-side alias,https://robertdevore.com/introducing-img-a11y/,1,https://robertdevore.com/introducing-img-a11y/,Static host serves HTTP 200; meta refresh is weaker than an HTTP 301/308 redirect.
baseline,https://robertdevore.com/introducing-intellipress-the-smart-ai-assistant-for-wordpress.html,client-side alias,https://robertdevore.com/introducing-intellipress-the-smart-ai-assistant-for-wordpress/,1,https://robertdevore.com/introducing-intellipress-the-smart-ai-assistant-for-wordpress/,Static host serves HTTP 200; meta refresh is weaker than an HTTP 301/308 redirect.
baseline,https://robertdevore.com/introducing-maintenance-mode-for-wordpress.html,client-side alias,https://robertdevore.com/introducing-maintenance-mode-for-wordpress/,1,https://robertdevore.com/introducing-maintenance-mode-for-wordpress/,Static host serves HTTP 200; meta refresh is weaker than an HTTP 301/308 redirect.
baseline,https://robertdevore.com/introducing-markdown-comments-for-wordpress.html,client-side alias,https://robertdevore.com/introducing-markdown-comments-for-wordpress/,1,https://robertdevore.com/introducing-markdown-comments-for-wordpress/,Static host serves HTTP 200; meta refresh is weaker than an HTTP 301/308 redirect.
baseline,https://robertdevore.com/introducing-markdown-exporter-for-wordpress.html,client-side alias,https://robertdevore.com/introducing-markdown-exporter-for-wordpress/,1,https://robertdevore.com/introducing-markdown-exporter-for-wordpress/,Static host serves HTTP 200; meta refresh is weaker than an HTTP 301/308 redirect.
baseline,https://robertdevore.com/introducing-media-copyright-scanner.html,client-side alias,https://robertdevore.com/introducing-media-copyright-scanner/,1,https://robertdevore.com/introducing-media-copyright-scanner/,Static host serves HTTP 200; meta refresh is weaker than an HTTP 301/308 redirect.
baseline,https://robertdevore.com/introducing-media-file-versioning-for-wordpress.html,client-side alias,https://robertdevore.com/introducing-media-file-versioning-for-wordpress/,1,https://robertdevore.com/introducing-media-file-versioning-for-wordpress/,Static host serves HTTP 200; meta refresh is weaker than an HTTP 301/308 redirect.
baseline,https://robertdevore.com/introducing-metadata-import-export-for-yoast-seo.html,client-side alias,https://robertdevore.com/introducing-metadata-import-export-for-yoast-seo/,1,https://robertdevore.com/introducing-metadata-import-export-for-yoast-seo/,Static host serves HTTP 200; meta refresh is weaker than an HTTP 301/308 redirect.
baseline,https://robertdevore.com/introducing-module-usage-tracker-for-wp-bakery.html,client-side alias,https://robertdevore.com/introducing-module-usage-tracker-for-wp-bakery/,1,https://robertdevore.com/introducing-module-usage-tracker-for-wp-bakery/,Static host serves HTTP 200; meta refresh is weaker than an HTTP 301/308 redirect.
baseline,https://robertdevore.com/introducing-pattern-pal-ai-powered-patterns-for-wordpress.html,client-side alias,https://robertdevore.com/introducing-pattern-pal-ai-powered-patterns-for-wordpress/,1,https://robertdevore.com/introducing-pattern-pal-ai-powered-patterns-for-wordpress/,Static host serves HTTP 200; meta refresh is weaker than an HTTP 301/308 redirect.
baseline,https://robertdevore.com/introducing-persistent-dismissible-notices.html,client-side alias,https://robertdevore.com/introducing-persistent-dismissible-notices/,1,https://robertdevore.com/introducing-persistent-dismissible-notices/,Static host serves HTTP 200; meta refresh is weaker than an HTTP 301/308 redirect.
baseline,https://robertdevore.com/introducing-projects-for-wordpress-a-better-way-to-showcase-your-work.html,client-side alias,https://robertdevore.com/introducing-projects-for-wordpress-a-better-way-to-showcase-your-work/,1,https://robertdevore.com/introducing-projects-for-wordpress-a-better-way-to-showcase-your-work/,Static host serves HTTP 200; meta refresh is weaker than an HTTP 301/308 redirect.
baseline,https://robertdevore.com/introducing-purchase-orders-for-woocommerce-free.html,client-side alias,https://robertdevore.com/introducing-purchase-orders-for-woocommerce-free/,1,https://robertdevore.com/introducing-purchase-orders-for-woocommerce-free/,Static host serves HTTP 200; meta refresh is weaker than an HTTP 301/308 redirect.
baseline,https://robertdevore.com/introducing-seo-for-wordpress.html,client-side alias,https://robertdevore.com/introducing-seo-for-wordpress/,1,https://robertdevore.com/introducing-seo-for-wordpress/,Static host serves HTTP 200; meta refresh is weaker than an HTTP 301/308 redirect.
baseline,https://robertdevore.com/introducing-shipping-multiple-addresses-for-woocommerce-free.html,client-side alias,https://robertdevore.com/introducing-shipping-multiple-addresses-for-woocommerce-free/,1,https://robertdevore.com/introducing-shipping-multiple-addresses-for-woocommerce-free/,Static host serves HTTP 200; meta refresh is weaker than an HTTP 301/308 redirect.
baseline,https://robertdevore.com/introducing-site-vitals-for-wordpress.html,client-side alias,https://robertdevore.com/introducing-site-vitals-for-wordpress/,1,https://robertdevore.com/introducing-site-vitals-for-wordpress/,Static host serves HTTP 200; meta refresh is weaker than an HTTP 301/308 redirect.
baseline,https://robertdevore.com/introducing-slop-stopper-a-free-content-checker-for-wordpress.html,client-side alias,https://robertdevore.com/introducing-slop-stopper-a-free-content-checker-for-wordpress/,1,https://robertdevore.com/introducing-slop-stopper-a-free-content-checker-for-wordpress/,Static host serves HTTP 200; meta refresh is weaker than an HTTP 301/308 redirect.
baseline,https://robertdevore.com/introducing-stats-for-wordpress.html,client-side alias,https://robertdevore.com/introducing-stats-for-wordpress/,1,https://robertdevore.com/introducing-stats-for-wordpress/,Static host serves HTTP 200; meta refresh is weaker than an HTTP 301/308 redirect.
baseline,https://robertdevore.com/introducing-table-block-enhancer-for-wordpress.html,client-side alias,https://robertdevore.com/introducing-table-block-enhancer-for-wordpress/,1,https://robertdevore.com/introducing-table-block-enhancer-for-wordpress/,Static host serves HTTP 200; meta refresh is weaker than an HTTP 301/308 redirect.
baseline,https://robertdevore.com/introducing-test-orders-for-woocommerce.html,client-side alias,https://robertdevore.com/introducing-test-orders-for-woocommerce/,1,https://robertdevore.com/introducing-test-orders-for-woocommerce/,Static host serves HTTP 200; meta refresh is weaker than an HTTP 301/308 redirect.
baseline,https://robertdevore.com/introducing-the-phlush-permalinks-wordpress-plugin.html,client-side alias,https://robertdevore.com/introducing-the-phlush-permalinks-wordpress-plugin/,1,https://robertdevore.com/introducing-the-phlush-permalinks-wordpress-plugin/,Static host serves HTTP 200; meta refresh is weaker than an HTTP 301/308 redirect.
baseline,https://robertdevore.com/introducing-the-prompts-library-a-playground-for-ai-creativity.html,client-side alias,https://robertdevore.com/introducing-the-prompts-library-a-playground-for-ai-creativity/,1,https://robertdevore.com/introducing-the-prompts-library-a-playground-for-ai-creativity/,Static host serves HTTP 200; meta refresh is weaker than an HTTP 301/308 redirect.
baseline,https://robertdevore.com/introducing-the-user-login-status-plugin-for-wordpress.html,client-side alias,https://robertdevore.com/introducing-the-user-login-status-plugin-for-wordpress/,1,https://robertdevore.com/introducing-the-user-login-status-plugin-for-wordpress/,Static host serves HTTP 200; meta refresh is weaker than an HTTP 301/308 redirect.
baseline,https://robertdevore.com/introducing-vertical-gallery-product-display-for-woocommerce.html,client-side alias,https://robertdevore.com/introducing-vertical-gallery-product-display-for-woocommerce/,1,https://robertdevore.com/introducing-vertical-gallery-product-display-for-woocommerce/,Static host serves HTTP 200; meta refresh is weaker than an HTTP 301/308 redirect.
baseline,https://robertdevore.com/introducing-widget-usage-tracker-for-elementor.html,client-side alias,https://robertdevore.com/introducing-widget-usage-tracker-for-elementor/,1,https://robertdevore.com/introducing-widget-usage-tracker-for-elementor/,Static host serves HTTP 200; meta refresh is weaker than an HTTP 301/308 redirect.
baseline,https://robertdevore.com/invest-in-yourself.html,client-side alias,https://robertdevore.com/invest-in-yourself/,1,https://robertdevore.com/invest-in-yourself/,Static host serves HTTP 200; meta refresh is weaker than an HTTP 301/308 redirect.
baseline,https://robertdevore.com/kevin-michael-geary-a-hidden-history-of-hate-racism-and-bigotry.html,client-side alias,https://robertdevore.com/kevin-michael-geary-a-hidden-history-of-hate-racism-and-bigotry/,1,https://robertdevore.com/kevin-michael-geary-a-hidden-history-of-hate-racism-and-bigotry/,Static host serves HTTP 200; meta refresh is weaker than an HTTP 301/308 redirect.
baseline,https://robertdevore.com/leafly-reviews-wordpress-plugin.html,client-side alias,https://robertdevore.com/leafly-reviews-wordpress-plugin/,1,https://robertdevore.com/leafly-reviews-wordpress-plugin/,Static host serves HTTP 200; meta refresh is weaker than an HTTP 301/308 redirect.
baseline,https://robertdevore.com/leap-the-code-of-extreme-leadership.html,client-side alias,https://robertdevore.com/leap-the-code-of-extreme-leadership/,1,https://robertdevore.com/leap-the-code-of-extreme-leadership/,Static host serves HTTP 200; meta refresh is weaker than an HTTP 301/308 redirect.
baseline,https://robertdevore.com/making-up-for-lost-time.html,client-side alias,https://robertdevore.com/making-up-for-lost-time/,1,https://robertdevore.com/making-up-for-lost-time/,Static host serves HTTP 200; meta refresh is weaker than an HTTP 301/308 redirect.
baseline,https://robertdevore.com/mnml-free-minimalist-wordpress-theme.html,client-side alias,https://robertdevore.com/mnml-free-minimalist-wordpress-theme/,1,https://robertdevore.com/mnml-free-minimalist-wordpress-theme/,Static host serves HTTP 200; meta refresh is weaker than an HTTP 301/308 redirect.
baseline,https://robertdevore.com/my-brothers-keeper-sons-of-anarchy-fanfiction.html,client-side alias,https://robertdevore.com/my-brothers-keeper-sons-of-anarchy-fanfiction/,1,https://robertdevore.com/my-brothers-keeper-sons-of-anarchy-fanfiction/,Static host serves HTTP 200; meta refresh is weaker than an HTTP 301/308 redirect.
baseline,https://robertdevore.com/my-development-projects.html,client-side alias,https://robertdevore.com/my-development-projects/,1,https://robertdevore.com/my-development-projects/,Static host serves HTTP 200; meta refresh is weaker than an HTTP 301/308 redirect.
baseline,https://robertdevore.com/open-source-is-anarchism-in-action.html,client-side alias,https://robertdevore.com/open-source-is-anarchism-in-action/,1,https://robertdevore.com/open-source-is-anarchism-in-action/,Static host serves HTTP 200; meta refresh is weaker than an HTTP 301/308 redirect.
baseline,https://robertdevore.com/organized-chaos.html,client-side alias,https://robertdevore.com/organized-chaos/,1,https://robertdevore.com/organized-chaos/,Static host serves HTTP 200; meta refresh is weaker than an HTTP 301/308 redirect.
baseline,https://robertdevore.com/page/10.html,client-side alias,https://robertdevore.com/page/10/,1,https://robertdevore.com/page/10/,Static host serves HTTP 200; meta refresh is weaker than an HTTP 301/308 redirect.
baseline,https://robertdevore.com/page/11.html,client-side alias,https://robertdevore.com/page/11/,1,https://robertdevore.com/page/11/,Static host serves HTTP 200; meta refresh is weaker than an HTTP 301/308 redirect.
baseline,https://robertdevore.com/page/12.html,client-side alias,https://robertdevore.com/page/12/,1,https://robertdevore.com/page/12/,Static host serves HTTP 200; meta refresh is weaker than an HTTP 301/308 redirect.
baseline,https://robertdevore.com/page/2.html,client-side alias,https://robertdevore.com/page/2/,1,https://robertdevore.com/page/2/,Static host serves HTTP 200; meta refresh is weaker than an HTTP 301/308 redirect.
baseline,https://robertdevore.com/page/3.html,client-side alias,https://robertdevore.com/page/3/,1,https://robertdevore.com/page/3/,Static host serves HTTP 200; meta refresh is weaker than an HTTP 301/308 redirect.
baseline,https://robertdevore.com/page/4.html,client-side alias,https://robertdevore.com/page/4/,1,https://robertdevore.com/page/4/,Static host serves HTTP 200; meta refresh is weaker than an HTTP 301/308 redirect.
baseline,https://robertdevore.com/page/5.html,client-side alias,https://robertdevore.com/page/5/,1,https://robertdevore.com/page/5/,Static host serves HTTP 200; meta refresh is weaker than an HTTP 301/308 redirect.
baseline,https://robertdevore.com/page/6.html,client-side alias,https://robertdevore.com/page/6/,1,https://robertdevore.com/page/6/,Static host serves HTTP 200; meta refresh is weaker than an HTTP 301/308 redirect.
baseline,https://robertdevore.com/page/7.html,client-side alias,https://robertdevore.com/page/7/,1,https://robertdevore.com/page/7/,Static host serves HTTP 200; meta refresh is weaker than an HTTP 301/308 redirect.
baseline,https://robertdevore.com/page/8.html,client-side alias,https://robertdevore.com/page/8/,1,https://robertdevore.com/page/8/,Static host serves HTTP 200; meta refresh is weaker than an HTTP 301/308 redirect.
baseline,https://robertdevore.com/page/9.html,client-side alias,https://robertdevore.com/page/9/,1,https://robertdevore.com/page/9/,Static host serves HTTP 200; meta refresh is weaker than an HTTP 301/308 redirect.
baseline,https://robertdevore.com/patience.html,client-side alias,https://robertdevore.com/patience/,1,https://robertdevore.com/patience/,Static host serves HTTP 200; meta refresh is weaker than an HTTP 301/308 redirect.
baseline,https://robertdevore.com/peddle-free-wordpress-theme-for-easy-digital-downloads.html,client-side alias,https://robertdevore.com/peddle-free-wordpress-theme-for-easy-digital-downloads/,1,https://robertdevore.com/peddle-free-wordpress-theme-for-easy-digital-downloads/,Static host serves HTTP 200; meta refresh is weaker than an HTTP 301/308 redirect.
baseline,https://robertdevore.com/plan-prompt-publish-a-practical-guide-to-creating-beautifully-useful-content-with-ai.html,client-side alias,https://robertdevore.com/plan-prompt-publish-a-practical-guide-to-creating-beautifully-useful-content-with-ai/,1,https://robertdevore.com/plan-prompt-publish-a-practical-guide-to-creating-beautifully-useful-content-with-ai/,Static host serves HTTP 200; meta refresh is weaker than an HTTP 301/308 redirect.
baseline,https://robertdevore.com/projects/agents-sdk.html,client-side alias,https://robertdevore.com/projects/agents-sdk/,1,https://robertdevore.com/projects/agents-sdk/,Static host serves HTTP 200; meta refresh is weaker than an HTTP 301/308 redirect.
baseline,https://robertdevore.com/projects/dispatch.html,client-side alias,https://robertdevore.com/projects/dispatch/,1,https://robertdevore.com/projects/dispatch/,Static host serves HTTP 200; meta refresh is weaker than an HTTP 301/308 redirect.
baseline,https://robertdevore.com/projects/kujo.html,client-side alias,https://robertdevore.com/projects/kujo/,1,https://robertdevore.com/projects/kujo/,Static host serves HTTP 200; meta refresh is weaker than an HTTP 301/308 redirect.
baseline,https://robertdevore.com/projects/lens.html,client-side alias,https://robertdevore.com/projects/lens/,1,https://robertdevore.com/projects/lens/,Static host serves HTTP 200; meta refresh is weaker than an HTTP 301/308 redirect.
baseline,https://robertdevore.com/projects/sitekit.html,client-side alias,https://robertdevore.com/projects/sitekit/,1,https://robertdevore.com/projects/sitekit/,Static host serves HTTP 200; meta refresh is weaker than an HTTP 301/308 redirect.
baseline,https://robertdevore.com/projects/ssg.html,client-side alias,https://robertdevore.com/projects/ssg/,1,https://robertdevore.com/projects/ssg/,Static host serves HTTP 200; meta refresh is weaker than an HTTP 301/308 redirect.
baseline,https://robertdevore.com/projects.html,client-side alias,https://robertdevore.com/projects/,1,https://robertdevore.com/projects/,Static host serves HTTP 200; meta refresh is weaker than an HTTP 301/308 redirect.
baseline,https://robertdevore.com/release-notes-back-in-stock-notifications-for-woocommerce-free-v1-0-1.html,client-side alias,https://robertdevore.com/release-notes-back-in-stock-notifications-for-woocommerce-free-v1-0-1/,1,https://robertdevore.com/release-notes-back-in-stock-notifications-for-woocommerce-free-v1-0-1/,Static host serves HTTP 200; meta refresh is weaker than an HTTP 301/308 redirect.
baseline,https://robertdevore.com/relentless.html,client-side alias,https://robertdevore.com/relentless/,1,https://robertdevore.com/relentless/,Static host serves HTTP 200; meta refresh is weaker than an HTTP 301/308 redirect.
baseline,https://robertdevore.com/rethinking-keyword-research-in-the-age-of-ai.html,client-side alias,https://robertdevore.com/rethinking-keyword-research-in-the-age-of-ai/,1,https://robertdevore.com/rethinking-keyword-research-in-the-age-of-ai/,Static host serves HTTP 200; meta refresh is weaker than an HTTP 301/308 redirect.
baseline,https://robertdevore.com/reusable-flask-error-handling-a-step-by-step-guide-to-modular-http-error-responses.html,client-side alias,https://robertdevore.com/reusable-flask-error-handling-a-step-by-step-guide-to-modular-http-error-responses/,1,https://robertdevore.com/reusable-flask-error-handling-a-step-by-step-guide-to-modular-http-error-responses/,Static host serves HTTP 200; meta refresh is weaker than an HTTP 301/308 redirect.
baseline,https://robertdevore.com/run-a-tor-relay.html,client-side alias,https://robertdevore.com/run-a-tor-relay/,1,https://robertdevore.com/run-a-tor-relay/,Static host serves HTTP 200; meta refresh is weaker than an HTTP 301/308 redirect.
baseline,https://robertdevore.com/say-goodbye-to-wordpress.html,client-side alias,https://robertdevore.com/say-goodbye-to-wordpress/,1,https://robertdevore.com/say-goodbye-to-wordpress/,Static host serves HTTP 200; meta refresh is weaker than an HTTP 301/308 redirect.
baseline,https://robertdevore.com/set-featured-images-programatically-wordpress.html,client-side alias,https://robertdevore.com/set-featured-images-programatically-wordpress/,1,https://robertdevore.com/set-featured-images-programatically-wordpress/,Static host serves HTTP 200; meta refresh is weaker than an HTTP 301/308 redirect.
baseline,https://robertdevore.com/slackedd.html,client-side alias,https://robertdevore.com/slackedd/,1,https://robertdevore.com/slackedd/,Static host serves HTTP 200; meta refresh is weaker than an HTTP 301/308 redirect.
baseline,https://robertdevore.com/stattic-v0-3-0-release-llms-txt-faster-gifs-leaner-core-and-smarter-routing.html,client-side alias,https://robertdevore.com/stattic-v0-3-0-release-llms-txt-faster-gifs-leaner-core-and-smarter-routing/,1,https://robertdevore.com/stattic-v0-3-0-release-llms-txt-faster-gifs-leaner-core-and-smarter-routing/,Static host serves HTTP 200; meta refresh is weaker than an HTTP 301/308 redirect.
baseline,https://robertdevore.com/stattic-v1-0-the-worlds-fastest-python-based-static-site-generator.html,client-side alias,https://robertdevore.com/stattic-v1-0-the-worlds-fastest-python-based-static-site-generator/,1,https://robertdevore.com/stattic-v1-0-the-worlds-fastest-python-based-static-site-generator/,Static host serves HTTP 200; meta refresh is weaker than an HTTP 301/308 redirect.
baseline,https://robertdevore.com/stop-gambling-with-client-trust-why-skipping-a-security-audit-is-a-risk-you-cant-afford.html,client-side alias,https://robertdevore.com/stop-gambling-with-client-trust-why-skipping-a-security-audit-is-a-risk-you-cant-afford/,1,https://robertdevore.com/stop-gambling-with-client-trust-why-skipping-a-security-audit-is-a-risk-you-cant-afford/,Static host serves HTTP 200; meta refresh is weaker than an HTTP 301/308 redirect.
baseline,https://robertdevore.com/tag/ai.html,client-side alias,https://robertdevore.com/tag/ai/,1,https://robertdevore.com/tag/ai/,Static host serves HTTP 200; meta refresh is weaker than an HTTP 301/308 redirect.
baseline,https://robertdevore.com/tag/archive.html,client-side alias,https://robertdevore.com/tag/archive/,1,https://robertdevore.com/tag/archive/,Static host serves HTTP 200; meta refresh is weaker than an HTTP 301/308 redirect.
baseline,https://robertdevore.com/tag/engineering.html,client-side alias,https://robertdevore.com/tag/engineering/,1,https://robertdevore.com/tag/engineering/,Static host serves HTTP 200; meta refresh is weaker than an HTTP 301/308 redirect.
baseline,https://robertdevore.com/tag/essays.html,client-side alias,https://robertdevore.com/tag/essays/,1,https://robertdevore.com/tag/essays/,Static host serves HTTP 200; meta refresh is weaker than an HTTP 301/308 redirect.
baseline,https://robertdevore.com/tag/woocommerce.html,client-side alias,https://robertdevore.com/tag/woocommerce/,1,https://robertdevore.com/tag/woocommerce/,Static host serves HTTP 200; meta refresh is weaker than an HTTP 301/308 redirect.
baseline,https://robertdevore.com/tag/wordpress.html,client-side alias,https://robertdevore.com/tag/wordpress/,1,https://robertdevore.com/tag/wordpress/,Static host serves HTTP 200; meta refresh is weaker than an HTTP 301/308 redirect.
baseline,https://robertdevore.com/tag.html,client-side alias,https://robertdevore.com/tag/,1,https://robertdevore.com/tag/,Static host serves HTTP 200; meta refresh is weaker than an HTTP 301/308 redirect.
baseline,https://robertdevore.com/thank-you-wordpress.html,client-side alias,https://robertdevore.com/thank-you-wordpress/,1,https://robertdevore.com/thank-you-wordpress/,Static host serves HTTP 200; meta refresh is weaker than an HTTP 301/308 redirect.
baseline,https://robertdevore.com/the-fastest-way-for-php-devs-to-learn-python.html,client-side alias,https://robertdevore.com/the-fastest-way-for-php-devs-to-learn-python/,1,https://robertdevore.com/the-fastest-way-for-php-devs-to-learn-python/,Static host serves HTTP 200; meta refresh is weaker than an HTTP 301/308 redirect.
baseline,https://robertdevore.com/the-past-present-and-future-of-wp-dispensary.html,client-side alias,https://robertdevore.com/the-past-present-and-future-of-wp-dispensary/,1,https://robertdevore.com/the-past-present-and-future-of-wp-dispensary/,Static host serves HTTP 200; meta refresh is weaker than an HTTP 301/308 redirect.
baseline,https://robertdevore.com/tools-and-workflows-for-formatting-visuals-and-citations.html,client-side alias,https://robertdevore.com/tools-and-workflows-for-formatting-visuals-and-citations/,1,https://robertdevore.com/tools-and-workflows-for-formatting-visuals-and-citations/,Static host serves HTTP 200; meta refresh is weaker than an HTTP 301/308 redirect.
baseline,https://robertdevore.com/twitter-marketing.html,client-side alias,https://robertdevore.com/twitter-marketing/,1,https://robertdevore.com/twitter-marketing/,Static host serves HTTP 200; meta refresh is weaker than an HTTP 301/308 redirect.
baseline,https://robertdevore.com/two-years-building-wp-dispensary.html,client-side alias,https://robertdevore.com/two-years-building-wp-dispensary/,1,https://robertdevore.com/two-years-building-wp-dispensary/,Static host serves HTTP 200; meta refresh is weaker than an HTTP 301/308 redirect.
baseline,https://robertdevore.com/use-ai-to-create-your-own-wwf-action-figure-blister-packs.html,client-side alias,https://robertdevore.com/use-ai-to-create-your-own-wwf-action-figure-blister-packs/,1,https://robertdevore.com/use-ai-to-create-your-own-wwf-action-figure-blister-packs/,Static host serves HTTP 200; meta refresh is weaker than an HTTP 301/308 redirect.
baseline,https://robertdevore.com/what-makes-content-beautifully-useful.html,client-side alias,https://robertdevore.com/what-makes-content-beautifully-useful/,1,https://robertdevore.com/what-makes-content-beautifully-useful/,Static host serves HTTP 200; meta refresh is weaker than an HTTP 301/308 redirect.
baseline,https://robertdevore.com/why-wordpress-plugin-developers-need-security-audits.html,client-side alias,https://robertdevore.com/why-wordpress-plugin-developers-need-security-audits/,1,https://robertdevore.com/why-wordpress-plugin-developers-need-security-audits/,Static host serves HTTP 200; meta refresh is weaker than an HTTP 301/308 redirect.
baseline,https://robertdevore.com/woocommerce-dispensary-details-plugin.html,client-side alias,https://robertdevore.com/woocommerce-dispensary-details-plugin/,1,https://robertdevore.com/woocommerce-dispensary-details-plugin/,Static host serves HTTP 200; meta refresh is weaker than an HTTP 301/308 redirect.
baseline,https://robertdevore.com/wordpress-custom-post-types-code-snippets.html,client-side alias,https://robertdevore.com/wordpress-custom-post-types-code-snippets/,1,https://robertdevore.com/wordpress-custom-post-types-code-snippets/,Static host serves HTTP 200; meta refresh is weaker than an HTTP 301/308 redirect.
baseline,https://robertdevore.com/wordpress-plugin-security-is-a-joke-and-youre-the-punchline.html,client-side alias,https://robertdevore.com/wordpress-plugin-security-is-a-joke-and-youre-the-punchline/,1,https://robertdevore.com/wordpress-plugin-security-is-a-joke-and-youre-the-punchline/,Static host serves HTTP 200; meta refresh is weaker than an HTTP 301/308 redirect.
baseline,https://robertdevore.com/wordpress-woocommerce-plugins-i-will-no-longer-maintain.html,client-side alias,https://robertdevore.com/wordpress-woocommerce-plugins-i-will-no-longer-maintain/,1,https://robertdevore.com/wordpress-woocommerce-plugins-i-will-no-longer-maintain/,Static host serves HTTP 200; meta refresh is weaker than an HTTP 301/308 redirect.
baseline,https://robertdevore.com/wp-dispensary-v2.html,client-side alias,https://robertdevore.com/wp-dispensary-v2/,1,https://robertdevore.com/wp-dispensary-v2/,Static host serves HTTP 200; meta refresh is weaker than an HTTP 301/308 redirect.
baseline,https://robertdevore.com/wp-dispensary.html,client-side alias,https://robertdevore.com/wp-dispensary/,1,https://robertdevore.com/wp-dispensary/,Static host serves HTTP 200; meta refresh is weaker than an HTTP 301/308 redirect.
baseline,https://robertdevore.com/wp-townhall-13-the-debate-kevin-geary-doesnt-want-you-to-see.html,client-side alias,https://robertdevore.com/wp-townhall-13-the-debate-kevin-geary-doesnt-want-you-to-see/,1,https://robertdevore.com/wp-townhall-13-the-debate-kevin-geary-doesnt-want-you-to-see/,Static host serves HTTP 200; meta refresh is weaker than an HTTP 301/308 redirect.
baseline,https://robertdevore.com/wtf-is-wordpress.html,client-side alias,https://robertdevore.com/wtf-is-wordpress/,1,https://robertdevore.com/wtf-is-wordpress/,Static host serves HTTP 200; meta refresh is weaker than an HTTP 301/308 redirect.
baseline,https://robertdevore.com/zero-cool-cli-a-hackers-terminal-from-1995.html,client-side alias,https://robertdevore.com/zero-cool-cli-a-hackers-terminal-from-1995/,1,https://robertdevore.com/zero-cool-cli-a-hackers-terminal-from-1995/,Static host serves HTTP 200; meta refresh is weaker than an HTTP 301/308 redirect.
after,https://robertdevore.com/5-python-scripts-for-osint-and-pentesting.html,client-side alias,https://robertdevore.com/5-python-scripts-for-osint-and-pentesting/,1,https://robertdevore.com/5-python-scripts-for-osint-and-pentesting/,Static host serves HTTP 200; meta refresh is weaker than an HTTP 301/308 redirect.
after,https://robertdevore.com/5-questions-you-must-answer-before-writing-anything.html,client-side alias,https://robertdevore.com/5-questions-you-must-answer-before-writing-anything/,1,https://robertdevore.com/5-questions-you-must-answer-before-writing-anything/,Static host serves HTTP 200; meta refresh is weaker than an HTTP 301/308 redirect.
after,https://robertdevore.com/5-things-i-learned-building-my-first-gutenberg-blocks-plugin.html,client-side alias,https://robertdevore.com/5-things-i-learned-building-my-first-gutenberg-blocks-plugin/,1,https://robertdevore.com/5-things-i-learned-building-my-first-gutenberg-blocks-plugin/,Static host serves HTTP 200; meta refresh is weaker than an HTTP 301/308 redirect.
after,https://robertdevore.com/7-days-full-time-wp-dispensary.html,client-side alias,https://robertdevore.com/7-days-full-time-wp-dispensary/,1,https://robertdevore.com/7-days-full-time-wp-dispensary/,Static host serves HTTP 200; meta refresh is weaker than an HTTP 301/308 redirect.
after,https://robertdevore.com/about.html,client-side alias,https://robertdevore.com/about/,1,https://robertdevore.com/about/,Static host serves HTTP 200; meta refresh is weaker than an HTTP 301/308 redirect.
after,https://robertdevore.com/all-in-one-wp-migration-plugin-ddos-attack.html,client-side alias,https://robertdevore.com/all-in-one-wp-migration-plugin-ddos-attack/,1,https://robertdevore.com/all-in-one-wp-migration-plugin-ddos-attack/,Static host serves HTTP 200; meta refresh is weaker than an HTTP 301/308 redirect.
after,https://robertdevore.com/back-to-basics.html,client-side alias,https://robertdevore.com/back-to-basics/,1,https://robertdevore.com/back-to-basics/,Static host serves HTTP 200; meta refresh is weaker than an HTTP 301/308 redirect.
after,https://robertdevore.com/blog/page/10.html,client-side alias,https://robertdevore.com/blog/page/10/,1,https://robertdevore.com/blog/page/10/,Static host serves HTTP 200; meta refresh is weaker than an HTTP 301/308 redirect.
after,https://robertdevore.com/blog/page/11.html,client-side alias,https://robertdevore.com/blog/page/11/,1,https://robertdevore.com/blog/page/11/,Static host serves HTTP 200; meta refresh is weaker than an HTTP 301/308 redirect.
after,https://robertdevore.com/blog/page/12.html,client-side alias,https://robertdevore.com/blog/page/12/,1,https://robertdevore.com/blog/page/12/,Static host serves HTTP 200; meta refresh is weaker than an HTTP 301/308 redirect.
after,https://robertdevore.com/blog/page/2.html,client-side alias,https://robertdevore.com/blog/page/2/,1,https://robertdevore.com/blog/page/2/,Static host serves HTTP 200; meta refresh is weaker than an HTTP 301/308 redirect.
after,https://robertdevore.com/blog/page/3.html,client-side alias,https://robertdevore.com/blog/page/3/,1,https://robertdevore.com/blog/page/3/,Static host serves HTTP 200; meta refresh is weaker than an HTTP 301/308 redirect.
after,https://robertdevore.com/blog/page/4.html,client-side alias,https://robertdevore.com/blog/page/4/,1,https://robertdevore.com/blog/page/4/,Static host serves HTTP 200; meta refresh is weaker than an HTTP 301/308 redirect.
after,https://robertdevore.com/blog/page/5.html,client-side alias,https://robertdevore.com/blog/page/5/,1,https://robertdevore.com/blog/page/5/,Static host serves HTTP 200; meta refresh is weaker than an HTTP 301/308 redirect.
after,https://robertdevore.com/blog/page/6.html,client-side alias,https://robertdevore.com/blog/page/6/,1,https://robertdevore.com/blog/page/6/,Static host serves HTTP 200; meta refresh is weaker than an HTTP 301/308 redirect.
after,https://robertdevore.com/blog/page/7.html,client-side alias,https://robertdevore.com/blog/page/7/,1,https://robertdevore.com/blog/page/7/,Static host serves HTTP 200; meta refresh is weaker than an HTTP 301/308 redirect.
after,https://robertdevore.com/blog/page/8.html,client-side alias,https://robertdevore.com/blog/page/8/,1,https://robertdevore.com/blog/page/8/,Static host serves HTTP 200; meta refresh is weaker than an HTTP 301/308 redirect.
after,https://robertdevore.com/blog/page/9.html,client-side alias,https://robertdevore.com/blog/page/9/,1,https://robertdevore.com/blog/page/9/,Static host serves HTTP 200; meta refresh is weaker than an HTTP 301/308 redirect.
after,https://robertdevore.com/blog.html,client-side alias,https://robertdevore.com/blog/,1,https://robertdevore.com/blog/,Static host serves HTTP 200; meta refresh is weaker than an HTTP 301/308 redirect.
after,https://robertdevore.com/boostbox-free-popups-that-work-pro-popups-that-convert.html,client-side alias,https://robertdevore.com/boostbox-free-popups-that-work-pro-popups-that-convert/,1,https://robertdevore.com/boostbox-free-popups-that-work-pro-popups-that-convert/,Static host serves HTTP 200; meta refresh is weaker than an HTTP 301/308 redirect.
after,https://robertdevore.com/boostbox-wordpress-popup-builder-for-the-core-editor.html,client-side alias,https://robertdevore.com/boostbox-wordpress-popup-builder-for-the-core-editor/,1,https://robertdevore.com/boostbox-wordpress-popup-builder-for-the-core-editor/,Static host serves HTTP 200; meta refresh is weaker than an HTTP 301/308 redirect.
after,https://robertdevore.com/cannabis-health-benefits.html,client-side alias,https://robertdevore.com/cannabis-health-benefits/,1,https://robertdevore.com/cannabis-health-benefits/,Static host serves HTTP 200; meta refresh is weaker than an HTTP 301/308 redirect.
after,https://robertdevore.com/cannabiz.html,client-side alias,https://robertdevore.com/cannabiz/,1,https://robertdevore.com/cannabiz/,Static host serves HTTP 200; meta refresh is weaker than an HTTP 301/308 redirect.
after,https://robertdevore.com/category/ai-content-systems.html,client-side alias,https://robertdevore.com/category/ai-content-systems/,1,https://robertdevore.com/category/ai-content-systems/,Static host serves HTTP 200; meta refresh is weaker than an HTTP 301/308 redirect.
after,https://robertdevore.com/category/developer-tools.html,client-side alias,https://robertdevore.com/category/developer-tools/,1,https://robertdevore.com/category/developer-tools/,Static host serves HTTP 200; meta refresh is weaker than an HTTP 301/308 redirect.
after,https://robertdevore.com/category/engineering-archive.html,client-side alias,https://robertdevore.com/category/engineering-archive/,1,https://robertdevore.com/category/engineering-archive/,Static host serves HTTP 200; meta refresh is weaker than an HTTP 301/308 redirect.
after,https://robertdevore.com/category/field-notes.html,client-side alias,https://robertdevore.com/category/field-notes/,1,https://robertdevore.com/category/field-notes/,Static host serves HTTP 200; meta refresh is weaker than an HTTP 301/308 redirect.
after,https://robertdevore.com/category/wordpress-archive.html,client-side alias,https://robertdevore.com/category/wordpress-archive/,1,https://robertdevore.com/category/wordpress-archive/,Static host serves HTTP 200; meta refresh is weaker than an HTTP 301/308 redirect.
after,https://robertdevore.com/category.html,client-side alias,https://robertdevore.com/category/,1,https://robertdevore.com/category/,Static host serves HTTP 200; meta refresh is weaker than an HTTP 301/308 redirect.
after,https://robertdevore.com/celebrating-gaad-with-img-a11y-v1-1-0.html,client-side alias,https://robertdevore.com/celebrating-gaad-with-img-a11y-v1-1-0/,1,https://robertdevore.com/celebrating-gaad-with-img-a11y-v1-1-0/,Static host serves HTTP 200; meta refresh is weaker than an HTTP 301/308 redirect.
after,https://robertdevore.com/chapters-for-authors-wordpress-plugin.html,client-side alias,https://robertdevore.com/chapters-for-authors-wordpress-plugin/,1,https://robertdevore.com/chapters-for-authors-wordpress-plugin/,Static host serves HTTP 200; meta refresh is weaker than an HTTP 301/308 redirect.
after,https://robertdevore.com/clean-blog-free-wordpress-theme.html,client-side alias,https://robertdevore.com/clean-blog-free-wordpress-theme/,1,https://robertdevore.com/clean-blog-free-wordpress-theme/,Static host serves HTTP 200; meta refresh is weaker than an HTTP 301/308 redirect.
after,https://robertdevore.com/complete-beginners-guide-building-a-python-url-checker-for-google-sheets.html,client-side alias,https://robertdevore.com/complete-beginners-guide-building-a-python-url-checker-for-google-sheets/,1,https://robertdevore.com/complete-beginners-guide-building-a-python-url-checker-for-google-sheets/,Static host serves HTTP 200; meta refresh is weaker than an HTTP 301/308 redirect.
after,https://robertdevore.com/contact.html,client-side alias,https://robertdevore.com/contact/,1,https://robertdevore.com/contact/,Static host serves HTTP 200; meta refresh is weaker than an HTTP 301/308 redirect.
after,https://robertdevore.com/creating-my-own-cipher-code.html,client-side alias,https://robertdevore.com/creating-my-own-cipher-code/,1,https://robertdevore.com/creating-my-own-cipher-code/,Static host serves HTTP 200; meta refresh is weaker than an HTTP 301/308 redirect.
after,https://robertdevore.com/customer-loyalty-for-woocommerce-v2.html,client-side alias,https://robertdevore.com/customer-loyalty-for-woocommerce-v2/,1,https://robertdevore.com/customer-loyalty-for-woocommerce-v2/,Static host serves HTTP 200; meta refresh is weaker than an HTTP 301/308 redirect.
after,https://robertdevore.com/db-version-control-wordpress-plugin.html,client-side alias,https://robertdevore.com/db-version-control-wordpress-plugin/,1,https://robertdevore.com/db-version-control-wordpress-plugin/,Static host serves HTTP 200; meta refresh is weaker than an HTTP 301/308 redirect.
after,https://robertdevore.com/december-2024-a-retrospective.html,client-side alias,https://robertdevore.com/december-2024-a-retrospective/,1,https://robertdevore.com/december-2024-a-retrospective/,Static host serves HTTP 200; meta refresh is weaker than an HTTP 301/308 redirect.
after,https://robertdevore.com/delivery-drivers-for-woocommerce.html,client-side alias,https://robertdevore.com/delivery-drivers-for-woocommerce/,1,https://robertdevore.com/delivery-drivers-for-woocommerce/,Static host serves HTTP 200; meta refresh is weaker than an HTTP 301/308 redirect.
after,https://robertdevore.com/devio-digital.html,client-side alias,https://robertdevore.com/devio-digital/,1,https://robertdevore.com/devio-digital/,Static host serves HTTP 200; meta refresh is weaker than an HTTP 301/308 redirect.
after,https://robertdevore.com/dispensary-wordpress-plugins-2017.html,client-side alias,https://robertdevore.com/dispensary-wordpress-plugins-2017/,1,https://robertdevore.com/dispensary-wordpress-plugins-2017/,Static host serves HTTP 200; meta refresh is weaker than an HTTP 301/308 redirect.
after,https://robertdevore.com/do-less-deliver-more.html,client-side alias,https://robertdevore.com/do-less-deliver-more/,1,https://robertdevore.com/do-less-deliver-more/,Static host serves HTTP 200; meta refresh is weaker than an HTTP 301/308 redirect.
after,https://robertdevore.com/docupress-documentation-plugin-for-wordpress.html,client-side alias,https://robertdevore.com/docupress-documentation-plugin-for-wordpress/,1,https://robertdevore.com/docupress-documentation-plugin-for-wordpress/,Static host serves HTTP 200; meta refresh is weaker than an HTTP 301/308 redirect.
after,https://robertdevore.com/dont-shoot-the-messenger-choose-courage-over-convenience.html,client-side alias,https://robertdevore.com/dont-shoot-the-messenger-choose-courage-over-convenience/,1,https://robertdevore.com/dont-shoot-the-messenger-choose-courage-over-convenience/,Static host serves HTTP 200; meta refresh is weaker than an HTTP 301/308 redirect.
after,https://robertdevore.com/extreme-programming-for-extreme-leaders.html,client-side alias,https://robertdevore.com/extreme-programming-for-extreme-leaders/,1,https://robertdevore.com/extreme-programming-for-extreme-leaders/,Static host serves HTTP 200; meta refresh is weaker than an HTTP 301/308 redirect.
after,https://robertdevore.com/focus.html,client-side alias,https://robertdevore.com/focus/,1,https://robertdevore.com/focus/,Static host serves HTTP 200; meta refresh is weaker than an HTTP 301/308 redirect.
after,https://robertdevore.com/forever-forward.html,client-side alias,https://robertdevore.com/forever-forward/,1,https://robertdevore.com/forever-forward/,Static host serves HTTP 200; meta refresh is weaker than an HTTP 301/308 redirect.
after,https://robertdevore.com/going-all-in-one-year-later.html,client-side alias,https://robertdevore.com/going-all-in-one-year-later/,1,https://robertdevore.com/going-all-in-one-year-later/,Static host serves HTTP 200; meta refresh is weaker than an HTTP 301/308 redirect.
after,https://robertdevore.com/going-all-in-with-wp-dispensary.html,client-side alias,https://robertdevore.com/going-all-in-with-wp-dispensary/,1,https://robertdevore.com/going-all-in-with-wp-dispensary/,Static host serves HTTP 200; meta refresh is weaker than an HTTP 301/308 redirect.
after,https://robertdevore.com/goodbye-wordpress-a-eulogy.html,client-side alias,https://robertdevore.com/goodbye-wordpress-a-eulogy/,1,https://robertdevore.com/goodbye-wordpress-a-eulogy/,Static host serves HTTP 200; meta refresh is weaker than an HTTP 301/308 redirect.
after,https://robertdevore.com/grateful-to-see-21-of-my-wordpress-plugins-live-on-at-webdevstudios.html,client-side alias,https://robertdevore.com/grateful-to-see-21-of-my-wordpress-plugins-live-on-at-webdevstudios/,1,https://robertdevore.com/grateful-to-see-21-of-my-wordpress-plugins-live-on-at-webdevstudios/,Static host serves HTTP 200; meta refresh is weaker than an HTTP 301/308 redirect.
after,https://robertdevore.com/hello-2017.html,client-side alias,https://robertdevore.com/hello-2017/,1,https://robertdevore.com/hello-2017/,Static host serves HTTP 200; meta refresh is weaker than an HTTP 301/308 redirect.
after,https://robertdevore.com/hello-plugin-pal-your-ai-powered-plugin-generator-for-wordpress.html,client-side alias,https://robertdevore.com/hello-plugin-pal-your-ai-powered-plugin-generator-for-wordpress/,1,https://robertdevore.com/hello-plugin-pal-your-ai-powered-plugin-generator-for-wordpress/,Static host serves HTTP 200; meta refresh is weaker than an HTTP 301/308 redirect.
after,https://robertdevore.com/honoring-jesse-petersen-with-the-revival-of-stealth-login-page.html,client-side alias,https://robertdevore.com/honoring-jesse-petersen-with-the-revival-of-stealth-login-page/,1,https://robertdevore.com/honoring-jesse-petersen-with-the-revival-of-stealth-login-page/,Static host serves HTTP 200; meta refresh is weaker than an HTTP 301/308 redirect.
after,https://robertdevore.com/host-your-wordpress-plugins-on-github-and-automate-plugin-packaging.html,client-side alias,https://robertdevore.com/host-your-wordpress-plugins-on-github-and-automate-plugin-packaging/,1,https://robertdevore.com/host-your-wordpress-plugins-on-github-and-automate-plugin-packaging/,Static host serves HTTP 200; meta refresh is weaker than an HTTP 301/308 redirect.
after,https://robertdevore.com/how-a-security-audit-can-save-your-e-commerce-store-from-disaster.html,client-side alias,https://robertdevore.com/how-a-security-audit-can-save-your-e-commerce-store-from-disaster/,1,https://robertdevore.com/how-a-security-audit-can-save-your-e-commerce-store-from-disaster/,Static host serves HTTP 200; meta refresh is weaker than an HTTP 301/308 redirect.
after,https://robertdevore.com/how-hungry-are-you.html,client-side alias,https://robertdevore.com/how-hungry-are-you/,1,https://robertdevore.com/how-hungry-are-you/,Static host serves HTTP 200; meta refresh is weaker than an HTTP 301/308 redirect.
after,https://robertdevore.com/how-i-use-textexpander-to-reuse-my-best-ai-prompts.html,client-side alias,https://robertdevore.com/how-i-use-textexpander-to-reuse-my-best-ai-prompts/,1,https://robertdevore.com/how-i-use-textexpander-to-reuse-my-best-ai-prompts/,Static host serves HTTP 200; meta refresh is weaker than an HTTP 301/308 redirect.
after,https://robertdevore.com/how-to-block-website-tracking-data-in-woocommerce.html,client-side alias,https://robertdevore.com/how-to-block-website-tracking-data-in-woocommerce/,1,https://robertdevore.com/how-to-block-website-tracking-data-in-woocommerce/,Static host serves HTTP 200; meta refresh is weaker than an HTTP 301/308 redirect.
after,https://robertdevore.com/how-to-build-a-content-engine-that-scales-with-you.html,client-side alias,https://robertdevore.com/how-to-build-a-content-engine-that-scales-with-you/,1,https://robertdevore.com/how-to-build-a-content-engine-that-scales-with-you/,Static host serves HTTP 200; meta refresh is weaker than an HTTP 301/308 redirect.
after,https://robertdevore.com/how-to-build-modular-prompts-that-save-you-hours-per-week.html,client-side alias,https://robertdevore.com/how-to-build-modular-prompts-that-save-you-hours-per-week/,1,https://robertdevore.com/how-to-build-modular-prompts-that-save-you-hours-per-week/,Static host serves HTTP 200; meta refresh is weaker than an HTTP 301/308 redirect.
after,https://robertdevore.com/how-to-customize-the-style-of-your-wordpress-login-screen.html,client-side alias,https://robertdevore.com/how-to-customize-the-style-of-your-wordpress-login-screen/,1,https://robertdevore.com/how-to-customize-the-style-of-your-wordpress-login-screen/,Static host serves HTTP 200; meta refresh is weaker than an HTTP 301/308 redirect.
after,https://robertdevore.com/how-to-edit-ai-content-so-it-feels-clean-not-robotic.html,client-side alias,https://robertdevore.com/how-to-edit-ai-content-so-it-feels-clean-not-robotic/,1,https://robertdevore.com/how-to-edit-ai-content-so-it-feels-clean-not-robotic/,Static host serves HTTP 200; meta refresh is weaker than an HTTP 301/308 redirect.
after,https://robertdevore.com/how-to-stop-your-plugins-themes-from-being-used-on-wordpress-com-hosting.html,client-side alias,https://robertdevore.com/how-to-stop-your-plugins-themes-from-being-used-on-wordpress-com-hosting/,1,https://robertdevore.com/how-to-stop-your-plugins-themes-from-being-used-on-wordpress-com-hosting/,Static host serves HTTP 200; meta refresh is weaker than an HTTP 301/308 redirect.
after,https://robertdevore.com/how-to-teach-ai-to-match-your-voice.html,client-side alias,https://robertdevore.com/how-to-teach-ai-to-match-your-voice/,1,https://robertdevore.com/how-to-teach-ai-to-match-your-voice/,Static host serves HTTP 200; meta refresh is weaker than an HTTP 301/308 redirect.
after,https://robertdevore.com/how-to-use-ai-to-research-validate-ideas-and-stay-relevant.html,client-side alias,https://robertdevore.com/how-to-use-ai-to-research-validate-ideas-and-stay-relevant/,1,https://robertdevore.com/how-to-use-ai-to-research-validate-ideas-and-stay-relevant/,Static host serves HTTP 200; meta refresh is weaker than an HTTP 301/308 redirect.
after,https://robertdevore.com/how-to-write-prompts-that-get-the-tone-structure-and-intent-right.html,client-side alias,https://robertdevore.com/how-to-write-prompts-that-get-the-tone-structure-and-intent-right/,1,https://robertdevore.com/how-to-write-prompts-that-get-the-tone-structure-and-intent-right/,Static host serves HTTP 200; meta refresh is weaker than an HTTP 301/308 redirect.
after,https://robertdevore.com/hue-js.html,client-side alias,https://robertdevore.com/hue-js/,1,https://robertdevore.com/hue-js/,Static host serves HTTP 200; meta refresh is weaker than an HTTP 301/308 redirect.
after,https://robertdevore.com/i-built-a-python-stego-cipher-tool-and-you-can-have-it.html,client-side alias,https://robertdevore.com/i-built-a-python-stego-cipher-tool-and-you-can-have-it/,1,https://robertdevore.com/i-built-a-python-stego-cipher-tool-and-you-can-have-it/,Static host serves HTTP 200; meta refresh is weaker than an HTTP 301/308 redirect.
after,https://robertdevore.com/i-just-launched-a-python-course-for-php-developers.html,client-side alias,https://robertdevore.com/i-just-launched-a-python-course-for-php-developers/,1,https://robertdevore.com/i-just-launched-a-python-course-for-php-developers/,Static host serves HTTP 200; meta refresh is weaker than an HTTP 301/308 redirect.
after,https://robertdevore.com/im-freelancing-again.html,client-side alias,https://robertdevore.com/im-freelancing-again/,1,https://robertdevore.com/im-freelancing-again/,Static host serves HTTP 200; meta refresh is weaker than an HTTP 301/308 redirect.
after,https://robertdevore.com/improve-cls-scores-by-dynamically-setting-image-width-and-height.html,client-side alias,https://robertdevore.com/improve-cls-scores-by-dynamically-setting-image-width-and-height/,1,https://robertdevore.com/improve-cls-scores-by-dynamically-setting-image-width-and-height/,Static host serves HTTP 200; meta refresh is weaker than an HTTP 301/308 redirect.
after,https://robertdevore.com/intellipress-the-smart-af-ai-assistant-for-wordpress.html,client-side alias,https://robertdevore.com/intellipress-the-smart-af-ai-assistant-for-wordpress/,1,https://robertdevore.com/intellipress-the-smart-af-ai-assistant-for-wordpress/,Static host serves HTTP 200; meta refresh is weaker than an HTTP 301/308 redirect.
after,https://robertdevore.com/introducing-an-experimental-new-plugin-email-designer-for-woocommerce.html,client-side alias,https://robertdevore.com/introducing-an-experimental-new-plugin-email-designer-for-woocommerce/,1,https://robertdevore.com/introducing-an-experimental-new-plugin-email-designer-for-woocommerce/,Static host serves HTTP 200; meta refresh is weaker than an HTTP 301/308 redirect.
after,https://robertdevore.com/introducing-associated-taxonomies-for-wordpress.html,client-side alias,https://robertdevore.com/introducing-associated-taxonomies-for-wordpress/,1,https://robertdevore.com/introducing-associated-taxonomies-for-wordpress/,Static host serves HTTP 200; meta refresh is weaker than an HTTP 301/308 redirect.
after,https://robertdevore.com/introducing-automattic-css-an-open-source-css-utility-framework.html,client-side alias,https://robertdevore.com/introducing-automattic-css-an-open-source-css-utility-framework/,1,https://robertdevore.com/introducing-automattic-css-an-open-source-css-utility-framework/,Static host serves HTTP 200; meta refresh is weaker than an HTTP 301/308 redirect.
after,https://robertdevore.com/introducing-back-in-stock-notifications-for-woocommerce.html,client-side alias,https://robertdevore.com/introducing-back-in-stock-notifications-for-woocommerce/,1,https://robertdevore.com/introducing-back-in-stock-notifications-for-woocommerce/,Static host serves HTTP 200; meta refresh is weaker than an HTTP 301/308 redirect.
after,https://robertdevore.com/introducing-barcodes-for-woocommerce-free.html,client-side alias,https://robertdevore.com/introducing-barcodes-for-woocommerce-free/,1,https://robertdevore.com/introducing-barcodes-for-woocommerce-free/,Static host serves HTTP 200; meta refresh is weaker than an HTTP 301/308 redirect.
after,https://robertdevore.com/introducing-benchpress.html,client-side alias,https://robertdevore.com/introducing-benchpress/,1,https://robertdevore.com/introducing-benchpress/,Static host serves HTTP 200; meta refresh is weaker than an HTTP 301/308 redirect.
after,https://robertdevore.com/introducing-block-ai-crawlers-for-wordpress.html,client-side alias,https://robertdevore.com/introducing-block-ai-crawlers-for-wordpress/,1,https://robertdevore.com/introducing-block-ai-crawlers-for-wordpress/,Static host serves HTTP 200; meta refresh is weaker than an HTTP 301/308 redirect.
after,https://robertdevore.com/introducing-bluesky-feed-for-wordpress.html,client-side alias,https://robertdevore.com/introducing-bluesky-feed-for-wordpress/,1,https://robertdevore.com/introducing-bluesky-feed-for-wordpress/,Static host serves HTTP 200; meta refresh is weaker than an HTTP 301/308 redirect.
after,https://robertdevore.com/introducing-brands-for-woocommerce-free.html,client-side alias,https://robertdevore.com/introducing-brands-for-woocommerce-free/,1,https://robertdevore.com/introducing-brands-for-woocommerce-free/,Static host serves HTTP 200; meta refresh is weaker than an HTTP 301/308 redirect.
after,https://robertdevore.com/introducing-broken-image-scanner.html,client-side alias,https://robertdevore.com/introducing-broken-image-scanner/,1,https://robertdevore.com/introducing-broken-image-scanner/,Static host serves HTTP 200; meta refresh is weaker than an HTTP 301/308 redirect.
after,https://robertdevore.com/introducing-bulk-stock-management-for-woocommerce-free.html,client-side alias,https://robertdevore.com/introducing-bulk-stock-management-for-woocommerce-free/,1,https://robertdevore.com/introducing-bulk-stock-management-for-woocommerce-free/,Static host serves HTTP 200; meta refresh is weaker than an HTTP 301/308 redirect.
after,https://robertdevore.com/introducing-content-restriction-for-wordpress.html,client-side alias,https://robertdevore.com/introducing-content-restriction-for-wordpress/,1,https://robertdevore.com/introducing-content-restriction-for-wordpress/,Static host serves HTTP 200; meta refresh is weaker than an HTTP 301/308 redirect.
after,https://robertdevore.com/introducing-delete-inactive-users.html,client-side alias,https://robertdevore.com/introducing-delete-inactive-users/,1,https://robertdevore.com/introducing-delete-inactive-users/,Static host serves HTTP 200; meta refresh is weaker than an HTTP 301/308 redirect.
after,https://robertdevore.com/introducing-digg-this-a-social-sharing-plugin-for-wordpress.html,client-side alias,https://robertdevore.com/introducing-digg-this-a-social-sharing-plugin-for-wordpress/,1,https://robertdevore.com/introducing-digg-this-a-social-sharing-plugin-for-wordpress/,Static host serves HTTP 200; meta refresh is weaker than an HTTP 301/308 redirect.
after,https://robertdevore.com/introducing-dispensary-details-for-woocommerce.html,client-side alias,https://robertdevore.com/introducing-dispensary-details-for-woocommerce/,1,https://robertdevore.com/introducing-dispensary-details-for-woocommerce/,Static host serves HTTP 200; meta refresh is weaker than an HTTP 301/308 redirect.
after,https://robertdevore.com/introducing-gallery-modals-enhance-your-wordpress-galleries-with-stunning-popups.html,client-side alias,https://robertdevore.com/introducing-gallery-modals-enhance-your-wordpress-galleries-with-stunning-popups/,1,https://robertdevore.com/introducing-gallery-modals-enhance-your-wordpress-galleries-with-stunning-popups/,Static host serves HTTP 200; meta refresh is weaker than an HTTP 301/308 redirect.
after,https://robertdevore.com/introducing-gift-cards-for-woocommerce-free.html,client-side alias,https://robertdevore.com/introducing-gift-cards-for-woocommerce-free/,1,https://robertdevore.com/introducing-gift-cards-for-woocommerce-free/,Static host serves HTTP 200; meta refresh is weaker than an HTTP 301/308 redirect.
after,https://robertdevore.com/introducing-hpos-compatibility-scanner-for-woocommerce-free.html,client-side alias,https://robertdevore.com/introducing-hpos-compatibility-scanner-for-woocommerce-free/,1,https://robertdevore.com/introducing-hpos-compatibility-scanner-for-woocommerce-free/,Static host serves HTTP 200; meta refresh is weaker than an HTTP 301/308 redirect.
after,https://robertdevore.com/introducing-img-a11y.html,client-side alias,https://robertdevore.com/introducing-img-a11y/,1,https://robertdevore.com/introducing-img-a11y/,Static host serves HTTP 200; meta refresh is weaker than an HTTP 301/308 redirect.
after,https://robertdevore.com/introducing-intellipress-the-smart-ai-assistant-for-wordpress.html,client-side alias,https://robertdevore.com/introducing-intellipress-the-smart-ai-assistant-for-wordpress/,1,https://robertdevore.com/introducing-intellipress-the-smart-ai-assistant-for-wordpress/,Static host serves HTTP 200; meta refresh is weaker than an HTTP 301/308 redirect.
after,https://robertdevore.com/introducing-maintenance-mode-for-wordpress.html,client-side alias,https://robertdevore.com/introducing-maintenance-mode-for-wordpress/,1,https://robertdevore.com/introducing-maintenance-mode-for-wordpress/,Static host serves HTTP 200; meta refresh is weaker than an HTTP 301/308 redirect.
after,https://robertdevore.com/introducing-markdown-comments-for-wordpress.html,client-side alias,https://robertdevore.com/introducing-markdown-comments-for-wordpress/,1,https://robertdevore.com/introducing-markdown-comments-for-wordpress/,Static host serves HTTP 200; meta refresh is weaker than an HTTP 301/308 redirect.
after,https://robertdevore.com/introducing-markdown-exporter-for-wordpress.html,client-side alias,https://robertdevore.com/introducing-markdown-exporter-for-wordpress/,1,https://robertdevore.com/introducing-markdown-exporter-for-wordpress/,Static host serves HTTP 200; meta refresh is weaker than an HTTP 301/308 redirect.
after,https://robertdevore.com/introducing-media-copyright-scanner.html,client-side alias,https://robertdevore.com/introducing-media-copyright-scanner/,1,https://robertdevore.com/introducing-media-copyright-scanner/,Static host serves HTTP 200; meta refresh is weaker than an HTTP 301/308 redirect.
after,https://robertdevore.com/introducing-media-file-versioning-for-wordpress.html,client-side alias,https://robertdevore.com/introducing-media-file-versioning-for-wordpress/,1,https://robertdevore.com/introducing-media-file-versioning-for-wordpress/,Static host serves HTTP 200; meta refresh is weaker than an HTTP 301/308 redirect.
after,https://robertdevore.com/introducing-metadata-import-export-for-yoast-seo.html,client-side alias,https://robertdevore.com/introducing-metadata-import-export-for-yoast-seo/,1,https://robertdevore.com/introducing-metadata-import-export-for-yoast-seo/,Static host serves HTTP 200; meta refresh is weaker than an HTTP 301/308 redirect.
after,https://robertdevore.com/introducing-module-usage-tracker-for-wp-bakery.html,client-side alias,https://robertdevore.com/introducing-module-usage-tracker-for-wp-bakery/,1,https://robertdevore.com/introducing-module-usage-tracker-for-wp-bakery/,Static host serves HTTP 200; meta refresh is weaker than an HTTP 301/308 redirect.
after,https://robertdevore.com/introducing-pattern-pal-ai-powered-patterns-for-wordpress.html,client-side alias,https://robertdevore.com/introducing-pattern-pal-ai-powered-patterns-for-wordpress/,1,https://robertdevore.com/introducing-pattern-pal-ai-powered-patterns-for-wordpress/,Static host serves HTTP 200; meta refresh is weaker than an HTTP 301/308 redirect.
after,https://robertdevore.com/introducing-persistent-dismissible-notices.html,client-side alias,https://robertdevore.com/introducing-persistent-dismissible-notices/,1,https://robertdevore.com/introducing-persistent-dismissible-notices/,Static host serves HTTP 200; meta refresh is weaker than an HTTP 301/308 redirect.
after,https://robertdevore.com/introducing-projects-for-wordpress-a-better-way-to-showcase-your-work.html,client-side alias,https://robertdevore.com/introducing-projects-for-wordpress-a-better-way-to-showcase-your-work/,1,https://robertdevore.com/introducing-projects-for-wordpress-a-better-way-to-showcase-your-work/,Static host serves HTTP 200; meta refresh is weaker than an HTTP 301/308 redirect.
after,https://robertdevore.com/introducing-purchase-orders-for-woocommerce-free.html,client-side alias,https://robertdevore.com/introducing-purchase-orders-for-woocommerce-free/,1,https://robertdevore.com/introducing-purchase-orders-for-woocommerce-free/,Static host serves HTTP 200; meta refresh is weaker than an HTTP 301/308 redirect.
after,https://robertdevore.com/introducing-seo-for-wordpress.html,client-side alias,https://robertdevore.com/introducing-seo-for-wordpress/,1,https://robertdevore.com/introducing-seo-for-wordpress/,Static host serves HTTP 200; meta refresh is weaker than an HTTP 301/308 redirect.
after,https://robertdevore.com/introducing-shipping-multiple-addresses-for-woocommerce-free.html,client-side alias,https://robertdevore.com/introducing-shipping-multiple-addresses-for-woocommerce-free/,1,https://robertdevore.com/introducing-shipping-multiple-addresses-for-woocommerce-free/,Static host serves HTTP 200; meta refresh is weaker than an HTTP 301/308 redirect.
after,https://robertdevore.com/introducing-site-vitals-for-wordpress.html,client-side alias,https://robertdevore.com/introducing-site-vitals-for-wordpress/,1,https://robertdevore.com/introducing-site-vitals-for-wordpress/,Static host serves HTTP 200; meta refresh is weaker than an HTTP 301/308 redirect.
after,https://robertdevore.com/introducing-slop-stopper-a-free-content-checker-for-wordpress.html,client-side alias,https://robertdevore.com/introducing-slop-stopper-a-free-content-checker-for-wordpress/,1,https://robertdevore.com/introducing-slop-stopper-a-free-content-checker-for-wordpress/,Static host serves HTTP 200; meta refresh is weaker than an HTTP 301/308 redirect.
after,https://robertdevore.com/introducing-stats-for-wordpress.html,client-side alias,https://robertdevore.com/introducing-stats-for-wordpress/,1,https://robertdevore.com/introducing-stats-for-wordpress/,Static host serves HTTP 200; meta refresh is weaker than an HTTP 301/308 redirect.
after,https://robertdevore.com/introducing-table-block-enhancer-for-wordpress.html,client-side alias,https://robertdevore.com/introducing-table-block-enhancer-for-wordpress/,1,https://robertdevore.com/introducing-table-block-enhancer-for-wordpress/,Static host serves HTTP 200; meta refresh is weaker than an HTTP 301/308 redirect.
after,https://robertdevore.com/introducing-test-orders-for-woocommerce.html,client-side alias,https://robertdevore.com/introducing-test-orders-for-woocommerce/,1,https://robertdevore.com/introducing-test-orders-for-woocommerce/,Static host serves HTTP 200; meta refresh is weaker than an HTTP 301/308 redirect.
after,https://robertdevore.com/introducing-the-phlush-permalinks-wordpress-plugin.html,client-side alias,https://robertdevore.com/introducing-the-phlush-permalinks-wordpress-plugin/,1,https://robertdevore.com/introducing-the-phlush-permalinks-wordpress-plugin/,Static host serves HTTP 200; meta refresh is weaker than an HTTP 301/308 redirect.
after,https://robertdevore.com/introducing-the-prompts-library-a-playground-for-ai-creativity.html,client-side alias,https://robertdevore.com/introducing-the-prompts-library-a-playground-for-ai-creativity/,1,https://robertdevore.com/introducing-the-prompts-library-a-playground-for-ai-creativity/,Static host serves HTTP 200; meta refresh is weaker than an HTTP 301/308 redirect.
after,https://robertdevore.com/introducing-the-user-login-status-plugin-for-wordpress.html,client-side alias,https://robertdevore.com/introducing-the-user-login-status-plugin-for-wordpress/,1,https://robertdevore.com/introducing-the-user-login-status-plugin-for-wordpress/,Static host serves HTTP 200; meta refresh is weaker than an HTTP 301/308 redirect.
after,https://robertdevore.com/introducing-vertical-gallery-product-display-for-woocommerce.html,client-side alias,https://robertdevore.com/introducing-vertical-gallery-product-display-for-woocommerce/,1,https://robertdevore.com/introducing-vertical-gallery-product-display-for-woocommerce/,Static host serves HTTP 200; meta refresh is weaker than an HTTP 301/308 redirect.
after,https://robertdevore.com/introducing-widget-usage-tracker-for-elementor.html,client-side alias,https://robertdevore.com/introducing-widget-usage-tracker-for-elementor/,1,https://robertdevore.com/introducing-widget-usage-tracker-for-elementor/,Static host serves HTTP 200; meta refresh is weaker than an HTTP 301/308 redirect.
after,https://robertdevore.com/invest-in-yourself.html,client-side alias,https://robertdevore.com/invest-in-yourself/,1,https://robertdevore.com/invest-in-yourself/,Static host serves HTTP 200; meta refresh is weaker than an HTTP 301/308 redirect.
after,https://robertdevore.com/kevin-michael-geary-a-hidden-history-of-hate-racism-and-bigotry.html,client-side alias,https://robertdevore.com/kevin-michael-geary-a-hidden-history-of-hate-racism-and-bigotry/,1,https://robertdevore.com/kevin-michael-geary-a-hidden-history-of-hate-racism-and-bigotry/,Static host serves HTTP 200; meta refresh is weaker than an HTTP 301/308 redirect.
after,https://robertdevore.com/leafly-reviews-wordpress-plugin.html,client-side alias,https://robertdevore.com/leafly-reviews-wordpress-plugin/,1,https://robertdevore.com/leafly-reviews-wordpress-plugin/,Static host serves HTTP 200; meta refresh is weaker than an HTTP 301/308 redirect.
after,https://robertdevore.com/leap-the-code-of-extreme-leadership.html,client-side alias,https://robertdevore.com/leap-the-code-of-extreme-leadership/,1,https://robertdevore.com/leap-the-code-of-extreme-leadership/,Static host serves HTTP 200; meta refresh is weaker than an HTTP 301/308 redirect.
after,https://robertdevore.com/making-up-for-lost-time.html,client-side alias,https://robertdevore.com/making-up-for-lost-time/,1,https://robertdevore.com/making-up-for-lost-time/,Static host serves HTTP 200; meta refresh is weaker than an HTTP 301/308 redirect.
after,https://robertdevore.com/mnml-free-minimalist-wordpress-theme.html,client-side alias,https://robertdevore.com/mnml-free-minimalist-wordpress-theme/,1,https://robertdevore.com/mnml-free-minimalist-wordpress-theme/,Static host serves HTTP 200; meta refresh is weaker than an HTTP 301/308 redirect.
after,https://robertdevore.com/my-brothers-keeper-sons-of-anarchy-fanfiction.html,client-side alias,https://robertdevore.com/my-brothers-keeper-sons-of-anarchy-fanfiction/,1,https://robertdevore.com/my-brothers-keeper-sons-of-anarchy-fanfiction/,Static host serves HTTP 200; meta refresh is weaker than an HTTP 301/308 redirect.
after,https://robertdevore.com/my-development-projects.html,client-side alias,https://robertdevore.com/my-development-projects/,1,https://robertdevore.com/my-development-projects/,Static host serves HTTP 200; meta refresh is weaker than an HTTP 301/308 redirect.
after,https://robertdevore.com/open-source-is-anarchism-in-action.html,client-side alias,https://robertdevore.com/open-source-is-anarchism-in-action/,1,https://robertdevore.com/open-source-is-anarchism-in-action/,Static host serves HTTP 200; meta refresh is weaker than an HTTP 301/308 redirect.
after,https://robertdevore.com/organized-chaos.html,client-side alias,https://robertdevore.com/organized-chaos/,1,https://robertdevore.com/organized-chaos/,Static host serves HTTP 200; meta refresh is weaker than an HTTP 301/308 redirect.
after,https://robertdevore.com/patience.html,client-side alias,https://robertdevore.com/patience/,1,https://robertdevore.com/patience/,Static host serves HTTP 200; meta refresh is weaker than an HTTP 301/308 redirect.
after,https://robertdevore.com/peddle-free-wordpress-theme-for-easy-digital-downloads.html,client-side alias,https://robertdevore.com/peddle-free-wordpress-theme-for-easy-digital-downloads/,1,https://robertdevore.com/peddle-free-wordpress-theme-for-easy-digital-downloads/,Static host serves HTTP 200; meta refresh is weaker than an HTTP 301/308 redirect.
after,https://robertdevore.com/plan-prompt-publish-a-practical-guide-to-creating-beautifully-useful-content-with-ai.html,client-side alias,https://robertdevore.com/plan-prompt-publish-a-practical-guide-to-creating-beautifully-useful-content-with-ai/,1,https://robertdevore.com/plan-prompt-publish-a-practical-guide-to-creating-beautifully-useful-content-with-ai/,Static host serves HTTP 200; meta refresh is weaker than an HTTP 301/308 redirect.
after,https://robertdevore.com/projects/agents-sdk.html,client-side alias,https://robertdevore.com/projects/agents-sdk/,1,https://robertdevore.com/projects/agents-sdk/,Static host serves HTTP 200; meta refresh is weaker than an HTTP 301/308 redirect.
after,https://robertdevore.com/projects/dispatch.html,client-side alias,https://robertdevore.com/projects/dispatch/,1,https://robertdevore.com/projects/dispatch/,Static host serves HTTP 200; meta refresh is weaker than an HTTP 301/308 redirect.
after,https://robertdevore.com/projects/kujo.html,client-side alias,https://robertdevore.com/projects/kujo/,1,https://robertdevore.com/projects/kujo/,Static host serves HTTP 200; meta refresh is weaker than an HTTP 301/308 redirect.
after,https://robertdevore.com/projects/lens.html,client-side alias,https://robertdevore.com/projects/lens/,1,https://robertdevore.com/projects/lens/,Static host serves HTTP 200; meta refresh is weaker than an HTTP 301/308 redirect.
after,https://robertdevore.com/projects/sitekit.html,client-side alias,https://robertdevore.com/projects/sitekit/,1,https://robertdevore.com/projects/sitekit/,Static host serves HTTP 200; meta refresh is weaker than an HTTP 301/308 redirect.
after,https://robertdevore.com/projects/ssg.html,client-side alias,https://robertdevore.com/projects/ssg/,1,https://robertdevore.com/projects/ssg/,Static host serves HTTP 200; meta refresh is weaker than an HTTP 301/308 redirect.
after,https://robertdevore.com/projects.html,client-side alias,https://robertdevore.com/projects/,1,https://robertdevore.com/projects/,Static host serves HTTP 200; meta refresh is weaker than an HTTP 301/308 redirect.
after,https://robertdevore.com/release-notes-back-in-stock-notifications-for-woocommerce-free-v1-0-1.html,client-side alias,https://robertdevore.com/release-notes-back-in-stock-notifications-for-woocommerce-free-v1-0-1/,1,https://robertdevore.com/release-notes-back-in-stock-notifications-for-woocommerce-free-v1-0-1/,Static host serves HTTP 200; meta refresh is weaker than an HTTP 301/308 redirect.
after,https://robertdevore.com/relentless.html,client-side alias,https://robertdevore.com/relentless/,1,https://robertdevore.com/relentless/,Static host serves HTTP 200; meta refresh is weaker than an HTTP 301/308 redirect.
after,https://robertdevore.com/rethinking-keyword-research-in-the-age-of-ai.html,client-side alias,https://robertdevore.com/rethinking-keyword-research-in-the-age-of-ai/,1,https://robertdevore.com/rethinking-keyword-research-in-the-age-of-ai/,Static host serves HTTP 200; meta refresh is weaker than an HTTP 301/308 redirect.
after,https://robertdevore.com/reusable-flask-error-handling-a-step-by-step-guide-to-modular-http-error-responses.html,client-side alias,https://robertdevore.com/reusable-flask-error-handling-a-step-by-step-guide-to-modular-http-error-responses/,1,https://robertdevore.com/reusable-flask-error-handling-a-step-by-step-guide-to-modular-http-error-responses/,Static host serves HTTP 200; meta refresh is weaker than an HTTP 301/308 redirect.
after,https://robertdevore.com/run-a-tor-relay.html,client-side alias,https://robertdevore.com/run-a-tor-relay/,1,https://robertdevore.com/run-a-tor-relay/,Static host serves HTTP 200; meta refresh is weaker than an HTTP 301/308 redirect.
after,https://robertdevore.com/say-goodbye-to-wordpress.html,client-side alias,https://robertdevore.com/say-goodbye-to-wordpress/,1,https://robertdevore.com/say-goodbye-to-wordpress/,Static host serves HTTP 200; meta refresh is weaker than an HTTP 301/308 redirect.
after,https://robertdevore.com/set-featured-images-programatically-wordpress.html,client-side alias,https://robertdevore.com/set-featured-images-programatically-wordpress/,1,https://robertdevore.com/set-featured-images-programatically-wordpress/,Static host serves HTTP 200; meta refresh is weaker than an HTTP 301/308 redirect.
after,https://robertdevore.com/slackedd.html,client-side alias,https://robertdevore.com/slackedd/,1,https://robertdevore.com/slackedd/,Static host serves HTTP 200; meta refresh is weaker than an HTTP 301/308 redirect.
after,https://robertdevore.com/stattic-v0-3-0-release-llms-txt-faster-gifs-leaner-core-and-smarter-routing.html,client-side alias,https://robertdevore.com/stattic-v0-3-0-release-llms-txt-faster-gifs-leaner-core-and-smarter-routing/,1,https://robertdevore.com/stattic-v0-3-0-release-llms-txt-faster-gifs-leaner-core-and-smarter-routing/,Static host serves HTTP 200; meta refresh is weaker than an HTTP 301/308 redirect.
after,https://robertdevore.com/stattic-v1-0-the-worlds-fastest-python-based-static-site-generator.html,client-side alias,https://robertdevore.com/stattic-v1-0-the-worlds-fastest-python-based-static-site-generator/,1,https://robertdevore.com/stattic-v1-0-the-worlds-fastest-python-based-static-site-generator/,Static host serves HTTP 200; meta refresh is weaker than an HTTP 301/308 redirect.
after,https://robertdevore.com/stop-gambling-with-client-trust-why-skipping-a-security-audit-is-a-risk-you-cant-afford.html,client-side alias,https://robertdevore.com/stop-gambling-with-client-trust-why-skipping-a-security-audit-is-a-risk-you-cant-afford/,1,https://robertdevore.com/stop-gambling-with-client-trust-why-skipping-a-security-audit-is-a-risk-you-cant-afford/,Static host serves HTTP 200; meta refresh is weaker than an HTTP 301/308 redirect.
after,https://robertdevore.com/tag/ai.html,client-side alias,https://robertdevore.com/tag/ai/,1,https://robertdevore.com/tag/ai/,Static host serves HTTP 200; meta refresh is weaker than an HTTP 301/308 redirect.
after,https://robertdevore.com/tag/archive.html,client-side alias,https://robertdevore.com/tag/archive/,1,https://robertdevore.com/tag/archive/,Static host serves HTTP 200; meta refresh is weaker than an HTTP 301/308 redirect.
after,https://robertdevore.com/tag/engineering.html,client-side alias,https://robertdevore.com/tag/engineering/,1,https://robertdevore.com/tag/engineering/,Static host serves HTTP 200; meta refresh is weaker than an HTTP 301/308 redirect.
after,https://robertdevore.com/tag/essays.html,client-side alias,https://robertdevore.com/tag/essays/,1,https://robertdevore.com/tag/essays/,Static host serves HTTP 200; meta refresh is weaker than an HTTP 301/308 redirect.
after,https://robertdevore.com/tag/woocommerce.html,client-side alias,https://robertdevore.com/tag/woocommerce/,1,https://robertdevore.com/tag/woocommerce/,Static host serves HTTP 200; meta refresh is weaker than an HTTP 301/308 redirect.
after,https://robertdevore.com/tag/wordpress.html,client-side alias,https://robertdevore.com/tag/wordpress/,1,https://robertdevore.com/tag/wordpress/,Static host serves HTTP 200; meta refresh is weaker than an HTTP 301/308 redirect.
after,https://robertdevore.com/tag.html,client-side alias,https://robertdevore.com/tag/,1,https://robertdevore.com/tag/,Static host serves HTTP 200; meta refresh is weaker than an HTTP 301/308 redirect.
after,https://robertdevore.com/thank-you-wordpress.html,client-side alias,https://robertdevore.com/thank-you-wordpress/,1,https://robertdevore.com/thank-you-wordpress/,Static host serves HTTP 200; meta refresh is weaker than an HTTP 301/308 redirect.
after,https://robertdevore.com/the-fastest-way-for-php-devs-to-learn-python.html,client-side alias,https://robertdevore.com/the-fastest-way-for-php-devs-to-learn-python/,1,https://robertdevore.com/the-fastest-way-for-php-devs-to-learn-python/,Static host serves HTTP 200; meta refresh is weaker than an HTTP 301/308 redirect.
after,https://robertdevore.com/the-past-present-and-future-of-wp-dispensary.html,client-side alias,https://robertdevore.com/the-past-present-and-future-of-wp-dispensary/,1,https://robertdevore.com/the-past-present-and-future-of-wp-dispensary/,Static host serves HTTP 200; meta refresh is weaker than an HTTP 301/308 redirect.
after,https://robertdevore.com/tools-and-workflows-for-formatting-visuals-and-citations.html,client-side alias,https://robertdevore.com/tools-and-workflows-for-formatting-visuals-and-citations/,1,https://robertdevore.com/tools-and-workflows-for-formatting-visuals-and-citations/,Static host serves HTTP 200; meta refresh is weaker than an HTTP 301/308 redirect.
after,https://robertdevore.com/twitter-marketing.html,client-side alias,https://robertdevore.com/twitter-marketing/,1,https://robertdevore.com/twitter-marketing/,Static host serves HTTP 200; meta refresh is weaker than an HTTP 301/308 redirect.
after,https://robertdevore.com/two-years-building-wp-dispensary.html,client-side alias,https://robertdevore.com/two-years-building-wp-dispensary/,1,https://robertdevore.com/two-years-building-wp-dispensary/,Static host serves HTTP 200; meta refresh is weaker than an HTTP 301/308 redirect.
after,https://robertdevore.com/use-ai-to-create-your-own-wwf-action-figure-blister-packs.html,client-side alias,https://robertdevore.com/use-ai-to-create-your-own-wwf-action-figure-blister-packs/,1,https://robertdevore.com/use-ai-to-create-your-own-wwf-action-figure-blister-packs/,Static host serves HTTP 200; meta refresh is weaker than an HTTP 301/308 redirect.
after,https://robertdevore.com/what-makes-content-beautifully-useful.html,client-side alias,https://robertdevore.com/what-makes-content-beautifully-useful/,1,https://robertdevore.com/what-makes-content-beautifully-useful/,Static host serves HTTP 200; meta refresh is weaker than an HTTP 301/308 redirect.
after,https://robertdevore.com/why-wordpress-plugin-developers-need-security-audits.html,client-side alias,https://robertdevore.com/why-wordpress-plugin-developers-need-security-audits/,1,https://robertdevore.com/why-wordpress-plugin-developers-need-security-audits/,Static host serves HTTP 200; meta refresh is weaker than an HTTP 301/308 redirect.
after,https://robertdevore.com/woocommerce-dispensary-details-plugin.html,client-side alias,https://robertdevore.com/woocommerce-dispensary-details-plugin/,1,https://robertdevore.com/woocommerce-dispensary-details-plugin/,Static host serves HTTP 200; meta refresh is weaker than an HTTP 301/308 redirect.
after,https://robertdevore.com/wordpress-custom-post-types-code-snippets.html,client-side alias,https://robertdevore.com/wordpress-custom-post-types-code-snippets/,1,https://robertdevore.com/wordpress-custom-post-types-code-snippets/,Static host serves HTTP 200; meta refresh is weaker than an HTTP 301/308 redirect.
after,https://robertdevore.com/wordpress-plugin-security-is-a-joke-and-youre-the-punchline.html,client-side alias,https://robertdevore.com/wordpress-plugin-security-is-a-joke-and-youre-the-punchline/,1,https://robertdevore.com/wordpress-plugin-security-is-a-joke-and-youre-the-punchline/,Static host serves HTTP 200; meta refresh is weaker than an HTTP 301/308 redirect.
after,https://robertdevore.com/wordpress-woocommerce-plugins-i-will-no-longer-maintain.html,client-side alias,https://robertdevore.com/wordpress-woocommerce-plugins-i-will-no-longer-maintain/,1,https://robertdevore.com/wordpress-woocommerce-plugins-i-will-no-longer-maintain/,Static host serves HTTP 200; meta refresh is weaker than an HTTP 301/308 redirect.
after,https://robertdevore.com/wp-dispensary-v2.html,client-side alias,https://robertdevore.com/wp-dispensary-v2/,1,https://robertdevore.com/wp-dispensary-v2/,Static host serves HTTP 200; meta refresh is weaker than an HTTP 301/308 redirect.
after,https://robertdevore.com/wp-dispensary.html,client-side alias,https://robertdevore.com/wp-dispensary/,1,https://robertdevore.com/wp-dispensary/,Static host serves HTTP 200; meta refresh is weaker than an HTTP 301/308 redirect.
after,https://robertdevore.com/wp-townhall-13-the-debate-kevin-geary-doesnt-want-you-to-see.html,client-side alias,https://robertdevore.com/wp-townhall-13-the-debate-kevin-geary-doesnt-want-you-to-see/,1,https://robertdevore.com/wp-townhall-13-the-debate-kevin-geary-doesnt-want-you-to-see/,Static host serves HTTP 200; meta refresh is weaker than an HTTP 301/308 redirect.
after,https://robertdevore.com/wtf-is-wordpress.html,client-side alias,https://robertdevore.com/wtf-is-wordpress/,1,https://robertdevore.com/wtf-is-wordpress/,Static host serves HTTP 200; meta refresh is weaker than an HTTP 301/308 redirect.
after,https://robertdevore.com/zero-cool-cli-a-hackers-terminal-from-1995.html,client-side alias,https://robertdevore.com/zero-cool-cli-a-hackers-terminal-from-1995/,1,https://robertdevore.com/zero-cool-cli-a-hackers-terminal-from-1995/,Static host serves HTTP 200; meta refresh is weaker than an HTTP 301/308 redirect.
